{"type":"FeatureCollection","features":[{"type":"Feature","properties":{"name":"Hunte","kind":"river","herkunft":"heute"},"geometry":{"type":"LineString","coordinates":[[8.34269,52.56],[8.3436,52.559],[8.3438,52.55885],[8.3485,52.55555],[8.34865,52.5554],[8.3493,52.54995],[8.3483,52.54775],[8.34805,52.54725],[8.3478,52.5468],[8.34755,52.5464],[8.3475,52.54635],[8.34745,52.5463],[8.3466,52.54485],[8.3451,52.54315],[8.34365,52.5416],[8.3435,52.54145],[8.3431,52.54125],[8.3403,52.53985],[8.3399,52.5397],[8.33975,52.53965],[8.33945,52.5396],[8.338,52.5396],[8.33765,52.53955],[8.33595,52.53905],[8.3355,52.53895],[8.3352,52.5388],[8.3336,52.53835],[8.32665,52.53625],[8.3228,52.53495],[8.32605,52.51065],[8.3256,52.50995],[8.31885,52.4987],[8.3174,52.49745],[8.31655,52.49675],[8.3145,52.4959],[8.3127,52.4951],[8.31235,52.4948],[8.3108,52.49325],[8.3104,52.49305],[8.3099,52.4929],[8.30895,52.49265],[8.3086,52.4924],[8.3075,52.49135],[8.3064,52.4907],[8.3062,52.48705],[8.30645,52.48585],[8.307,52.48425],[8.30715,52.48325],[8.30715,52.4832],[8.3072,52.4823],[8.30665,52.48035],[8.30595,52.4774],[8.3049,52.47495],[8.3044,52.47335],[8.30425,52.47305],[8.30415,52.4729],[8.3039,52.47265],[8.3037,52.4725],[8.3029,52.4722],[8.30245,52.472],[8.3012,52.47125],[8.3009,52.47095],[8.30075,52.4707],[8.3007,52.47035],[8.3009,52.4693],[8.30095,52.46905],[8.3008,52.4688],[8.3006,52.46855],[8.3003,52.4683],[8.3002,52.4681],[8.30015,52.46795],[8.3002,52.4673],[8.30015,52.46705],[8.3,52.46694]]}},{"type":"Feature","properties":{"name":"Hunte","kind":"river","herkunft":"heute"},"geometry":{"type":"LineString","coordinates":[[8.3493,52.54995],[8.3489,52.55485]]}},{"type":"Feature","properties":{"name":"Hunte","kind":"river","herkunft":"heute"},"geometry":{"type":"LineString","coordinates":[[8.3493,52.54995],[8.34935,52.55015],[8.3499,52.5529],[8.3493,52.54995]]}},{"type":"Feature","properties":{"name":"Hunte","kind":"river","herkunft":"heute"},"geometry":{"type":"LineString","coordinates":[[8.305,52.4752],[8.30605,52.4793],[8.3059,52.47855],[8.30595,52.4774],[8.30635,52.4798]]}},{"type":"Feature","properties":{"name":"Hunte","kind":"river","herkunft":"heute"},"geometry":{"type":"LineString","coordinates":[[8.3,52.41109],[8.30125,52.4104],[8.30575,52.40795],[8.3064,52.40755],[8.3067,52.4073],[8.30795,52.4054],[8.3082,52.40495],[8.3083,52.4046],[8.3083,52.4043],[8.3083,52.4039],[8.3082,52.40355],[8.30795,52.4029],[8.30585,52.40115],[8.3,52.39864]]}},{"type":"Feature","properties":{"name":"Hunte","kind":"river","herkunft":"heute"},"geometry":{"type":"LineString","coordinates":[[8.3,52.37964],[8.3034,52.37675],[8.3039,52.3759],[8.30445,52.3749],[8.3046,52.37465],[8.3047,52.3745],[8.3048,52.37425],[8.30475,52.374],[8.30465,52.3738],[8.3004,52.36985],[8.3003,52.36965],[8.3002,52.3694],[8.3004,52.3677],[8.3009,52.3636],[8.30175,52.3581],[8.30185,52.3579],[8.3019,52.3577],[8.30385,52.35405],[8.30405,52.3536],[8.30415,52.35325],[8.3042,52.353],[8.30435,52.35295],[8.3045,52.3529],[8.30535,52.3528],[8.31135,52.35265],[8.3123,52.3526],[8.3152,52.35235],[8.3158,52.3524],[8.31835,52.3528],[8.32475,52.3535],[8.3253,52.35355],[8.3282,52.354],[8.3312,52.35455],[8.33165,52.3546],[8.33235,52.3546],[8.3369,52.3541],[8.3413,52.3536],[8.34295,52.35345],[8.34975,52.3527],[8.35035,52.35275],[8.35335,52.3533],[8.35405,52.35345],[8.35475,52.35355],[8.3569,52.3538],[8.3571,52.35375],[8.3572,52.3537],[8.35795,52.35255],[8.36005,52.34835],[8.36085,52.34665],[8.3611,52.3461],[8.36155,52.34605],[8.36165,52.3459],[8.3618,52.34585],[8.36195,52.34585],[8.3621,52.3459],[8.3623,52.3461],[8.3624,52.3461],[8.3625,52.34605],[8.3625,52.34575],[8.36255,52.3455],[8.3625,52.34535],[8.3624,52.3453],[8.362,52.3453],[8.36175,52.34525],[8.36155,52.3452],[8.3613,52.34515],[8.36115,52.345],[8.36095,52.3449],[8.36075,52.3449],[8.3606,52.345],[8.36055,52.34515],[8.36035,52.3452],[8.3602,52.3452],[8.36,52.34515],[8.3598,52.34505],[8.35965,52.3449],[8.35965,52.34475],[8.35975,52.34465],[8.35995,52.34465],[8.36025,52.3448],[8.3604,52.3447],[8.3605,52.34455],[8.36075,52.3445],[8.3609,52.3445],[8.36125,52.3447],[8.3615,52.3447],[8.3617,52.34465],[8.36195,52.3446],[8.36225,52.3444],[8.36275,52.34435],[8.3637,52.3444],[8.3639,52.34435],[8.36425,52.3442],[8.3643,52.34415],[8.36435,52.34405],[8.36545,52.34105],[8.3655,52.33985],[8.366,52.3345],[8.36615,52.33345],[8.36615,52.33335],[8.36665,52.32995],[8.3676,52.3275],[8.3688,52.32475],[8.36895,52.3245],[8.3693,52.32435],[8.36975,52.32425],[8.37025,52.3243],[8.37165,52.3245],[8.3723,52.3246],[8.3724,52.32455],[8.3725,52.32455],[8.3726,52.3244],[8.3729,52.3238],[8.3729,52.3237],[8.37285,52.32365],[8.3727,52.3235],[8.37265,52.32345],[8.3728,52.32325],[8.37285,52.3231],[8.37305,52.32285],[8.37435,52.3229],[8.3747,52.32285],[8.37775,52.3219],[8.3839,52.31935],[8.3846,52.319],[8.38645,52.3163],[8.38745,52.3155],[8.3882,52.3151],[8.38875,52.31495],[8.3895,52.31485],[8.38985,52.3147],[8.3909,52.3139],[8.39175,52.31325],[8.39215,52.3132],[8.3941,52.3135],[8.39425,52.3135],[8.39475,52.3135],[8.3953,52.31335],[8.39625,52.31325],[8.39645,52.3132],[8.3968,52.31315],[8.39725,52.3131],[8.3979,52.31305],[8.3983,52.31315],[8.39895,52.31315],[8.3994,52.3131],[8.40015,52.31305],[8.40055,52.313],[8.40095,52.313],[8.40115,52.3129],[8.4018,52.3124],[8.4025,52.31205],[8.40285,52.3118],[8.40235,52.3115],[8.40235,52.3112],[8.40215,52.3112],[8.40165,52.3113],[8.40155,52.3111],[8.40165,52.3109],[8.40135,52.3107],[8.4014,52.31045],[8.40175,52.3103],[8.40185,52.31015],[8.402,52.3099],[8.40205,52.3097],[8.40225,52.3095],[8.4022,52.30925],[8.4024,52.30905],[8.4029,52.3091],[8.40325,52.30905],[8.40365,52.3092],[8.4039,52.30905],[8.40425,52.30895],[8.4044,52.3089],[8.4046,52.30875],[8.40585,52.3073],[8.40625,52.30675],[8.40635,52.30635],[8.4066,52.3055],[8.40675,52.305],[8.40695,52.3044],[8.40755,52.30385],[8.408,52.30355],[8.40835,52.30325],[8.40825,52.303],[8.40755,52.30275],[8.40715,52.3026],[8.4068,52.30235],[8.4067,52.30205],[8.40645,52.3017],[8.40605,52.30155],[8.4061,52.30105],[8.4054,52.301],[8.405,52.30065],[8.40495,52.30035],[8.4054,52.29995],[8.40595,52.2992],[8.40635,52.299],[8.40595,52.29835],[8.40575,52.29815],[8.40555,52.2977],[8.4058,52.29655],[8.40565,52.2964],[8.405,52.29635],[8.4042,52.29635],[8.4041,52.2962],[8.40435,52.296],[8.4042,52.29585],[8.40405,52.2957],[8.40425,52.29555],[8.40375,52.2948],[8.4038,52.29455],[8.4043,52.2945],[8.4045,52.29435],[8.40455,52.29415],[8.4044,52.29405],[8.4046,52.29375],[8.40455,52.2934],[8.4043,52.2932],[8.40405,52.29315],[8.4039,52.29305],[8.4038,52.2928],[8.40385,52.2927],[8.4041,52.29275],[8.4042,52.29275],[8.40425,52.29235],[8.40405,52.29205],[8.40415,52.2918],[8.404,52.2916],[8.40375,52.29155],[8.40345,52.2913],[8.4036,52.2911],[8.4037,52.29125],[8.4038,52.29125],[8.4038,52.2911],[8.40395,52.2911],[8.40415,52.29115],[8.40425,52.29135],[8.4044,52.2915],[8.40465,52.29155],[8.40485,52.2914],[8.4049,52.29075],[8.4048,52.29055],[8.40475,52.2901],[8.4049,52.2899],[8.40535,52.2898],[8.40575,52.28975],[8.40595,52.2897],[8.406,52.2895],[8.40625,52.28935],[8.4062,52.2892],[8.40595,52.28895],[8.406,52.28885],[8.40635,52.2888],[8.40665,52.28875],[8.40675,52.2887],[8.4066,52.28835],[8.4067,52.28825],[8.40715,52.28815],[8.4076,52.2882],[8.4079,52.2881],[8.40815,52.28795],[8.4085,52.2879],[8.40875,52.2877],[8.409,52.28755],[8.4092,52.28755],[8.40985,52.2877],[8.4099,52.28785],[8.41015,52.28785],[8.4105,52.2876],[8.411,52.28765],[8.4123,52.28725],[8.41265,52.2868],[8.4126,52.2866],[8.4127,52.28635],[8.4131,52.2856],[8.413,52.28515],[8.41285,52.28505],[8.41275,52.2848],[8.41305,52.28435],[8.414,52.284],[8.41395,52.2839],[8.41405,52.28365],[8.41425,52.2833],[8.41415,52.2831],[8.41415,52.2829],[8.4143,52.2828],[8.41445,52.2825],[8.4147,52.28235],[8.41505,52.28215],[8.4151,52.2818],[8.4152,52.28155],[8.41545,52.28135],[8.4158,52.28125],[8.4163,52.2811],[8.41665,52.2809],[8.4169,52.2805],[8.4171,52.27995],[8.41705,52.2794],[8.4166,52.27825],[8.4163,52.27785],[8.4159,52.2769],[8.4158,52.27615],[8.41595,52.27575],[8.41615,52.2751],[8.4161,52.27495],[8.41595,52.27465],[8.4165,52.2744],[8.4166,52.27425],[8.41775,52.27255]]}},{"type":"Feature","properties":{"name":"Glanebach","kind":"stream","herkunft":"heute"},"geometry":{"type":"LineString","coordinates":[[8.4611,52.2757],[8.4605,52.27565],[8.46025,52.2756],[8.4597,52.2756],[8.45965,52.27555],[8.4584,52.2752],[8.45785,52.275],[8.4576,52.2749],[8.45735,52.27485],[8.45725,52.2748],[8.45705,52.27475],[8.457,52.27465],[8.45685,52.2746],[8.45665,52.2746],[8.45645,52.2745],[8.4563,52.2743],[8.4563,52.274],[8.4562,52.274],[8.4562,52.27385],[8.4559,52.27365],[8.45525,52.2733],[8.45455,52.273],[8.4545,52.27285],[8.45425,52.2728],[8.4542,52.27275],[8.4539,52.2727],[8.4537,52.27265],[8.4535,52.27265],[8.45335,52.2725],[8.45325,52.2725],[8.4531,52.2726],[8.4529,52.27255],[8.45265,52.27255],[8.45235,52.2725],[8.45205,52.27255],[8.4515,52.2728],[8.4514,52.27285],[8.4514,52.27295],[8.45125,52.27295],[8.4508,52.2729],[8.45,52.273],[8.4499,52.2731],[8.44965,52.27315],[8.44955,52.27305],[8.4495,52.27295],[8.44935,52.27295],[8.44915,52.27305],[8.4491,52.2731],[8.4492,52.27315],[8.449,52.27315],[8.44885,52.27315],[8.4488,52.27325],[8.44865,52.2732],[8.44845,52.27325],[8.4484,52.2733],[8.4483,52.2733],[8.44825,52.27335],[8.4482,52.2734],[8.44815,52.2735],[8.448,52.27345],[8.44795,52.27355],[8.4477,52.2736],[8.4476,52.2737],[8.44745,52.27365],[8.4474,52.27355],[8.4472,52.27365],[8.4471,52.2738],[8.44695,52.27375],[8.4468,52.2739],[8.44665,52.2739],[8.4466,52.27395],[8.4465,52.27395],[8.4464,52.27405],[8.44625,52.274],[8.4461,52.27405],[8.4461,52.27415],[8.446,52.2741],[8.4458,52.2741],[8.4459,52.27415],[8.44555,52.27415],[8.4454,52.27435],[8.44525,52.27435],[8.4452,52.27425],[8.44505,52.2742],[8.4447,52.27415],[8.44445,52.2742],[8.4445,52.27425],[8.4444,52.27445],[8.44395,52.2744],[8.44385,52.27445],[8.44395,52.2745],[8.4439,52.2746],[8.44375,52.2746],[8.44375,52.2747],[8.44365,52.2747],[8.4435,52.27485],[8.4434,52.2748],[8.4433,52.2748],[8.44325,52.2749],[8.4431,52.2749],[8.4416,52.27505],[8.4393,52.27495],[8.43775,52.27535],[8.43605,52.2756],[8.4343,52.2758],[8.43345,52.27665],[8.4312,52.27745],[8.4299,52.2777],[8.4282,52.2781],[8.428,52.27835],[8.42765,52.2788],[8.4276,52.2793],[8.42715,52.27955],[8.42705,52.27965],[8.4269,52.2797],[8.42675,52.2797],[8.4266,52.2797],[8.42645,52.2797],[8.4263,52.2797],[8.42615,52.2797],[8.426,52.27975],[8.42585,52.2798],[8.42575,52.2798],[8.4256,52.2798],[8.42545,52.2798],[8.4252,52.27985],[8.425,52.2797],[8.42475,52.27965],[8.4245,52.27945],[8.4243,52.27945],[8.4242,52.2795],[8.4241,52.2795],[8.42355,52.2795],[8.42295,52.2796],[8.4226,52.2797],[8.42205,52.2799],[8.42095,52.2805],[8.42085,52.2807],[8.42065,52.2809],[8.4206,52.281],[8.4207,52.2812],[8.4207,52.28125],[8.4204,52.2814],[8.42,52.2816],[8.41985,52.28165],[8.41975,52.2816],[8.41925,52.2817],[8.41925,52.28175],[8.41925,52.28185],[8.4192,52.2819],[8.41895,52.28195],[8.4185,52.28195],[8.41835,52.28195],[8.418,52.28205],[8.4177,52.2821],[8.4173,52.282],[8.41695,52.282],[8.41655,52.2819],[8.4164,52.28185],[8.4163,52.2819],[8.4161,52.2819],[8.41595,52.2819],[8.41575,52.28205],[8.41555,52.28215],[8.41525,52.2822],[8.41505,52.28215]]}},{"type":"Feature","properties":{"name":"Hunte","kind":"river","herkunft":"heute"},"geometry":{"type":"LineString","coordinates":[[8.41787,52.2727],[8.4179,52.27275],[8.4178,52.2729],[8.4179,52.27305],[8.41775,52.27325],[8.4178,52.27335],[8.4177,52.2736],[8.41735,52.274],[8.41685,52.274],[8.41665,52.2742],[8.41787,52.2727]]}},{"type":"Feature","properties":{"name":"Hunte","kind":"river","herkunft":"heute"},"geometry":{"type":"LineString","coordinates":[[8.41787,52.2727],[8.41975,52.2704],[8.41975,52.27015],[8.42005,52.26975],[8.42025,52.2692],[8.42215,52.2683],[8.4225,52.26745],[8.42265,52.26675],[8.4227,52.2664],[8.4229,52.26615],[8.42315,52.2658],[8.4233,52.26545],[8.4233,52.2651],[8.4232,52.2648],[8.4229,52.2644],[8.4225,52.26395],[8.42255,52.2638],[8.42235,52.2635],[8.42185,52.2634],[8.42115,52.2632],[8.421,52.26305],[8.42105,52.26265],[8.4214,52.26185],[8.42165,52.2613],[8.42165,52.26125],[8.4216,52.26125],[8.4206,52.2607],[8.4179,52.26],[8.4171,52.25995],[8.41555,52.25995],[8.4151,52.26],[8.41475,52.25995],[8.41435,52.2598],[8.4133,52.25965],[8.4123,52.2596],[8.41145,52.2597],[8.41055,52.2597],[8.40975,52.25975],[8.4086,52.25985],[8.4081,52.25995],[8.4076,52.26],[8.40725,52.2601],[8.40685,52.2602],[8.40645,52.2603],[8.40605,52.2602],[8.40565,52.26],[8.40505,52.26005],[8.40435,52.26],[8.40395,52.2601],[8.4033,52.26015],[8.4032,52.26035],[8.4028,52.26055],[8.40255,52.2608],[8.40225,52.26135],[8.40195,52.26155],[8.40135,52.2617],[8.4011,52.26175],[8.40045,52.2617],[8.4,52.26145],[8.39965,52.26145],[8.3992,52.26165],[8.3988,52.2618],[8.39745,52.26195],[8.39715,52.26205],[8.3962,52.2621],[8.39545,52.26215],[8.3947,52.2621],[8.39365,52.26175],[8.3899,52.2605],[8.3894,52.26035],[8.3883,52.25995],[8.38785,52.26065],[8.3872,52.2604],[8.38645,52.26025],[8.3859,52.26015],[8.38545,52.26015],[8.38495,52.26035],[8.3844,52.26045],[8.3836,52.26035],[8.38345,52.2603],[8.3824,52.26005],[8.38045,52.2595],[8.37995,52.2595],[8.37895,52.2594],[8.3778,52.2594],[8.3767,52.2604],[8.37545,52.26105],[8.37495,52.2612],[8.37435,52.2612],[8.37365,52.26125],[8.3727,52.26155],[8.3724,52.26175],[8.37195,52.262],[8.37065,52.2624],[8.3687,52.26315],[8.36815,52.2634],[8.3679,52.2634],[8.36755,52.2633],[8.3673,52.26335],[8.3668,52.2635],[8.36645,52.26365],[8.36635,52.26375],[8.364,52.26495],[8.36395,52.2647],[8.36385,52.2647],[8.36355,52.2646],[8.3632,52.2645],[8.36035,52.26455],[8.35935,52.26445],[8.35885,52.2643],[8.3578,52.2643],[8.3573,52.2642],[8.3568,52.264],[8.35615,52.2639],[8.3555,52.2637],[8.3543,52.2632],[8.35365,52.263],[8.3528,52.26315],[8.3515,52.26325],[8.3507,52.263],[8.3495,52.2625],[8.34855,52.26215],[8.34765,52.2619],[8.34685,52.26175],[8.3463,52.26155],[8.34525,52.2614],[8.3446,52.26105],[8.34335,52.2608],[8.34285,52.26045],[8.34245,52.25915]]}},{"type":"Feature","properties":{"name":"Hunte","kind":"river","herkunft":"heute"},"geometry":{"type":"LineString","coordinates":[[8.34245,52.25915],[8.34,52.25855],[8.34075,52.2586],[8.342,52.2587],[8.34245,52.25915]]}},{"type":"Feature","properties":{"name":"Lohne","kind":"river","herkunft":"heute"},"geometry":{"type":"LineString","coordinates":[[8.37842,52.56],[8.37855,52.55865],[8.3795,52.55665],[8.37975,52.5557],[8.3798,52.5547],[8.37975,52.55385],[8.3794,52.55325],[8.37815,52.5523],[8.3773,52.551],[8.37635,52.5494],[8.37615,52.54855],[8.37595,52.54815],[8.3755,52.5477],[8.37505,52.54735],[8.37465,52.54715],[8.3743,52.54705],[8.3737,52.54685],[8.37325,52.5467],[8.37215,52.54615],[8.3701,52.5451],[8.3691,52.5444],[8.36875,52.5441],[8.365,52.54005],[8.36245,52.5379],[8.3621,52.53755],[8.36145,52.5368],[8.36085,52.53595],[8.3607,52.53575],[8.36055,52.5356],[8.36035,52.53545],[8.3573,52.5339],[8.35715,52.5338],[8.3543,52.5313],[8.35405,52.5311],[8.35375,52.53085]]}},{"type":"Feature","properties":{"name":"Grawiede","kind":"river","herkunft":"heute"},"geometry":{"type":"LineString","coordinates":[[8.39818,52.56],[8.3983,52.5596],[8.39845,52.5593],[8.39915,52.5586],[8.3993,52.5583],[8.39935,52.55795],[8.39935,52.55775],[8.39925,52.5574],[8.39855,52.5565],[8.3984,52.55625],[8.39825,52.5559],[8.398,52.5549],[8.398,52.5546],[8.39805,52.55425],[8.3982,52.55365],[8.3984,52.55305],[8.3986,52.5527],[8.39905,52.552],[8.3998,52.5509],[8.39995,52.55065],[8.40115,52.5472],[8.4013,52.54675],[8.40145,52.5465],[8.40175,52.54585],[8.40215,52.545],[8.40265,52.54445],[8.40315,52.5439],[8.40345,52.54365],[8.4038,52.54345],[8.4042,52.5433],[8.40555,52.54295],[8.406,52.5428],[8.4065,52.54255],[8.40695,52.54225],[8.40735,52.5419],[8.40765,52.54155],[8.4078,52.5412],[8.40785,52.5409],[8.40805,52.5376],[8.4081,52.53655],[8.4077,52.53575],[8.40745,52.53555],[8.40695,52.5352],[8.4063,52.53485],[8.4059,52.53455],[8.40455,52.53315],[8.4045,52.533],[8.40445,52.5328],[8.4045,52.53255],[8.4048,52.53205],[8.40485,52.5319],[8.40485,52.5317],[8.40485,52.53145],[8.40475,52.53125],[8.4045,52.531],[8.40425,52.5308],[8.40395,52.53065],[8.40265,52.5302],[8.4021,52.53],[8.4017,52.52975],[8.40105,52.52935],[8.3987,52.5278],[8.39735,52.52695],[8.39685,52.52665],[8.3965,52.52635],[8.39595,52.526],[8.39475,52.52535],[8.39285,52.5245],[8.3926,52.5244],[8.39235,52.52435],[8.38785,52.52395],[8.3818,52.52335],[8.37945,52.5232],[8.3751,52.52285],[8.3739,52.5228],[8.3725,52.5228],[8.3722,52.5228],[8.3717,52.5227],[8.36985,52.52225],[8.36555,52.52115],[8.363,52.5205]]}},{"type":"Feature","properties":{"name":"Graft","kind":"river","herkunft":"heute"},"geometry":{"type":"LineString","coordinates":[[8.45445,52.56],[8.45585,52.55705],[8.45835,52.55315],[8.45845,52.553],[8.45845,52.5528],[8.45845,52.55265],[8.45835,52.55235],[8.45435,52.546],[8.4539,52.5452],[8.45365,52.5447],[8.4513,52.5393],[8.44975,52.53585],[8.4481,52.5321],[8.448,52.532],[8.44645,52.5307],[8.44335,52.5282],[8.44255,52.5275],[8.437,52.52305],[8.4368,52.5229],[8.43645,52.5228],[8.4357,52.5226],[8.43535,52.52245],[8.4351,52.52225],[8.43205,52.5199],[8.4319,52.5198],[8.4306,52.5193],[8.4304,52.5192],[8.42725,52.5164]]}},{"type":"Feature","properties":{"name":"Brockumer Pissing","kind":"stream","herkunft":"heute"},"geometry":{"type":"LineString","coordinates":[[8.42725,52.5164],[8.42735,52.51635],[8.42945,52.5148],[8.4322,52.5127],[8.4346,52.51095],[8.4381,52.51015],[8.43922,52.50984],[8.44305,52.5088],[8.4546,52.5057],[8.4611,52.50395],[8.4614,52.50385],[8.4621,52.5035],[8.4689,52.49985],[8.469,52.49985],[8.4698,52.5002],[8.4699,52.5002],[8.46995,52.5002],[8.47265,52.49895],[8.4731,52.4988],[8.4734,52.4987],[8.4744,52.4985],[8.47711,52.49795]]}},{"type":"Feature","properties":{"name":"Brockumer Pissing","kind":"stream","herkunft":"kreiskarte"},"geometry":{"type":"LineString","coordinates":[[8.47711,52.49795],[8.47689,52.49755],[8.47921,52.49701],[8.47987,52.49701],[8.4803,52.49714],[8.48083,52.49706],[8.48167,52.49746],[8.48185,52.49749],[8.48282,52.49704],[8.48369,52.49691],[8.48394,52.49638],[8.48423,52.49619],[8.48569,52.49615],[8.48608,52.49624],[8.48644,52.49623],[8.48696,52.49601],[8.48744,52.49559]]}},{"type":"Feature","properties":{"name":"Brockumer Pissing","kind":"stream","herkunft":"heute"},"geometry":{"type":"LineString","coordinates":[[8.48744,52.49559],[8.48733,52.49543],[8.49082,52.4945]]}},{"type":"Feature","properties":{"name":"Brockumer Pissing","kind":"stream","herkunft":"kreiskarte"},"geometry":{"type":"LineString","coordinates":[[8.49082,52.4945],[8.49033,52.4938],[8.49077,52.49369],[8.49112,52.49379],[8.49155,52.4938],[8.49208,52.49359],[8.49273,52.49357],[8.49308,52.49342],[8.49348,52.49343],[8.49411,52.49327]]}},{"type":"Feature","properties":{"name":"Brockumer Pissing","kind":"stream","herkunft":"heute"},"geometry":{"type":"LineString","coordinates":[[8.49411,52.49327],[8.49416,52.49331],[8.4964,52.49225],[8.49737,52.49179]]}},{"type":"Feature","properties":{"name":"Brockumer Pissing","kind":"stream","herkunft":"kreiskarte"},"geometry":{"type":"LineString","coordinates":[[8.49737,52.49179],[8.49769,52.49204],[8.49816,52.49166],[8.49834,52.49131],[8.49883,52.49116],[8.4997,52.49101],[8.5006,52.49042]]}},{"type":"Feature","properties":{"name":"Brockumer Pissing","kind":"stream","herkunft":"heute"},"geometry":{"type":"LineString","coordinates":[[8.5006,52.49042],[8.50062,52.49044],[8.50422,52.48898]]}},{"type":"Feature","properties":{"name":"Brockumer Pissing","kind":"stream","herkunft":"kreiskarte"},"geometry":{"type":"LineString","coordinates":[[8.50422,52.48898],[8.50409,52.48885],[8.50415,52.48851],[8.50441,52.4883],[8.50498,52.48815],[8.5056,52.48815],[8.50599,52.48797],[8.50644,52.48786],[8.50718,52.48743],[8.50732,52.48719],[8.5075,52.48706],[8.50801,52.48692],[8.50849,52.48664]]}},{"type":"Feature","properties":{"name":"Brockumer Pissing","kind":"stream","herkunft":"kreiskarte"},"geometry":{"type":"LineString","coordinates":[[8.47689,52.49755],[8.47921,52.49701],[8.47987,52.49701],[8.4803,52.49714],[8.48083,52.49706],[8.48167,52.49746],[8.48185,52.49749],[8.48282,52.49704],[8.48369,52.49691],[8.48394,52.49638],[8.48423,52.49619],[8.48569,52.49615],[8.48608,52.49624],[8.48644,52.49623],[8.48696,52.49601],[8.48744,52.49559]]}},{"type":"Feature","properties":{"name":"Wagenfelder Aue","kind":"river","herkunft":"heute"},"geometry":{"type":"LineString","coordinates":[[8.5829,52.56],[8.58105,52.5586],[8.578,52.55655],[8.5703,52.55155],[8.5702,52.55145],[8.57005,52.5514],[8.5699,52.55135],[8.557,52.5505],[8.5568,52.5505],[8.55585,52.55005],[8.5558,52.55],[8.5557,52.546],[8.56045,52.5462],[8.5605,52.54615],[8.56175,52.542],[8.56185,52.54185],[8.5605,52.5381],[8.56045,52.538],[8.55995,52.53665],[8.5617,52.53565],[8.56565,52.53425],[8.56615,52.53405],[8.5665,52.5339],[8.56665,52.53385],[8.57,52.5327],[8.5733,52.53155],[8.5763,52.5305],[8.5715,52.53215],[8.56865,52.53315]]}},{"type":"Feature","properties":{"name":"Flöthe","kind":"river","herkunft":"kreiskarte"},"geometry":{"type":"LineString","coordinates":[[8.55708,52.35225],[8.55769,52.35205],[8.55801,52.35163],[8.55921,52.35109],[8.55953,52.3508],[8.5605,52.35026],[8.56082,52.34984],[8.56106,52.34983],[8.56152,52.35005],[8.56198,52.34986],[8.56234,52.3495],[8.56211,52.34922],[8.56252,52.34887],[8.56277,52.34852],[8.56309,52.34836],[8.56372,52.34829],[8.56437,52.34782],[8.56442,52.34738],[8.5647,52.34686],[8.56463,52.34643],[8.56487,52.34608],[8.56559,52.34562],[8.56576,52.34535],[8.56624,52.34498],[8.56663,52.34527],[8.56698,52.34529],[8.56713,52.34524],[8.567,52.34483],[8.5668,52.34457],[8.56686,52.34445],[8.56717,52.34425],[8.56889,52.34339],[8.56993,52.34306],[8.57021,52.34303],[8.57065,52.3431],[8.57093,52.34297],[8.5714,52.34289],[8.57219,52.34293],[8.57283,52.3429],[8.57309,52.34284],[8.57369,52.34252],[8.57442,52.34239],[8.57544,52.34182],[8.57548,52.34105],[8.57598,52.34082],[8.57608,52.34076],[8.57625,52.34062],[8.5763,52.34059],[8.57635,52.34055],[8.5764,52.34052],[8.5765,52.34047],[8.57653,52.34045],[8.57653,52.34045],[8.57642,52.34051],[8.57637,52.34054],[8.57631,52.34058],[8.57627,52.3406],[8.57624,52.34062],[8.57624,52.34062],[8.57629,52.34059],[8.57634,52.34056],[8.5764,52.34053],[8.57646,52.34051],[8.57666,52.34048],[8.5774,52.34071],[8.57767,52.34068],[8.57802,52.34053],[8.57843,52.34057],[8.57886,52.34044],[8.57939,52.34052],[8.58016,52.34054],[8.5807,52.34003],[8.58202,52.33989],[8.5828,52.33941],[8.5833,52.33939],[8.58395,52.33952],[8.58493,52.33949],[8.58522,52.33933],[8.58552,52.33886],[8.58574,52.33876],[8.58627,52.33866],[8.5875,52.33861],[8.58895,52.33834],[8.59021,52.33834],[8.59199,52.33844],[8.59222,52.33858],[8.59249,52.33915],[8.59286,52.33924],[8.59302,52.33918],[8.59308,52.33906],[8.59289,52.33858],[8.59316,52.33846],[8.59395,52.33844],[8.59459,52.33859],[8.59523,52.33863],[8.59572,52.33878],[8.59607,52.33879],[8.59667,52.33857],[8.59798,52.33854],[8.5994,52.33769],[8.59964,52.33762],[8.60099,52.3377],[8.60157,52.33758],[8.60227,52.33752],[8.60305,52.33758],[8.60349,52.3378],[8.60368,52.33783],[8.60385,52.33777],[8.60405,52.33745],[8.60464,52.33703],[8.60498,52.33723],[8.60556,52.33726],[8.60656,52.33751],[8.60706,52.33726],[8.60754,52.3368],[8.60792,52.33671],[8.60834,52.33673],[8.60886,52.33684],[8.60988,52.3367],[8.61063,52.33679],[8.61185,52.33676],[8.61218,52.33696],[8.61218,52.337],[8.61213,52.33717],[8.61212,52.33721],[8.61212,52.33726],[8.61212,52.3373],[8.61212,52.33735],[8.61212,52.33739],[8.61212,52.33744],[8.6121,52.33752],[8.61212,52.33744],[8.61212,52.3374],[8.61212,52.33735],[8.61212,52.33731],[8.61212,52.33726],[8.61212,52.33722],[8.61213,52.33717],[8.61214,52.33713],[8.61245,52.33691],[8.61304,52.33684],[8.61442,52.33695],[8.61482,52.33677],[8.61529,52.33644],[8.61572,52.33631],[8.61595,52.33591],[8.61641,52.33563],[8.61673,52.33556],[8.61751,52.33562],[8.61773,52.33557],[8.61781,52.33546],[8.61776,52.33534],[8.61709,52.33479],[8.61684,52.33444],[8.61672,52.33407],[8.61675,52.33381],[8.6172,52.33329],[8.61738,52.33327],[8.61768,52.33336],[8.61762,52.33316],[8.61783,52.33281],[8.61976,52.33147],[8.61987,52.33073],[8.62058,52.33062],[8.62106,52.33024],[8.62124,52.33018],[8.62314,52.33019],[8.62323,52.33028],[8.62324,52.33033],[8.62324,52.33037],[8.62324,52.33042],[8.62324,52.33046],[8.62324,52.33051],[8.62326,52.33055],[8.62328,52.33059],[8.62332,52.33063],[8.6233,52.33061],[8.62328,52.33058],[8.62325,52.33054],[8.62324,52.3305],[8.62324,52.33045],[8.62324,52.33041],[8.62324,52.33036],[8.62324,52.33032],[8.62324,52.33027],[8.62322,52.33019],[8.62328,52.33013],[8.62573,52.33009],[8.62681,52.32999],[8.62725,52.33],[8.62751,52.3301],[8.6278,52.33004],[8.62867,52.33006],[8.62903,52.33018],[8.62962,52.33067],[8.62974,52.33091],[8.6298,52.33151],[8.63078,52.33166],[8.63142,52.33131],[8.63077,52.33168],[8.6311,52.33169],[8.63156,52.33189],[8.63212,52.33193],[8.63303,52.33178],[8.63344,52.33155],[8.63418,52.33144],[8.6351,52.33149],[8.63521,52.33158],[8.63526,52.33184],[8.63542,52.33189],[8.63694,52.33184],[8.6375,52.33189],[8.63821,52.33184],[8.63894,52.33172],[8.63906,52.33158],[8.63936,52.33171],[8.64042,52.33153],[8.6412,52.33148],[8.64193,52.33084],[8.64221,52.33072],[8.64394,52.33075],[8.64461,52.33053],[8.6448,52.33056],[8.64544,52.33102],[8.64606,52.33106],[8.64682,52.33075],[8.64778,52.33053],[8.64795,52.33031],[8.64822,52.33018],[8.64849,52.33021],[8.64895,52.33039],[8.65059,52.3303],[8.65151,52.33013],[8.65196,52.32987],[8.65235,52.32988],[8.65259,52.3298],[8.65268,52.32969],[8.65268,52.32936],[8.65294,52.32923],[8.6532,52.32925],[8.65375,52.32954],[8.654,52.32956],[8.655,52.32906],[8.65537,52.32871],[8.65625,52.32858],[8.65675,52.32861],[8.65726,52.32881],[8.65794,52.32883],[8.6586,52.32906],[8.65996,52.32924],[8.66099,52.32955],[8.66163,52.32945],[8.66308,52.32971],[8.66427,52.32971],[8.66492,52.32984],[8.66574,52.32985],[8.66643,52.33003],[8.66753,52.33016],[8.66947,52.32997],[8.67012,52.32972],[8.67131,52.32962],[8.67226,52.32965],[8.67237,52.32975],[8.67238,52.32992],[8.67238,52.32977],[8.67233,52.32948],[8.67251,52.32907],[8.67281,52.32883],[8.67283,52.32861],[8.67256,52.32818],[8.67182,52.32746],[8.6719,52.32713],[8.67278,52.326],[8.67302,52.32591],[8.67373,52.32596],[8.67398,52.32589],[8.67446,52.32552],[8.67474,52.32509],[8.67474,52.32497],[8.67456,52.32484],[8.67484,52.32492],[8.67511,52.32481],[8.67511,52.3246],[8.67486,52.32435],[8.67504,52.32413],[8.67519,52.32373],[8.6747,52.32341],[8.675,52.32354],[8.67524,52.3235],[8.67631,52.32264],[8.67657,52.32234],[8.67661,52.32196],[8.67631,52.32172],[8.67627,52.32159],[8.67647,52.32115],[8.67716,52.32076],[8.67774,52.32076],[8.67815,52.32092],[8.67844,52.32094],[8.67894,52.32081],[8.67956,52.32074],[8.68005,52.32036],[8.68039,52.32023],[8.6809,52.3199],[8.68092,52.3197],[8.68067,52.31945],[8.68075,52.31934],[8.68159,52.31883],[8.68216,52.31858],[8.68242,52.31856],[8.6829,52.31876],[8.68413,52.31871],[8.685,52.31824],[8.686,52.31786],[8.68752,52.31791],[8.68845,52.31808],[8.6891,52.3181],[8.69011,52.31857],[8.69038,52.31856],[8.69073,52.31842],[8.69138,52.31862],[8.69186,52.31846],[8.69233,52.31863],[8.69288,52.31846],[8.69325,52.31851],[8.69395,52.31816],[8.69442,52.31836],[8.69728,52.31848],[8.69778,52.31823],[8.69821,52.31811],[8.6984,52.31781],[8.69871,52.31773],[8.69963,52.31779],[8.7006,52.3181],[8.70165,52.31831],[8.70185,52.3183],[8.70214,52.31818]]}},{"type":"Feature","properties":{"name":"Jägerbach","kind":"stream","herkunft":"heute"},"geometry":{"type":"LineString","coordinates":[[8.63695,52.30805],[8.63684,52.30834]]}},{"type":"Feature","properties":{"name":"Jägerbach","kind":"stream","herkunft":"kreiskarte"},"geometry":{"type":"LineString","coordinates":[[8.63684,52.30834],[8.63657,52.30831],[8.63664,52.30874],[8.63635,52.30912],[8.63646,52.30984],[8.63626,52.30996],[8.63579,52.31002],[8.6353,52.31048],[8.63541,52.31062],[8.63574,52.31068],[8.63587,52.31077],[8.63589,52.31149],[8.6363,52.31234],[8.6365,52.31245],[8.63678,52.31247]]}},{"type":"Feature","properties":{"name":"Jägerbach","kind":"stream","herkunft":"heute"},"geometry":{"type":"LineString","coordinates":[[8.63678,52.31247],[8.63647,52.31246],[8.6364,52.31405],[8.6364,52.3142],[8.63635,52.31465],[8.63637,52.31517]]}},{"type":"Feature","properties":{"name":"Jägerbach","kind":"stream","herkunft":"kreiskarte"},"geometry":{"type":"LineString","coordinates":[[8.63637,52.31517],[8.63698,52.31516],[8.63685,52.31576],[8.63663,52.31603],[8.63631,52.3162],[8.63555,52.3162],[8.63524,52.31636],[8.63525,52.31661],[8.63566,52.31686]]}},{"type":"Feature","properties":{"name":"Jägerbach","kind":"stream","herkunft":"heute"},"geometry":{"type":"LineString","coordinates":[[8.63566,52.31686],[8.63644,52.31685],[8.63645,52.3171],[8.63645,52.31725],[8.6367,52.32172]]}},{"type":"Feature","properties":{"name":"Jägerbach","kind":"stream","herkunft":"kreiskarte"},"geometry":{"type":"LineString","coordinates":[[8.6367,52.32172],[8.6368,52.32172],[8.6368,52.32222],[8.63658,52.32252],[8.63665,52.32354],[8.6368,52.32367],[8.63752,52.3237],[8.63766,52.32377],[8.63767,52.32466],[8.63747,52.32497],[8.63758,52.32521],[8.6381,52.32558],[8.63819,52.32573],[8.63819,52.3265],[8.63804,52.32683],[8.63811,52.32749],[8.63802,52.32796],[8.63777,52.32808],[8.6365,52.32806],[8.63637,52.32847],[8.63615,52.32869],[8.63598,52.32875],[8.63544,52.3288],[8.63536,52.32918],[8.63517,52.32931],[8.63546,52.32934],[8.63562,52.32946],[8.63574,52.32975],[8.63571,52.33006],[8.63518,52.33016],[8.63516,52.33074],[8.63464,52.33093],[8.63416,52.3314],[8.63339,52.33157],[8.63302,52.33179]]}},{"type":"Feature","properties":{"name":"Ronceva","kind":"stream","herkunft":"kreiskarte"},"geometry":{"type":"LineString","coordinates":[[8.61909,52.33203],[8.61899,52.33188],[8.61824,52.33141],[8.61709,52.33144],[8.6168,52.3315],[8.61715,52.33137],[8.61761,52.33103],[8.6176,52.33067],[8.61738,52.33044],[8.61732,52.33011],[8.61726,52.32994],[8.61725,52.3299],[8.61725,52.32987],[8.61725,52.32987],[8.61736,52.33],[8.61755,52.33003],[8.61844,52.32959],[8.61925,52.32958],[8.61953,52.32967],[8.61903,52.32762]]}},{"type":"Feature","properties":{"name":"Ronceva","kind":"stream","herkunft":"heute"},"geometry":{"type":"LineString","coordinates":[[8.61903,52.32762],[8.61839,52.32764],[8.6183,52.32645],[8.6183,52.32625],[8.6183,52.32605],[8.61835,52.32545],[8.6182,52.3251],[8.6185,52.3223],[8.6185,52.3215],[8.6185,52.32095],[8.6185,52.3207],[8.61875,52.3198],[8.61878,52.31966]]}},{"type":"Feature","properties":{"name":"Ronceva","kind":"stream","herkunft":"kreiskarte"},"geometry":{"type":"LineString","coordinates":[[8.61878,52.31966],[8.61884,52.31967],[8.61892,52.31946],[8.6189,52.31847],[8.61841,52.31817],[8.61811,52.31784],[8.61824,52.31764],[8.61857,52.31748],[8.61902,52.31739],[8.61915,52.31719],[8.6191,52.31702],[8.61891,52.31689],[8.61832,52.31678],[8.61821,52.31668],[8.61834,52.31641],[8.61823,52.31614],[8.61885,52.31562],[8.6183,52.31502],[8.61842,52.3147],[8.61835,52.31409],[8.61852,52.31386],[8.61952,52.31316],[8.6196,52.31273],[8.61926,52.31249],[8.61961,52.31245],[8.61976,52.31232],[8.61993,52.31091],[8.62007,52.31067],[8.62008,52.31031],[8.62018,52.31013],[8.61994,52.31001],[8.61876,52.3098],[8.6185,52.30966],[8.61845,52.30949],[8.61814,52.30958],[8.61785,52.30942],[8.61726,52.30923],[8.61721,52.30848],[8.61737,52.30834],[8.61794,52.30821],[8.61802,52.30782]]}},{"type":"Feature","properties":{"name":"Ronceva","kind":"stream","herkunft":"heute"},"geometry":{"type":"LineString","coordinates":[[8.61802,52.30782],[8.61828,52.30785],[8.6185,52.3072],[8.61916,52.30542]]}},{"type":"Feature","properties":{"name":"Ronceva","kind":"stream","herkunft":"kreiskarte"},"geometry":{"type":"LineString","coordinates":[[8.61916,52.30542],[8.619,52.30539],[8.61887,52.30462],[8.619,52.30455],[8.61944,52.30456],[8.6194,52.30443],[8.61964,52.3039],[8.6198,52.30383],[8.61999,52.30385],[8.62019,52.30406],[8.62023,52.3041],[8.62027,52.30413],[8.62031,52.30417],[8.62035,52.30419],[8.62003,52.30386],[8.61974,52.30362],[8.61952,52.30322],[8.61922,52.30294],[8.61936,52.30247],[8.61931,52.30222],[8.61918,52.30198],[8.61895,52.30186],[8.61943,52.30155],[8.61946,52.30126],[8.61878,52.30123],[8.61845,52.30106],[8.61832,52.3006],[8.61827,52.30058],[8.61821,52.30057],[8.61814,52.30056],[8.61807,52.30056],[8.61788,52.30054],[8.61785,52.30054],[8.61794,52.30055],[8.61801,52.30056],[8.61808,52.30056],[8.61816,52.30056],[8.61822,52.30057],[8.61829,52.30058],[8.61834,52.3006],[8.61839,52.30063],[8.61841,52.30067],[8.61843,52.30071],[8.61844,52.30076],[8.61844,52.3008],[8.61844,52.30085],[8.61844,52.30089],[8.61844,52.30091],[8.61844,52.30089],[8.61844,52.30086],[8.61844,52.30082],[8.61844,52.30077],[8.61843,52.30073],[8.61842,52.30068],[8.6184,52.30065],[8.61836,52.30061],[8.61831,52.30059],[8.61824,52.30057],[8.61818,52.30056],[8.61811,52.30056],[8.61804,52.30055],[8.61798,52.30053],[8.61788,52.30048],[8.61774,52.3002],[8.6175,52.29998],[8.61766,52.29951],[8.61763,52.29948],[8.61757,52.29946],[8.61751,52.29944],[8.61744,52.29943],[8.61737,52.29943],[8.6173,52.29943],[8.61722,52.29943],[8.61717,52.29943],[8.61714,52.29943],[8.61717,52.29943],[8.61723,52.29943],[8.6173,52.29943],[8.61738,52.29943],[8.61745,52.29943],[8.61752,52.29944],[8.61758,52.29946],[8.6177,52.29949],[8.61777,52.29951],[8.61784,52.29952],[8.61811,52.29949],[8.61879,52.29918],[8.61896,52.29895],[8.61891,52.2987],[8.61904,52.29851],[8.61905,52.29828],[8.61888,52.29737],[8.61876,52.29728],[8.61803,52.29717],[8.6178,52.29696],[8.61792,52.2964],[8.6184,52.29539],[8.61837,52.29499],[8.61803,52.29479],[8.61827,52.29455],[8.6187,52.29442],[8.61871,52.29402],[8.61891,52.29371],[8.61885,52.29324],[8.61867,52.29305],[8.61913,52.29327],[8.61948,52.29324],[8.61965,52.29312],[8.61979,52.29254],[8.61899,52.29238],[8.61887,52.29219],[8.61913,52.29176],[8.61926,52.29134],[8.61973,52.29107],[8.6202,52.29109],[8.61986,52.29083],[8.61999,52.29051],[8.62026,52.29032],[8.62076,52.29022],[8.62101,52.2898],[8.62123,52.28963],[8.6214,52.28959],[8.62169,52.28968],[8.62191,52.28961],[8.62267,52.28871],[8.62414,52.28839]]}},{"type":"Feature","properties":{"name":"Blasheimer Bach","kind":"stream","herkunft":"kreiskarte"},"geometry":{"type":"LineString","coordinates":[[8.57052,52.34312],[8.5704,52.34279],[8.56976,52.34236],[8.56969,52.34183],[8.56906,52.34108],[8.56913,52.34084],[8.56964,52.34054],[8.56926,52.34055],[8.56896,52.34036],[8.56886,52.33989],[8.56858,52.3396],[8.56832,52.33908],[8.5686,52.33881],[8.56872,52.33853],[8.57088,52.3381],[8.57099,52.33795],[8.57101,52.33764],[8.57122,52.33749]]}},{"type":"Feature","properties":{"name":"Blasheimer Bach","kind":"stream","herkunft":"heute"},"geometry":{"type":"LineString","coordinates":[[8.57122,52.33749],[8.57182,52.33765],[8.57349,52.33541]]}},{"type":"Feature","properties":{"name":"Blasheimer Bach","kind":"stream","herkunft":"kreiskarte"},"geometry":{"type":"LineString","coordinates":[[8.57349,52.33541],[8.5739,52.33553],[8.5737,52.33522],[8.57376,52.33459],[8.57381,52.33447],[8.57418,52.3342],[8.57416,52.33392],[8.57436,52.33381],[8.57497,52.33376],[8.57505,52.33352],[8.57541,52.33306],[8.57621,52.33245],[8.57627,52.33229],[8.57603,52.33208],[8.57599,52.33182],[8.57575,52.33143],[8.5755,52.33136],[8.57509,52.3314],[8.57433,52.33134],[8.57426,52.33104],[8.57408,52.33091],[8.57247,52.33035],[8.57211,52.33016],[8.5721,52.32976],[8.57245,52.32949],[8.5725,52.32938],[8.57219,52.329],[8.57204,52.32854],[8.57153,52.32808],[8.5715,52.3275],[8.57197,52.32707],[8.57222,52.32668],[8.57223,52.32647],[8.57134,52.32587],[8.57083,52.32565],[8.57028,52.32558],[8.56982,52.32526],[8.56984,52.32409],[8.57046,52.32375],[8.57057,52.3236],[8.57051,52.32348],[8.57016,52.32334],[8.56985,52.32311],[8.56967,52.32306],[8.56948,52.32309],[8.57031,52.32295],[8.57051,52.32284],[8.57065,52.32251],[8.57081,52.32151],[8.57073,52.32145],[8.57002,52.32151],[8.56977,52.32136],[8.5697,52.3212],[8.56985,52.32074],[8.56971,52.32033],[8.56994,52.31976],[8.57036,52.31975],[8.57086,52.31986],[8.57108,52.31971],[8.5712,52.31911],[8.5712,52.31802],[8.57122,52.31793],[8.57122,52.3186],[8.57197,52.31884],[8.57255,52.31897],[8.57321,52.31897],[8.57387,52.31884],[8.5743,52.31883],[8.57444,52.31876],[8.57452,52.31829],[8.57419,52.31808],[8.57409,52.31792],[8.5741,52.3172],[8.57439,52.31687],[8.57441,52.31623],[8.57473,52.3156],[8.57467,52.31536],[8.57427,52.31501],[8.57445,52.31411],[8.57478,52.31351],[8.57523,52.31313],[8.57504,52.31292],[8.57506,52.31276],[8.57594,52.31208],[8.576,52.31164],[8.57621,52.31132],[8.57623,52.31088],[8.57664,52.31107],[8.57699,52.31109],[8.57723,52.31101],[8.57745,52.31075],[8.57748,52.30999],[8.57719,52.30966],[8.57722,52.30822],[8.57778,52.30796],[8.5778,52.30756],[8.57791,52.30741],[8.57809,52.30735],[8.57859,52.30732],[8.57897,52.30712],[8.57913,52.30671],[8.57912,52.30627],[8.57875,52.30614],[8.57864,52.30604],[8.5786,52.30532],[8.57792,52.30485],[8.5776,52.30389],[8.57762,52.30358],[8.57785,52.30342],[8.57749,52.30329],[8.57722,52.303],[8.57717,52.30238]]}},{"type":"Feature","properties":{"name":"Blasheimer Bach","kind":"stream","herkunft":"heute"},"geometry":{"type":"LineString","coordinates":[[8.57717,52.30238],[8.578,52.30247],[8.5784,52.3011],[8.57875,52.29998]]}},{"type":"Feature","properties":{"name":"Blasheimer Bach","kind":"stream","herkunft":"kreiskarte"},"geometry":{"type":"LineString","coordinates":[[8.57875,52.29998],[8.57853,52.29996],[8.57881,52.29881],[8.57873,52.2987],[8.57819,52.29862],[8.57797,52.29846],[8.57824,52.29782]]}},{"type":"Feature","properties":{"name":"Blasheimer Bach","kind":"stream","herkunft":"heute"},"geometry":{"type":"LineString","coordinates":[[8.57824,52.29782],[8.57857,52.29788],[8.5792,52.29655],[8.57985,52.2953],[8.58054,52.29455]]}},{"type":"Feature","properties":{"name":"Mehner Bach","kind":"stream","herkunft":"kreiskarte"},"geometry":{"type":"LineString","coordinates":[[8.56056,52.31508],[8.56086,52.31518],[8.56103,52.31545],[8.5619,52.31558],[8.56296,52.31624],[8.56353,52.31629],[8.56408,52.31604],[8.56442,52.31606],[8.56628,52.31648],[8.56649,52.31659],[8.56655,52.31679],[8.56682,52.31651],[8.56702,52.31648],[8.56721,52.31653],[8.56731,52.31666],[8.56722,52.31704],[8.56733,52.31719],[8.56788,52.31747],[8.56807,52.31744],[8.56852,52.31722],[8.56895,52.31732],[8.56911,52.31745],[8.56906,52.31766],[8.56922,52.31834],[8.57,52.3186],[8.5703,52.31895],[8.57105,52.319],[8.57112,52.31929]]}},{"type":"Feature","properties":{"name":"Obermehner-Mühlenbach","kind":"stream","herkunft":"kreiskarte"},"geometry":{"type":"LineString","coordinates":[[8.55225,52.32573],[8.5531,52.32577],[8.5537,52.32555],[8.55476,52.32557],[8.55512,52.32536],[8.55567,52.32482]]}},{"type":"Feature","properties":{"name":"Obermehner-Mühlenbach","kind":"stream","herkunft":"heute"},"geometry":{"type":"LineString","coordinates":[[8.55567,52.32482],[8.55525,52.3247],[8.55656,52.32245]]}},{"type":"Feature","properties":{"name":"Obermehner-Mühlenbach","kind":"stream","herkunft":"kreiskarte"},"geometry":{"type":"LineString","coordinates":[[8.55656,52.32245],[8.55724,52.32259],[8.55723,52.32219],[8.55697,52.32194],[8.55697,52.32166],[8.5571,52.32164],[8.55806,52.32187],[8.55872,52.32187],[8.55897,52.32181],[8.5591,52.32161]]}},{"type":"Feature","properties":{"name":"Obermehner-Mühlenbach","kind":"stream","herkunft":"heute"},"geometry":{"type":"LineString","coordinates":[[8.5591,52.32161],[8.55901,52.32158],[8.56103,52.31933]]}},{"type":"Feature","properties":{"name":"Obermehner-Mühlenbach","kind":"stream","herkunft":"kreiskarte"},"geometry":{"type":"LineString","coordinates":[[8.56103,52.31933],[8.56112,52.31936],[8.56107,52.31919],[8.56073,52.31902],[8.56047,52.31871],[8.56056,52.3186],[8.56163,52.31794],[8.56165,52.31786],[8.56165,52.31781],[8.56165,52.31777],[8.56165,52.31772],[8.56165,52.31768],[8.56165,52.31763],[8.56165,52.31759],[8.56165,52.31754],[8.56165,52.3175],[8.56165,52.31746],[8.56165,52.31745],[8.5616,52.3177],[8.56142,52.3171],[8.56143,52.31628],[8.56132,52.31622],[8.56083,52.31618],[8.56065,52.31606],[8.56063,52.31588],[8.56085,52.31548],[8.56086,52.31526],[8.56079,52.31514],[8.56051,52.315],[8.56044,52.31434],[8.55952,52.31418],[8.55903,52.31421],[8.55965,52.31414],[8.55971,52.31358],[8.55991,52.31339],[8.55976,52.31335],[8.55969,52.31319],[8.5597,52.3116],[8.55929,52.31129],[8.5596,52.31098],[8.55919,52.31068],[8.55912,52.31056],[8.55941,52.30995],[8.55976,52.30985],[8.55986,52.30974],[8.55987,52.30938],[8.55967,52.30854],[8.55991,52.30796],[8.56027,52.30769],[8.56037,52.30749],[8.56075,52.30725],[8.56079,52.30699],[8.56106,52.30674],[8.56113,52.30644],[8.56181,52.30638],[8.56219,52.30629],[8.56274,52.30592],[8.56321,52.30595],[8.564,52.30643],[8.56443,52.30633],[8.56461,52.30634],[8.56491,52.30654],[8.56511,52.30689],[8.56531,52.307],[8.56557,52.30701],[8.56582,52.30689],[8.56616,52.30692],[8.56641,52.30678],[8.56656,52.30641],[8.56641,52.30599],[8.56654,52.30525],[8.56684,52.30517],[8.56737,52.30526],[8.56786,52.30511],[8.568,52.30478],[8.5683,52.3045],[8.56846,52.30406],[8.56876,52.30377],[8.56887,52.30348],[8.56886,52.30308],[8.56859,52.30274],[8.56903,52.30177],[8.56896,52.30166],[8.5686,52.30146],[8.56853,52.3013],[8.56878,52.3011],[8.56919,52.30104],[8.56924,52.30103],[8.56935,52.30095],[8.56912,52.301],[8.56892,52.30091],[8.56897,52.30044],[8.56888,52.30028],[8.56864,52.3002],[8.56834,52.3002],[8.56827,52.3002],[8.56821,52.30019],[8.56817,52.30019],[8.56816,52.30019],[8.56829,52.3002],[8.56836,52.3002],[8.56844,52.3002],[8.56851,52.3002],[8.56858,52.3002],[8.56866,52.3002],[8.56873,52.3002],[8.569,52.30024],[8.56907,52.30024],[8.56926,52.30021],[8.5692,52.3002],[8.56913,52.3002],[8.56906,52.3002],[8.56898,52.3002],[8.56891,52.3002],[8.56884,52.3002],[8.56876,52.3002],[8.56869,52.3002],[8.56862,52.3002],[8.56854,52.3002],[8.56847,52.3002],[8.56839,52.3002],[8.56832,52.30019],[8.56826,52.30018],[8.56819,52.30013],[8.56821,52.30001],[8.56845,52.2998],[8.56854,52.2995],[8.56832,52.29924],[8.56873,52.29911],[8.56889,52.29843],[8.56918,52.29809],[8.56956,52.29788],[8.57019,52.29772],[8.57079,52.29782],[8.5709,52.29746],[8.57165,52.297],[8.57144,52.29675],[8.57173,52.29684],[8.57191,52.29679],[8.57258,52.29624],[8.57327,52.29537],[8.5736,52.29469],[8.57351,52.29453],[8.5731,52.29435],[8.57311,52.29391],[8.57338,52.29371],[8.57373,52.29369]]}},{"type":"Feature","properties":{"name":"Obermehner-Mühlenbach","kind":"stream","herkunft":"heute"},"geometry":{"type":"LineString","coordinates":[[8.57373,52.29369],[8.57349,52.29367],[8.57385,52.29205],[8.57407,52.29108]]}},{"type":"Feature","properties":{"name":"Obermehner-Mühlenbach","kind":"stream","herkunft":"kreiskarte"},"geometry":{"type":"LineString","coordinates":[[8.57407,52.29108],[8.5743,52.2911],[8.57418,52.29101],[8.57381,52.2909],[8.57365,52.29076],[8.57369,52.29046],[8.57391,52.29021],[8.57372,52.28963],[8.57406,52.28928],[8.57444,52.28921],[8.57477,52.28905],[8.57505,52.28902],[8.57511,52.28901],[8.5752,52.28898],[8.57521,52.28898],[8.57496,52.28902],[8.57473,52.28895],[8.57471,52.28842],[8.57558,52.28802],[8.57561,52.28795],[8.57524,52.28766],[8.57471,52.28762],[8.57511,52.28755],[8.57539,52.28722],[8.57588,52.28696],[8.57624,52.28703],[8.57666,52.287],[8.57682,52.28665],[8.57717,52.28656],[8.57754,52.2862],[8.57786,52.28603],[8.57803,52.28605],[8.57869,52.28642],[8.57907,52.28626],[8.57936,52.28579],[8.57922,52.28533],[8.57939,52.28499],[8.57924,52.28454],[8.57988,52.28366],[8.58023,52.28357],[8.58079,52.28324],[8.58144,52.28319],[8.5816,52.28309],[8.58163,52.28306],[8.58173,52.28295],[8.58176,52.28291],[8.5818,52.28287],[8.58184,52.28284],[8.58188,52.2828],[8.58192,52.28277],[8.58197,52.28274],[8.58203,52.2827],[8.58208,52.28268],[8.58215,52.28266],[8.58221,52.28266],[8.58227,52.28267],[8.58232,52.28269],[8.58237,52.28272],[8.58239,52.28275],[8.5824,52.28284],[8.58241,52.28279],[8.58239,52.28275],[8.58236,52.28271],[8.58231,52.28268],[8.58225,52.28266],[8.58219,52.28266],[8.58213,52.28266],[8.58207,52.28268],[8.58202,52.28271],[8.58196,52.28274],[8.58191,52.28278],[8.58187,52.28281],[8.58183,52.28284],[8.58179,52.28288],[8.58175,52.28292],[8.58172,52.28294],[8.5817,52.28295],[8.58173,52.28294],[8.58176,52.28291],[8.5818,52.28287],[8.58188,52.2828],[8.58192,52.28277],[8.58197,52.28274],[8.58202,52.28271],[8.58208,52.28268],[8.58214,52.28266],[8.5822,52.28266],[8.58226,52.28267],[8.58232,52.28269],[8.58236,52.28272],[8.58239,52.28275],[8.58242,52.28281],[8.58243,52.28282],[8.58252,52.28252],[8.58276,52.28231],[8.58276,52.28215],[8.58305,52.28222],[8.58335,52.28205],[8.58342,52.28175],[8.58359,52.28157],[8.58358,52.28124],[8.58387,52.28086],[8.5839,52.28069],[8.5836,52.28057],[8.58342,52.28032],[8.58273,52.28034],[8.58249,52.28027],[8.58226,52.27977],[8.58201,52.27953],[8.58179,52.27864],[8.58199,52.27849],[8.58247,52.27852],[8.58262,52.27847],[8.58303,52.27758],[8.58367,52.27688],[8.58365,52.27677],[8.58345,52.27663],[8.58367,52.27674],[8.58387,52.27674],[8.58514,52.2761],[8.58557,52.27607],[8.58662,52.27588],[8.58718,52.27569],[8.58712,52.27536],[8.58692,52.275],[8.587,52.27473],[8.58684,52.27449],[8.58691,52.27424],[8.58717,52.27398],[8.58744,52.27386],[8.58809,52.27393],[8.58846,52.27373],[8.58885,52.27329],[8.58886,52.27305],[8.58907,52.27265],[8.58934,52.27247],[8.59004,52.27234],[8.59014,52.27261],[8.59044,52.27267],[8.59124,52.27232],[8.59181,52.27218],[8.59189,52.27202],[8.59183,52.27172],[8.5916,52.27156],[8.59129,52.27146]]}},{"type":"Feature","properties":{"name":"Obermehner-Mühlenbach","kind":"stream","herkunft":"heute"},"geometry":{"type":"LineString","coordinates":[[8.59129,52.27146],[8.59165,52.27165],[8.59175,52.2716]]}},{"type":"Feature","properties":{"name":"Mehner Bach","kind":"stream","herkunft":"heute"},"geometry":{"type":"LineString","coordinates":[[8.5524,52.3253],[8.55209,52.32569]]}},{"type":"Feature","properties":{"name":"Mehner Bach","kind":"stream","herkunft":"kreiskarte"},"geometry":{"type":"LineString","coordinates":[[8.55209,52.32569],[8.55225,52.32573],[8.55211,52.32597],[8.55206,52.32655],[8.55161,52.32694],[8.55119,52.32719],[8.55102,52.3272],[8.55078,52.32705],[8.55098,52.32732],[8.55088,52.32747]]}},{"type":"Feature","properties":{"name":"Mehner Bach","kind":"stream","herkunft":"heute"},"geometry":{"type":"LineString","coordinates":[[8.55088,52.32747],[8.5507,52.32742],[8.5494,52.32905]]}},{"type":"Feature","properties":{"name":"Mehner Bach","kind":"stream","herkunft":"heute"},"geometry":{"type":"LineString","coordinates":[[8.54895,52.3295],[8.54885,52.32955],[8.54846,52.32978]]}},{"type":"Feature","properties":{"name":"Mehner Bach","kind":"stream","herkunft":"kreiskarte"},"geometry":{"type":"LineString","coordinates":[[8.54846,52.32978],[8.54888,52.33005],[8.54888,52.33009],[8.5484,52.32984],[8.54816,52.3299],[8.54668,52.33116],[8.54667,52.33138],[8.5468,52.33152],[8.5469,52.33157],[8.54696,52.33158],[8.54703,52.33158],[8.54709,52.33157],[8.54714,52.33155],[8.54717,52.33154],[8.54711,52.33156],[8.54705,52.33158],[8.54698,52.33158],[8.54692,52.33158],[8.54667,52.33151],[8.54646,52.33152],[8.54592,52.33181],[8.54586,52.33192],[8.54595,52.33203],[8.54635,52.33208],[8.54578,52.33206],[8.54538,52.33235],[8.54423,52.33356],[8.54426,52.33381],[8.54426,52.33385],[8.54426,52.3339],[8.54426,52.33394],[8.54426,52.33399],[8.54426,52.33403],[8.54426,52.33408],[8.54426,52.33412],[8.54426,52.33417],[8.54426,52.3342],[8.54426,52.33421],[8.5442,52.33402],[8.54383,52.33383],[8.54359,52.33388],[8.54335,52.33418],[8.54304,52.33434],[8.5428,52.33429],[8.54259,52.33411]]}},{"type":"Feature","properties":{"name":"Blasheimer Bach","kind":"stream","herkunft":"heute"},"geometry":{"type":"LineString","coordinates":[[8.57045,52.32235],[8.57068,52.32165],[8.57112,52.31929]]}},{"type":"Feature","properties":{"name":"Flöthe","kind":"river","herkunft":"kreiskarte"},"geometry":{"type":"LineString","coordinates":[[8.58047,52.29453],[8.58299,52.2954],[8.58286,52.29494],[8.58322,52.29468]]}},{"type":"Feature","properties":{"name":"Flöthe","kind":"river","herkunft":"heute"},"geometry":{"type":"LineString","coordinates":[[8.58322,52.29468],[8.58391,52.29476],[8.584,52.2945],[8.5841,52.29445],[8.5853,52.2948]]}},{"type":"Feature","properties":{"name":"Blasheimer Bach","kind":"stream","herkunft":"heute"},"geometry":{"type":"LineString","coordinates":[[8.58925,52.28],[8.58917,52.28013]]}},{"type":"Feature","properties":{"name":"Blasheimer Bach","kind":"stream","herkunft":"kreiskarte"},"geometry":{"type":"LineString","coordinates":[[8.58917,52.28013],[8.58968,52.28024],[8.58961,52.28024],[8.58934,52.28063],[8.58938,52.28092],[8.58928,52.28107],[8.58833,52.28154],[8.58827,52.28155],[8.5882,52.28155],[8.58814,52.28154],[8.58808,52.28152],[8.58803,52.28149],[8.588,52.28147],[8.588,52.28147],[8.58804,52.2815],[8.58809,52.28152],[8.58815,52.28154],[8.58822,52.28155],[8.58843,52.28157],[8.58856,52.2816],[8.5888,52.28181],[8.58885,52.28247],[8.58863,52.28282],[8.58913,52.28351],[8.58907,52.28362],[8.58882,52.28378],[8.58826,52.28382],[8.58816,52.28392],[8.58847,52.28416],[8.58866,52.28442],[8.58884,52.28443],[8.58906,52.28428],[8.58935,52.28456],[8.5884,52.28568],[8.58804,52.28592],[8.58822,52.28649],[8.58812,52.2866],[8.58761,52.2868],[8.58754,52.28701],[8.58722,52.28738],[8.58727,52.28753]]}},{"type":"Feature","properties":{"name":"Blasheimer Bach","kind":"stream","herkunft":"heute"},"geometry":{"type":"LineString","coordinates":[[8.58727,52.28753],[8.58705,52.28746],[8.58665,52.2879],[8.58655,52.288],[8.58525,52.28945],[8.58511,52.28959]]}},{"type":"Feature","properties":{"name":"Blasheimer Bach","kind":"stream","herkunft":"kreiskarte"},"geometry":{"type":"LineString","coordinates":[[8.58511,52.28959],[8.58549,52.28974],[8.58528,52.28995],[8.58451,52.29035],[8.58431,52.29037],[8.58373,52.29024],[8.58353,52.29027],[8.58332,52.29039],[8.58307,52.29087],[8.58273,52.29128],[8.58278,52.2914],[8.5831,52.29152],[8.5827,52.29148],[8.58247,52.29162],[8.58241,52.29201],[8.5819,52.29306]]}},{"type":"Feature","properties":{"name":"Blasheimer Bach","kind":"stream","herkunft":"heute"},"geometry":{"type":"LineString","coordinates":[[8.5819,52.29306],[8.58186,52.29305],[8.5813,52.29365],[8.58115,52.2938],[8.5799,52.29515],[8.5804,52.2946]]}},{"type":"Feature","properties":{"name":"Flöthe","kind":"river","herkunft":"heute"},"geometry":{"type":"LineString","coordinates":[[8.58147,52.29347],[8.5853,52.2948],[8.5847,52.2946],[8.5868,52.2947]]}},{"type":"Feature","properties":{"name":"Flöthe","kind":"river","herkunft":"heute"},"geometry":{"type":"LineString","coordinates":[[8.5853,52.2948],[8.58605,52.29475],[8.58466,52.29505],[8.58119,52.29376]]}},{"type":"Feature","properties":{"name":"Flöthe","kind":"river","herkunft":"heute"},"geometry":{"type":"LineString","coordinates":[[8.58119,52.29376],[8.58466,52.29505],[8.5853,52.2948]]}},{"type":"Feature","properties":{"name":"Flöthe","kind":"river","herkunft":"heute"},"geometry":{"type":"LineString","coordinates":[[8.58066,52.29433],[8.58377,52.2954],[8.58466,52.29505]]}},{"type":"Feature","properties":{"name":"Flöthe","kind":"river","herkunft":"heute"},"geometry":{"type":"LineString","coordinates":[[8.58385,52.30135],[8.58415,52.29935],[8.58377,52.2954],[8.58066,52.29433]]}},{"type":"Feature","properties":{"name":"Flöthe","kind":"river","herkunft":"heute"},"geometry":{"type":"LineString","coordinates":[[8.59825,52.27745],[8.59804,52.27759]]}},{"type":"Feature","properties":{"name":"Flöthe","kind":"river","herkunft":"kreiskarte"},"geometry":{"type":"LineString","coordinates":[[8.59804,52.27759],[8.59865,52.27793],[8.59824,52.27797],[8.59735,52.27776],[8.59708,52.27778],[8.59684,52.27794],[8.59677,52.27824],[8.5964,52.2786],[8.59626,52.27891],[8.59559,52.279],[8.59506,52.279],[8.59476,52.27894],[8.59421,52.2791],[8.59441,52.27946],[8.59438,52.27975],[8.59456,52.28003],[8.59442,52.28009],[8.59354,52.28017],[8.594,52.28026],[8.59489,52.28102],[8.59475,52.28117],[8.59444,52.28123],[8.59428,52.28136],[8.5947,52.28184],[8.5946,52.28222],[8.59419,52.28254],[8.5942,52.28278],[8.59369,52.28286],[8.59333,52.28312],[8.59333,52.28324],[8.59361,52.28356],[8.59354,52.28379],[8.59389,52.28409],[8.59384,52.28429],[8.59356,52.28461],[8.59158,52.28473],[8.59141,52.28479],[8.59135,52.28491],[8.59136,52.28521],[8.59179,52.28547],[8.5921,52.28593],[8.59211,52.28608],[8.59191,52.28629],[8.59223,52.28663],[8.59168,52.28692],[8.59159,52.28712],[8.59122,52.28744],[8.59119,52.28761],[8.59144,52.2879],[8.59245,52.28814],[8.59258,52.28833],[8.59257,52.28855],[8.59156,52.28924],[8.59134,52.28959],[8.59063,52.28997],[8.59033,52.29005],[8.58992,52.28989],[8.58953,52.28994],[8.5895,52.29022],[8.59009,52.2908],[8.59005,52.29095],[8.58925,52.29106],[8.58906,52.29146],[8.58845,52.29174],[8.5882,52.29176],[8.58781,52.29159],[8.58744,52.29167],[8.58727,52.2919],[8.58679,52.29187],[8.58664,52.29199],[8.58621,52.29283],[8.58671,52.29328],[8.58693,52.29374],[8.58685,52.29379],[8.58679,52.29381],[8.58672,52.29381],[8.58665,52.29381],[8.58658,52.2938],[8.58638,52.29378],[8.58631,52.29377],[8.58624,52.29378],[8.58617,52.2938],[8.58611,52.29381],[8.58605,52.29384],[8.586,52.29386],[8.58593,52.29388],[8.58587,52.2939],[8.58581,52.29392],[8.58576,52.29395],[8.5857,52.29397],[8.58565,52.294],[8.5856,52.29403],[8.58558,52.29405],[8.5858,52.29393],[8.58599,52.29386],[8.58604,52.29384],[8.5861,52.29382],[8.58616,52.2938],[8.58623,52.29378],[8.5863,52.29377],[8.58636,52.29377],[8.58643,52.29378],[8.58664,52.29381],[8.58671,52.29382],[8.58684,52.2938],[8.58694,52.29382],[8.58715,52.29401],[8.58749,52.2948],[8.58661,52.2949],[8.58584,52.29472],[8.58535,52.29484],[8.58496,52.29462],[8.58476,52.29459],[8.58409,52.29491],[8.58387,52.29517],[8.58361,52.29533],[8.58303,52.29545],[8.58321,52.29661],[8.58364,52.29722],[8.58356,52.29732],[8.5835,52.29734],[8.58336,52.29735],[8.5833,52.29736],[8.58323,52.29738],[8.58319,52.2974],[8.58343,52.29735],[8.58368,52.29741],[8.58448,52.29815],[8.58415,52.29896],[8.58397,52.29901],[8.58363,52.29901],[8.58355,52.29906],[8.58358,52.29941],[8.58392,52.29973],[8.58391,52.30046],[8.58419,52.3012],[8.58434,52.30224],[8.58425,52.30295],[8.584,52.30374],[8.5841,52.30419],[8.58381,52.30475],[8.58385,52.30497],[8.58409,52.30531],[8.58416,52.30579],[8.58387,52.30603],[8.5835,52.30618],[8.58384,52.30612],[8.58492,52.30616],[8.58552,52.30607],[8.58559,52.30607],[8.58567,52.30607],[8.58574,52.30607],[8.58582,52.30608],[8.58588,52.30608],[8.58595,52.30609],[8.58602,52.30611],[8.58609,52.30613],[8.58554,52.30609],[8.5851,52.30632],[8.58491,52.30663],[8.58485,52.30707],[8.58437,52.3072],[8.58418,52.30731],[8.58401,52.30799],[8.58413,52.30814],[8.58464,52.30837],[8.58486,52.30854],[8.58473,52.30917],[8.58419,52.30962],[8.58395,52.31019],[8.58335,52.31068],[8.58337,52.31102],[8.58382,52.31128],[8.5834,52.31115],[8.58308,52.3113],[8.58289,52.3117],[8.58255,52.31212],[8.58245,52.3125],[8.58159,52.31328],[8.58142,52.31355],[8.58133,52.31394],[8.5809,52.31428],[8.58086,52.31481],[8.58099,52.31489],[8.58145,52.31496],[8.58145,52.31515],[8.58121,52.31521],[8.58068,52.31513],[8.5799,52.31518],[8.57917,52.31554],[8.57924,52.31602],[8.57918,52.31604],[8.57913,52.31606],[8.57907,52.31608],[8.579,52.3161],[8.57893,52.31611],[8.57887,52.31611],[8.5788,52.3161],[8.57874,52.31609],[8.57868,52.31606],[8.57863,52.31603],[8.57859,52.316],[8.57855,52.31596],[8.57852,52.31593],[8.5785,52.3159],[8.5785,52.3159],[8.5785,52.3159],[8.57852,52.31593],[8.57855,52.31596],[8.57859,52.316],[8.57864,52.31603],[8.57868,52.31606],[8.57874,52.31609],[8.5788,52.3161],[8.57887,52.31611],[8.57894,52.31611],[8.579,52.3161],[8.57907,52.31608],[8.57912,52.31607],[8.57914,52.31606],[8.57906,52.31608],[8.579,52.3161],[8.57893,52.31611],[8.57887,52.31611],[8.5788,52.3161],[8.57874,52.31609],[8.57868,52.31606],[8.57863,52.31603],[8.57842,52.31586],[8.5783,52.31582],[8.57806,52.31587],[8.57668,52.31702],[8.57655,52.31721],[8.57653,52.31761],[8.57606,52.31818],[8.57576,52.31828],[8.57471,52.31831],[8.57446,52.31854]]}},{"type":"Feature","properties":{"name":"Flöthe","kind":"river","herkunft":"heute"},"geometry":{"type":"LineString","coordinates":[[8.57446,52.31854],[8.57436,52.31877],[8.57425,52.31875],[8.57426,52.31883]]}},{"type":"Feature","properties":{"name":"Westerbach","kind":"stream","herkunft":"heute"},"geometry":{"type":"LineString","coordinates":[[8.6082,52.278],[8.60741,52.27825]]}},{"type":"Feature","properties":{"name":"Westerbach","kind":"stream","herkunft":"kreiskarte"},"geometry":{"type":"LineString","coordinates":[[8.60741,52.27825],[8.60737,52.2782],[8.60708,52.27831],[8.60671,52.27836],[8.60672,52.27876],[8.60696,52.27901],[8.60699,52.27909],[8.607,52.27913],[8.607,52.27914],[8.60682,52.27902],[8.60656,52.27906],[8.60591,52.27941],[8.60581,52.27957],[8.60604,52.28031],[8.60597,52.28096],[8.60612,52.28108],[8.60669,52.28111],[8.60684,52.28117],[8.60654,52.28148],[8.60662,52.28183],[8.60654,52.28201],[8.60669,52.28214],[8.60709,52.2822],[8.60718,52.2823],[8.60711,52.28241],[8.60674,52.28251],[8.60656,52.28269],[8.60665,52.28276],[8.60717,52.28286],[8.60725,52.28297],[8.60678,52.28389],[8.60682,52.28398],[8.60724,52.28417],[8.60709,52.2848],[8.60673,52.28507],[8.60641,52.28511],[8.60624,52.28504],[8.60619,52.28501],[8.60616,52.28498],[8.60614,52.28494],[8.60614,52.28489],[8.60614,52.28485],[8.60614,52.2848],[8.60614,52.28476],[8.60615,52.28472],[8.60617,52.28467],[8.60618,52.28465],[8.60619,52.28463],[8.60617,52.28466],[8.60616,52.2847],[8.60614,52.28474],[8.60614,52.28478],[8.60614,52.28483],[8.60614,52.28487],[8.60614,52.28492],[8.60615,52.28496],[8.60618,52.285],[8.60621,52.28503],[8.60626,52.28507],[8.60632,52.28509],[8.60638,52.28511],[8.60644,52.28512],[8.60651,52.28513],[8.60659,52.28513],[8.60665,52.28512],[8.60672,52.28511],[8.60677,52.28509],[8.6068,52.28508],[8.60675,52.2851],[8.60668,52.28511],[8.60662,52.28512],[8.60655,52.28513],[8.60647,52.28512],[8.60641,52.28511],[8.60634,52.2851],[8.60628,52.28508],[8.60623,52.28505],[8.60619,52.28501],[8.60616,52.28498],[8.60614,52.28493],[8.60614,52.28489],[8.60614,52.28485],[8.60614,52.2848],[8.60614,52.28476],[8.60614,52.28474],[8.60614,52.28473],[8.60599,52.28569],[8.60611,52.28584],[8.60648,52.28594],[8.60596,52.2859],[8.60567,52.28601],[8.60561,52.28617],[8.60568,52.28679],[8.60548,52.28755],[8.60513,52.28774],[8.60474,52.28762],[8.60499,52.28774],[8.60538,52.28773],[8.6055,52.28782],[8.60551,52.28845],[8.60539,52.28874],[8.6052,52.28883],[8.60501,52.28879],[8.6049,52.28874],[8.60486,52.2887],[8.60482,52.28867],[8.60478,52.28863],[8.60471,52.28856],[8.60468,52.28852],[8.60464,52.28849],[8.60456,52.2884],[8.60477,52.28861],[8.60479,52.28864],[8.60479,52.28867],[8.60474,52.28871],[8.60405,52.28871],[8.60347,52.28882],[8.60339,52.28893],[8.60356,52.28929],[8.60411,52.28979],[8.60313,52.2902],[8.60284,52.29045],[8.60297,52.29095],[8.60278,52.29162],[8.60307,52.29181],[8.60361,52.2918],[8.60393,52.29196],[8.60399,52.29207],[8.60384,52.29253],[8.60332,52.29294],[8.60325,52.2931],[8.60322,52.29314],[8.60318,52.29318],[8.60314,52.29321],[8.60308,52.29324],[8.60302,52.29325],[8.60295,52.29327],[8.60289,52.29326],[8.60282,52.29325],[8.60276,52.29324],[8.60269,52.29322],[8.60264,52.29319],[8.60258,52.29317],[8.60253,52.29314],[8.6025,52.2931],[8.60247,52.29306],[8.60246,52.29302],[8.60245,52.29298],[8.60245,52.29293],[8.60246,52.29289],[8.60249,52.29282],[8.60246,52.29294],[8.60245,52.29299],[8.60246,52.29303],[8.60248,52.29307],[8.6025,52.29311],[8.60254,52.29314],[8.60259,52.29317],[8.60265,52.2932],[8.6027,52.29322],[8.60277,52.29324],[8.60283,52.29326],[8.6029,52.29327],[8.60296,52.29327],[8.60303,52.29325],[8.60309,52.29323],[8.60315,52.29321],[8.60319,52.29317],[8.60323,52.29314],[8.60325,52.29311],[8.60326,52.2931],[8.60301,52.29397],[8.60237,52.29458],[8.60207,52.29467],[8.60124,52.29462],[8.60135,52.29482],[8.60199,52.29517],[8.60212,52.29531],[8.60202,52.29537],[8.6016,52.29536],[8.60124,52.29548],[8.60103,52.29547],[8.60113,52.2956],[8.60109,52.29567],[8.60058,52.29578],[8.60046,52.29587],[8.60048,52.29599],[8.60081,52.29622],[8.60086,52.29634],[8.60028,52.2981],[8.60003,52.29825],[8.59973,52.29834],[8.59963,52.29858],[8.59933,52.29881],[8.59913,52.29882],[8.59874,52.29875],[8.5979,52.29901],[8.59712,52.30075],[8.59688,52.30087],[8.59642,52.30078],[8.59718,52.30103],[8.59957,52.30152],[8.59965,52.30174],[8.59947,52.3019],[8.59878,52.30196],[8.59856,52.30222],[8.5986,52.30204],[8.59843,52.30193],[8.59766,52.30196],[8.59753,52.30203],[8.59744,52.30228],[8.59799,52.30266],[8.59775,52.30316],[8.5979,52.30322],[8.59797,52.30323],[8.59804,52.30323],[8.59811,52.30323],[8.59819,52.30323],[8.59826,52.30323],[8.59834,52.30323],[8.59841,52.30323],[8.59848,52.30324],[8.59854,52.30324],[8.59861,52.30326],[8.59867,52.30328],[8.59872,52.30331],[8.59876,52.30332],[8.59866,52.30328],[8.5986,52.30326],[8.59853,52.30324],[8.59846,52.30323],[8.5984,52.30323],[8.59832,52.30323],[8.59825,52.30323],[8.59818,52.30323],[8.59811,52.30324],[8.59799,52.30328],[8.59782,52.30336],[8.59773,52.30346],[8.59766,52.30388],[8.59704,52.30391],[8.59653,52.30415],[8.59594,52.30384],[8.59571,52.30381],[8.59499,52.30405],[8.59481,52.30417],[8.59481,52.30428],[8.59512,52.30456],[8.59507,52.30498],[8.59552,52.30502],[8.59572,52.30515],[8.59578,52.30527],[8.59509,52.30677]]}},{"type":"Feature","properties":{"name":"Westerbach","kind":"stream","herkunft":"heute"},"geometry":{"type":"LineString","coordinates":[[8.59509,52.30677],[8.59478,52.30674],[8.5942,52.30895],[8.59365,52.309],[8.5911,52.3092],[8.5897,52.30935],[8.58675,52.3096],[8.58595,52.3095],[8.5843,52.3093]]}},{"type":"Feature","properties":{"name":"Westerbach","kind":"stream","herkunft":"heute"},"geometry":{"type":"LineString","coordinates":[[8.60885,52.289],[8.6087,52.2889],[8.60835,52.28895],[8.60832,52.28895]]}},{"type":"Feature","properties":{"name":"Westerbach","kind":"stream","herkunft":"kreiskarte"},"geometry":{"type":"LineString","coordinates":[[8.60832,52.28895],[8.60832,52.28929],[8.6078,52.28924],[8.60747,52.28894],[8.60723,52.28901],[8.60695,52.2893],[8.60679,52.28937],[8.60655,52.28932],[8.60645,52.28908],[8.60633,52.28901],[8.60586,52.28916],[8.60552,52.28919],[8.60482,52.28868]]}},{"type":"Feature","properties":{"name":"Gestringer Bach","kind":"stream","herkunft":"kreiskarte"},"geometry":{"type":"LineString","coordinates":[[8.61239,52.3487],[8.61203,52.34872],[8.60978,52.34933],[8.60934,52.34923],[8.60923,52.34912],[8.60922,52.34908],[8.6092,52.34904],[8.60918,52.349],[8.60916,52.34896],[8.60915,52.34891],[8.60912,52.34888],[8.6091,52.34884],[8.60908,52.34881],[8.60908,52.3488],[8.60911,52.34885],[8.60914,52.34889],[8.60916,52.34893],[8.60917,52.34897],[8.60919,52.34901],[8.60921,52.34905],[8.60922,52.3491],[8.60924,52.34914],[8.60926,52.34918],[8.60929,52.34922],[8.60931,52.34926],[8.60934,52.34934],[8.60935,52.34938],[8.60935,52.34941],[8.60935,52.34941],[8.60935,52.3494],[8.60935,52.34938],[8.60934,52.34933],[8.60932,52.34929],[8.60931,52.34925],[8.60928,52.34921],[8.60926,52.34917],[8.60924,52.34913],[8.60922,52.34909],[8.60921,52.34905],[8.60918,52.34901],[8.60917,52.34897],[8.60916,52.34893],[8.60914,52.3489],[8.60913,52.34889],[8.60913,52.3489],[8.60915,52.34892],[8.60916,52.34895],[8.60918,52.34899],[8.6092,52.34904],[8.60922,52.34908],[8.60923,52.34912],[8.60925,52.34916],[8.60927,52.3492],[8.6093,52.34924],[8.60931,52.34928],[8.60933,52.34932],[8.60934,52.34936],[8.60935,52.34939],[8.60935,52.34941],[8.60935,52.34939],[8.60934,52.34935],[8.60933,52.34931],[8.60931,52.34927],[8.6093,52.34923],[8.60927,52.34919],[8.60924,52.34915],[8.60923,52.34911],[8.60922,52.34907],[8.60919,52.34903],[8.60918,52.34899],[8.60916,52.34895],[8.60915,52.34891],[8.60913,52.34889],[8.60914,52.3489],[8.60916,52.34893],[8.60917,52.34897],[8.60919,52.34902],[8.60921,52.34906],[8.60922,52.3491],[8.60924,52.34914],[8.60926,52.34918],[8.60929,52.34922],[8.60931,52.34926],[8.60932,52.3493],[8.60934,52.34934],[8.60935,52.34938],[8.60933,52.34942],[8.6093,52.34945],[8.60802,52.34998],[8.60753,52.35049],[8.60728,52.35055],[8.60682,52.35047],[8.60638,52.3506],[8.60595,52.3506],[8.60564,52.35051],[8.60525,52.35007],[8.60505,52.34995],[8.60438,52.34991],[8.60378,52.35031],[8.60291,52.35021],[8.60161,52.34984],[8.60143,52.34954],[8.60109,52.3494],[8.60042,52.34947],[8.59999,52.34936],[8.59959,52.34953],[8.59937,52.34974],[8.59914,52.34983],[8.59823,52.34968],[8.59765,52.34966],[8.59749,52.34956],[8.59738,52.34886],[8.59687,52.34878],[8.59658,52.34866]]}},{"type":"Feature","properties":{"name":"Gestringer Bach","kind":"stream","herkunft":"heute"},"geometry":{"type":"LineString","coordinates":[[8.59658,52.34866],[8.59639,52.34886],[8.59425,52.3481],[8.59285,52.3479],[8.5927,52.34785],[8.59266,52.34782]]}},{"type":"Feature","properties":{"name":"Gestringer Bach","kind":"stream","herkunft":"kreiskarte"},"geometry":{"type":"LineString","coordinates":[[8.59266,52.34782],[8.59262,52.34783],[8.59159,52.34751],[8.59115,52.34722],[8.59111,52.34682],[8.59088,52.34645],[8.5911,52.34637],[8.59117,52.34637],[8.59125,52.34637],[8.59132,52.34637],[8.5914,52.34637],[8.59147,52.34637],[8.59155,52.34637],[8.59162,52.34637],[8.59169,52.34637],[8.59176,52.34638],[8.59182,52.3464],[8.59187,52.34643],[8.5919,52.34646],[8.59193,52.3465],[8.59194,52.34654],[8.59193,52.34659],[8.59192,52.34662],[8.59192,52.34664],[8.59194,52.34655],[8.59193,52.34651],[8.59191,52.34647],[8.59187,52.34643],[8.59183,52.3464],[8.59177,52.34639],[8.5917,52.34637],[8.59163,52.34637],[8.59097,52.34636],[8.59073,52.34614],[8.59046,52.3461],[8.58942,52.34653],[8.58928,52.34655],[8.58914,52.34655],[8.58907,52.34654],[8.58901,52.34652],[8.58895,52.34649],[8.58891,52.34646],[8.58887,52.34643],[8.58884,52.34639],[8.58883,52.34635],[8.58882,52.34631],[8.58882,52.3463],[8.58882,52.34632],[8.58883,52.34635],[8.58885,52.34639],[8.58887,52.34643],[8.58891,52.34647],[8.58896,52.3465],[8.58902,52.34652],[8.58908,52.34654],[8.58915,52.34655],[8.58928,52.34653],[8.59,52.34628],[8.59008,52.34617],[8.59005,52.346],[8.5899,52.34591],[8.58927,52.3459],[8.58894,52.34574],[8.58867,52.34569],[8.58818,52.34573],[8.5876,52.34617],[8.58734,52.34624],[8.58687,52.34618],[8.58655,52.3458],[8.58614,52.34565],[8.58586,52.34567],[8.58563,52.34577],[8.5849,52.34627],[8.58472,52.34633],[8.58413,52.34633],[8.58367,52.34624],[8.58264,52.34624],[8.58248,52.34618],[8.58238,52.34602],[8.58202,52.34627],[8.58201,52.34667],[8.58192,52.34635],[8.5819,52.34631],[8.58186,52.34628],[8.58182,52.34626],[8.58175,52.34625],[8.58168,52.34624],[8.58161,52.34624],[8.58153,52.34624],[8.58146,52.34624],[8.58138,52.34624],[8.58131,52.34624],[8.58124,52.34624],[8.58116,52.34624],[8.58109,52.34624],[8.58101,52.34624],[8.58094,52.34624],[8.58086,52.34624],[8.58079,52.34624],[8.58072,52.34624],[8.58064,52.34624],[8.58057,52.34624],[8.58049,52.34625],[8.58036,52.34626],[8.58048,52.34625],[8.58055,52.34624],[8.58063,52.34624],[8.5807,52.34624],[8.58077,52.34624],[8.58085,52.34624],[8.58092,52.34624],[8.581,52.34624],[8.58107,52.34624],[8.58114,52.34624],[8.58122,52.34624],[8.58129,52.34624],[8.58137,52.34624],[8.58144,52.34624],[8.58152,52.34624],[8.58159,52.34624],[8.58166,52.34624],[8.58174,52.34625],[8.5818,52.34626],[8.58186,52.34627],[8.58189,52.3463],[8.58192,52.34634],[8.58193,52.34638],[8.58192,52.34643],[8.58192,52.34647],[8.58192,52.34652],[8.58192,52.34656],[8.58192,52.34661],[8.58192,52.34663],[8.58192,52.34664],[8.58192,52.34663],[8.58192,52.3466],[8.58192,52.34656],[8.58192,52.34651],[8.58192,52.34647],[8.58192,52.34642],[8.58192,52.34638],[8.58191,52.34633],[8.58189,52.3463],[8.58185,52.34627],[8.5818,52.34625],[8.58173,52.34624],[8.58166,52.34624],[8.58158,52.34624],[8.58151,52.34624],[8.58143,52.34624],[8.58136,52.34624],[8.58128,52.34624],[8.58121,52.34624],[8.58114,52.34624],[8.58106,52.34624],[8.58099,52.34624],[8.58091,52.34624],[8.58084,52.34624],[8.58076,52.34624],[8.58069,52.34624],[8.58062,52.34624],[8.58054,52.34624],[8.58047,52.34625],[8.5803,52.34635],[8.58033,52.3469],[8.57994,52.3469],[8.57967,52.3466],[8.57948,52.34678],[8.57894,52.34698],[8.57857,52.34729],[8.57837,52.34733],[8.57796,52.34729],[8.57758,52.34737],[8.57739,52.34733],[8.57716,52.34715],[8.57675,52.34724],[8.57631,52.34717],[8.57578,52.34742],[8.5753,52.34726],[8.57517,52.34727],[8.57511,52.34728],[8.57505,52.3473],[8.57499,52.34732],[8.57492,52.34733],[8.57485,52.34734],[8.57478,52.34734],[8.5747,52.34733],[8.57463,52.34733],[8.57457,52.34731],[8.57452,52.3473],[8.57449,52.34729],[8.57451,52.34729],[8.57456,52.34731],[8.57462,52.34732],[8.57469,52.34733],[8.57476,52.34734],[8.57484,52.34734],[8.57491,52.34733],[8.57498,52.34732],[8.57504,52.34731],[8.5751,52.34729],[8.57516,52.34727],[8.57521,52.34725],[8.57522,52.34725],[8.57522,52.34725],[8.57519,52.34726],[8.57513,52.34728],[8.57501,52.34732],[8.57494,52.34733],[8.57487,52.34734],[8.5748,52.34734],[8.57472,52.34734],[8.57465,52.34733],[8.57459,52.34732],[8.57453,52.3473],[8.57447,52.34727],[8.57443,52.34724],[8.57435,52.34717],[8.57431,52.34713],[8.57428,52.3471],[8.57425,52.34706],[8.57423,52.34703],[8.57423,52.34702],[8.57423,52.34703],[8.57425,52.34705],[8.57428,52.34709],[8.57431,52.34712],[8.57434,52.34716],[8.57436,52.34719],[8.57437,52.3472],[8.5743,52.34711],[8.57427,52.34708],[8.57424,52.34704],[8.57421,52.34696],[8.5744,52.34673],[8.57436,52.34662],[8.57369,52.34652],[8.57286,52.34682],[8.5723,52.34688],[8.57192,52.34708],[8.57173,52.34708],[8.5714,52.34691],[8.57121,52.3469],[8.57021,52.34728],[8.5699,52.34714],[8.56974,52.34688],[8.56919,52.34684],[8.56891,52.34675],[8.56857,52.34697],[8.56808,52.34711],[8.56782,52.34706],[8.56765,52.34688],[8.56714,52.34666],[8.56688,52.3467],[8.5667,52.34693],[8.56644,52.34698],[8.56496,52.34698],[8.56478,52.34692],[8.5647,52.34677],[8.56468,52.34677]]}},{"type":"Feature","properties":{"name":"Nagelbach","kind":"stream","herkunft":"heute"},"geometry":{"type":"LineString","coordinates":[[8.6306,52.34745],[8.6291,52.3476],[8.6289,52.34765],[8.6269,52.3481],[8.62615,52.34825],[8.62475,52.34785],[8.62245,52.34815],[8.62055,52.34755],[8.62015,52.34725],[8.61885,52.3472],[8.6183,52.34705],[8.61825,52.347],[8.61825,52.3469],[8.6182,52.3468],[8.6181,52.3468],[8.6179,52.3468],[8.6176,52.3468],[8.61745,52.3468],[8.6162,52.34685],[8.61605,52.34685],[8.61555,52.347],[8.6153,52.34695],[8.61267,52.34729],[8.6116,52.34745],[8.61155,52.34745],[8.61155,52.34755],[8.6116,52.3488],[8.61155,52.34835],[8.61155,52.3488]]}},{"type":"Feature","properties":{"name":"Große Aue","kind":"river","herkunft":"heute"},"geometry":{"type":"LineString","coordinates":[[8.6378,52.4897],[8.6377,52.4899],[8.6377,52.49],[8.63775,52.49005],[8.63785,52.49005],[8.6383,52.49015],[8.6385,52.4901],[8.6386,52.49015],[8.6387,52.49025],[8.63875,52.49035],[8.6387,52.49045],[8.63875,52.4905],[8.6388,52.49055],[8.6389,52.4905],[8.6389,52.4904],[8.63895,52.49035],[8.63905,52.49035],[8.6391,52.49035],[8.63905,52.4907],[8.63905,52.49085],[8.6391,52.4909],[8.63915,52.4909],[8.6392,52.4909],[8.63935,52.4906],[8.6394,52.4906],[8.6395,52.4906],[8.63955,52.49065],[8.6396,52.4909],[8.63975,52.4912],[8.6398,52.49125],[8.63995,52.4913],[8.64005,52.4913],[8.64015,52.4912],[8.6402,52.491],[8.64025,52.491],[8.64035,52.491],[8.6404,52.49105],[8.64045,52.4911],[8.64045,52.49145],[8.6405,52.4915],[8.64055,52.49155],[8.64065,52.4915],[8.64075,52.49135],[8.64085,52.49135],[8.6412,52.4915],[8.64145,52.4916],[8.64145,52.4917],[8.6414,52.49185],[8.6414,52.49195],[8.64145,52.49195],[8.64155,52.49195],[8.6416,52.4919],[8.64165,52.49185],[8.6418,52.49175],[8.64205,52.4918],[8.64215,52.49185],[8.6422,52.49205],[8.64215,52.4922],[8.64215,52.4923],[8.6422,52.49235],[8.6423,52.49235],[8.6424,52.4923],[8.64255,52.4922],[8.6426,52.49215],[8.64275,52.4922],[8.64275,52.49225],[8.64275,52.49245],[8.64275,52.4925],[8.64285,52.49255],[8.643,52.49255],[8.6431,52.4925],[8.6432,52.4925],[8.64325,52.4925],[8.6433,52.49265],[8.6433,52.49295],[8.6433,52.493],[8.64345,52.493],[8.6436,52.49295],[8.6437,52.493],[8.64375,52.4931],[8.6438,52.4932],[8.64385,52.49325],[8.64395,52.49325],[8.64415,52.49315],[8.6442,52.493],[8.6444,52.4928],[8.6447,52.4927],[8.64165,52.4913],[8.6363,52.4888],[8.6356,52.48855],[8.63485,52.48835],[8.63425,52.48825],[8.63365,52.4882],[8.6273,52.488],[8.62665,52.48795],[8.6261,52.48785],[8.6256,52.4877],[8.6252,52.4875],[8.62475,52.48715],[8.62445,52.48685],[8.6242,52.4864],[8.6231,52.48365],[8.62269,52.48268],[8.6193,52.4743],[8.61915,52.47405],[8.61895,52.4739],[8.61414,52.47006]]}},{"type":"Feature","properties":{"name":"Große Aue","kind":"river","herkunft":"kreiskarte"},"geometry":{"type":"LineString","coordinates":[[8.61414,52.47006],[8.61417,52.47005],[8.6139,52.47004],[8.61351,52.46985],[8.61273,52.46979],[8.61185,52.46925],[8.61173,52.4691],[8.6117,52.46884]]}},{"type":"Feature","properties":{"name":"Große Aue","kind":"river","herkunft":"heute"},"geometry":{"type":"LineString","coordinates":[[8.6117,52.46884],[8.61245,52.46865],[8.61135,52.4666],[8.6098,52.46345],[8.60885,52.46165],[8.6087,52.4613],[8.6087,52.4611],[8.6088,52.4609],[8.60895,52.4607],[8.61145,52.4584],[8.61235,52.4575],[8.61251,52.45728]]}},{"type":"Feature","properties":{"name":"Große Aue","kind":"river","herkunft":"kreiskarte"},"geometry":{"type":"LineString","coordinates":[[8.61251,52.45728],[8.61257,52.4573],[8.61194,52.45724],[8.61158,52.45666],[8.61187,52.45605],[8.61233,52.45535]]}},{"type":"Feature","properties":{"name":"Große Aue","kind":"river","herkunft":"heute"},"geometry":{"type":"LineString","coordinates":[[8.61233,52.45535],[8.61179,52.45549],[8.6089,52.45125],[8.60855,52.4508],[8.6083,52.4506],[8.59715,52.44265],[8.59685,52.4424],[8.5962,52.4417],[8.5959,52.44145],[8.5941,52.44045],[8.59195,52.43925],[8.59125,52.4389],[8.5883,52.4373],[8.58775,52.43695],[8.58725,52.4365],[8.587,52.43605],[8.5856,52.4332],[8.5855,52.43285],[8.58545,52.43255],[8.5858,52.42995]]}},{"type":"Feature","properties":{"name":"Große Aue","kind":"river","herkunft":"kreiskarte"},"geometry":{"type":"LineString","coordinates":[[8.5858,52.42995],[8.58593,52.42996],[8.58543,52.42973],[8.58517,52.4293],[8.58509,52.42891],[8.58524,52.42845],[8.5851,52.42745],[8.58543,52.42685],[8.58577,52.42644],[8.58579,52.42531],[8.58587,52.42506],[8.58581,52.42418],[8.58607,52.42379],[8.58616,52.42341],[8.5865,52.42299],[8.58659,52.42265],[8.5872,52.42172],[8.58744,52.4215],[8.58765,52.42092],[8.58788,52.42071],[8.58814,52.42023],[8.58809,52.42006],[8.58762,52.4198],[8.58722,52.41941],[8.58719,52.41919],[8.58745,52.41894],[8.58748,52.41868],[8.58702,52.41825],[8.58697,52.41768],[8.58682,52.4174],[8.58692,52.41721],[8.58737,52.41725],[8.58758,52.41718],[8.58779,52.41678],[8.58788,52.4163],[8.58779,52.41569],[8.58744,52.41533],[8.58751,52.41517],[8.58788,52.41485],[8.58787,52.4145],[8.58757,52.41428],[8.58752,52.41416],[8.58775,52.41358],[8.58769,52.41256],[8.58799,52.41182],[8.58799,52.41137],[8.58788,52.41124],[8.58746,52.41121],[8.58734,52.41113],[8.58726,52.41021],[8.58763,52.40962],[8.58764,52.40903],[8.58794,52.4082],[8.58769,52.40782],[8.58766,52.40742],[8.58795,52.40681],[8.5879,52.4062],[8.58823,52.40574],[8.58842,52.40488],[8.58828,52.4042],[8.58835,52.40358],[8.58819,52.40304],[8.58793,52.4027],[8.58792,52.40225],[8.58771,52.40163],[8.58801,52.4008],[8.58765,52.39999],[8.58765,52.3994],[8.58745,52.39783],[8.5876,52.39696],[8.58746,52.39646],[8.58747,52.3956],[8.58761,52.39523],[8.58815,52.39514],[8.58866,52.39495],[8.58853,52.39474],[8.58872,52.3945],[8.58828,52.39452],[8.58812,52.39445],[8.58802,52.39385],[8.5882,52.39354],[8.58846,52.39274],[8.58836,52.39182],[8.58814,52.39156],[8.58798,52.39115],[8.58732,52.39064],[8.58718,52.38973],[8.58663,52.38958],[8.58622,52.38934],[8.58606,52.38849],[8.58499,52.38844],[8.58442,52.38852],[8.58478,52.38839],[8.58485,52.38814],[8.58469,52.38791],[8.58422,52.38759],[8.58333,52.38798],[8.58318,52.38813],[8.58268,52.38801],[8.58169,52.38802],[8.5807,52.38762],[8.58029,52.38682],[8.58013,52.38668],[8.57988,52.38662],[8.57885,52.3866],[8.57804,52.38627],[8.57776,52.38599],[8.57772,52.38582],[8.57824,52.38548],[8.57747,52.38547],[8.57677,52.38498],[8.57641,52.38458],[8.57598,52.38445],[8.57474,52.38378],[8.57454,52.38316],[8.57368,52.38247],[8.57368,52.38227],[8.574,52.38206],[8.57394,52.3819],[8.57358,52.38164],[8.57284,52.38151],[8.57262,52.38141],[8.57245,52.38123],[8.57214,52.38106],[8.57206,52.38068],[8.57184,52.38043],[8.57165,52.3806],[8.57139,52.38063],[8.57058,52.38017],[8.57047,52.37957],[8.57053,52.3794],[8.57069,52.37932],[8.5711,52.37926],[8.57136,52.37911],[8.57185,52.37855],[8.57194,52.37821],[8.57213,52.37794],[8.57277,52.37768],[8.57307,52.37743],[8.5731,52.37717],[8.57296,52.37667],[8.57308,52.37616],[8.57292,52.37594],[8.57296,52.37583],[8.57319,52.37577],[8.57363,52.37588],[8.57406,52.37587],[8.57445,52.37549],[8.57455,52.37497],[8.57454,52.37366],[8.57364,52.3731],[8.57317,52.37227],[8.57258,52.37161],[8.57032,52.37019],[8.57035,52.36936],[8.56984,52.3689],[8.56987,52.3685],[8.57014,52.36811],[8.57012,52.3675],[8.57023,52.36713],[8.56996,52.36689],[8.56926,52.36688],[8.56914,52.36683],[8.56907,52.36641],[8.5695,52.36614],[8.56957,52.36602],[8.56942,52.36574],[8.56828,52.36496],[8.56809,52.36493],[8.56765,52.36507],[8.56724,52.36509],[8.56697,52.36496],[8.56683,52.36472],[8.56665,52.3646],[8.56602,52.36469],[8.56547,52.36441],[8.56532,52.36424],[8.56487,52.36399],[8.56476,52.36379],[8.56484,52.36354],[8.56526,52.3634],[8.56538,52.36323],[8.5648,52.36291],[8.56447,52.36236],[8.56355,52.36174],[8.56297,52.36151],[8.56238,52.36149],[8.562,52.36141],[8.56177,52.3614],[8.5617,52.36141],[8.56163,52.36142],[8.56157,52.36143],[8.56151,52.36145],[8.56146,52.36148],[8.5614,52.36151],[8.56137,52.36154],[8.56135,52.36154],[8.56136,52.36154],[8.56139,52.36152],[8.56144,52.36149],[8.56149,52.36146],[8.56155,52.36144],[8.56161,52.36142],[8.56168,52.36141],[8.56188,52.36138],[8.56204,52.3613],[8.56211,52.36118],[8.56207,52.36066],[8.56251,52.36048],[8.56271,52.36031],[8.56269,52.36014],[8.56243,52.35993],[8.56228,52.3597],[8.56229,52.35947],[8.56253,52.359],[8.56223,52.3586],[8.56247,52.35835],[8.56256,52.35796],[8.56293,52.35788],[8.56301,52.35774],[8.56272,52.35751],[8.56193,52.35736],[8.56164,52.35712],[8.56139,52.35619],[8.56062,52.3549],[8.5599,52.35435],[8.55991,52.35397],[8.55977,52.35406],[8.55949,52.35397],[8.55885,52.35402],[8.55793,52.35397],[8.55767,52.35336],[8.55771,52.35293],[8.55689,52.35205],[8.55664,52.35153],[8.55674,52.35137],[8.55732,52.35102],[8.55692,52.35123],[8.55634,52.35112],[8.55592,52.35089],[8.55529,52.35032],[8.5545,52.34981],[8.55425,52.34977],[8.5537,52.34995],[8.55352,52.34995],[8.55269,52.34953],[8.55132,52.34948],[8.55079,52.34969],[8.55058,52.34971],[8.5498,52.34965],[8.54956,52.34953],[8.54946,52.3497],[8.54923,52.3498],[8.54838,52.34983],[8.54775,52.34945],[8.54729,52.34938],[8.54563,52.34847],[8.54563,52.34838],[8.54609,52.34809],[8.54614,52.34806],[8.54617,52.34802],[8.5462,52.34799],[8.54625,52.34791],[8.54629,52.34787],[8.54625,52.34793],[8.54616,52.34804],[8.54612,52.34808],[8.54607,52.34811],[8.54602,52.34814],[8.54596,52.34817],[8.54591,52.34821],[8.54586,52.34824],[8.54581,52.34827],[8.54575,52.3483],[8.5457,52.34833],[8.54565,52.34837],[8.5456,52.34838],[8.5452,52.34798],[8.54489,52.34729],[8.54502,52.34706],[8.545,52.34693],[8.54459,52.34653],[8.54459,52.34554],[8.5438,52.3447],[8.5438,52.34406],[8.54405,52.34292],[8.543,52.34244],[8.54215,52.3417],[8.54205,52.34155],[8.54198,52.34084],[8.5421,52.33992],[8.54248,52.33956],[8.54301,52.33949],[8.54276,52.33945],[8.54266,52.3393],[8.54275,52.33851],[8.54296,52.33806],[8.5429,52.33767],[8.54312,52.33718],[8.54312,52.33682],[8.54291,52.33642],[8.5429,52.33606],[8.5427,52.3353],[8.54289,52.33515],[8.5434,52.33513],[8.54389,52.33501],[8.54394,52.33449],[8.54384,52.33438],[8.54349,52.33424],[8.543,52.33436],[8.54265,52.33416],[8.54263,52.33399],[8.54293,52.33324],[8.54279,52.33288],[8.54293,52.33232],[8.54223,52.33182],[8.54205,52.33155],[8.54136,52.33112],[8.54125,52.33079],[8.54133,52.33029],[8.54102,52.33008],[8.54084,52.32982],[8.54109,52.32953],[8.5407,52.32905],[8.54089,52.3288],[8.54015,52.32866],[8.53961,52.32865],[8.53937,52.3284],[8.53864,52.32817],[8.53849,52.32803],[8.53851,52.32787],[8.53872,52.32776],[8.53899,52.32779],[8.53897,52.32778],[8.53887,52.32772],[8.53882,52.32769],[8.53871,52.32764],[8.53823,52.32758],[8.53791,52.3274],[8.53744,52.32676],[8.53614,52.32587],[8.5357,52.32539],[8.535,52.32485],[8.53472,52.32472],[8.53452,52.32475],[8.53447,52.32478],[8.53441,52.32481],[8.53436,52.32484],[8.53432,52.32488],[8.5343,52.32492],[8.53429,52.32495],[8.5343,52.32499],[8.53432,52.32503],[8.53436,52.32508],[8.53435,52.32507],[8.53433,52.32504],[8.5343,52.325],[8.53429,52.32496],[8.5343,52.32492],[8.53432,52.32488],[8.53436,52.32485],[8.53441,52.32481],[8.53446,52.32478],[8.5345,52.32475],[8.53457,52.32463],[8.53443,52.32439],[8.53431,52.32435],[8.53392,52.32453],[8.53375,52.32449],[8.53403,52.32432],[8.53413,52.32417],[8.53377,52.32354],[8.53385,52.32297],[8.5338,52.32253],[8.53324,52.32198],[8.53247,52.32194],[8.53218,52.32176],[8.53216,52.32154],[8.53242,52.32102],[8.53331,52.32029],[8.53335,52.32012],[8.53322,52.31984],[8.53359,52.31894],[8.53381,52.31884],[8.53465,52.31865],[8.53507,52.3188],[8.53552,52.31886],[8.53504,52.31877],[8.53473,52.31858],[8.53463,52.31842],[8.53472,52.31721],[8.53457,52.31675],[8.53466,52.3165],[8.53474,52.3163],[8.53486,52.31622],[8.53493,52.31622],[8.53499,52.31623],[8.53505,52.31624],[8.53511,52.31627],[8.53516,52.3163],[8.53528,52.3164],[8.53531,52.31643],[8.53532,52.31644],[8.5353,52.31642],[8.53527,52.31639],[8.53523,52.31636],[8.53519,52.31632],[8.53514,52.31629],[8.53509,52.31626],[8.53503,52.31624],[8.53497,52.31622],[8.5349,52.31621],[8.53483,52.31621],[8.53464,52.31624],[8.53445,52.3165],[8.5342,52.3165],[8.53382,52.31616],[8.53321,52.31582],[8.53254,52.31561],[8.53154,52.31546],[8.53092,52.31523],[8.53085,52.315],[8.5314,52.31423],[8.53121,52.31438],[8.53094,52.31439],[8.53033,52.3142],[8.53017,52.31397],[8.53017,52.31342],[8.53048,52.31241],[8.53048,52.31141],[8.53036,52.311],[8.5297,52.31058],[8.52955,52.3103],[8.52975,52.30981],[8.53013,52.30946],[8.53,52.30863],[8.52994,52.30716],[8.53006,52.30701],[8.53075,52.30657],[8.53038,52.3063],[8.53014,52.30602],[8.53033,52.30595],[8.53132,52.30598],[8.53265,52.30571],[8.53292,52.30557],[8.53297,52.30532],[8.53268,52.30471],[8.53169,52.30398],[8.53191,52.30336],[8.5325,52.30299],[8.5327,52.30259],[8.53367,52.3017],[8.53446,52.30132],[8.53527,52.30111],[8.53551,52.30095],[8.53549,52.30075],[8.5351,52.3003],[8.53503,52.2996],[8.53512,52.29917],[8.53525,52.29894],[8.53564,52.29869],[8.5363,52.29805],[8.53625,52.29784],[8.53592,52.29751],[8.53587,52.29735],[8.53625,52.2969],[8.53663,52.29664],[8.53668,52.29651],[8.53664,52.29639],[8.53623,52.29604],[8.5366,52.29617],[8.53696,52.29597],[8.53705,52.29568],[8.53683,52.29549],[8.53684,52.2955],[8.53688,52.29552],[8.53693,52.29555],[8.53698,52.29558],[8.53704,52.2956],[8.53711,52.29562],[8.53717,52.29563],[8.53725,52.29563],[8.53732,52.29563],[8.53739,52.29563],[8.53747,52.29563],[8.53754,52.29563],[8.53762,52.29563],[8.53767,52.29563],[8.5377,52.29563],[8.53767,52.29563],[8.53761,52.29563],[8.53754,52.29563],[8.53747,52.29563],[8.53739,52.29563],[8.53732,52.29563],[8.53724,52.29563],[8.53717,52.29563],[8.5371,52.29562],[8.53704,52.2956],[8.53698,52.29558],[8.53693,52.29555],[8.53688,52.29552],[8.53683,52.29548],[8.53677,52.29541],[8.53655,52.29415],[8.53679,52.29387],[8.53672,52.29341],[8.5371,52.29305],[8.53726,52.29277],[8.5374,52.29199],[8.53765,52.29187],[8.53795,52.29196],[8.53792,52.29194],[8.53788,52.29191],[8.53782,52.29189],[8.53775,52.29188],[8.53769,52.29187],[8.53748,52.29186],[8.53743,52.29183],[8.53772,52.2916],[8.53787,52.2912],[8.53727,52.29059],[8.53729,52.29047],[8.53753,52.29021],[8.53748,52.29005],[8.53746,52.29001],[8.53743,52.28997],[8.5374,52.28993],[8.53736,52.2899],[8.53732,52.28988],[8.53731,52.28987],[8.53732,52.28988],[8.53735,52.2899],[8.5374,52.28993],[8.53743,52.28997],[8.53746,52.29001],[8.53746,52.29005],[8.53738,52.29016],[8.537,52.29037],[8.53674,52.29042],[8.53649,52.29037],[8.53612,52.29015],[8.53544,52.28995],[8.53487,52.28955],[8.53451,52.28902],[8.53476,52.28934],[8.53476,52.28934],[8.53475,52.28932],[8.53473,52.28928],[8.53471,52.28924],[8.53469,52.2892],[8.53467,52.28916],[8.53432,52.28871],[8.53406,52.28846],[8.53398,52.28816],[8.53383,52.28802],[8.53276,52.28764],[8.53194,52.28724],[8.5318,52.28692],[8.5318,52.2866],[8.532,52.28625],[8.53223,52.28605],[8.53224,52.28585],[8.53203,52.28564],[8.53175,52.28559],[8.53219,52.28556],[8.5329,52.28519],[8.53321,52.2851],[8.53275,52.28503],[8.53259,52.28489],[8.53248,52.2846],[8.53173,52.28419],[8.53138,52.28431],[8.53085,52.28481],[8.53067,52.28485],[8.53044,52.28475],[8.5303,52.28461],[8.53034,52.2845],[8.53101,52.28413],[8.53085,52.28413],[8.53079,52.2841],[8.53064,52.28401],[8.53059,52.28398],[8.53053,52.28394],[8.53048,52.28391],[8.53043,52.28388],[8.53038,52.28385],[8.53033,52.28381],[8.5303,52.28378],[8.53028,52.28374],[8.53026,52.2837],[8.53026,52.28365],[8.53025,52.28361],[8.53024,52.28357],[8.53022,52.28353],[8.53021,52.28351],[8.53022,52.28352],[8.53023,52.28355],[8.53025,52.28359],[8.53026,52.28364],[8.53026,52.28368],[8.53027,52.28372],[8.53029,52.28376],[8.53032,52.2838],[8.53036,52.28384],[8.53041,52.28387],[8.53046,52.2839],[8.53052,52.28393],[8.53057,52.28396],[8.53062,52.284],[8.53067,52.28403],[8.53073,52.28405],[8.53079,52.28407],[8.53086,52.28409],[8.53092,52.28409],[8.53097,52.28409],[8.53098,52.28409],[8.53097,52.28409],[8.53092,52.28409],[8.53085,52.28409],[8.53079,52.28407],[8.53073,52.28405],[8.53067,52.28403],[8.53062,52.284],[8.53057,52.28396],[8.53051,52.28393],[8.53046,52.2839],[8.53041,52.28387],[8.53036,52.28384],[8.53032,52.2838],[8.53029,52.28376],[8.53027,52.28372],[8.53021,52.28351],[8.53024,52.28374],[8.52997,52.28393],[8.52971,52.28393],[8.52939,52.28378],[8.52942,52.28372],[8.52978,52.28362],[8.53003,52.28341],[8.52967,52.28278]]}},{"type":"Feature","properties":{"name":"Landwehrbach","kind":"stream","herkunft":"heute"},"geometry":{"type":"LineString","coordinates":[[8.50905,52.2858],[8.50943,52.28597]]}},{"type":"Feature","properties":{"name":"Landwehrbach","kind":"stream","herkunft":"kreiskarte"},"geometry":{"type":"LineString","coordinates":[[8.50943,52.28597],[8.50928,52.2861],[8.50993,52.28612],[8.51112,52.28666],[8.51192,52.28679],[8.51225,52.28691],[8.51334,52.28746],[8.51347,52.2877],[8.51383,52.28797],[8.51412,52.28833],[8.51452,52.28836],[8.5148,52.28832],[8.51504,52.28872],[8.51531,52.28886]]}},{"type":"Feature","properties":{"name":"Landwehrbach","kind":"stream","herkunft":"heute"},"geometry":{"type":"LineString","coordinates":[[8.51531,52.28886],[8.51521,52.2889],[8.517,52.2906],[8.5172,52.2908],[8.5173,52.29096]]}},{"type":"Feature","properties":{"name":"Landwehrbach","kind":"stream","herkunft":"kreiskarte"},"geometry":{"type":"LineString","coordinates":[[8.5173,52.29096],[8.51754,52.2909],[8.51711,52.29138],[8.5173,52.2916],[8.51733,52.29187],[8.51754,52.29227],[8.51733,52.29262],[8.51725,52.29305],[8.51724,52.29414],[8.51742,52.29477],[8.51766,52.29504],[8.51832,52.29502],[8.51861,52.29519]]}},{"type":"Feature","properties":{"name":"Landwehrbach","kind":"stream","herkunft":"heute"},"geometry":{"type":"LineString","coordinates":[[8.51861,52.29519],[8.51778,52.29516],[8.51775,52.2955],[8.5178,52.29555],[8.51845,52.2963],[8.51895,52.29635],[8.5192,52.29665],[8.5196,52.29725],[8.51965,52.29725],[8.5203,52.2973],[8.52035,52.29735],[8.52032,52.29768]]}},{"type":"Feature","properties":{"name":"Landwehrbach","kind":"stream","herkunft":"kreiskarte"},"geometry":{"type":"LineString","coordinates":[[8.52032,52.29768],[8.51973,52.29766],[8.51996,52.29837],[8.52034,52.29868],[8.52038,52.29876],[8.52039,52.29885],[8.52045,52.29901],[8.52046,52.2991],[8.52047,52.29914],[8.5205,52.29923],[8.52052,52.29927],[8.52055,52.2993],[8.52057,52.29934],[8.52058,52.29936],[8.52051,52.29923],[8.52049,52.29919],[8.52048,52.29915],[8.52046,52.29911],[8.52046,52.29907],[8.52046,52.29861],[8.52048,52.29853],[8.52065,52.29839],[8.52071,52.29836],[8.52077,52.29834],[8.52083,52.29834],[8.52089,52.29834],[8.52095,52.29836],[8.52101,52.29838],[8.52105,52.29842],[8.52109,52.29845],[8.52114,52.29851],[8.52115,52.29852],[8.52114,52.29851],[8.52113,52.29849],[8.5211,52.29845],[8.52106,52.29842],[8.52101,52.29839],[8.52095,52.29836],[8.52089,52.29834],[8.52083,52.29833],[8.52077,52.29834],[8.52071,52.29836],[8.52067,52.29839],[8.52061,52.29851],[8.52061,52.29933],[8.52073,52.29966],[8.52105,52.30007],[8.52166,52.3005],[8.52225,52.3006],[8.52247,52.30082],[8.52265,52.30118],[8.52313,52.30151]]}},{"type":"Feature","properties":{"name":"Landwehrbach","kind":"stream","herkunft":"heute"},"geometry":{"type":"LineString","coordinates":[[8.52313,52.30151],[8.52337,52.30132],[8.52405,52.30165],[8.52452,52.30191]]}},{"type":"Feature","properties":{"name":"Landwehrbach","kind":"stream","herkunft":"kreiskarte"},"geometry":{"type":"LineString","coordinates":[[8.52452,52.30191],[8.52428,52.30207],[8.52494,52.30209],[8.52567,52.30232],[8.5261,52.30255],[8.52613,52.30259],[8.52554,52.30284],[8.52538,52.30303]]}},{"type":"Feature","properties":{"name":"Landwehrbach","kind":"stream","herkunft":"heute"},"geometry":{"type":"LineString","coordinates":[[8.52538,52.30303],[8.5259,52.30267],[8.52652,52.30301]]}},{"type":"Feature","properties":{"name":"Landwehrbach","kind":"stream","herkunft":"kreiskarte"},"geometry":{"type":"LineString","coordinates":[[8.52652,52.30301],[8.52664,52.30292],[8.52736,52.30346],[8.52826,52.30375],[8.52839,52.30408],[8.52904,52.30447],[8.52904,52.30459],[8.52885,52.30481],[8.52884,52.30518],[8.52919,52.30558],[8.52923,52.30604],[8.5301,52.30604],[8.53045,52.30635],[8.53079,52.3065]]}},{"type":"Feature","properties":{"name":"Landwehrbach","kind":"stream","herkunft":"kreiskarte"},"geometry":{"type":"LineString","coordinates":[[8.51754,52.2909],[8.51711,52.29138],[8.5173,52.2916],[8.51733,52.29187],[8.51754,52.29227],[8.51733,52.29262],[8.51725,52.29305],[8.51724,52.29414],[8.51742,52.29477],[8.51766,52.29504],[8.51832,52.29502],[8.51861,52.29519]]}},{"type":"Feature","properties":{"name":"Landwehrbach","kind":"stream","herkunft":"heute"},"geometry":{"type":"LineString","coordinates":[[8.51861,52.29519],[8.51778,52.29515],[8.51775,52.29545]]}},{"type":"Feature","properties":{"name":"Alsweder Bach","kind":"stream","herkunft":"kreiskarte"},"geometry":{"type":"LineString","coordinates":[[8.56039,52.32673],[8.55956,52.32682],[8.55876,52.3268],[8.55849,52.32668],[8.55814,52.32622],[8.55768,52.32594],[8.55637,52.32591],[8.55468,52.32562],[8.55454,52.32581],[8.55461,52.32665],[8.55486,52.32713],[8.55507,52.3273],[8.55507,52.32741],[8.55462,52.3278],[8.55442,52.3282],[8.55424,52.32826],[8.55315,52.32837],[8.55308,52.32872],[8.55287,52.32889],[8.55275,52.32913],[8.55284,52.32929],[8.55315,52.32945],[8.55322,52.32974],[8.55357,52.32983],[8.55412,52.33015],[8.5542,52.33037],[8.5544,52.33038],[8.55455,52.33045],[8.55464,52.33084],[8.55507,52.33094],[8.55524,52.33108],[8.55528,52.33141],[8.55491,52.33161],[8.5548,52.33176],[8.55479,52.33231],[8.55491,52.33273],[8.55521,52.3331],[8.55585,52.33314],[8.55604,52.33329],[8.55584,52.33388],[8.55519,52.33405],[8.55512,52.3344],[8.55426,52.33492],[8.55396,52.33549],[8.55409,52.336],[8.55461,52.33632],[8.55439,52.33662],[8.55471,52.33727],[8.55497,52.33751],[8.55556,52.33761],[8.55569,52.33769],[8.55564,52.3378],[8.55531,52.33804],[8.55505,52.33843],[8.55519,52.3388],[8.55513,52.33905],[8.55527,52.33921],[8.55505,52.33939],[8.55505,52.33993],[8.5557,52.3404],[8.5558,52.34058],[8.55622,52.3406],[8.55673,52.34089],[8.55712,52.34081],[8.55737,52.34087],[8.55799,52.34131],[8.55812,52.34164],[8.55837,52.34177],[8.55821,52.34199],[8.55834,52.34245],[8.55801,52.34319],[8.55781,52.34336],[8.55716,52.34348],[8.55621,52.34402],[8.55449,52.3441],[8.55358,52.34466],[8.55364,52.34473],[8.55423,52.34483],[8.5546,52.34542],[8.55454,52.34612],[8.55466,52.34664],[8.55491,52.3468],[8.55546,52.34696],[8.55564,52.34714],[8.5556,52.34727],[8.5554,52.34739],[8.55459,52.3475],[8.55428,52.34778],[8.55396,52.34852],[8.55339,52.34883],[8.55402,52.34938],[8.55411,52.34958],[8.55402,52.34973],[8.5536,52.34998]]}},{"type":"Feature","properties":{"name":"Alsweder Bach","kind":"stream","herkunft":"heute"},"geometry":{"type":"LineString","coordinates":[[8.5536,52.34998],[8.55317,52.3499],[8.55315,52.34995]]}},{"type":"Feature","properties":{"name":"Mühlenbach","kind":"stream","herkunft":"heute"},"geometry":{"type":"LineString","coordinates":[[8.52985,52.28325],[8.52995,52.28315],[8.52995,52.28305],[8.52985,52.2829],[8.52985,52.28285]]}},{"type":"Feature","properties":{"name":"Mühlenbach","kind":"stream","herkunft":"kreiskarte"},"geometry":{"type":"LineString","coordinates":[[8.52985,52.28285],[8.52967,52.28278],[8.52935,52.28241],[8.52934,52.28237],[8.52938,52.28225],[8.52938,52.2822],[8.52938,52.28217],[8.52938,52.28216],[8.52929,52.28233],[8.52898,52.28241],[8.52861,52.28231],[8.52832,52.28211],[8.5285,52.28136],[8.52832,52.28114],[8.5276,52.28103],[8.52722,52.28146],[8.52676,52.28154],[8.52652,52.28148],[8.52613,52.28122],[8.52607,52.2811],[8.52612,52.28099],[8.52653,52.28084],[8.52619,52.28091],[8.52595,52.28086],[8.52557,52.2805],[8.52556,52.28024],[8.52566,52.28019],[8.52601,52.28032],[8.5262,52.28031],[8.52718,52.27976],[8.52706,52.27967],[8.52659,52.27961],[8.52637,52.27917],[8.52581,52.27884],[8.52587,52.2787],[8.52635,52.27858],[8.52635,52.27773],[8.52616,52.27763],[8.52546,52.27757],[8.52438,52.27698],[8.5242,52.2768],[8.52408,52.27634]]}},{"type":"Feature","properties":{"name":"Mühlenbach","kind":"stream","herkunft":"heute"},"geometry":{"type":"LineString","coordinates":[[8.52408,52.27634],[8.5241,52.27634],[8.5241,52.2763],[8.52375,52.2758],[8.5228,52.2744],[8.5224,52.2738],[8.5221,52.27355],[8.5201,52.27235],[8.5199,52.2722],[8.5199,52.27202]]}},{"type":"Feature","properties":{"name":"Mühlenbach","kind":"stream","herkunft":"kreiskarte"},"geometry":{"type":"LineString","coordinates":[[8.5199,52.27202],[8.52011,52.27202],[8.52012,52.2718],[8.52041,52.27156],[8.52057,52.27128],[8.52054,52.27118],[8.52027,52.271],[8.52017,52.27055],[8.51977,52.27059],[8.51914,52.27054],[8.51835,52.27039],[8.51822,52.27031],[8.51812,52.27011],[8.51795,52.27006],[8.51754,52.27022],[8.51583,52.27043],[8.51515,52.27064],[8.51484,52.27083],[8.51466,52.27105],[8.51448,52.27142],[8.5144,52.27198],[8.51405,52.27212],[8.5134,52.27213]]}},{"type":"Feature","properties":{"name":"Mühlenbach","kind":"stream","herkunft":"heute"},"geometry":{"type":"LineString","coordinates":[[8.5134,52.27213],[8.51335,52.27209],[8.51275,52.2723]]}},{"type":"Feature","properties":{"name":"Große Aue","kind":"river","herkunft":"heute"},"geometry":{"type":"LineString","coordinates":[[8.51812,52.27011],[8.5193,52.26922],[8.5192,52.269],[8.51925,52.2691],[8.5193,52.26785]]}},{"type":"Feature","properties":{"name":"Große Aue","kind":"river","herkunft":"heute"},"geometry":{"type":"LineString","coordinates":[[8.51934,52.26932],[8.51985,52.27005],[8.52005,52.27085],[8.51934,52.26932]]}},{"type":"Feature","properties":{"name":"Große Aue","kind":"river","herkunft":"heute"},"geometry":{"type":"LineString","coordinates":[[8.54479,52.24426],[8.54475,52.2441],[8.54395,52.24385],[8.5435,52.2438],[8.54335,52.2438],[8.54325,52.24375],[8.54315,52.24375],[8.543,52.24365],[8.5429,52.24365],[8.5428,52.2436],[8.54235,52.2435],[8.54205,52.24345],[8.54175,52.24345],[8.54165,52.24345],[8.54155,52.24345],[8.5415,52.24345],[8.5414,52.24345],[8.54135,52.24345],[8.54125,52.24345],[8.54115,52.2434],[8.5411,52.2434],[8.54085,52.2434],[8.54065,52.2434],[8.5402,52.2434],[8.54015,52.2434],[8.5401,52.2434],[8.5399,52.2434],[8.5394,52.2434],[8.5389,52.24365],[8.53855,52.2438],[8.5375,52.244],[8.5373,52.244],[8.5372,52.24405],[8.5372,52.2442],[8.537,52.24425],[8.53655,52.2443],[8.53625,52.2444],[8.5361,52.24445],[8.5357,52.24435],[8.5356,52.2444],[8.53545,52.2444],[8.53505,52.2446],[8.53495,52.2447],[8.5345,52.2449],[8.53455,52.24495],[8.53445,52.245],[8.5344,52.245],[8.53415,52.24505],[8.53395,52.24515],[8.5335,52.2452],[8.53295,52.2454],[8.5327,52.2454],[8.5325,52.24535],[8.53225,52.24535],[8.53175,52.24595],[8.53135,52.2463],[8.5304,52.24665],[8.5302,52.24675],[8.53,52.2469],[8.5293,52.24775],[8.5287,52.24825],[8.5285,52.2485],[8.52815,52.2493],[8.5281,52.24945],[8.5281,52.24985],[8.52805,52.25005],[8.528,52.25065],[8.5278,52.2507],[8.52775,52.2507],[8.52775,52.25075],[8.5277,52.25075],[8.5277,52.25085],[8.5277,52.251],[8.52765,52.25105],[8.5277,52.25105],[8.5276,52.2516],[8.52755,52.25175],[8.52755,52.2519],[8.5275,52.25195],[8.52755,52.25205],[8.52745,52.25225],[8.52745,52.25235],[8.52745,52.2524],[8.52745,52.25245],[8.5274,52.25285],[8.52735,52.2531],[8.5274,52.2532],[8.52735,52.25325],[8.52735,52.25335],[8.5273,52.25355],[8.52735,52.2537],[8.52725,52.25385],[8.5273,52.25395],[8.52725,52.254],[8.52725,52.2542],[8.52715,52.2544],[8.52715,52.2545],[8.5271,52.2546],[8.527,52.25475],[8.52695,52.25475],[8.5269,52.25495],[8.52695,52.25495],[8.52675,52.25535],[8.52675,52.2554],[8.52655,52.2555],[8.52635,52.2555],[8.5263,52.2556],[8.5262,52.2556],[8.5261,52.2557],[8.526,52.25575],[8.52585,52.25585],[8.52575,52.25585],[8.5257,52.2559],[8.52565,52.256],[8.5255,52.2561],[8.52545,52.2562],[8.52545,52.2563],[8.52535,52.2564],[8.5254,52.25645],[8.5252,52.2565],[8.5252,52.2566],[8.5253,52.25665],[8.5252,52.2568],[8.52505,52.25685],[8.525,52.2569],[8.525,52.25695],[8.52495,52.25695],[8.5248,52.2569],[8.5247,52.2569],[8.52465,52.2569],[8.5244,52.25695],[8.52435,52.25705],[8.5243,52.2571],[8.5243,52.25715],[8.52425,52.25715],[8.5242,52.25725],[8.52415,52.2573],[8.5241,52.2574],[8.524,52.25745],[8.52405,52.25755],[8.524,52.2576],[8.52395,52.258],[8.5238,52.258],[8.5237,52.2581],[8.52365,52.25835],[8.5236,52.2584],[8.5236,52.25845],[8.5235,52.2586],[8.5235,52.2588],[8.52345,52.25885],[8.52345,52.2589],[8.5234,52.25895],[8.52335,52.25915],[8.5233,52.25915],[8.5232,52.2596],[8.52315,52.2596],[8.5232,52.25965],[8.52315,52.2597],[8.5231,52.2599],[8.5225,52.26025],[8.5224,52.26025],[8.52235,52.26035],[8.52205,52.26045],[8.5215,52.2609],[8.52141,52.261]]}},{"type":"Feature","properties":{"name":"Große Aue","kind":"river","herkunft":"kreiskarte"},"geometry":{"type":"LineString","coordinates":[[8.52141,52.261],[8.52068,52.26075],[8.52049,52.26079],[8.52039,52.26094],[8.5204,52.26116],[8.52061,52.26143],[8.52061,52.26262],[8.52049,52.26265],[8.52042,52.26265],[8.52014,52.26261],[8.52007,52.26261],[8.52,52.26261],[8.5197,52.26261],[8.51963,52.26261],[8.51949,52.26262],[8.51953,52.26262],[8.51959,52.26261],[8.51966,52.26261],[8.51973,52.26261],[8.5198,52.26261],[8.51988,52.26261],[8.51995,52.26261],[8.52003,52.26261],[8.5201,52.26261],[8.52017,52.26262],[8.52037,52.26264],[8.52044,52.26266],[8.5205,52.26267],[8.52056,52.26269],[8.5206,52.2627],[8.52061,52.2627],[8.52,52.26266],[8.51966,52.26286],[8.51964,52.26313],[8.51998,52.26417],[8.5198,52.26429],[8.51906,52.2645],[8.51888,52.26477],[8.51902,52.26641],[8.51932,52.26697],[8.51925,52.26736],[8.51958,52.26778],[8.51969,52.26836],[8.5199,52.2688],[8.52023,52.26909],[8.52,52.26933],[8.51951,52.26939],[8.51915,52.26951],[8.51884,52.2697],[8.51879,52.26982],[8.51901,52.27002],[8.51962,52.27011],[8.52019,52.2705],[8.52017,52.27055]]}},{"type":"Feature","properties":{"name":"Schierenbeke","kind":"stream","herkunft":"heute"},"geometry":{"type":"LineString","coordinates":[[8.4947,52.25135],[8.4951,52.2515],[8.49525,52.2516],[8.49535,52.2517],[8.4954,52.2518],[8.4956,52.252],[8.49565,52.2521],[8.4957,52.25215],[8.49575,52.2522],[8.49595,52.2523],[8.496,52.25235],[8.4961,52.25235],[8.4962,52.2524],[8.49625,52.25245],[8.4963,52.2525],[8.4963,52.25255],[8.49665,52.25275],[8.49685,52.2528],[8.49695,52.25295],[8.49695,52.25305],[8.497,52.25305],[8.49715,52.2531],[8.4973,52.2531],[8.49735,52.25315],[8.49735,52.2532],[8.49745,52.2532],[8.4975,52.25325],[8.4976,52.2532],[8.4977,52.25325],[8.49775,52.25325],[8.49785,52.2533],[8.498,52.2533],[8.498,52.25335],[8.4983,52.25335],[8.4984,52.25335],[8.49845,52.2534],[8.49845,52.25345],[8.49845,52.25355],[8.4985,52.2536],[8.49855,52.25365],[8.49865,52.2537],[8.4986,52.2537],[8.4986,52.25375],[8.4987,52.2538],[8.49875,52.25385],[8.4987,52.2539],[8.4988,52.25395],[8.499,52.254],[8.49905,52.25405],[8.4992,52.254],[8.4992,52.2541],[8.49935,52.25415],[8.49935,52.2542],[8.49945,52.25425],[8.49945,52.2543],[8.4995,52.2543],[8.4996,52.2544],[8.4997,52.25445],[8.49975,52.2545],[8.4998,52.2545],[8.49985,52.25455],[8.49985,52.2546],[8.4998,52.2546],[8.4999,52.2547],[8.5003,52.2547],[8.50035,52.2549],[8.50045,52.25495],[8.50075,52.2549],[8.50085,52.2549],[8.50095,52.2549],[8.50095,52.255],[8.50115,52.255],[8.5012,52.2551],[8.5011,52.25515],[8.5012,52.2552],[8.50125,52.25525],[8.50135,52.2553],[8.50135,52.2552],[8.5015,52.25515],[8.50165,52.2552],[8.5017,52.25525],[8.5017,52.2553],[8.50175,52.25535],[8.5018,52.2553],[8.50185,52.25535],[8.50195,52.2553],[8.502,52.25525],[8.5021,52.25525],[8.5022,52.25525],[8.50225,52.25525],[8.50225,52.2553],[8.5023,52.25535],[8.5024,52.2553],[8.5025,52.25535],[8.5026,52.25535],[8.5028,52.2554],[8.50285,52.25535],[8.50295,52.2554],[8.50295,52.25545],[8.503,52.25545],[8.5031,52.25555],[8.50335,52.2555],[8.5034,52.25545],[8.5036,52.2555],[8.5037,52.2555],[8.5038,52.25555],[8.50385,52.25555],[8.5039,52.25555],[8.504,52.2555],[8.504,52.2556],[8.5041,52.2556],[8.5042,52.2556],[8.5043,52.25565],[8.5048,52.25565],[8.5048,52.25575],[8.50495,52.25575],[8.505,52.25585],[8.50515,52.2559],[8.50545,52.25595],[8.5055,52.25595],[8.5056,52.25605],[8.50565,52.2562],[8.5057,52.2562],[8.50575,52.2563],[8.5059,52.25625],[8.506,52.2563],[8.50605,52.25625],[8.5061,52.2563],[8.5061,52.25625],[8.50615,52.25625],[8.50615,52.2563],[8.5062,52.2563],[8.50625,52.25625],[8.50625,52.2563],[8.50635,52.2563],[8.50655,52.2563],[8.5066,52.25615],[8.50675,52.25615],[8.50715,52.25615],[8.5072,52.25615],[8.5075,52.25615],[8.50815,52.2562],[8.50835,52.25615],[8.50965,52.25595],[8.51015,52.2559],[8.51055,52.25595],[8.51195,52.25585],[8.51415,52.25595],[8.5143,52.2562],[8.51545,52.25645],[8.51575,52.25655],[8.51595,52.2566],[8.516,52.25665],[8.51605,52.25665],[8.5163,52.2567],[8.51675,52.25675],[8.51725,52.2568],[8.51745,52.2569],[8.5177,52.25685],[8.51805,52.25655],[8.51825,52.25665],[8.51865,52.257],[8.5187,52.257],[8.5187,52.25705],[8.51875,52.25705],[8.51885,52.25715],[8.5189,52.2572],[8.5189,52.25725],[8.51895,52.25725],[8.51905,52.2573],[8.51915,52.25745],[8.51925,52.2576],[8.51925,52.25765],[8.5193,52.2577],[8.51935,52.25785],[8.5194,52.2579],[8.5194,52.25795],[8.5195,52.2582],[8.51955,52.2584],[8.5196,52.25845],[8.51975,52.25875],[8.51985,52.2591],[8.5199,52.2594],[8.5199,52.25945],[8.52005,52.2598],[8.52015,52.26015],[8.52025,52.2605],[8.52045,52.2606],[8.52065,52.2607],[8.5207,52.26065],[8.521,52.26075],[8.52145,52.2608],[8.5215,52.2609]]}},{"type":"Feature","properties":{"name":"Wehmerhorster Bach","kind":"stream","herkunft":"heute"},"geometry":{"type":"LineString","coordinates":[[8.51523,52.2564],[8.5152,52.25645],[8.5149,52.2567],[8.51475,52.2569],[8.51435,52.25705],[8.514,52.2575],[8.51375,52.2577],[8.51255,52.2582],[8.5126,52.2585],[8.5122,52.2586],[8.51195,52.25865],[8.5119,52.2587],[8.51185,52.2587],[8.51175,52.25875],[8.5116,52.25875],[8.5112,52.25895],[8.51115,52.25895],[8.51095,52.259],[8.5109,52.259],[8.51065,52.25905],[8.5106,52.25905],[8.5105,52.25905],[8.5104,52.25905],[8.5103,52.2591],[8.5102,52.2591],[8.51015,52.2591],[8.51005,52.2591],[8.5099,52.25915],[8.50945,52.2591],[8.50865,52.25915],[8.50835,52.2592],[8.50805,52.25935],[8.5078,52.2594],[8.50775,52.2594],[8.5077,52.25945],[8.5077,52.2595],[8.5075,52.2595],[8.50735,52.2596],[8.50735,52.25965],[8.5073,52.25965],[8.50725,52.25965],[8.50705,52.2596],[8.5061,52.25965],[8.50605,52.25965],[8.5059,52.2597],[8.5059,52.25975],[8.50585,52.2598],[8.50575,52.25985],[8.50565,52.2598],[8.5055,52.25985],[8.50525,52.25995],[8.5045,52.26],[8.5044,52.26],[8.50425,52.26005],[8.5039,52.2601],[8.50385,52.2601],[8.50375,52.26015],[8.5035,52.26015],[8.5034,52.2602],[8.5034,52.2603],[8.50325,52.26025],[8.50305,52.2603],[8.5029,52.2603],[8.5028,52.26035],[8.5027,52.2605],[8.50265,52.2605],[8.5026,52.26055],[8.50255,52.26065],[8.5024,52.26065],[8.50235,52.26065],[8.5022,52.2607],[8.50215,52.2607],[8.5021,52.2607],[8.50205,52.2606],[8.502,52.2606],[8.50215,52.26055],[8.50215,52.2605],[8.50205,52.2605],[8.502,52.2605],[8.50185,52.2605],[8.5019,52.2606],[8.50185,52.26065],[8.50165,52.2606],[8.5015,52.2606],[8.5015,52.26065],[8.50155,52.2607],[8.5015,52.26075],[8.50145,52.2608],[8.50125,52.2608],[8.50115,52.2608]]}},{"type":"Feature","properties":{"name":"Wehmerhorster Bach","kind":"stream","herkunft":"heute"},"geometry":{"type":"LineString","coordinates":[[8.50115,52.2608],[8.50095,52.2609],[8.50085,52.2609],[8.5008,52.2609],[8.5007,52.2609],[8.50065,52.26085],[8.50055,52.2609],[8.50025,52.26095],[8.50005,52.2609],[8.49995,52.26095],[8.4999,52.261],[8.4998,52.26095],[8.49975,52.26095],[8.49965,52.26095],[8.49965,52.2608],[8.4996,52.26075],[8.49935,52.26075],[8.4993,52.2607],[8.49925,52.2607],[8.49925,52.2609],[8.4992,52.2609],[8.49915,52.2609],[8.49905,52.2609],[8.4989,52.2609],[8.4988,52.26085],[8.4988,52.2608],[8.49865,52.26085],[8.4985,52.2608],[8.49825,52.2607],[8.4982,52.26065],[8.4981,52.2606],[8.49795,52.26065],[8.49785,52.26065],[8.49775,52.26065],[8.49765,52.2607],[8.4976,52.26075],[8.49755,52.26075],[8.4973,52.2608],[8.4972,52.26075],[8.4972,52.2607],[8.49715,52.2607],[8.49715,52.26065],[8.497,52.2606],[8.497,52.26065],[8.49695,52.26065],[8.49685,52.2606],[8.4968,52.26065],[8.49665,52.2607],[8.4966,52.26075],[8.49655,52.2607],[8.4964,52.2607],[8.49635,52.2607],[8.49625,52.26065],[8.49615,52.2607],[8.49595,52.26065],[8.4959,52.26055],[8.49565,52.26055],[8.4956,52.2605],[8.49525,52.26035],[8.4951,52.26035],[8.49505,52.26035],[8.495,52.2603],[8.49475,52.26025],[8.4947,52.2602],[8.49465,52.2602],[8.4943,52.2601],[8.49395,52.26005],[8.4939,52.26],[8.49385,52.25995],[8.4935,52.2599],[8.49345,52.25985],[8.4932,52.25985],[8.493,52.2598],[8.4929,52.2598],[8.49285,52.2598],[8.49275,52.25975],[8.49265,52.2597],[8.4925,52.2597],[8.49235,52.25965],[8.4919,52.25965],[8.4918,52.2596],[8.4916,52.2596],[8.49145,52.25965],[8.4909,52.25965],[8.49075,52.2597],[8.4898,52.25965],[8.48955,52.25965],[8.4888,52.25975],[8.48835,52.25985],[8.488,52.26005],[8.4876,52.26015],[8.48725,52.26035],[8.4869,52.26045]]}},{"type":"Feature","properties":{"name":"Große Aue","kind":"river","herkunft":"heute"},"geometry":{"type":"LineString","coordinates":[[8.54479,52.24426],[8.54475,52.2443],[8.5447,52.24435],[8.54465,52.24465],[8.5446,52.24465],[8.5446,52.24485],[8.5445,52.2451],[8.5444,52.2454],[8.54435,52.2458],[8.54425,52.24625],[8.54425,52.2463],[8.54425,52.24645],[8.54425,52.2465],[8.54435,52.2466],[8.54435,52.24665],[8.5444,52.2467],[8.54435,52.24675],[8.54445,52.247],[8.54505,52.2471],[8.54545,52.2472],[8.54479,52.24426]]}},{"type":"Feature","properties":{"name":"Große Aue","kind":"river","herkunft":"kreiskarte"},"geometry":{"type":"LineString","coordinates":[[8.55315,52.34995],[8.54949,52.34948],[8.54895,52.3493],[8.54843,52.34898]]}},{"type":"Feature","properties":{"name":"Große Aue","kind":"river","herkunft":"heute"},"geometry":{"type":"LineString","coordinates":[[8.54843,52.34898],[8.54848,52.34891],[8.54635,52.34835]]}},{"type":"Feature","properties":{"name":"Große Aue","kind":"river","herkunft":"heute"},"geometry":{"type":"LineString","coordinates":[[8.54635,52.34835],[8.54635,52.3485],[8.54645,52.34865],[8.54645,52.349],[8.54675,52.3492],[8.54705,52.34925],[8.5475,52.3493],[8.5481,52.3493],[8.5492,52.3491],[8.55317,52.3499]]}},{"type":"Feature","properties":{"name":"Große Aue","kind":"river","herkunft":"heute"},"geometry":{"type":"LineString","coordinates":[[8.71239,52.56],[8.71225,52.5598],[8.71185,52.5592],[8.71155,52.5586],[8.71145,52.5584],[8.7114,52.55815],[8.71145,52.5577],[8.71155,52.55725],[8.71185,52.55645],[8.71215,52.5556],[8.71245,52.555],[8.71395,52.5513],[8.7141,52.55085],[8.7141,52.5503],[8.71395,52.54985],[8.71315,52.5486],[8.71205,52.5467],[8.712,52.54645],[8.712,52.5461],[8.712,52.5459],[8.71225,52.5454],[8.7135,52.5443],[8.71395,52.5437],[8.7141,52.5431],[8.71415,52.5425],[8.714,52.54195],[8.71385,52.54165],[8.71365,52.5414],[8.7131,52.5408],[8.7126,52.54045],[8.70795,52.5378],[8.707,52.5372],[8.70665,52.5369],[8.70635,52.5364],[8.7057,52.53515],[8.7053,52.5344],[8.7051,52.5339],[8.70495,52.53325],[8.70485,52.53295],[8.7047,52.5327],[8.70275,52.53035],[8.7026,52.53005],[8.70225,52.5291],[8.7021,52.52875],[8.70195,52.52855],[8.70055,52.52695],[8.70035,52.5267],[8.70025,52.52645],[8.70015,52.52605],[8.70015,52.5254],[8.70005,52.52475],[8.6999,52.5244],[8.6996,52.5239],[8.6991,52.52335],[8.69835,52.5227],[8.69795,52.52235],[8.6976,52.5221],[8.6958,52.52095],[8.69495,52.5201],[8.6945,52.51985],[8.6939,52.5196],[8.6928,52.5193],[8.6906,52.5188],[8.689,52.51865],[8.68845,52.5186],[8.68805,52.5186],[8.68735,52.5188],[8.687,52.5189],[8.68665,52.51895],[8.6863,52.519],[8.6832,52.51885],[8.68275,52.5188],[8.6805,52.51845],[8.68005,52.5183],[8.67975,52.51815],[8.67945,52.51785],[8.6792,52.5177],[8.67875,52.51745],[8.6783,52.5173],[8.67755,52.51715],[8.67305,52.5165],[8.6724,52.51635],[8.6718,52.51615],[8.6715,52.516],[8.67115,52.51585],[8.6704,52.51535],[8.666,52.51245],[8.66191,52.50979]]}},{"type":"Feature","properties":{"name":"Große Aue","kind":"river","herkunft":"kreiskarte"},"geometry":{"type":"LineString","coordinates":[[8.66191,52.50979],[8.66143,52.51006],[8.66119,52.50998],[8.6606,52.50997],[8.66035,52.5099],[8.66011,52.50956],[8.6601,52.50893],[8.65998,52.50869],[8.65983,52.5086],[8.65886,52.50839],[8.65858,52.50819],[8.65855,52.508],[8.65834,52.5077],[8.6584,52.50732],[8.6582,52.50696],[8.65736,52.50649],[8.65666,52.50644],[8.65655,52.50617],[8.65607,52.50585],[8.65572,52.50576],[8.65549,52.50551],[8.65547,52.50479],[8.65568,52.5043],[8.65569,52.50358],[8.65533,52.50317],[8.65554,52.50264],[8.65537,52.50232],[8.65504,52.50204],[8.65519,52.50132],[8.6549,52.50098],[8.6552,52.50056],[8.65515,52.49995],[8.65565,52.49931],[8.65565,52.49895],[8.65545,52.49863],[8.65508,52.49844],[8.65449,52.49857],[8.65382,52.49811],[8.65293,52.4979],[8.65243,52.49787],[8.652,52.49776],[8.65166,52.4974],[8.65137,52.4973],[8.65095,52.49695],[8.65122,52.49654],[8.65116,52.49615],[8.65047,52.49598],[8.64979,52.49552],[8.64893,52.49526],[8.64824,52.49481],[8.64735,52.4947],[8.64712,52.49461],[8.64654,52.49408],[8.64589,52.49373],[8.64548,52.49334],[8.64494,52.49305],[8.64487,52.49289],[8.64509,52.49263]]}},{"type":"Feature","properties":{"name":"Große Aue","kind":"river","herkunft":"heute"},"geometry":{"type":"LineString","coordinates":[[8.64509,52.49263],[8.64489,52.49279],[8.6447,52.4927]]}},{"type":"Feature","properties":{"name":"Kleine Aue","kind":"river","herkunft":"kreiskarte"},"geometry":{"type":"LineString","coordinates":[[8.65298,52.49791],[8.65299,52.49789],[8.65309,52.49769],[8.65364,52.49725],[8.65343,52.49681],[8.6531,52.49656],[8.65299,52.49636],[8.65274,52.49627],[8.65243,52.49604],[8.65242,52.49599],[8.65263,52.49591],[8.65226,52.49585],[8.65209,52.49566],[8.65206,52.49541],[8.65235,52.49493],[8.65236,52.49394],[8.65268,52.49357],[8.65259,52.4933],[8.65266,52.49314],[8.6533,52.49257],[8.65436,52.49189],[8.6543,52.49173],[8.65396,52.49153],[8.65399,52.49132],[8.65441,52.49112],[8.65451,52.49088],[8.65489,52.49095],[8.6551,52.49087],[8.65514,52.49007],[8.6553,52.48943],[8.6553,52.48924],[8.65515,52.48851],[8.65514,52.48847],[8.65513,52.48843],[8.6551,52.48839],[8.65508,52.48835],[8.65504,52.48831],[8.65501,52.48828],[8.65499,52.48825],[8.65499,52.48825],[8.65516,52.48856],[8.65516,52.48853],[8.65515,52.48849],[8.65513,52.48845],[8.65512,52.48841],[8.65509,52.48837],[8.65506,52.48833],[8.65503,52.4883],[8.655,52.48826],[8.65449,52.48775],[8.65408,52.48752],[8.65361,52.4871],[8.65362,52.48687],[8.6538,52.48647],[8.65446,52.48559],[8.65466,52.4851],[8.65461,52.48485],[8.65393,52.48478],[8.65367,52.4846],[8.65411,52.48422],[8.65417,52.48369],[8.65438,52.48339],[8.65438,52.48312],[8.65426,52.48297],[8.65395,52.48289],[8.65409,52.48219],[8.65396,52.48195],[8.65368,52.4817],[8.65362,52.4814],[8.65332,52.48089],[8.65315,52.48077],[8.65236,52.48062],[8.65213,52.48009],[8.65177,52.47969],[8.65147,52.47878],[8.6522,52.47828],[8.6523,52.47794],[8.65256,52.47765],[8.6522,52.47716],[8.65093,52.47637],[8.65071,52.47616],[8.65061,52.47533],[8.65011,52.47441],[8.64946,52.47358],[8.64939,52.47322],[8.64984,52.47292],[8.64995,52.47277],[8.64987,52.47229],[8.64966,52.47202],[8.64964,52.47162],[8.64917,52.47129],[8.64873,52.47109],[8.64866,52.47079],[8.64833,52.47047],[8.64851,52.46995],[8.64795,52.46981],[8.64782,52.46967],[8.64786,52.46941],[8.64828,52.46918],[8.64848,52.46891],[8.64846,52.46874],[8.64821,52.46849],[8.64824,52.46802],[8.64796,52.46759],[8.64706,52.46711],[8.64697,52.4665],[8.64662,52.46637],[8.6459,52.46625],[8.64543,52.46566],[8.64562,52.46495],[8.64487,52.46388],[8.64483,52.46344],[8.64493,52.46328],[8.64577,52.46292],[8.64579,52.46202],[8.64525,52.46181],[8.64524,52.46169],[8.64543,52.46147],[8.64536,52.46136],[8.6446,52.46128],[8.64417,52.46104],[8.6435,52.46084],[8.64332,52.46012],[8.64288,52.45992],[8.6426,52.45958],[8.64201,52.45919],[8.64199,52.45889],[8.64245,52.45874],[8.64255,52.45864],[8.64256,52.45806],[8.6424,52.45784],[8.64138,52.45782],[8.64118,52.45774],[8.64124,52.45691],[8.64095,52.45639],[8.6411,52.4558]]}},{"type":"Feature","properties":{"name":"Kleine Aue","kind":"river","herkunft":"heute"},"geometry":{"type":"LineString","coordinates":[[8.6411,52.4558],[8.64162,52.4557],[8.63835,52.4492],[8.6382,52.4488],[8.63825,52.4484],[8.64095,52.438],[8.64095,52.43765],[8.6409,52.4373],[8.64065,52.4369],[8.63835,52.4342],[8.63735,52.433],[8.63467,52.42991]]}},{"type":"Feature","properties":{"name":"Kleine Aue","kind":"river","herkunft":"kreiskarte"},"geometry":{"type":"LineString","coordinates":[[8.63467,52.42991],[8.63507,52.42978],[8.63481,52.4289],[8.63335,52.428],[8.63289,52.42791],[8.6327,52.4278],[8.63261,52.42674],[8.63029,52.42532],[8.63034,52.42484],[8.62959,52.42433],[8.62957,52.42366],[8.62942,52.42329],[8.62905,52.42301],[8.62858,52.42321],[8.62808,52.42298],[8.62788,52.42213],[8.62795,52.42201],[8.6283,52.42181],[8.62837,52.42142],[8.62904,52.42135],[8.62926,52.4212],[8.62929,52.42085],[8.62917,52.4207],[8.62898,52.42065],[8.62891,52.42064],[8.62884,52.42064],[8.62876,52.42064],[8.62869,52.42064],[8.62862,52.42065],[8.62856,52.42067],[8.6285,52.42069],[8.62844,52.42072],[8.62841,52.42073],[8.6284,52.42074],[8.62841,52.42073],[8.62844,52.42072],[8.6285,52.42069],[8.62856,52.42067],[8.62862,52.42065],[8.62869,52.42064],[8.62876,52.42064],[8.62884,52.42064],[8.62891,52.42064],[8.62899,52.42064],[8.62906,52.42064],[8.62917,52.4206],[8.62927,52.42028],[8.63006,52.41966],[8.6301,52.4195],[8.62981,52.41926],[8.62979,52.4191],[8.63025,52.41862],[8.63041,52.41803],[8.63086,52.41781],[8.63105,52.41672],[8.63142,52.41636],[8.6313,52.41603],[8.63094,52.41567],[8.63093,52.41541],[8.63147,52.41473],[8.63161,52.41441],[8.63191,52.41412],[8.63275,52.41283],[8.63283,52.41253],[8.63328,52.41201],[8.63359,52.41145],[8.63393,52.41104],[8.63426,52.41081],[8.63433,52.41055],[8.63515,52.40953],[8.63571,52.40813],[8.6366,52.40727],[8.63663,52.40682],[8.63674,52.40667],[8.63699,52.4066],[8.63758,52.40659],[8.63826,52.4065],[8.63846,52.4064],[8.63847,52.40565],[8.63759,52.40492],[8.63737,52.40461],[8.63733,52.40431],[8.63756,52.40405],[8.63827,52.40355],[8.63848,52.40279],[8.63904,52.40225]]}},{"type":"Feature","properties":{"name":"Kleine Aue","kind":"river","herkunft":"heute"},"geometry":{"type":"LineString","coordinates":[[8.63904,52.40225],[8.63861,52.40221],[8.641,52.39275],[8.6383,52.3925],[8.63825,52.39245],[8.6381,52.3924]]}},{"type":"Feature","properties":{"name":"Kleine Aue","kind":"river","herkunft":"kreiskarte"},"geometry":{"type":"LineString","coordinates":[[8.6381,52.3924],[8.6377,52.39253],[8.63869,52.39187],[8.63873,52.39158],[8.63887,52.39179],[8.63912,52.39185],[8.63977,52.39159],[8.64076,52.39161],[8.64083,52.39118],[8.64068,52.39054],[8.64083,52.39017],[8.64084,52.38936],[8.64099,52.38854],[8.64119,52.38791],[8.64158,52.38715],[8.64162,52.38662],[8.64211,52.38584],[8.6421,52.38557],[8.642,52.38547],[8.64188,52.38543],[8.64175,52.3854],[8.64169,52.38538],[8.64163,52.38536],[8.64151,52.38532],[8.64144,52.38531],[8.64137,52.3853],[8.6413,52.3853],[8.64122,52.3853],[8.64115,52.3853],[8.64108,52.3853],[8.641,52.3853],[8.64091,52.38529],[8.64099,52.38529],[8.64105,52.3853],[8.64113,52.3853],[8.6412,52.3853],[8.64127,52.3853],[8.64135,52.3853],[8.64142,52.38531],[8.64149,52.38532],[8.64155,52.38534],[8.64161,52.38535],[8.64167,52.38537],[8.64181,52.38539],[8.64221,52.38534],[8.64273,52.3847],[8.64286,52.38432],[8.64275,52.38467],[8.64344,52.38464],[8.6439,52.38489],[8.64424,52.38422],[8.64467,52.38392],[8.64445,52.38325],[8.64473,52.38305],[8.64528,52.3829],[8.64548,52.38269],[8.6458,52.38201],[8.64619,52.3817],[8.64629,52.38077],[8.64626,52.38038],[8.64614,52.38055],[8.6455,52.38056],[8.6454,52.38049],[8.6454,52.38017],[8.64562,52.37979],[8.64625,52.37975],[8.64634,52.37972],[8.64551,52.37974],[8.64507,52.37951],[8.64503,52.37942],[8.64569,52.37902],[8.64661,52.37899],[8.6463,52.37815],[8.64635,52.37785],[8.6467,52.37744],[8.64686,52.37694],[8.64747,52.37623],[8.6476,52.37613],[8.6477,52.37606],[8.64774,52.37603],[8.64778,52.376],[8.64781,52.37596],[8.64784,52.37592],[8.64787,52.37588],[8.6479,52.37585],[8.64791,52.37584],[8.6479,52.37586],[8.64787,52.37589],[8.64784,52.37593],[8.64781,52.37596],[8.64777,52.376],[8.64773,52.37604],[8.64771,52.37606],[8.6477,52.37607],[8.64773,52.37604],[8.64777,52.37601],[8.6478,52.37597],[8.64783,52.37593],[8.64789,52.37586],[8.64811,52.37538],[8.64845,52.37508],[8.64843,52.37491],[8.64828,52.37485],[8.64698,52.37489],[8.64671,52.37478],[8.64654,52.37434],[8.64689,52.37413],[8.6472,52.37408],[8.64721,52.37404],[8.6469,52.37353],[8.64691,52.37355],[8.64694,52.37357],[8.64698,52.37361],[8.64701,52.37365],[8.64714,52.3739],[8.64708,52.37381],[8.64701,52.37365],[8.64699,52.37361],[8.64695,52.37358],[8.64691,52.37354],[8.64688,52.37351],[8.64671,52.37337],[8.64667,52.37333],[8.64663,52.3733],[8.6466,52.37326],[8.64658,52.37322],[8.64656,52.37318],[8.64653,52.37314],[8.6465,52.37311],[8.64648,52.37307],[8.64645,52.37303],[8.64643,52.37299],[8.64641,52.37296],[8.64641,52.37295],[8.64644,52.37302],[8.64647,52.37306],[8.64649,52.3731],[8.64652,52.37313],[8.64655,52.37317],[8.6466,52.37325],[8.64663,52.37329],[8.64666,52.37332],[8.6467,52.37336],[8.64674,52.37339],[8.64678,52.37342],[8.6468,52.37344],[8.64644,52.37299],[8.64646,52.37299],[8.64649,52.373],[8.64655,52.37302],[8.64662,52.37303],[8.64669,52.37304],[8.64676,52.37304],[8.64684,52.37304],[8.64691,52.37304],[8.64698,52.37304],[8.64706,52.37304],[8.64713,52.37304],[8.64717,52.37304],[8.64718,52.37304],[8.64717,52.37304],[8.64712,52.37304],[8.64705,52.37304],[8.64697,52.37304],[8.6469,52.37304],[8.64682,52.37304],[8.64675,52.37304],[8.64668,52.37304],[8.64661,52.37303],[8.64654,52.37302],[8.64648,52.373],[8.6464,52.37293],[8.64624,52.37261],[8.64621,52.37213],[8.64601,52.37196],[8.64576,52.37194],[8.64555,52.37206],[8.64534,52.37217],[8.64531,52.37218],[8.64585,52.3718],[8.64577,52.3712],[8.64526,52.37065],[8.64487,52.37003],[8.64475,52.36988],[8.64472,52.36984],[8.6447,52.3698],[8.64467,52.36976],[8.64465,52.36972],[8.64462,52.36969],[8.64459,52.36965],[8.64456,52.36961],[8.64454,52.36958],[8.64453,52.36957],[8.64454,52.36958],[8.64456,52.36961],[8.64459,52.36965],[8.64462,52.36969],[8.64465,52.36972],[8.6447,52.3698],[8.64471,52.36983],[8.64471,52.36984],[8.64471,52.36983],[8.64471,52.36981],[8.64468,52.36978],[8.64466,52.36974],[8.64463,52.3697],[8.6446,52.36966],[8.64454,52.36958],[8.64451,52.36955],[8.64448,52.36951],[8.64445,52.36947],[8.64442,52.36944],[8.64438,52.3694],[8.64434,52.36936],[8.6443,52.36934],[8.64424,52.36932],[8.64417,52.3693],[8.6441,52.3693],[8.64403,52.3693],[8.64396,52.3693],[8.64388,52.3693],[8.64381,52.3693],[8.64375,52.36931],[8.64369,52.36933],[8.64365,52.36934],[8.64365,52.36935],[8.6437,52.36933],[8.64376,52.36931],[8.64383,52.3693],[8.6439,52.3693],[8.64397,52.3693],[8.64405,52.3693],[8.64412,52.3693],[8.64419,52.36931],[8.64425,52.36932],[8.64431,52.36934],[8.64435,52.36937],[8.64439,52.36941],[8.64442,52.36943],[8.64384,52.36842],[8.64244,52.36638],[8.64241,52.36616],[8.64267,52.36573],[8.6427,52.36565],[8.6427,52.36556],[8.64271,52.36552],[8.64273,52.36548],[8.64275,52.36542],[8.64271,52.36568],[8.64286,52.36528],[8.64306,52.36515],[8.64311,52.36511],[8.64315,52.36508],[8.64319,52.36504],[8.64323,52.36501],[8.64328,52.36498],[8.64333,52.36494],[8.64339,52.36492],[8.64345,52.3649],[8.64351,52.36488],[8.64358,52.36488],[8.64365,52.36487],[8.64371,52.36486],[8.64374,52.36486],[8.64372,52.36486],[8.64366,52.36487],[8.64359,52.36487],[8.64352,52.36488],[8.64346,52.36489],[8.6434,52.36491],[8.64334,52.36494],[8.64329,52.36497],[8.64324,52.365],[8.6432,52.36504],[8.64316,52.36507],[8.64311,52.36511],[8.64308,52.36514],[8.64307,52.36515],[8.64308,52.36513],[8.64311,52.36511],[8.64316,52.36507],[8.6432,52.36504],[8.64324,52.365],[8.64329,52.36497],[8.64334,52.36494],[8.6434,52.36491],[8.64346,52.36489],[8.64353,52.36488],[8.6436,52.36487],[8.64366,52.36487],[8.64373,52.36486],[8.6438,52.36485],[8.64387,52.36484],[8.64393,52.36482],[8.64397,52.3648],[8.64399,52.36478],[8.64392,52.3648],[8.64382,52.36484],[8.6438,52.36485],[8.64377,52.36486],[8.64375,52.36486],[8.64372,52.36487],[8.64371,52.36487],[8.64373,52.36487],[8.64377,52.36486],[8.64381,52.36485],[8.64387,52.36484],[8.64399,52.3648],[8.64453,52.3645],[8.6452,52.3644],[8.64742,52.36373],[8.64774,52.36375],[8.64867,52.36423],[8.64917,52.36415],[8.64927,52.3636],[8.64989,52.36333],[8.64999,52.36295],[8.65011,52.36285],[8.6504,52.36274],[8.65201,52.36239],[8.65328,52.36163],[8.65337,52.36152],[8.65338,52.36121],[8.65315,52.36081],[8.65322,52.36057],[8.65439,52.36022],[8.6551,52.35985],[8.65541,52.35952],[8.6556,52.35912],[8.65594,52.35889],[8.65612,52.35883],[8.65677,52.3588],[8.65729,52.35852],[8.65803,52.35845],[8.65834,52.35806],[8.6588,52.35777],[8.65893,52.35744],[8.65894,52.35713],[8.65908,52.35689],[8.65916,52.35614],[8.65945,52.35559],[8.65945,52.35527],[8.65924,52.35492],[8.65957,52.35419],[8.66027,52.35402],[8.66083,52.3537],[8.66214,52.35334],[8.66234,52.35317],[8.66214,52.35291],[8.66215,52.35273],[8.66257,52.35285],[8.66308,52.35261],[8.6636,52.3525],[8.66414,52.35221],[8.66504,52.35159],[8.66531,52.35155],[8.66565,52.35158],[8.66575,52.35182],[8.66583,52.35164],[8.66576,52.35103],[8.66585,52.35083],[8.66673,52.35005],[8.6673,52.34973],[8.66752,52.34929],[8.66838,52.34833],[8.66857,52.34797],[8.66887,52.34773],[8.66907,52.34742],[8.66952,52.34708],[8.66966,52.34689],[8.6697,52.34649],[8.66996,52.34615],[8.67006,52.34577],[8.67059,52.34557],[8.67081,52.34531],[8.67138,52.34491],[8.67139,52.34447],[8.67118,52.34421],[8.67115,52.34339],[8.67092,52.34325],[8.67027,52.34322],[8.67015,52.34314],[8.67014,52.34097],[8.66992,52.34008]]}},{"type":"Feature","properties":{"name":"Kleine Aue","kind":"river","herkunft":"heute"},"geometry":{"type":"LineString","coordinates":[[8.66992,52.34008],[8.67006,52.34006],[8.67,52.3399]]}},{"type":"Feature","properties":{"name":"Waldbach","kind":"stream","herkunft":"heute"},"geometry":{"type":"LineString","coordinates":[[8.63847,52.4059],[8.6377,52.4059],[8.63035,52.40405],[8.62735,52.40345],[8.6264,52.40325],[8.6263,52.40325],[8.6237,52.4036],[8.6223,52.40425],[8.62215,52.40425],[8.62045,52.40405],[8.61985,52.40405]]}},{"type":"Feature","properties":{"name":"Eselsflöte","kind":"stream","herkunft":"heute"},"geometry":{"type":"LineString","coordinates":[[8.67115,52.4341],[8.67112,52.43438]]}},{"type":"Feature","properties":{"name":"Eselsflöte","kind":"stream","herkunft":"kreiskarte"},"geometry":{"type":"LineString","coordinates":[[8.67112,52.43438],[8.67189,52.4344],[8.67129,52.43525],[8.67035,52.43592],[8.67001,52.43605],[8.66967,52.43651],[8.66969,52.43663],[8.67023,52.43726],[8.67107,52.43804],[8.67038,52.43861],[8.67035,52.43956],[8.67009,52.43973],[8.66935,52.43943],[8.66844,52.43943],[8.66807,52.43949],[8.66708,52.43943],[8.66593,52.43947],[8.66539,52.43938],[8.66493,52.43947],[8.66448,52.43939],[8.66381,52.4396],[8.66319,52.43943],[8.66261,52.43949],[8.66208,52.43939],[8.6616,52.43943],[8.6604,52.43933],[8.6598,52.43902],[8.65932,52.43896],[8.65837,52.43861],[8.6583,52.43848],[8.65854,52.43826],[8.65704,52.43808],[8.65639,52.43755],[8.65517,52.4375],[8.65509,52.4374],[8.65519,52.43708],[8.65507,52.437],[8.65442,52.43698],[8.65394,52.43681],[8.65306,52.43679],[8.65262,52.43657],[8.65218,52.43645],[8.65199,52.43648],[8.65162,52.43679],[8.65136,52.43685],[8.6507,52.43684],[8.65018,52.43662],[8.64952,52.43649],[8.64796,52.43648],[8.64779,52.43642],[8.64761,52.43611],[8.64691,52.43595],[8.64619,52.43591],[8.64548,52.43564],[8.64491,52.43562],[8.64413,52.43546],[8.64397,52.43551],[8.64367,52.43575],[8.64348,52.43607],[8.64243,52.43599],[8.64214,52.43678],[8.64186,52.43703],[8.64146,52.43721],[8.64108,52.43713],[8.64073,52.43715],[8.64055,52.43728],[8.64045,52.43753]]}},{"type":"Feature","properties":{"name":"Braune Aue","kind":"stream","herkunft":"heute"},"geometry":{"type":"LineString","coordinates":[[8.64395,52.4288],[8.6435,52.42909]]}},{"type":"Feature","properties":{"name":"Braune Aue","kind":"stream","herkunft":"kreiskarte"},"geometry":{"type":"LineString","coordinates":[[8.6435,52.42909],[8.64305,52.42883],[8.64295,52.42863],[8.64263,52.42858],[8.64175,52.4292],[8.64176,52.42953],[8.64161,52.4298],[8.64106,52.43021],[8.64109,52.43068],[8.64088,52.43108],[8.6408,52.43152],[8.64057,52.43173],[8.64015,52.43187],[8.63865,52.43206],[8.63825,52.43205],[8.6361,52.43228]]}},{"type":"Feature","properties":{"name":"Braune Aue","kind":"stream","herkunft":"kreiskarte"},"geometry":{"type":"LineString","coordinates":[[8.65782,52.42054],[8.65766,52.42041],[8.65742,52.4204],[8.65563,52.42143],[8.65508,52.42161],[8.65423,52.42166],[8.65361,52.42184],[8.65314,52.42222],[8.65329,52.42263],[8.65349,52.42285],[8.65339,52.42305],[8.65317,52.42315],[8.65247,52.42322],[8.65072,52.42435],[8.64949,52.42441],[8.64856,52.4249],[8.64827,52.42515],[8.64766,52.42595],[8.64728,52.42616],[8.64679,52.42631],[8.64631,52.42656],[8.64627,52.42677],[8.6464,52.42705],[8.64588,52.42783],[8.64393,52.42906],[8.64367,52.4291],[8.64309,52.42898],[8.64284,52.42905],[8.64264,52.42922],[8.64266,52.42955],[8.64245,52.42986]]}},{"type":"Feature","properties":{"name":"Braune Aue","kind":"stream","herkunft":"heute"},"geometry":{"type":"LineString","coordinates":[[8.6845,52.42965],[8.68453,52.42952]]}},{"type":"Feature","properties":{"name":"Braune Aue","kind":"stream","herkunft":"kreiskarte"},"geometry":{"type":"LineString","coordinates":[[8.68453,52.42952],[8.68447,52.42952],[8.68413,52.42929],[8.68403,52.429],[8.68419,52.42754],[8.68397,52.42723],[8.68405,52.42626],[8.68384,52.42586],[8.68399,52.42574],[8.68453,52.42567],[8.68496,52.42534],[8.68503,52.42472],[8.68522,52.42453],[8.68453,52.42432],[8.68437,52.42418],[8.68432,52.42374],[8.68393,52.42317],[8.684,52.42228],[8.68393,52.42212],[8.68361,52.42196],[8.68319,52.42205],[8.68203,52.42184],[8.68193,52.42168],[8.68192,52.42119],[8.68174,52.42101],[8.68166,52.42067],[8.68119,52.42039],[8.68021,52.42009],[8.68005,52.41995],[8.67998,52.41969],[8.67978,52.41958],[8.67701,52.41958],[8.67677,52.41944],[8.67667,52.41906],[8.67618,52.41892],[8.67561,52.41895],[8.67528,52.41923],[8.67489,52.4194],[8.67472,52.41935],[8.67445,52.41901],[8.67428,52.41894],[8.67325,52.41892],[8.67213,52.4187],[8.6711,52.41869],[8.67072,52.41862],[8.67033,52.41869],[8.66759,52.41869],[8.6671,52.41859],[8.66643,52.41867],[8.66583,52.41889],[8.66512,52.41927],[8.66251,52.41928],[8.66204,52.41935],[8.66162,52.4196],[8.66124,52.42013],[8.66091,52.4203],[8.65929,52.42032],[8.65875,52.42041],[8.65756,52.42033],[8.65619,52.42104]]}},{"type":"Feature","properties":{"name":"Braune Aue","kind":"stream","herkunft":"heute"},"geometry":{"type":"LineString","coordinates":[[8.68595,52.44995],[8.68632,52.44958]]}},{"type":"Feature","properties":{"name":"Braune Aue","kind":"stream","herkunft":"kreiskarte"},"geometry":{"type":"LineString","coordinates":[[8.68632,52.44958],[8.68595,52.44944],[8.68651,52.4494],[8.68686,52.44909],[8.68694,52.44875],[8.68713,52.44852],[8.68717,52.44804],[8.68759,52.44776],[8.68774,52.44748],[8.68774,52.4473],[8.6876,52.44706],[8.68762,52.44662],[8.68894,52.44568],[8.68907,52.44535],[8.68957,52.44502],[8.68964,52.44432],[8.69039,52.44293],[8.6903,52.44274],[8.69032,52.44232],[8.6899,52.44218],[8.68935,52.44155],[8.6895,52.44118],[8.6895,52.44068],[8.68937,52.44045],[8.68942,52.44038],[8.68947,52.44036],[8.68953,52.44034],[8.68959,52.44032],[8.68971,52.44028],[8.68977,52.44026],[8.68984,52.44024],[8.6899,52.44022],[8.68996,52.44021],[8.69003,52.44021],[8.69007,52.44021],[8.69008,52.44021],[8.69007,52.44021],[8.69002,52.44021],[8.68995,52.44021],[8.68988,52.44023],[8.68976,52.44026],[8.68933,52.4404],[8.68899,52.44043],[8.68729,52.43955],[8.68655,52.43944],[8.68539,52.4394],[8.68492,52.43912],[8.68481,52.43896],[8.6848,52.43871],[8.68499,52.43855],[8.68485,52.43839],[8.68481,52.43794],[8.68463,52.43781],[8.68408,52.43765],[8.68386,52.43748],[8.68383,52.43594],[8.68412,52.43552],[8.68378,52.4352],[8.68377,52.43479],[8.68388,52.43456],[8.6835,52.43425],[8.68359,52.43407],[8.68356,52.43387],[8.68384,52.43321],[8.68389,52.43286],[8.68469,52.43244],[8.68476,52.432],[8.68502,52.43171],[8.68481,52.4315],[8.68366,52.43101],[8.68344,52.43085],[8.68369,52.43024],[8.68401,52.42991],[8.68403,52.42896]]}},{"type":"Feature","properties":{"name":"Braune Aue","kind":"stream","herkunft":"heute"},"geometry":{"type":"LineString","coordinates":[[8.68403,52.42896],[8.68466,52.42901],[8.6847,52.4288]]}},{"type":"Feature","properties":{"name":"Großer Dieckfluss","kind":"river","herkunft":"heute"},"geometry":{"type":"LineString","coordinates":[[8.5046,52.31195],[8.50481,52.31203]]}},{"type":"Feature","properties":{"name":"Großer Dieckfluss","kind":"river","herkunft":"kreiskarte"},"geometry":{"type":"LineString","coordinates":[[8.50481,52.31203],[8.5048,52.31204],[8.50483,52.31226],[8.50508,52.31239],[8.50529,52.3124],[8.50568,52.31231],[8.50664,52.31229],[8.50643,52.31276],[8.50652,52.31291],[8.50877,52.31383],[8.50931,52.31388],[8.50963,52.31381],[8.51014,52.31379],[8.51033,52.31368],[8.51028,52.31396],[8.51,52.31407],[8.50957,52.31405],[8.50892,52.31388],[8.51004,52.3142],[8.51026,52.31411],[8.51033,52.3139],[8.51034,52.31415],[8.51043,52.31426],[8.51062,52.3143],[8.51092,52.3143],[8.51099,52.31431],[8.51106,52.31432],[8.51112,52.31434],[8.51117,52.31436],[8.51121,52.31439],[8.51123,52.3144],[8.51119,52.31438],[8.51115,52.31435],[8.51109,52.31433],[8.51102,52.31431],[8.51096,52.3143],[8.51088,52.3143],[8.51081,52.3143],[8.51074,52.3143],[8.51066,52.3143],[8.51047,52.31434],[8.51004,52.31457],[8.50988,52.31485],[8.51012,52.31547],[8.51038,52.31585],[8.5104,52.31613],[8.5102,52.31635],[8.51017,52.31652],[8.51028,52.31662],[8.51076,52.31676],[8.51118,52.31715],[8.51076,52.31754],[8.51086,52.3179],[8.51034,52.31826],[8.51029,52.31857],[8.51058,52.31885],[8.51081,52.31929],[8.51119,52.31964],[8.51131,52.31993],[8.51182,52.32047],[8.51196,52.3208],[8.51158,52.3222],[8.51171,52.32297],[8.5117,52.32347],[8.51155,52.32375],[8.51104,52.3242],[8.51097,52.32436],[8.51138,52.32489],[8.51165,52.32509],[8.51133,52.32494],[8.51087,52.32485],[8.51057,52.32466],[8.51039,52.32468],[8.50969,52.32508],[8.50928,52.32525],[8.5074,52.32639],[8.50666,52.32724],[8.5064,52.3279],[8.50631,52.32896],[8.50673,52.33119],[8.50649,52.33181],[8.50678,52.33219],[8.50677,52.3339],[8.50692,52.33414],[8.50721,52.33434],[8.50778,52.33448],[8.50794,52.3346],[8.50771,52.33448],[8.50739,52.33454],[8.50686,52.33517],[8.50674,52.33618],[8.50666,52.33628],[8.50636,52.33637],[8.50624,52.33648],[8.50599,52.33727],[8.50577,52.33767],[8.50575,52.33793],[8.50574,52.33759],[8.50566,52.33748],[8.50548,52.33741],[8.50478,52.33735],[8.50242,52.33803],[8.50225,52.33817],[8.50174,52.33829],[8.50138,52.33883],[8.50132,52.33913],[8.50099,52.33936],[8.50053,52.33946],[8.49974,52.33933],[8.49936,52.33951],[8.49913,52.34004],[8.49848,52.34059],[8.49836,52.34102],[8.49781,52.34165],[8.49778,52.34194],[8.49793,52.34201],[8.49827,52.34204],[8.49833,52.34214],[8.49832,52.34322],[8.49845,52.34364],[8.49817,52.34393],[8.49818,52.34423],[8.49853,52.34455],[8.49883,52.34502],[8.49916,52.3458],[8.49951,52.3459],[8.49953,52.34648],[8.49979,52.34727],[8.50004,52.34762],[8.50094,52.34839],[8.50074,52.34918],[8.50096,52.34963],[8.50095,52.3499],[8.50069,52.35024],[8.50061,52.35058],[8.50026,52.35086],[8.49994,52.3509],[8.49953,52.35069],[8.49948,52.35082],[8.49922,52.35102],[8.49928,52.35156],[8.49908,52.35187],[8.49897,52.35239],[8.49875,52.35279],[8.49855,52.35379],[8.49832,52.354],[8.49801,52.3547],[8.49667,52.35604],[8.4965,52.35636],[8.49613,52.35654],[8.49572,52.3566],[8.4948,52.35689],[8.49423,52.35692],[8.49378,52.35704],[8.49233,52.3572],[8.49214,52.35732],[8.49199,52.35774],[8.48973,52.35888],[8.48774,52.35979],[8.48725,52.35995],[8.48675,52.36055],[8.48659,52.36063],[8.48632,52.36064],[8.48586,52.36043],[8.48535,52.36049],[8.48477,52.36024],[8.48418,52.36023],[8.4835,52.36014],[8.48212,52.36017],[8.48213,52.35959],[8.48204,52.35948],[8.48179,52.3594],[8.4807,52.35935],[8.47879,52.35939],[8.47778,52.35943],[8.47689,52.35955],[8.47616,52.35956],[8.47403,52.36006],[8.47309,52.36021],[8.47251,52.36024],[8.47087,52.36057],[8.47046,52.36073],[8.46946,52.36092],[8.46883,52.36121],[8.46822,52.3614],[8.46774,52.36147],[8.46603,52.36214],[8.46504,52.36265],[8.4642,52.36292],[8.4635,52.36338],[8.46344,52.36349],[8.46355,52.36373],[8.46354,52.3641],[8.46329,52.36433],[8.4633,52.36452],[8.46316,52.36465],[8.46267,52.36466],[8.46205,52.36427],[8.46049,52.36426],[8.45701,52.36495],[8.45652,52.36527],[8.45664,52.36559],[8.45659,52.36548],[8.45656,52.36544],[8.45653,52.3654],[8.45649,52.36537],[8.45632,52.36529],[8.45492,52.36527],[8.45352,52.36552],[8.45201,52.36593],[8.45111,52.36625],[8.45096,52.36727],[8.44908,52.36844],[8.44828,52.36869],[8.4472,52.36864],[8.4459,52.3687],[8.44449,52.36892],[8.44347,52.36918],[8.44317,52.36933],[8.44328,52.36965],[8.44302,52.3699],[8.44294,52.37011],[8.44285,52.36992],[8.44242,52.36983],[8.44211,52.36955],[8.44132,52.36976],[8.43755,52.37202],[8.43671,52.37263],[8.43629,52.37311],[8.43591,52.37342],[8.43574,52.37375],[8.43551,52.37396],[8.4347,52.37553]]}},{"type":"Feature","properties":{"name":"Großer Dieckfluss","kind":"river","herkunft":"heute"},"geometry":{"type":"LineString","coordinates":[[8.4347,52.37553],[8.43517,52.37557],[8.43507,52.37607]]}},{"type":"Feature","properties":{"name":"Großer Dieckfluss","kind":"river","herkunft":"kreiskarte"},"geometry":{"type":"LineString","coordinates":[[8.43507,52.37607],[8.43455,52.37603],[8.43455,52.37599],[8.43457,52.37595],[8.43459,52.37591],[8.4346,52.37587],[8.43462,52.37582],[8.43462,52.37578],[8.43463,52.37573],[8.43463,52.37569],[8.43465,52.37565],[8.43466,52.37561],[8.43468,52.37558],[8.43467,52.37559],[8.43466,52.37562],[8.43464,52.37566],[8.43463,52.3757],[8.43463,52.37575],[8.43462,52.37579],[8.43462,52.37584],[8.4346,52.37588],[8.43458,52.37592],[8.43445,52.37611],[8.43417,52.37677],[8.43417,52.37722],[8.43516,52.37783],[8.43533,52.37811],[8.43505,52.3784],[8.43491,52.37891],[8.4343,52.37939],[8.43434,52.3805],[8.43417,52.38091],[8.43363,52.38125],[8.43328,52.38184],[8.43331,52.3822],[8.43343,52.3823],[8.43373,52.38239],[8.4338,52.3825],[8.43375,52.38312],[8.43319,52.38336],[8.43312,52.38352],[8.43314,52.38424],[8.43328,52.3843],[8.43379,52.38432],[8.43347,52.3845],[8.43341,52.38461],[8.43383,52.38537],[8.43375,52.38625],[8.43347,52.38659],[8.43345,52.38704],[8.43322,52.38743],[8.43296,52.38748],[8.43233,52.38744],[8.43143,52.38763],[8.43061,52.38919],[8.43061,52.38924],[8.43062,52.38928],[8.43064,52.38932],[8.43066,52.38936],[8.43069,52.3894],[8.43073,52.38944],[8.43077,52.38947],[8.43083,52.38949],[8.43089,52.3895],[8.43095,52.3895],[8.43101,52.38948],[8.43107,52.38946],[8.43102,52.38948],[8.43096,52.38949],[8.4309,52.3895],[8.43084,52.38949],[8.43078,52.38947],[8.43074,52.38944],[8.43069,52.38941],[8.43066,52.38937],[8.43064,52.38933],[8.43062,52.38929],[8.43061,52.38925],[8.43061,52.3892],[8.43061,52.38902],[8.43062,52.38898],[8.43067,52.38885],[8.43068,52.38882],[8.43069,52.3888],[8.43055,52.38913],[8.43059,52.38925],[8.43062,52.38929],[8.43064,52.38933],[8.43066,52.38937],[8.43101,52.38983],[8.43135,52.39006],[8.43157,52.39037],[8.43256,52.39103],[8.43307,52.39126],[8.4337,52.39183],[8.4338,52.39244],[8.43394,52.39277],[8.43379,52.39327],[8.43393,52.39364],[8.43379,52.39406],[8.4339,52.39453],[8.43447,52.3952],[8.43517,52.39554],[8.43556,52.39698],[8.43553,52.39714],[8.43514,52.39726],[8.43514,52.39784],[8.43546,52.39807],[8.43623,52.39822],[8.43655,52.39868],[8.43661,52.39894],[8.4362,52.39951],[8.43621,52.39972],[8.43716,52.40034],[8.43751,52.40041],[8.43695,52.40077],[8.43684,52.4011],[8.43704,52.40136],[8.43705,52.40163],[8.43678,52.40192],[8.43676,52.40214],[8.43698,52.40235],[8.43729,52.4024],[8.43735,52.40276],[8.43702,52.40308],[8.43702,52.40319],[8.4374,52.40382],[8.43793,52.40412],[8.43833,52.40451],[8.43875,52.40475],[8.43899,52.40509],[8.43925,52.4053],[8.43926,52.4063],[8.43962,52.40651],[8.44009,52.40667],[8.4406,52.40708],[8.4406,52.40747],[8.44006,52.40792],[8.44033,52.40857],[8.44035,52.40883],[8.44054,52.40924],[8.44118,52.40989],[8.44132,52.41018],[8.4417,52.41044],[8.44189,52.41076],[8.44226,52.41097],[8.44276,52.4111],[8.44306,52.41146],[8.44342,52.41167],[8.4444,52.41187],[8.4449,52.41213],[8.44547,52.41228],[8.44591,52.4125],[8.44618,52.41255],[8.44673,52.41239],[8.44702,52.41238],[8.44872,52.41283],[8.44929,52.4131],[8.45004,52.41302],[8.45148,52.41309],[8.45253,52.41341],[8.45304,52.41396],[8.45334,52.41414],[8.45362,52.41415],[8.45413,52.41402],[8.45477,52.41377],[8.45558,52.41376],[8.4559,52.41384],[8.45632,52.41423],[8.45666,52.41438],[8.45743,52.41422],[8.45892,52.41416],[8.45912,52.41428],[8.45939,52.41462],[8.45912,52.41495],[8.45922,52.4151],[8.45976,52.41529],[8.46108,52.41614],[8.46149,52.4163],[8.46325,52.41737],[8.46372,52.41774],[8.46451,52.41811],[8.46477,52.41817],[8.46512,52.4182],[8.46585,52.41807],[8.46659,52.41807],[8.46715,52.41834],[8.46727,52.41848],[8.46703,52.41878],[8.46702,52.41895],[8.46775,52.41971],[8.46808,52.41994],[8.46907,52.42033],[8.4692,52.42061],[8.46977,52.42085],[8.47037,52.42095],[8.47093,52.42112],[8.47134,52.42117],[8.47177,52.42131],[8.47244,52.42141],[8.47352,52.42146],[8.47441,52.42147],[8.47544,52.42133],[8.4763,52.42138],[8.47676,52.42147],[8.47824,52.42148],[8.47875,52.42135],[8.47942,52.42104],[8.48024,52.42103],[8.48044,52.42106],[8.48057,52.42109],[8.48064,52.4211],[8.48077,52.42112],[8.48084,52.42113],[8.48092,52.42113],[8.48099,52.42113],[8.48106,52.42113],[8.48109,52.42113],[8.48034,52.42103]]}},{"type":"Feature","properties":{"name":"Großer Dieckfluss","kind":"river","herkunft":"heute"},"geometry":{"type":"LineString","coordinates":[[8.48034,52.42103],[8.48035,52.42127],[8.48124,52.42125]]}},{"type":"Feature","properties":{"name":"Großer Dieckfluss","kind":"river","herkunft":"kreiskarte"},"geometry":{"type":"LineString","coordinates":[[8.48124,52.42125],[8.48123,52.42113],[8.48161,52.42122],[8.48372,52.4212],[8.4846,52.42187],[8.48489,52.42221],[8.48493,52.42247],[8.48505,52.42256],[8.48698,52.42267],[8.48752,52.42276],[8.48786,52.42292],[8.48887,52.42317],[8.4893,52.42341],[8.48962,52.42369],[8.49017,52.42386],[8.49064,52.42394],[8.49119,52.42428],[8.49188,52.42436],[8.49295,52.425],[8.49343,52.42518],[8.49369,52.4252],[8.49417,52.42504],[8.49467,52.42518],[8.4956,52.42564],[8.49573,52.42592],[8.49633,52.42622],[8.49643,52.42682],[8.49703,52.42721],[8.49744,52.42725],[8.49813,52.42716],[8.49863,52.42719],[8.49908,52.4274],[8.49981,52.42753],[8.5004,52.42786],[8.50089,52.42791],[8.50131,52.42806],[8.50195,52.42809],[8.5032,52.42834],[8.50404,52.42862],[8.50465,52.42893],[8.50695,52.42949]]}},{"type":"Feature","properties":{"name":"Großer Dieckfluss","kind":"river","herkunft":"heute"},"geometry":{"type":"LineString","coordinates":[[8.50695,52.42949],[8.50663,52.42982],[8.51755,52.43375],[8.5208,52.43495],[8.52105,52.4351],[8.5213,52.4353],[8.5217,52.4358],[8.5236,52.4385],[8.52385,52.4387],[8.52473,52.43923]]}},{"type":"Feature","properties":{"name":"Großer Dieckfluss","kind":"river","herkunft":"kreiskarte"},"geometry":{"type":"LineString","coordinates":[[8.52473,52.43923],[8.52481,52.43917],[8.52605,52.43943],[8.52638,52.43959],[8.52647,52.43988],[8.52681,52.4402],[8.52676,52.44037],[8.52646,52.44061],[8.52654,52.44076],[8.52712,52.44089],[8.52767,52.44086],[8.5281,52.44114],[8.52814,52.44167],[8.528,52.44204],[8.52836,52.44258],[8.52806,52.44304],[8.52815,52.44347],[8.52836,52.44374],[8.52817,52.44423],[8.52822,52.44447],[8.52892,52.44511],[8.52899,52.44555],[8.5293,52.44592],[8.52935,52.44654],[8.53043,52.44799],[8.53065,52.44812],[8.53144,52.44817],[8.53196,52.44853],[8.53204,52.44865],[8.53203,52.44901],[8.53167,52.44931],[8.5317,52.44941],[8.53233,52.44979],[8.53268,52.44992],[8.533,52.45021],[8.53361,52.45049],[8.53519,52.4515],[8.53529,52.45165],[8.53532,52.45223],[8.53634,52.45297],[8.53651,52.45304],[8.53713,52.45312],[8.53798,52.45361],[8.53903,52.45392],[8.53979,52.45432],[8.54046,52.45444],[8.541,52.45462],[8.54178,52.45468],[8.54248,52.45495],[8.54325,52.45513],[8.54415,52.45567],[8.54457,52.45582],[8.54518,52.45589],[8.5458,52.45608],[8.54702,52.45624],[8.54797,52.45709],[8.54854,52.45739],[8.54895,52.45774],[8.54949,52.45793],[8.55125,52.45884],[8.55181,52.45899],[8.5536,52.45996],[8.55426,52.46018],[8.5547,52.46041],[8.55529,52.46052],[8.55616,52.46088],[8.55786,52.46191],[8.5586,52.46253],[8.55942,52.46264],[8.56005,52.46295],[8.56108,52.46318],[8.56164,52.46324],[8.56253,52.46345],[8.56309,52.4635],[8.56359,52.46364],[8.5643,52.46369],[8.56515,52.46418],[8.56521,52.46421],[8.56526,52.46424],[8.56532,52.46426],[8.56538,52.46429],[8.56543,52.46431],[8.56548,52.46435],[8.56553,52.46437],[8.56555,52.46438],[8.56553,52.46437],[8.56549,52.46435],[8.56543,52.46431],[8.56538,52.46429],[8.56532,52.46426],[8.56526,52.46424],[8.56521,52.46421],[8.56515,52.46419],[8.56509,52.46417],[8.56504,52.46415],[8.56502,52.46414],[8.56505,52.46415],[8.5651,52.46417],[8.56516,52.4642],[8.56522,52.46422],[8.5655,52.46434],[8.56605,52.46425],[8.56672,52.46436],[8.56746,52.46458],[8.56803,52.46462],[8.56813,52.46471],[8.56813,52.46511],[8.568,52.46518],[8.56794,52.46519],[8.56786,52.4652],[8.56779,52.4652],[8.56772,52.46521],[8.56766,52.46522],[8.56763,52.46522],[8.56938,52.46506],[8.56977,52.46524],[8.5699,52.46552],[8.57014,52.46568],[8.57079,52.46565],[8.57105,52.4657],[8.57133,52.4659],[8.57141,52.46606],[8.5714,52.46652],[8.57119,52.46678],[8.57128,52.46693],[8.57186,52.46727],[8.57254,52.46748],[8.57312,52.46796],[8.57372,52.46806],[8.57412,52.46859],[8.57455,52.46893],[8.57512,52.46908],[8.57555,52.46931],[8.57622,52.46954],[8.57666,52.47002],[8.5773,52.47049],[8.57742,52.47113],[8.57775,52.47146],[8.57838,52.47159],[8.57898,52.47207],[8.57933,52.47218],[8.58088,52.47309],[8.58094,52.47334],[8.58083,52.47361],[8.58136,52.47398],[8.5816,52.47437],[8.58152,52.47485],[8.58156,52.47561],[8.58221,52.47603],[8.58268,52.47622],[8.58439,52.47732],[8.58433,52.47747],[8.58428,52.47749],[8.58421,52.4775],[8.58413,52.4775],[8.58406,52.4775],[8.58399,52.4775],[8.58391,52.47751],[8.58385,52.47752],[8.58378,52.47753],[8.58372,52.47756],[8.58367,52.47759],[8.58362,52.47762],[8.58356,52.47765],[8.58351,52.47768],[8.58346,52.47771],[8.58341,52.47775],[8.58331,52.47781],[8.58334,52.4778],[8.58337,52.47777],[8.58342,52.47773],[8.58348,52.4777],[8.58353,52.47767],[8.58358,52.47764],[8.58363,52.47761],[8.58369,52.47757],[8.58374,52.47755],[8.5838,52.47753],[8.58387,52.47751],[8.58394,52.4775],[8.58401,52.4775],[8.58409,52.4775],[8.58416,52.4775],[8.58423,52.4775],[8.5843,52.47749],[8.58441,52.47746],[8.58444,52.47746],[8.58459,52.47797],[8.58541,52.47849],[8.58567,52.47887],[8.5862,52.47923],[8.58669,52.47927],[8.5873,52.47944],[8.58731,52.48003],[8.58789,52.48023],[8.58861,52.48068],[8.58871,52.48142],[8.58927,52.48168],[8.58933,52.48202],[8.58945,52.48217],[8.59017,52.48231],[8.59044,52.48259],[8.59206,52.48325],[8.59307,52.4833],[8.59346,52.48338]]}},{"type":"Feature","properties":{"name":"Großer Dieckfluss","kind":"river","herkunft":"heute"},"geometry":{"type":"LineString","coordinates":[[8.59346,52.48338],[8.59343,52.4834],[8.59565,52.48475],[8.61105,52.49155],[8.61284,52.49235]]}},{"type":"Feature","properties":{"name":"Großer Dieckfluss","kind":"river","herkunft":"kreiskarte"},"geometry":{"type":"LineString","coordinates":[[8.61284,52.49235],[8.61313,52.49211],[8.61316,52.4926],[8.61358,52.49269],[8.61371,52.49278]]}},{"type":"Feature","properties":{"name":"Großer Dieckfluss","kind":"river","herkunft":"heute"},"geometry":{"type":"LineString","coordinates":[[8.61371,52.49278],[8.61375,52.49275],[8.61535,52.49345],[8.6179,52.4947],[8.6276,52.49935],[8.62795,52.4995],[8.62855,52.49965],[8.62885,52.49975],[8.62945,52.49985],[8.63005,52.4999],[8.6434,52.5008],[8.64465,52.5009],[8.64615,52.50125],[8.6518,52.50255],[8.6523,52.5027],[8.65285,52.50295],[8.65325,52.50315],[8.654,52.5036],[8.65595,52.50545],[8.65625,52.50565],[8.6564,52.5057]]}},{"type":"Feature","properties":{"name":"Twiehauser Bach","kind":"stream","herkunft":"kreiskarte"},"geometry":{"type":"LineString","coordinates":[[8.51304,52.42874],[8.51255,52.42911],[8.51248,52.42963],[8.51182,52.4298],[8.51176,52.43005],[8.51152,52.43026],[8.51136,52.43054],[8.51084,52.4309],[8.51074,52.43128],[8.51058,52.43136],[8.51014,52.43141]]}},{"type":"Feature","properties":{"name":"Twiehauser Bach","kind":"stream","herkunft":"heute"},"geometry":{"type":"LineString","coordinates":[[8.5261,52.3884],[8.52535,52.38815],[8.52645,52.38855],[8.5265,52.38855]]}},{"type":"Feature","properties":{"name":"Twiehauser Bach","kind":"stream","herkunft":"kreiskarte"},"geometry":{"type":"LineString","coordinates":[[8.5265,52.38855],[8.52693,52.38841],[8.52687,52.38844],[8.52682,52.38847],[8.52677,52.3885],[8.52671,52.38853],[8.52666,52.38857],[8.5266,52.38859],[8.52654,52.38861],[8.52648,52.38862],[8.52641,52.38863],[8.52626,52.38863],[8.5262,52.38861],[8.52608,52.38857],[8.52548,52.38825],[8.52532,52.38815],[8.52506,52.38795],[8.52545,52.38823],[8.52617,52.38859],[8.52637,52.38863],[8.52644,52.38863],[8.5265,52.38862],[8.52657,52.3886],[8.52663,52.38858],[8.52668,52.38855],[8.52674,52.38852],[8.52679,52.38849],[8.52684,52.38845],[8.52688,52.38843],[8.5269,52.38841],[8.52688,52.38842],[8.52684,52.38845],[8.5268,52.38848],[8.52674,52.38852],[8.52669,52.38855],[8.52664,52.38858],[8.52653,52.38864],[8.52648,52.38868],[8.52642,52.38875],[8.52648,52.3894],[8.52668,52.38962],[8.52735,52.38985]]}},{"type":"Feature","properties":{"name":"Twiehauser Bach","kind":"stream","herkunft":"heute"},"geometry":{"type":"LineString","coordinates":[[8.52735,52.38985],[8.52702,52.38995],[8.5271,52.39005],[8.52725,52.3902],[8.5274,52.39035],[8.5276,52.39035],[8.52795,52.3904],[8.528,52.39045],[8.52795,52.3909],[8.5279,52.3911],[8.5278,52.3913],[8.52765,52.3918],[8.5277,52.39185],[8.5278,52.39195]]}},{"type":"Feature","properties":{"name":"Twiehauser Bach","kind":"stream","herkunft":"kreiskarte"},"geometry":{"type":"LineString","coordinates":[[8.5278,52.39195],[8.52703,52.39239],[8.52711,52.39258],[8.5276,52.39261],[8.52787,52.39257],[8.52844,52.39232],[8.52878,52.39233],[8.52888,52.39243],[8.52895,52.39291],[8.52952,52.39311],[8.52962,52.39367],[8.52942,52.39396],[8.52856,52.39385],[8.5278,52.39423],[8.52788,52.39467],[8.52759,52.39486],[8.52715,52.39497],[8.52701,52.39534],[8.52705,52.39564],[8.52716,52.3958],[8.52724,52.39587],[8.52729,52.3959],[8.52733,52.39594],[8.52737,52.39597],[8.52739,52.39599],[8.5274,52.396],[8.52713,52.39581],[8.52687,52.39579],[8.52657,52.39589],[8.52613,52.39619],[8.52612,52.39726],[8.52698,52.39768],[8.528,52.39771],[8.5283,52.39782],[8.52849,52.39821],[8.52822,52.39842],[8.5282,52.39854],[8.5292,52.39918],[8.52953,52.39923],[8.52992,52.39905],[8.53012,52.39903],[8.53052,52.3991],[8.53105,52.39941],[8.53181,52.40021],[8.53188,52.40104],[8.53158,52.40133]]}},{"type":"Feature","properties":{"name":"Twiehauser Bach","kind":"stream","herkunft":"heute"},"geometry":{"type":"LineString","coordinates":[[8.53158,52.40133],[8.53181,52.40129],[8.53204,52.40191]]}},{"type":"Feature","properties":{"name":"Twiehauser Bach","kind":"stream","herkunft":"kreiskarte"},"geometry":{"type":"LineString","coordinates":[[8.53204,52.40191],[8.53113,52.40203],[8.53119,52.40251],[8.53157,52.40313],[8.53219,52.40313],[8.53283,52.40276]]}},{"type":"Feature","properties":{"name":"Twiehauser Bach","kind":"stream","herkunft":"heute"},"geometry":{"type":"LineString","coordinates":[[8.53283,52.40276],[8.53239,52.40283],[8.53368,52.406]]}},{"type":"Feature","properties":{"name":"Twiehauser Bach","kind":"stream","herkunft":"kreiskarte"},"geometry":{"type":"LineString","coordinates":[[8.53368,52.406],[8.5326,52.40616],[8.53281,52.40637],[8.5332,52.40635],[8.53327,52.40636],[8.53334,52.40637],[8.53339,52.40639],[8.53342,52.4064],[8.53343,52.4064],[8.53303,52.40637],[8.53283,52.40651],[8.53291,52.40703],[8.53312,52.40734],[8.53305,52.40782],[8.5331,52.40811],[8.53283,52.40833],[8.53288,52.40858],[8.53275,52.40871],[8.5325,52.40871],[8.5321,52.40853],[8.53187,52.40859],[8.53149,52.40899],[8.53147,52.4094]]}},{"type":"Feature","properties":{"name":"Twiehauser Bach","kind":"stream","herkunft":"heute"},"geometry":{"type":"LineString","coordinates":[[8.53147,52.4094],[8.5325,52.40955],[8.5327,52.4109],[8.53285,52.41145],[8.53285,52.4116],[8.5328,52.4118],[8.53266,52.41211]]}},{"type":"Feature","properties":{"name":"Twiehauser Bach","kind":"stream","herkunft":"kreiskarte"},"geometry":{"type":"LineString","coordinates":[[8.53266,52.41211],[8.53184,52.41197],[8.53182,52.4127],[8.53106,52.41323],[8.53098,52.41365],[8.5308,52.41388],[8.53114,52.41444],[8.53053,52.41471],[8.53005,52.41461],[8.52971,52.41486],[8.52917,52.41494],[8.52882,52.41516],[8.52863,52.41556],[8.52777,52.41582],[8.52743,52.41582],[8.52697,52.41562],[8.52648,52.41566],[8.52587,52.41594],[8.525,52.41667],[8.52525,52.41695],[8.52523,52.41719],[8.52547,52.4174],[8.52549,52.41775],[8.52539,52.41789],[8.52457,52.4181],[8.5245,52.41818],[8.52474,52.41851],[8.52476,52.419],[8.52511,52.41922],[8.52483,52.41944],[8.52474,52.41996],[8.52474,52.42091],[8.52488,52.42161],[8.52453,52.42172],[8.52437,52.4219],[8.52437,52.42271],[8.52481,52.42305],[8.52484,52.42314],[8.52287,52.42328],[8.52244,52.42352],[8.52195,52.42368],[8.52169,52.42402],[8.52092,52.4242],[8.52057,52.42418],[8.52003,52.424],[8.51963,52.42402],[8.51872,52.42389],[8.51846,52.42394],[8.51822,52.42411],[8.51813,52.42449],[8.51729,52.42513],[8.51657,52.42523],[8.51675,52.42552],[8.51673,52.42564],[8.51654,52.42577],[8.51616,52.42587],[8.51574,52.42612],[8.51553,52.42647],[8.5151,52.42672],[8.51456,52.4268],[8.51442,52.42707],[8.51418,52.42722],[8.51375,52.42718],[8.51329,52.42727],[8.51307,52.42737],[8.51297,52.42753],[8.51296,52.42802],[8.51225,52.42874],[8.51216,52.42908],[8.51143,52.42953],[8.51094,52.42968],[8.50973,52.43094]]}},{"type":"Feature","properties":{"name":"Twiehauser Bach","kind":"stream","herkunft":"heute"},"geometry":{"type":"LineString","coordinates":[[8.5247,52.3875],[8.5253,52.3881],[8.52508,52.38788]]}},{"type":"Feature","properties":{"name":"Twiehauser Bach","kind":"stream","herkunft":"kreiskarte"},"geometry":{"type":"LineString","coordinates":[[8.52508,52.38788],[8.525,52.38791],[8.5243,52.38762],[8.52371,52.38714],[8.52323,52.38698],[8.52281,52.38674],[8.52246,52.38633],[8.52187,52.38596],[8.5219,52.38554],[8.52239,52.38512],[8.52274,52.38412],[8.52275,52.38385],[8.52304,52.38333],[8.52308,52.38288],[8.52353,52.38236],[8.52411,52.38212],[8.52455,52.3821],[8.52461,52.38209],[8.5248,52.38203],[8.52487,52.38202],[8.52494,52.38201],[8.52501,52.38201],[8.52509,52.38201],[8.52516,52.38201],[8.52523,52.38201],[8.52531,52.38201],[8.52535,52.38202],[8.52536,52.38202],[8.52534,52.38202],[8.5253,52.38201],[8.52522,52.38201],[8.52515,52.38201],[8.52507,52.38201],[8.525,52.38201],[8.52493,52.38201],[8.52486,52.38202],[8.52465,52.38205],[8.52458,52.38206],[8.52451,52.38206],[8.52443,52.38206],[8.52436,52.38206],[8.52429,52.38206],[8.52421,52.38206],[8.52414,52.38206],[8.52406,52.38206],[8.52401,52.38206],[8.52398,52.38206],[8.52402,52.38206],[8.52409,52.38206],[8.52416,52.38206],[8.52423,52.38206],[8.52431,52.38206],[8.52438,52.38206],[8.52446,52.38206],[8.52453,52.38206],[8.5246,52.38205],[8.52481,52.38203],[8.52488,52.38202],[8.52495,52.38201],[8.52502,52.38201],[8.5251,52.38201],[8.52517,52.38201],[8.52525,52.38202],[8.52568,52.38215],[8.52617,52.38211],[8.52634,52.38194],[8.52641,52.38132],[8.52663,52.38122],[8.52684,52.38119],[8.52704,52.38116],[8.52711,52.38115],[8.52718,52.38115],[8.52725,52.38113],[8.52745,52.38102],[8.52742,52.38109],[8.52718,52.38116],[8.5271,52.38116],[8.52703,52.38115],[8.52691,52.38112],[8.52644,52.3806]]}},{"type":"Feature","properties":{"name":"Twiehauser Bach","kind":"stream","herkunft":"heute"},"geometry":{"type":"LineString","coordinates":[[8.52644,52.3806],[8.52703,52.38053],[8.5268,52.3798],[8.52675,52.3791],[8.52587,52.37809]]}},{"type":"Feature","properties":{"name":"Twiehauser Bach","kind":"stream","herkunft":"kreiskarte"},"geometry":{"type":"LineString","coordinates":[[8.52587,52.37809],[8.5262,52.37798],[8.52598,52.37768],[8.52581,52.37763],[8.525,52.37775],[8.52422,52.37765],[8.52354,52.378],[8.52335,52.37798],[8.52307,52.37784]]}},{"type":"Feature","properties":{"name":"Twiehauser Bach","kind":"stream","herkunft":"heute"},"geometry":{"type":"LineString","coordinates":[[8.52307,52.37784],[8.52294,52.37773],[8.5229,52.37775],[8.5223,52.37785],[8.5222,52.37785],[8.52145,52.37775],[8.52135,52.3777],[8.52065,52.3771],[8.5199,52.37635],[8.51945,52.37575],[8.51965,52.376]]}},{"type":"Feature","properties":{"name":"Twiehauser Bach","kind":"stream","herkunft":"heute"},"geometry":{"type":"LineString","coordinates":[[8.52475,52.3819],[8.5247,52.3819]]}},{"type":"Feature","properties":{"name":"Twiehauser Bach","kind":"stream","herkunft":"kreiskarte"},"geometry":{"type":"LineString","coordinates":[[8.5247,52.3819],[8.52389,52.38206],[8.5252,52.38201],[8.52563,52.38214],[8.52592,52.38215],[8.5263,52.38205]]}},{"type":"Feature","properties":{"name":"Twiehauser Bach","kind":"stream","herkunft":"heute"},"geometry":{"type":"LineString","coordinates":[[8.5263,52.38205],[8.52592,52.38155],[8.5261,52.3815]]}},{"type":"Feature","properties":{"name":"Twiehauser Bach","kind":"stream","herkunft":"kreiskarte"},"geometry":{"type":"LineString","coordinates":[[8.52307,52.37784],[8.52335,52.37798],[8.52354,52.378],[8.52422,52.37765],[8.525,52.37775],[8.52581,52.37763],[8.52598,52.37768],[8.5262,52.37798]]}},{"type":"Feature","properties":{"name":"Twiehauser Bach","kind":"stream","herkunft":"heute"},"geometry":{"type":"LineString","coordinates":[[8.5262,52.37798],[8.5259,52.3781],[8.5261,52.3783]]}},{"type":"Feature","properties":{"name":"Twiehauser Bach","kind":"stream","herkunft":"heute"},"geometry":{"type":"LineString","coordinates":[[8.52235,52.35755],[8.52213,52.35772]]}},{"type":"Feature","properties":{"name":"Twiehauser Bach","kind":"stream","herkunft":"kreiskarte"},"geometry":{"type":"LineString","coordinates":[[8.52213,52.35772],[8.5223,52.3578],[8.52224,52.3575],[8.52195,52.35748],[8.52126,52.35779],[8.52047,52.35832],[8.52006,52.35848],[8.51976,52.35881],[8.51989,52.35923],[8.51954,52.35959],[8.51952,52.35976],[8.51906,52.35981],[8.51856,52.36017],[8.51803,52.36017],[8.5179,52.36026],[8.51793,52.36046],[8.51858,52.36086],[8.51855,52.36139],[8.51828,52.36151],[8.51689,52.36167],[8.51668,52.36187],[8.51715,52.36282],[8.51706,52.36416],[8.51736,52.36458],[8.51729,52.36467],[8.51672,52.36471],[8.51647,52.36485],[8.51636,52.36546],[8.51643,52.36594],[8.51667,52.36655],[8.51749,52.36716],[8.51758,52.3675],[8.51754,52.36802],[8.5181,52.36851],[8.51872,52.36856],[8.51897,52.369],[8.51893,52.36921],[8.51866,52.36951],[8.51843,52.36959],[8.51793,52.36963],[8.5178,52.36971],[8.51784,52.37023],[8.51797,52.37037],[8.5174,52.37038],[8.51771,52.37042],[8.51775,52.37072],[8.51737,52.3714],[8.51734,52.37176],[8.51707,52.37201],[8.51705,52.37237],[8.51714,52.37262]]}},{"type":"Feature","properties":{"name":"Twiehauser Bach","kind":"stream","herkunft":"heute"},"geometry":{"type":"LineString","coordinates":[[8.51714,52.37262],[8.51771,52.37258],[8.51785,52.3734],[8.5179,52.37355],[8.51855,52.37455],[8.51945,52.37575],[8.519,52.3752]]}},{"type":"Feature","properties":{"name":"Großer Dieckfluss","kind":"river","herkunft":"kreiskarte"},"geometry":{"type":"LineString","coordinates":[[8.43616,52.39964],[8.43584,52.39988],[8.43583,52.40021],[8.43656,52.40076],[8.43665,52.40105],[8.43702,52.40132],[8.43715,52.40179],[8.43753,52.40201],[8.43811,52.40211],[8.43817,52.40233],[8.43811,52.40258],[8.43839,52.40296],[8.4384,52.40318]]}},{"type":"Feature","properties":{"name":"Großer Dieckfluss","kind":"river","herkunft":"heute"},"geometry":{"type":"LineString","coordinates":[[8.50785,52.32645],[8.50815,52.3262],[8.50885,52.3258],[8.50945,52.32525],[8.5096,52.32515],[8.51185,52.32235],[8.51185,52.32225],[8.5119,52.32165]]}},{"type":"Feature","properties":{"name":"Großer Dieckfluss","kind":"river","herkunft":"heute"},"geometry":{"type":"LineString","coordinates":[[8.43688,52.37319],[8.4351,52.376],[8.4352,52.3754],[8.43525,52.37525],[8.4368,52.37325],[8.43688,52.37319]]}},{"type":"Feature","properties":{"name":"Kleiner Diekfluss","kind":"stream","herkunft":"kreiskarte"},"geometry":{"type":"LineString","coordinates":[[8.60377,52.48257],[8.6037,52.48291],[8.60397,52.48338],[8.60472,52.484],[8.60529,52.48435],[8.60596,52.48446],[8.60675,52.48493],[8.60754,52.48582],[8.60797,52.48592],[8.60862,52.48643],[8.60893,52.48685],[8.60945,52.48714],[8.60917,52.48744],[8.60921,52.48761],[8.60979,52.48805],[8.60987,52.48875],[8.61003,52.48883],[8.61043,52.48881],[8.61065,52.48889],[8.61072,52.48964],[8.61111,52.48995],[8.61113,52.49035],[8.61132,52.49085],[8.61169,52.49099],[8.61187,52.49135]]}},{"type":"Feature","properties":{"name":"Kleiner Diekfluss","kind":"stream","herkunft":"heute"},"geometry":{"type":"LineString","coordinates":[[8.61187,52.49135],[8.61102,52.49141],[8.61105,52.49155]]}},{"type":"Feature","properties":{"name":"Kleiner Diekfluss","kind":"stream","herkunft":"heute"},"geometry":{"type":"LineString","coordinates":[[8.56865,52.45735],[8.56926,52.45734]]}},{"type":"Feature","properties":{"name":"Kleiner Diekfluss","kind":"stream","herkunft":"kreiskarte"},"geometry":{"type":"LineString","coordinates":[[8.56926,52.45734],[8.56925,52.457],[8.56972,52.45734],[8.56996,52.4574],[8.5721,52.45671],[8.57242,52.45673],[8.57285,52.45697],[8.5734,52.45714],[8.5743,52.45767],[8.57493,52.45784],[8.57545,52.45834],[8.57647,52.45896],[8.57695,52.45913],[8.57759,52.45949],[8.57907,52.46005],[8.58075,52.46115],[8.58122,52.46133],[8.58157,52.46137],[8.58195,52.46154],[8.58212,52.4615],[8.58228,52.46135],[8.58218,52.4616],[8.58246,52.46179],[8.58298,52.462],[8.58333,52.46204],[8.58369,52.46217],[8.58437,52.46225],[8.58445,52.46245],[8.5842,52.46295],[8.58436,52.46332],[8.58487,52.46359],[8.58503,52.46441],[8.58489,52.4646],[8.58457,52.46478],[8.58408,52.46495],[8.58386,52.46512],[8.58429,52.46581],[8.58474,52.46611],[8.58587,52.46662],[8.58754,52.46755],[8.58848,52.46812],[8.58932,52.46886],[8.58979,52.46915],[8.59009,52.46918],[8.59052,52.46885],[8.59084,52.46885],[8.59292,52.47006],[8.59377,52.4707],[8.59397,52.47119],[8.5939,52.47149],[8.59412,52.4718],[8.59396,52.47276],[8.59417,52.47302],[8.59426,52.47359],[8.59439,52.47373],[8.59505,52.47412],[8.59472,52.47445],[8.59405,52.47455],[8.59394,52.4747],[8.594,52.47541],[8.59504,52.47619],[8.59489,52.47655],[8.59478,52.47666],[8.59457,52.47676],[8.59453,52.47678],[8.59452,52.4768],[8.59467,52.47708],[8.59465,52.4769],[8.5946,52.47683],[8.59455,52.47679],[8.5945,52.47676],[8.59445,52.47673],[8.59439,52.47671],[8.59433,52.47669],[8.59427,52.47667],[8.5942,52.47666],[8.59413,52.47665],[8.59407,52.47664],[8.59403,52.47664],[8.59402,52.47664],[8.59404,52.47664],[8.59408,52.47665],[8.59415,52.47666],[8.59422,52.47666],[8.59428,52.47668],[8.59434,52.4767],[8.5944,52.47672],[8.59446,52.47674],[8.59452,52.47677],[8.59457,52.4768],[8.59462,52.47683],[8.59468,52.47686],[8.5948,52.4769],[8.59575,52.47714],[8.59671,52.47758],[8.59779,52.47785],[8.59859,52.47835],[8.59933,52.47867],[8.59998,52.47917],[8.60116,52.47919],[8.60182,52.47958],[8.60257,52.47978],[8.60273,52.47992],[8.60273,52.48009],[8.60225,52.48047],[8.60242,52.48096],[8.60252,52.48111],[8.60282,52.48131],[8.60311,52.48173],[8.60361,52.48215],[8.60376,52.48274],[8.60403,52.48294],[8.60444,52.483],[8.60478,52.48315],[8.60536,52.48327]]}},{"type":"Feature","properties":{"name":"Kleiner Diekfluss","kind":"stream","herkunft":"heute"},"geometry":{"type":"LineString","coordinates":[[8.5378,52.4288],[8.53773,52.42889]]}},{"type":"Feature","properties":{"name":"Kleiner Diekfluss","kind":"stream","herkunft":"kreiskarte"},"geometry":{"type":"LineString","coordinates":[[8.53773,52.42889],[8.53736,52.42877],[8.5372,52.42927],[8.53716,52.42994],[8.53666,52.43012],[8.53661,52.43043],[8.53496,52.43154],[8.53489,52.43171],[8.53493,52.43236],[8.53417,52.43289],[8.53411,52.43337],[8.53363,52.43415],[8.53293,52.43451],[8.53263,52.43488],[8.53206,52.43525],[8.53177,52.43621],[8.53221,52.43655],[8.53226,52.43667],[8.53219,52.43679],[8.53161,52.43718],[8.53189,52.43766],[8.53135,52.43779],[8.53116,52.43805],[8.53125,52.43875],[8.53175,52.43916],[8.5318,52.43946],[8.53139,52.43981],[8.53123,52.44014],[8.53096,52.44038],[8.5312,52.44084],[8.53119,52.44119],[8.53102,52.44156],[8.53079,52.44173],[8.53044,52.44186],[8.5311,52.44253],[8.53111,52.4433],[8.53121,52.44372],[8.53179,52.44412],[8.53192,52.44435],[8.53248,52.44438],[8.53268,52.44447],[8.53274,52.44504],[8.53288,52.44541],[8.5328,52.44571],[8.53285,52.44601],[8.53334,52.44639],[8.5343,52.44746],[8.53442,52.44828],[8.53412,52.44911],[8.53422,52.44927],[8.53487,52.44973],[8.53465,52.44998],[8.5347,52.4501],[8.53536,52.45042],[8.53687,52.45042],[8.53816,52.45113],[8.53906,52.45119],[8.53996,52.45174],[8.54048,52.45184],[8.54197,52.45196],[8.54302,52.45217],[8.54386,52.45219],[8.54404,52.45232],[8.54408,52.45262],[8.54439,52.45299],[8.54498,52.45322],[8.54807,52.455],[8.54852,52.4551],[8.55002,52.45519],[8.55095,52.45515],[8.55136,52.45521],[8.55153,52.45527],[8.5517,52.4555],[8.55201,52.45569],[8.55243,52.45574],[8.55289,52.45565],[8.55332,52.45567],[8.554,52.45597],[8.55417,52.45633],[8.55535,52.45644],[8.55611,52.45685],[8.55806,52.45713],[8.55824,52.45708],[8.55855,52.45683],[8.55904,52.45696],[8.56045,52.45697],[8.56068,52.45706],[8.5609,52.45736],[8.56132,52.45762],[8.56157,52.45768],[8.5634,52.45764],[8.56766,52.45782],[8.56919,52.45777],[8.56949,52.45766]]}},{"type":"Feature","properties":{"name":"Kleiner Diekfluss","kind":"stream","herkunft":"heute"},"geometry":{"type":"LineString","coordinates":[[8.56949,52.45766],[8.56946,52.45732],[8.57,52.4573]]}},{"type":"Feature","properties":{"name":"Kleiner Diekfluss","kind":"stream","herkunft":"heute"},"geometry":{"type":"LineString","coordinates":[[8.55265,52.4556],[8.55269,52.45561]]}},{"type":"Feature","properties":{"name":"Kleiner Diekfluss","kind":"stream","herkunft":"kreiskarte"},"geometry":{"type":"LineString","coordinates":[[8.55269,52.45561],[8.55297,52.45524],[8.55307,52.45553],[8.55382,52.45585],[8.5541,52.4561],[8.55441,52.45584],[8.5552,52.45596],[8.55621,52.45592]]}},{"type":"Feature","properties":{"name":"Kleiner Diekfluss","kind":"stream","herkunft":"heute"},"geometry":{"type":"LineString","coordinates":[[8.55621,52.45592],[8.55596,52.45638],[8.5563,52.45645]]}},{"type":"Feature","properties":{"name":"Kleiner Diekfluss","kind":"stream","herkunft":"kreiskarte"},"geometry":{"type":"LineString","coordinates":[[8.53832,52.41108],[8.5382,52.41079],[8.53792,52.41068],[8.53757,52.4107],[8.53698,52.41092],[8.53603,52.41093],[8.5356,52.41051],[8.53534,52.41045],[8.53483,52.41045],[8.53432,52.41069],[8.5338,52.41074],[8.53384,52.41241],[8.53374,52.41256],[8.53334,52.41277],[8.53332,52.41353],[8.53346,52.41372],[8.5339,52.41379],[8.53363,52.41399],[8.53354,52.41469],[8.53364,52.41516],[8.53404,52.41544],[8.53406,52.41584],[8.53358,52.41635],[8.53353,52.41665],[8.53361,52.41681],[8.53414,52.41729],[8.5336,52.41744],[8.53326,52.4178],[8.53325,52.41797],[8.53354,52.41821],[8.5336,52.41837],[8.53264,52.41926],[8.53266,52.41939],[8.53293,52.41959],[8.53297,52.4197],[8.53263,52.42002],[8.53202,52.42019],[8.53251,52.42015],[8.53324,52.42059],[8.53337,52.4216],[8.53356,52.42177],[8.53428,52.42191],[8.53524,52.42171],[8.53579,52.42187],[8.53596,52.42232],[8.53665,52.42238],[8.53681,52.42245],[8.53694,52.42305],[8.53823,52.42312],[8.53878,52.42363],[8.53941,52.42379],[8.54037,52.42449],[8.5413,52.42458],[8.54093,52.42459],[8.54081,52.42467],[8.54079,52.42516],[8.54065,52.4254],[8.5406,52.42579],[8.54042,52.42606],[8.54036,52.42668],[8.5398,52.42708],[8.53963,52.42735],[8.53883,52.4277],[8.53811,52.42815],[8.53775,52.4286],[8.5373,52.42894],[8.53716,52.42994],[8.53663,52.43011]]}},{"type":"Feature","properties":{"name":"Wickriede","kind":"river","herkunft":"heute"},"geometry":{"type":"LineString","coordinates":[[8.6906,52.5188],[8.6905,52.51865],[8.68965,52.51805],[8.68955,52.51795],[8.6884,52.5164],[8.68825,52.5161],[8.6882,52.51585],[8.6882,52.51555],[8.6887,52.5111],[8.68865,52.51055],[8.68863,52.51046]]}},{"type":"Feature","properties":{"name":"Wickriede","kind":"river","herkunft":"kreiskarte"},"geometry":{"type":"LineString","coordinates":[[8.68863,52.51046],[8.68855,52.51047],[8.68837,52.51011],[8.68798,52.50984],[8.68789,52.50968],[8.68801,52.50949],[8.68855,52.50941],[8.68873,52.50929],[8.68878,52.50885],[8.68868,52.50842],[8.68848,52.50821],[8.68789,52.5081],[8.68765,52.50785],[8.68746,52.50749],[8.68752,52.5071],[8.68717,52.50674],[8.68719,52.50643],[8.68739,52.50616],[8.68741,52.50581],[8.68768,52.50555],[8.6877,52.50529],[8.68693,52.50454],[8.68689,52.50418],[8.68695,52.50406],[8.68731,52.50389],[8.6872,52.50366],[8.6872,52.50335],[8.68749,52.50283],[8.6867,52.50276],[8.68622,52.50249],[8.68613,52.50239],[8.68632,52.50189],[8.68555,52.50151],[8.68542,52.50091],[8.68482,52.50072],[8.68321,52.49982],[8.68293,52.49926],[8.68289,52.49887],[8.68267,52.49865],[8.68259,52.49841],[8.68312,52.49806],[8.68331,52.49805],[8.68365,52.49817],[8.684,52.49799],[8.68403,52.49746],[8.68352,52.4971],[8.68349,52.49694],[8.68431,52.49619],[8.68483,52.49582],[8.68487,52.49566],[8.68471,52.49549],[8.68499,52.49568],[8.68531,52.49568],[8.68564,52.49536],[8.68684,52.49453],[8.68686,52.49428],[8.68641,52.49385],[8.6865,52.4937],[8.68678,52.49356],[8.68738,52.49346],[8.68776,52.49346],[8.68774,52.49321],[8.68789,52.4931],[8.68855,52.49309],[8.68862,52.4931],[8.68869,52.49311],[8.68875,52.49313],[8.6888,52.49315],[8.68886,52.49319],[8.6889,52.49322],[8.68907,52.49336],[8.68911,52.49339],[8.68915,52.49341],[8.6889,52.49321],[8.68884,52.49318],[8.68879,52.49315],[8.68873,52.49312],[8.68867,52.49311],[8.68861,52.4931],[8.68854,52.49309],[8.6884,52.4931],[8.68844,52.4931],[8.68851,52.49309],[8.68858,52.49309],[8.68873,52.49309],[8.68879,52.49308],[8.68891,52.493],[8.68891,52.49273],[8.68871,52.49247],[8.68871,52.49211],[8.68906,52.49179],[8.68926,52.49102],[8.68961,52.4907],[8.68956,52.49054],[8.68924,52.49023],[8.68976,52.48988],[8.69024,52.48936],[8.69081,52.48901],[8.69095,52.4886],[8.69172,52.48854],[8.69228,52.48839],[8.6933,52.48771],[8.69456,52.48737],[8.69482,52.48736],[8.69512,52.48756],[8.69554,52.48755]]}},{"type":"Feature","properties":{"name":"Wickriede","kind":"river","herkunft":"heute"},"geometry":{"type":"LineString","coordinates":[[8.69554,52.48755],[8.69568,52.48775],[8.6979,52.4872],[8.6982,52.48705],[8.6984,52.4869],[8.69875,52.48665],[8.7024,52.4832],[8.70415,52.4815],[8.7053,52.48055],[8.70835,52.47805],[8.70905,52.47745],[8.70925,52.47725],[8.7093,52.4771],[8.7094,52.4768],[8.7094,52.4766],[8.70935,52.47635],[8.7087,52.4747],[8.70865,52.47455],[8.70865,52.4742],[8.7087,52.47385],[8.7087,52.47365],[8.70885,52.47335],[8.7098,52.47175],[8.70985,52.4716],[8.71065,52.4681],[8.7113,52.4657],[8.7113,52.46555],[8.7112,52.46465],[8.7108,52.4611],[8.71065,52.46055],[8.71055,52.46035],[8.71025,52.46015],[8.70718,52.45836]]}},{"type":"Feature","properties":{"name":"Wickriede","kind":"river","herkunft":"kreiskarte"},"geometry":{"type":"LineString","coordinates":[[8.70718,52.45836],[8.70681,52.4586],[8.70624,52.45834],[8.70551,52.45785],[8.70509,52.45746],[8.70463,52.45726],[8.70433,52.45702],[8.70436,52.45647],[8.70427,52.45623],[8.70398,52.456],[8.70394,52.4557],[8.70405,52.45555],[8.70453,52.45549],[8.70472,52.45537],[8.70468,52.45477],[8.70435,52.45431],[8.70424,52.45352],[8.70404,52.4533],[8.70409,52.45272],[8.70359,52.4527],[8.70344,52.45259],[8.70353,52.45171],[8.70389,52.45135],[8.7039,52.45062],[8.70405,52.45019],[8.70391,52.45003],[8.70392,52.44977],[8.70408,52.44964],[8.70452,52.44953],[8.70474,52.44936],[8.70423,52.44846],[8.70421,52.44806],[8.70407,52.44777],[8.70408,52.44642],[8.70393,52.44595],[8.70394,52.44537],[8.70358,52.44415],[8.70367,52.44295],[8.70482,52.44015],[8.70504,52.43994],[8.70524,52.43944],[8.70522,52.439],[8.70485,52.43869],[8.70481,52.43852],[8.70504,52.43826],[8.70524,52.43781],[8.70552,52.43761],[8.70578,52.43754],[8.7066,52.43764],[8.70695,52.43759],[8.70767,52.43708],[8.70787,52.43682],[8.70877,52.43627],[8.71034,52.43563],[8.7116,52.43497],[8.71169,52.435],[8.71274,52.43431],[8.7131,52.43418],[8.71399,52.43364]]}},{"type":"Feature","properties":{"name":"Wickriede","kind":"river","herkunft":"heute"},"geometry":{"type":"LineString","coordinates":[[8.71399,52.43364],[8.71435,52.43383],[8.71635,52.4324],[8.7174,52.43175],[8.71755,52.4316],[8.7176,52.4315],[8.7183,52.42925],[8.7184,52.42895],[8.71835,52.4288],[8.71705,52.4262],[8.71705,52.4258],[8.71745,52.4235],[8.7176,52.4232],[8.7182,52.42215],[8.7209,52.41995],[8.72105,52.41975],[8.7217,52.4172],[8.7222,52.41535],[8.7225,52.4141],[8.7225,52.41395],[8.72245,52.41375],[8.72235,52.4136],[8.7202,52.4113],[8.71905,52.41035],[8.71845,52.40985],[8.7183,52.40975],[8.7182,52.4096],[8.7182,52.4094],[8.7182,52.4091],[8.71905,52.40765],[8.71945,52.40715],[8.72396,52.40268],[8.72505,52.40155],[8.72525,52.4014],[8.72525,52.40125],[8.7252,52.40115],[8.725,52.40095],[8.72225,52.399],[8.71875,52.39635],[8.71785,52.39505],[8.71715,52.3939],[8.71615,52.39275],[8.71595,52.39255],[8.71575,52.3922],[8.7157,52.3919],[8.71575,52.3917],[8.71595,52.3915],[8.71615,52.3914]]}},{"type":"Feature","properties":{"name":"Wickriede","kind":"river","herkunft":"kreiskarte"},"geometry":{"type":"LineString","coordinates":[[8.71615,52.3914],[8.71592,52.39118],[8.71633,52.39117],[8.71679,52.39136],[8.71736,52.39111],[8.71814,52.39114],[8.71855,52.39109],[8.71862,52.39108],[8.71869,52.39107],[8.71876,52.39106],[8.71889,52.39104],[8.71893,52.39103],[8.71895,52.39103],[8.71894,52.39103],[8.7189,52.39104],[8.71883,52.39105],[8.71877,52.39106],[8.71856,52.39109],[8.71849,52.39109],[8.71777,52.39107],[8.71747,52.39092],[8.71748,52.39062],[8.71959,52.38961],[8.72164,52.38804],[8.72274,52.38739],[8.72275,52.38719],[8.7224,52.38699],[8.72196,52.38656],[8.72189,52.38644],[8.72187,52.38639],[8.72196,52.38655],[8.72237,52.38681],[8.72301,52.38696],[8.72359,52.38695],[8.72402,52.38681],[8.72413,52.38666],[8.72383,52.38597],[8.72383,52.38565],[8.72405,52.38507],[8.72384,52.38422],[8.72325,52.38343],[8.72291,52.38328],[8.72284,52.38327],[8.72276,52.38327],[8.72269,52.38327],[8.72261,52.38327],[8.72254,52.38327],[8.72246,52.38327],[8.72239,52.38327],[8.72224,52.38326],[8.72228,52.38326],[8.72234,52.38327],[8.72241,52.38327],[8.72248,52.38327],[8.72256,52.38327],[8.72263,52.38327],[8.72271,52.38327],[8.72278,52.38327],[8.72286,52.38327],[8.72292,52.38326],[8.72311,52.38315],[8.72306,52.38241],[8.72334,52.38194],[8.72332,52.38107],[8.72343,52.38092],[8.72398,52.38056],[8.72408,52.3804],[8.72402,52.38006],[8.72363,52.37935],[8.72347,52.37808],[8.72362,52.37771],[8.72369,52.37669],[8.72408,52.37598],[8.72434,52.37572],[8.72415,52.37546],[8.72411,52.37488],[8.72352,52.3735],[8.72336,52.37282],[8.72335,52.37187],[8.72297,52.37097],[8.72304,52.37072],[8.72254,52.37031],[8.72246,52.36961],[8.72212,52.3692],[8.72161,52.36891],[8.72133,52.3689],[8.72115,52.36895],[8.721,52.3692],[8.72097,52.36903],[8.72123,52.36878],[8.72119,52.36861],[8.721,52.36835],[8.72035,52.36794],[8.71951,52.36775],[8.71916,52.36774],[8.71881,52.36786],[8.71877,52.36812],[8.71877,52.3681],[8.71877,52.36807],[8.71877,52.36802],[8.71877,52.36798],[8.71877,52.36793],[8.71877,52.36789],[8.71882,52.36768],[8.71856,52.3676],[8.71806,52.36763],[8.7174,52.36801],[8.71648,52.36792],[8.71581,52.36781],[8.71507,52.36758],[8.71404,52.36745],[8.71326,52.36728],[8.71238,52.36704],[8.71162,52.36674],[8.71065,52.36653],[8.7098,52.36647],[8.70801,52.36648],[8.70746,52.3664],[8.70651,52.36616],[8.70559,52.36553],[8.70463,52.36509],[8.70331,52.36473],[8.70193,52.36446],[8.69966,52.3643],[8.69927,52.36422],[8.69877,52.36399],[8.69822,52.36328]]}},{"type":"Feature","properties":{"name":"Wickriede","kind":"river","herkunft":"heute"},"geometry":{"type":"LineString","coordinates":[[8.69822,52.36328],[8.69783,52.36361],[8.69745,52.36345],[8.69235,52.3628],[8.6849,52.36235],[8.68435,52.36095],[8.68345,52.36105],[8.6828,52.3612],[8.6811,52.3593],[8.6805,52.3593],[8.678,52.359],[8.67795,52.359],[8.67725,52.35925],[8.67705,52.35935],[8.67555,52.35985],[8.6744,52.36245],[8.6749,52.3638],[8.67475,52.36465],[8.67465,52.365],[8.6741,52.36615],[8.67405,52.367]]}},{"type":"Feature","properties":{"name":"Moorbach","kind":"stream","herkunft":"kreiskarte"},"geometry":{"type":"LineString","coordinates":[[8.70042,52.35871],[8.70138,52.35931],[8.70268,52.35948],[8.70337,52.35989],[8.70355,52.36012],[8.70391,52.36038],[8.70372,52.36132],[8.70424,52.36209],[8.70426,52.36339],[8.70383,52.36387],[8.70375,52.36471],[8.70392,52.36489],[8.70429,52.36501]]}},{"type":"Feature","properties":{"name":"Moorbach","kind":"stream","herkunft":"heute"},"geometry":{"type":"LineString","coordinates":[[8.70185,52.35935],[8.70146,52.35922]]}},{"type":"Feature","properties":{"name":"Moorbach","kind":"stream","herkunft":"kreiskarte"},"geometry":{"type":"LineString","coordinates":[[8.70146,52.35922],[8.70139,52.35929],[8.6999,52.35835],[8.69959,52.35784],[8.69904,52.3577],[8.69838,52.35724],[8.69832,52.35703],[8.69846,52.35661],[8.69841,52.35636],[8.698,52.35611],[8.6975,52.35597],[8.69706,52.3555],[8.69697,52.35516],[8.69651,52.35464],[8.69636,52.35456],[8.69597,52.35448],[8.69579,52.35435],[8.69579,52.35418],[8.6961,52.35394],[8.69613,52.35377],[8.69579,52.35345],[8.69575,52.35328]]}},{"type":"Feature","properties":{"name":"Moorbach","kind":"stream","herkunft":"heute"},"geometry":{"type":"LineString","coordinates":[[8.69575,52.35328],[8.69649,52.35328],[8.6965,52.3527],[8.69654,52.35193]]}},{"type":"Feature","properties":{"name":"Moorbach","kind":"stream","herkunft":"kreiskarte"},"geometry":{"type":"LineString","coordinates":[[8.69654,52.35193],[8.69681,52.35193],[8.69674,52.3515],[8.69725,52.35095],[8.69719,52.34953],[8.69727,52.34941],[8.69759,52.34922],[8.69763,52.34919],[8.69766,52.34915],[8.69769,52.34911],[8.69769,52.34907],[8.69767,52.34903],[8.69764,52.34899],[8.6976,52.34896],[8.69755,52.34893],[8.6975,52.34889],[8.69745,52.34886],[8.69741,52.34884],[8.6974,52.34883],[8.6974,52.34883],[8.69743,52.34885],[8.69747,52.34888],[8.69753,52.34891],[8.69758,52.34894],[8.69762,52.34898],[8.69766,52.34901],[8.69768,52.34905],[8.69769,52.34909],[8.69768,52.34913],[8.69765,52.34917],[8.69761,52.3492],[8.69756,52.34924],[8.69751,52.34927],[8.69745,52.3493],[8.6974,52.34933],[8.69735,52.34936],[8.69733,52.34938],[8.69732,52.34938],[8.69737,52.34935],[8.69742,52.34932],[8.69747,52.34929],[8.69758,52.34922],[8.69762,52.34919],[8.69766,52.34915],[8.69768,52.34912],[8.69769,52.34908],[8.69767,52.34904],[8.69765,52.349],[8.69761,52.34896],[8.69756,52.34893],[8.69751,52.3489],[8.69747,52.34886],[8.69741,52.34879],[8.69754,52.34847],[8.6969,52.34795],[8.69724,52.3475],[8.69728,52.34719],[8.69749,52.34703],[8.69796,52.34695],[8.6987,52.34651],[8.69906,52.34638],[8.70089,52.34524],[8.70077,52.3453]]}},{"type":"Feature","properties":{"name":"Moorbach","kind":"stream","herkunft":"heute"},"geometry":{"type":"LineString","coordinates":[[8.70077,52.3453],[8.70105,52.34555],[8.70165,52.3453],[8.7005,52.3458]]}},{"type":"Feature","properties":{"name":"Moorbach","kind":"stream","herkunft":"kreiskarte"},"geometry":{"type":"LineString","coordinates":[[8.70077,52.3453],[8.70089,52.34524],[8.69906,52.34638],[8.6987,52.34651],[8.69796,52.34695],[8.69749,52.34703],[8.69728,52.34719],[8.69724,52.3475],[8.6969,52.34795],[8.69754,52.34847],[8.69741,52.34879],[8.69747,52.34886],[8.69751,52.3489],[8.69756,52.34893],[8.69761,52.34896],[8.69765,52.349],[8.69767,52.34904],[8.69769,52.34908],[8.69768,52.34912],[8.69766,52.34915],[8.69762,52.34919],[8.69758,52.34922],[8.69747,52.34929],[8.69742,52.34932],[8.69737,52.34935],[8.69732,52.34938],[8.69733,52.34938],[8.69735,52.34936],[8.6974,52.34933],[8.69745,52.3493],[8.69751,52.34927],[8.69756,52.34924],[8.69761,52.3492],[8.69765,52.34917],[8.69768,52.34913],[8.69769,52.34909],[8.69768,52.34905],[8.69766,52.34901],[8.69762,52.34898],[8.69758,52.34894],[8.69753,52.34891],[8.69747,52.34888],[8.69743,52.34885],[8.6974,52.34883],[8.6974,52.34883],[8.69741,52.34884],[8.69745,52.34886],[8.6975,52.34889],[8.69755,52.34893],[8.6976,52.34896],[8.69764,52.34899],[8.69767,52.34903],[8.69769,52.34907],[8.69769,52.34911],[8.69766,52.34915],[8.69763,52.34919],[8.69759,52.34922],[8.69727,52.34941],[8.69719,52.34953],[8.69725,52.35095],[8.69674,52.3515],[8.69681,52.35193]]}},{"type":"Feature","properties":{"name":"Weberbach","kind":"stream","herkunft":"heute"},"geometry":{"type":"LineString","coordinates":[[8.6966,52.39825],[8.69662,52.39826]]}},{"type":"Feature","properties":{"name":"Weberbach","kind":"stream","herkunft":"kreiskarte"},"geometry":{"type":"LineString","coordinates":[[8.69662,52.39826],[8.69645,52.39849],[8.69703,52.39851],[8.69769,52.39884],[8.69888,52.39847],[8.69904,52.39854],[8.69917,52.39878],[8.69936,52.3989],[8.69989,52.39877],[8.70042,52.39892],[8.70041,52.39935],[8.69964,52.39983],[8.69981,52.40057],[8.69968,52.40067],[8.69936,52.40075],[8.69927,52.40085],[8.69932,52.40205],[8.69917,52.40238],[8.69937,52.40304],[8.70016,52.40357],[8.70066,52.40372],[8.70055,52.40407],[8.70038,52.40415],[8.70026,52.40418],[8.7002,52.40421],[8.70014,52.40423],[8.70009,52.40426],[8.69998,52.40432],[8.69988,52.40439],[8.69983,52.40442],[8.69978,52.40445],[8.69975,52.40447],[8.69976,52.40446],[8.6998,52.40443],[8.69985,52.4044],[8.69991,52.40437],[8.70001,52.40431],[8.70006,52.40427],[8.70012,52.40424],[8.70017,52.40422],[8.70019,52.40421],[8.70017,52.40422],[8.70014,52.40424],[8.7001,52.40427],[8.70007,52.40431],[8.70005,52.40453],[8.70029,52.40514],[8.7009,52.40522],[8.70109,52.40518],[8.70151,52.40479],[8.70232,52.40434],[8.70283,52.40427],[8.70375,52.40477],[8.704,52.40472],[8.7043,52.40451],[8.70399,52.4048],[8.70424,52.40509],[8.70438,52.40517],[8.70493,52.40523],[8.70556,52.40561],[8.70589,52.40589],[8.70607,52.40621],[8.70676,52.40667],[8.70745,52.40696],[8.7079,52.40705],[8.70849,52.40739],[8.70869,52.40739],[8.70916,52.40727],[8.70875,52.40752],[8.70865,52.40767],[8.70927,52.40833],[8.70928,52.40859],[8.70859,52.40909],[8.70854,52.40962],[8.70808,52.40993],[8.70795,52.41035]]}},{"type":"Feature","properties":{"name":"Weberbach","kind":"stream","herkunft":"heute"},"geometry":{"type":"LineString","coordinates":[[8.70795,52.41035],[8.70803,52.41037],[8.70775,52.4109],[8.7077,52.41135],[8.7076,52.41145],[8.707,52.4117],[8.70645,52.4118],[8.70625,52.41185],[8.70573,52.41246]]}},{"type":"Feature","properties":{"name":"Weberbach","kind":"stream","herkunft":"kreiskarte"},"geometry":{"type":"LineString","coordinates":[[8.70573,52.41246],[8.70587,52.41251],[8.7057,52.41324],[8.7055,52.4135],[8.70585,52.41408],[8.70583,52.41453],[8.70559,52.41467],[8.70483,52.41474],[8.70474,52.41512],[8.70496,52.41539],[8.70488,52.41557],[8.70493,52.41597],[8.70509,52.41604],[8.70558,52.41608],[8.70585,52.41628],[8.70534,52.41623],[8.70508,52.41628],[8.70433,52.4167],[8.70421,52.41685],[8.70428,52.41805],[8.70413,52.41838],[8.70417,52.4185],[8.70485,52.41889],[8.70512,52.41927],[8.70569,52.4193],[8.70601,52.41923],[8.70607,52.41922],[8.70614,52.4192],[8.70618,52.4192],[8.7062,52.4192],[8.70577,52.41929],[8.7055,52.41934],[8.70519,52.41957],[8.70516,52.41992],[8.70532,52.42018],[8.70536,52.42073],[8.70577,52.42108],[8.70641,52.42112],[8.70667,52.42123],[8.70684,52.4215],[8.70685,52.42235],[8.70704,52.42262],[8.70757,52.4228],[8.70973,52.42311],[8.71052,52.42368],[8.7105,52.42384],[8.71022,52.42401],[8.71027,52.42411],[8.71073,52.42419],[8.71184,52.42419],[8.71202,52.42414],[8.71222,52.42393],[8.71239,52.42388],[8.71328,52.42399],[8.71365,52.4241]]}},{"type":"Feature","properties":{"name":"Weberbach","kind":"stream","herkunft":"heute"},"geometry":{"type":"LineString","coordinates":[[8.71365,52.4241],[8.71347,52.42451],[8.71715,52.4251]]}},{"type":"Feature","properties":{"name":"Kleine Wickriede","kind":"stream","herkunft":"heute"},"geometry":{"type":"LineString","coordinates":[[8.70185,52.4989],[8.6998,52.49985],[8.69955,52.49995],[8.69905,52.50005],[8.69632,52.50048]]}},{"type":"Feature","properties":{"name":"Kleine Wickriede","kind":"stream","herkunft":"kreiskarte"},"geometry":{"type":"LineString","coordinates":[[8.69632,52.50048],[8.69614,52.50006],[8.69597,52.49994],[8.69554,52.49993],[8.69479,52.50003],[8.69405,52.50026],[8.69394,52.50043],[8.69434,52.50092],[8.69425,52.50103],[8.69396,52.50116]]}},{"type":"Feature","properties":{"name":"Kleine Wickriede","kind":"stream","herkunft":"heute"},"geometry":{"type":"LineString","coordinates":[[8.69396,52.50116],[8.6939,52.50108],[8.6916,52.5017],[8.69085,52.502],[8.69043,52.50225]]}},{"type":"Feature","properties":{"name":"Kleine Wickriede","kind":"stream","herkunft":"kreiskarte"},"geometry":{"type":"LineString","coordinates":[[8.69043,52.50225],[8.69004,52.502],[8.68996,52.50216],[8.69009,52.50235],[8.69005,52.50247],[8.68941,52.5029],[8.68948,52.50312],[8.68941,52.50323],[8.6883,52.50365],[8.68831,52.50407],[8.68821,52.50423],[8.68773,52.50438],[8.68725,52.50436],[8.68685,52.50443]]}},{"type":"Feature","properties":{"name":"Kleine Wickriede","kind":"stream","herkunft":"heute"},"geometry":{"type":"LineString","coordinates":[[8.7005,52.49955],[8.70255,52.4986],[8.7028,52.49835],[8.70385,52.49655],[8.704,52.49635],[8.7042,52.4962],[8.70435,52.49605],[8.70585,52.49555],[8.706,52.4954],[8.70605,52.49525],[8.706,52.4951],[8.70565,52.49385],[8.70565,52.49355],[8.70565,52.4934],[8.7064,52.4914],[8.70665,52.49105],[8.70715,52.4906],[8.7076,52.4903],[8.7084,52.49005],[8.70915,52.4898],[8.7095,52.48965],[8.7106,52.4888],[8.71145,52.4882],[8.71205,52.48795],[8.7139,52.48745],[8.71425,52.48725],[8.72005,52.48295],[8.72265,52.48105],[8.723,52.48085],[8.72325,52.48075],[8.72365,52.4807],[8.7241,52.4807],[8.72445,52.4807],[8.7249,52.4808],[8.72555,52.481],[8.72665,52.4814],[8.7275,52.4817],[8.72805,52.48175],[8.7296,52.48195],[8.7299,52.48205],[8.7305,52.4825],[8.7309,52.4827],[8.7315,52.48285],[8.732,52.48295],[8.73245,52.483],[8.73275,52.48295],[8.73315,52.48285],[8.7335,52.48265],[8.7337,52.4826],[8.73405,52.48265],[8.73515,52.48285],[8.73545,52.48285],[8.73565,52.48275],[8.73575,52.4826],[8.73755,52.4801],[8.73775,52.4799],[8.73835,52.47965],[8.73945,52.47915],[8.7412,52.47835],[8.7416,52.4783],[8.74415,52.4781],[8.74445,52.4781],[8.7449,52.4781],[8.75645,52.48035],[8.75695,52.48035],[8.7574,52.4803],[8.7578,52.48015],[8.76615,52.4766],[8.7689,52.4754],[8.76935,52.4752],[8.7697,52.4749],[8.76985,52.47475],[8.77275,52.4721],[8.7729,52.472],[8.7731,52.4719],[8.7748,52.4716],[8.77525,52.4715],[8.77665,52.4704],[8.779,52.4693],[8.77975,52.46895],[8.7835,52.4669],[8.78375,52.4667],[8.78395,52.46655],[8.78975,52.45945]]}},{"type":"Feature","properties":{"name":"Wickriede","kind":"river","herkunft":"heute"},"geometry":{"type":"LineString","coordinates":[[8.71715,52.4251],[8.7183,52.42925],[8.7182,52.42965]]}},{"type":"Feature","properties":{"name":"Wickriede","kind":"river","herkunft":"kreiskarte"},"geometry":{"type":"LineString","coordinates":[[8.70031,52.36435],[8.70103,52.36439]]}},{"type":"Feature","properties":{"name":"Wickriede","kind":"river","herkunft":"heute"},"geometry":{"type":"LineString","coordinates":[[8.70103,52.36439],[8.70098,52.36403],[8.70055,52.36405],[8.7038,52.36417]]}},{"type":"Feature","properties":{"name":"Flöthe","kind":"river","herkunft":"heute"},"geometry":{"type":"LineString","coordinates":[[8.72485,52.40085],[8.72495,52.40075],[8.7263,52.3999],[8.72816,52.39871]]}},{"type":"Feature","properties":{"name":"Flöthe","kind":"river","herkunft":"kreiskarte"},"geometry":{"type":"LineString","coordinates":[[8.72816,52.39871],[8.72826,52.39876],[8.7295,52.39807],[8.73156,52.39781],[8.73254,52.39749],[8.73349,52.39687],[8.73413,52.39661],[8.73536,52.39593],[8.73608,52.39498],[8.73648,52.39377],[8.73688,52.39302],[8.73719,52.39197],[8.73736,52.39169],[8.73762,52.39153],[8.73833,52.39126],[8.7433,52.38979],[8.74423,52.38942],[8.74524,52.38888]]}},{"type":"Feature","properties":{"name":"Flöthe","kind":"river","herkunft":"heute"},"geometry":{"type":"LineString","coordinates":[[8.74524,52.38888],[8.74486,52.38846],[8.74491,52.38845]]}},{"type":"Feature","properties":{"name":"Flöthe","kind":"river","herkunft":"kreiskarte"},"geometry":{"type":"LineString","coordinates":[[8.74491,52.38845],[8.74529,52.38887],[8.74561,52.38863],[8.74609,52.38846],[8.74669,52.38814],[8.74759,52.38742],[8.74821,52.38735],[8.74842,52.38724],[8.74813,52.38733],[8.74794,52.38729],[8.74779,52.38714],[8.74779,52.38697],[8.74836,52.38526],[8.74858,52.38424],[8.74822,52.38399],[8.74808,52.38376],[8.74771,52.38347],[8.7477,52.38321],[8.74797,52.38296],[8.74797,52.38265],[8.74779,52.38247],[8.74753,52.38236],[8.74716,52.38192],[8.74715,52.38156],[8.747,52.38124],[8.747,52.38101],[8.74714,52.38073],[8.74712,52.37992],[8.74626,52.37933],[8.74642,52.37916],[8.74694,52.37893],[8.74704,52.37878],[8.74696,52.37867],[8.74647,52.37841],[8.74609,52.37792],[8.74613,52.37771],[8.74657,52.37744],[8.74659,52.37709],[8.74646,52.3769],[8.74597,52.37687],[8.74579,52.37675],[8.74577,52.37631],[8.74606,52.37575]]}},{"type":"Feature","properties":{"name":"Lehmfluss","kind":"stream","herkunft":"heute"},"geometry":{"type":"LineString","coordinates":[[8.74577,52.38857],[8.7458,52.3886],[8.74535,52.38825],[8.74582,52.38863]]}},{"type":"Feature","properties":{"name":"Lehmfluss","kind":"stream","herkunft":"kreiskarte"},"geometry":{"type":"LineString","coordinates":[[8.74582,52.38863],[8.74526,52.38888],[8.74575,52.38857],[8.74614,52.38855],[8.74717,52.3889],[8.74737,52.38941],[8.74776,52.38913],[8.7481,52.3891],[8.74848,52.38926],[8.74888,52.38931],[8.74955,52.38952],[8.75377,52.39055],[8.7545,52.39079],[8.75495,52.39085],[8.75578,52.39063],[8.75653,52.39016],[8.75747,52.3901],[8.75798,52.38988],[8.75831,52.38937],[8.75878,52.38899],[8.75906,52.38825],[8.75968,52.38782],[8.75993,52.38707],[8.7606,52.38664],[8.76096,52.38628],[8.76146,52.38603],[8.76172,52.38578],[8.76199,52.38573],[8.76328,52.38574],[8.76388,52.38541],[8.76483,52.38516],[8.76527,52.38494],[8.76603,52.38485],[8.76667,52.38438],[8.7669,52.38428],[8.76737,52.38421],[8.76762,52.38405],[8.7678,52.38382],[8.76804,52.38374],[8.76839,52.38371],[8.76854,52.38376],[8.76856,52.38389],[8.76855,52.38393],[8.76853,52.38397],[8.76851,52.38401],[8.76848,52.38405],[8.76847,52.38409],[8.76845,52.38412],[8.76844,52.38414],[8.76845,52.38413],[8.76846,52.38411],[8.76847,52.38406],[8.7685,52.38403],[8.76852,52.38399],[8.76854,52.38395],[8.76856,52.38391],[8.76859,52.38387],[8.76863,52.38379],[8.76868,52.38371],[8.76871,52.38363],[8.76874,52.38359],[8.76878,52.38351],[8.76885,52.38339],[8.76907,52.38317],[8.76914,52.38288],[8.76935,52.38278],[8.76954,52.38278],[8.76981,52.38301],[8.76939,52.38243],[8.77023,52.3807],[8.77059,52.38024],[8.77084,52.38017],[8.77176,52.38012],[8.77236,52.37947],[8.77245,52.37886],[8.77316,52.37831],[8.7741,52.37817],[8.77456,52.37825],[8.77481,52.37819],[8.77503,52.37788],[8.775,52.37762],[8.77485,52.37743],[8.77494,52.37753],[8.77501,52.3776],[8.77507,52.37767],[8.77509,52.37769],[8.7751,52.3777],[8.77504,52.37754],[8.77512,52.37742],[8.77598,52.37705],[8.77634,52.37703],[8.77678,52.37711],[8.77759,52.37688],[8.77762,52.37622],[8.77726,52.37597],[8.77718,52.37577],[8.77732,52.37562],[8.77771,52.37554],[8.77798,52.37539],[8.77828,52.37488],[8.77874,52.37454],[8.77873,52.37444],[8.77815,52.37396],[8.77872,52.37341],[8.77872,52.37296],[8.77852,52.37274],[8.77854,52.37258],[8.77922,52.37219],[8.77944,52.37192],[8.77942,52.37128],[8.77956,52.3712],[8.7799,52.37115],[8.78056,52.37077],[8.78083,52.37043],[8.78214,52.36953],[8.78228,52.36925],[8.78278,52.36888],[8.78287,52.36809],[8.78301,52.36781],[8.78325,52.36765],[8.78382,52.36763],[8.78327,52.36761],[8.78307,52.36729],[8.78242,52.36742],[8.7828,52.36731],[8.78297,52.36718],[8.78276,52.36694],[8.78274,52.36674],[8.78382,52.3661],[8.7841,52.36567],[8.78447,52.3654],[8.78435,52.36504],[8.78454,52.36422],[8.7848,52.36407],[8.78524,52.36395],[8.78556,52.36367],[8.78595,52.36347],[8.78621,52.36342],[8.78699,52.36345],[8.78707,52.36341],[8.78724,52.36306],[8.78717,52.36271],[8.78725,52.36255],[8.78757,52.36238],[8.7881,52.36237],[8.78828,52.36206],[8.78878,52.36176],[8.78879,52.36168],[8.78874,52.36155],[8.78873,52.36151],[8.78873,52.36147],[8.78873,52.36142],[8.78874,52.36138],[8.78876,52.36134],[8.78879,52.36131],[8.78884,52.36129],[8.7889,52.36129],[8.78896,52.3613],[8.7891,52.36131],[8.78917,52.36132],[8.78925,52.36132],[8.78932,52.36131],[8.78938,52.3613],[8.78944,52.36128],[8.7895,52.36126],[8.78955,52.36122],[8.78976,52.36109],[8.78982,52.36106],[8.78994,52.36096],[8.79003,52.3608],[8.79004,52.36072],[8.79003,52.36068],[8.78999,52.36065],[8.78995,52.36061],[8.7899,52.36058],[8.78984,52.36055],[8.78979,52.36052],[8.78966,52.36041],[8.78963,52.36038],[8.7896,52.36034],[8.78957,52.3603],[8.78957,52.36027],[8.78958,52.36023],[8.78962,52.36019],[8.78966,52.36016],[8.7897,52.36014],[8.78969,52.36014],[8.78966,52.36016],[8.78961,52.3602],[8.78958,52.36023],[8.78956,52.36027],[8.78957,52.36031],[8.7896,52.36035],[8.78963,52.36038],[8.78967,52.36042],[8.78996,52.36062],[8.79,52.36065],[8.79003,52.36069],[8.79005,52.36073],[8.79006,52.36077],[8.79001,52.36089],[8.78986,52.36103],[8.78981,52.36107],[8.78976,52.3611],[8.78965,52.36116],[8.7896,52.3612],[8.78955,52.36123],[8.78949,52.36126],[8.78943,52.36128],[8.78937,52.3613],[8.78931,52.36131],[8.78923,52.36132],[8.78916,52.36132],[8.78909,52.36131],[8.78895,52.36129],[8.78889,52.36129],[8.78883,52.3613],[8.78878,52.36132],[8.78875,52.36135],[8.78873,52.36139],[8.78873,52.36143],[8.78873,52.36148],[8.78873,52.36152],[8.78875,52.36156],[8.78876,52.3616],[8.78888,52.36175]]}},{"type":"Feature","properties":{"name":"Lehmfluss","kind":"stream","herkunft":"heute"},"geometry":{"type":"LineString","coordinates":[[8.78888,52.36175],[8.78858,52.36163],[8.7884,52.3618]]}},{"type":"Feature","properties":{"name":"Flöthe","kind":"river","herkunft":"kreiskarte"},"geometry":{"type":"LineString","coordinates":[[8.70189,52.3166],[8.70432,52.31843],[8.70523,52.31852],[8.70604,52.31851],[8.70633,52.31838],[8.70663,52.31804],[8.70675,52.31816],[8.70701,52.31818],[8.70813,52.31786],[8.70973,52.31757],[8.71217,52.31698],[8.71413,52.31668],[8.71489,52.31649],[8.71653,52.31594]]}},{"type":"Feature","properties":{"name":"Bastau","kind":"river","herkunft":"heute"},"geometry":{"type":"LineString","coordinates":[[8.66439,52.3172],[8.671,52.3167],[8.67375,52.3163],[8.674,52.3163],[8.67815,52.3156],[8.6784,52.31555],[8.6808,52.31515],[8.68575,52.3143],[8.6874,52.31485],[8.69035,52.3152],[8.69275,52.31585],[8.69465,52.31625],[8.6949,52.31635],[8.69585,52.31655],[8.69695,52.3167],[8.6982,52.3167],[8.70088,52.31626]]}},{"type":"Feature","properties":{"name":"Bastau","kind":"river","herkunft":"kreiskarte"},"geometry":{"type":"LineString","coordinates":[[8.70088,52.31626],[8.70106,52.31669],[8.70189,52.3166]]}},{"type":"Feature","properties":{"name":"Bastau","kind":"river","herkunft":"heute"},"geometry":{"type":"LineString","coordinates":[[8.70189,52.3166],[8.70169,52.31613],[8.7047,52.31565],[8.70548,52.31568]]}},{"type":"Feature","properties":{"name":"Bastau","kind":"river","herkunft":"kreiskarte"},"geometry":{"type":"LineString","coordinates":[[8.70548,52.31568],[8.7055,52.31549],[8.70571,52.31547],[8.70572,52.31563],[8.70581,52.31593],[8.70582,52.31597],[8.70584,52.31601],[8.70585,52.31602],[8.70574,52.31561],[8.70596,52.31544],[8.7062,52.31536],[8.70918,52.31534],[8.71006,52.31521],[8.71225,52.31501],[8.71465,52.31491],[8.71485,52.31494],[8.71496,52.31504],[8.71505,52.3161],[8.71525,52.31634],[8.7166,52.31593],[8.71752,52.31585],[8.71902,52.31593],[8.72042,52.31594],[8.72236,52.31587],[8.72311,52.31595],[8.72428,52.31558],[8.72496,52.31527],[8.72736,52.31452],[8.72874,52.31423],[8.72963,52.31411],[8.72986,52.31396],[8.7299,52.3136],[8.73006,52.31347],[8.73093,52.3132],[8.7314,52.31313],[8.73178,52.31293],[8.73236,52.31278],[8.73287,52.31256],[8.73369,52.31243],[8.73441,52.31208],[8.7352,52.31203],[8.73669,52.31169],[8.73738,52.31169],[8.73821,52.31133],[8.73939,52.31131],[8.73992,52.31156],[8.74104,52.31166],[8.74113,52.31177],[8.74125,52.31255],[8.74141,52.3126],[8.74199,52.3126],[8.74343,52.31168],[8.74359,52.31145],[8.74347,52.31114],[8.74396,52.31082],[8.74475,52.31071],[8.74542,52.31104],[8.74583,52.31108],[8.7464,52.31083],[8.74684,52.31071],[8.7482,52.31061],[8.74873,52.31041],[8.74994,52.31021],[8.75134,52.31007],[8.75192,52.30993],[8.75264,52.30968],[8.75321,52.30925],[8.75311,52.30936],[8.75307,52.30939],[8.75303,52.30943],[8.75298,52.30946],[8.75294,52.3095],[8.75278,52.30959],[8.75273,52.30963],[8.75267,52.30966],[8.75262,52.30969],[8.75253,52.30975],[8.75258,52.30972],[8.75268,52.30965],[8.75274,52.30962],[8.75279,52.30959],[8.75289,52.30953],[8.75295,52.30949],[8.75299,52.30946],[8.75303,52.30942],[8.75307,52.30939],[8.75312,52.30935],[8.75336,52.30913],[8.75299,52.30912],[8.75261,52.30901],[8.75232,52.30867],[8.75225,52.30866],[8.75218,52.30866],[8.7521,52.30866],[8.75203,52.30866],[8.75197,52.30867],[8.7519,52.30869],[8.75184,52.3087],[8.75177,52.30872],[8.75171,52.30874],[8.75166,52.30876],[8.75164,52.30876],[8.75197,52.30867],[8.75204,52.30866],[8.75211,52.30866],[8.75219,52.30866],[8.75226,52.30866],[8.75233,52.30866],[8.75254,52.30862],[8.75287,52.30845],[8.75298,52.3083],[8.75292,52.30769],[8.75324,52.30741],[8.75363,52.30721],[8.75426,52.30723],[8.75484,52.30699],[8.75554,52.30692],[8.75624,52.30674],[8.7569,52.30674],[8.75721,52.30689],[8.75732,52.3074],[8.75809,52.30746],[8.75864,52.30775],[8.75881,52.30777],[8.75941,52.30737],[8.76046,52.30736],[8.76135,52.30659],[8.76189,52.3066],[8.76266,52.3063],[8.76353,52.30626],[8.7643,52.30581],[8.76486,52.30576],[8.76527,52.30561],[8.76582,52.30578],[8.76611,52.30609],[8.76751,52.30612],[8.76764,52.30622],[8.76768,52.30639],[8.76779,52.30654],[8.76787,52.3067],[8.76794,52.30682],[8.76797,52.30686],[8.76801,52.30689],[8.76806,52.30691],[8.76812,52.30693],[8.76819,52.30693],[8.76826,52.30693],[8.76834,52.30693],[8.76841,52.30693],[8.76848,52.30694],[8.76854,52.30694],[8.76857,52.30694],[8.76842,52.30693],[8.76834,52.30693],[8.76827,52.30693],[8.76819,52.30693],[8.76812,52.30693],[8.76806,52.30691],[8.76801,52.30689],[8.76797,52.30686],[8.76794,52.30682],[8.76792,52.30678],[8.76791,52.30657],[8.76802,52.30647],[8.76822,52.30644],[8.76879,52.30648],[8.76957,52.30644],[8.77025,52.30687],[8.77061,52.3066],[8.77119,52.30649],[8.77126,52.30601],[8.77137,52.30591],[8.77167,52.3058],[8.77242,52.30569],[8.77282,52.30578],[8.77267,52.30563],[8.7727,52.30547],[8.77334,52.30524],[8.77397,52.30517],[8.77448,52.30493],[8.77527,52.30479],[8.77568,52.30481],[8.77621,52.30472],[8.77671,52.30487],[8.77704,52.30485],[8.77779,52.30444],[8.77761,52.30413],[8.77793,52.30395],[8.77794,52.30359],[8.77832,52.30339],[8.77917,52.30332],[8.77953,52.30318],[8.78046,52.30303],[8.7807,52.30311],[8.78111,52.30359],[8.78141,52.30376],[8.7823,52.30387],[8.78304,52.30374],[8.78391,52.30327],[8.78448,52.30282],[8.78457,52.30267],[8.78451,52.30246],[8.7846,52.30235],[8.7855,52.30193],[8.78567,52.30161],[8.78612,52.30141],[8.78696,52.30133],[8.78759,52.30115],[8.78807,52.30109],[8.78878,52.30071],[8.78962,52.30063],[8.79038,52.30033],[8.79079,52.30027],[8.79149,52.30029],[8.79189,52.3001],[8.79216,52.30006],[8.79243,52.30011],[8.79282,52.30032],[8.79238,52.30007],[8.79203,52.30002],[8.79276,52.29974],[8.79323,52.29945],[8.79338,52.29931],[8.7935,52.29898],[8.79482,52.29816],[8.79504,52.29781],[8.79537,52.29764],[8.79592,52.29758],[8.79749,52.29715],[8.79861,52.29714],[8.79912,52.29703],[8.79945,52.29705],[8.80033,52.29691],[8.80117,52.29698],[8.80195,52.29695],[8.80254,52.29703],[8.80325,52.29686],[8.80484,52.29678],[8.80498,52.29643],[8.80547,52.29619],[8.80584,52.2957],[8.80712,52.29528],[8.80786,52.29517],[8.8081,52.29509],[8.80873,52.29443],[8.80955,52.29401],[8.81007,52.29342],[8.81059,52.2932],[8.81117,52.29271],[8.81179,52.29264],[8.81271,52.29236],[8.81326,52.29208],[8.81395,52.29189],[8.81473,52.29152],[8.81514,52.2915],[8.81563,52.29176],[8.8158,52.29175],[8.81624,52.29146],[8.81629,52.29113],[8.81677,52.29111],[8.81723,52.29092],[8.81779,52.29087],[8.81861,52.29054],[8.81931,52.29049],[8.82017,52.29001],[8.82086,52.28994],[8.82128,52.28972],[8.82187,52.28988],[8.82256,52.2898],[8.82264,52.28939],[8.82279,52.28925],[8.82317,52.28916],[8.82383,52.28914],[8.82448,52.2889],[8.82511,52.28885],[8.82577,52.28851],[8.82645,52.28842],[8.82693,52.28815],[8.82758,52.28801],[8.82827,52.28756],[8.82866,52.28749],[8.82956,52.28691],[8.8301,52.28683],[8.8303,52.28686],[8.8307,52.28708],[8.83161,52.28704],[8.83173,52.28696],[8.83171,52.28674],[8.83138,52.28664],[8.83226,52.28662],[8.83323,52.28632],[8.83386,52.28626],[8.83447,52.28595],[8.83525,52.2858],[8.83586,52.2856],[8.83635,52.28556],[8.83739,52.28512],[8.83849,52.285],[8.83868,52.28505],[8.83888,52.28522],[8.83897,52.28503],[8.83913,52.28496],[8.84,52.28493],[8.84066,52.28469],[8.84107,52.28465],[8.84157,52.28451],[8.84209,52.28458],[8.84211,52.28458],[8.84275,52.28433],[8.84301,52.28403],[8.84371,52.28365],[8.8444,52.28345],[8.84509,52.28316],[8.84704,52.28315],[8.84833,52.28244],[8.84853,52.282],[8.84889,52.28164],[8.84905,52.28113],[8.84933,52.28093],[8.85077,52.28054],[8.85148,52.28026],[8.85274,52.27971],[8.85369,52.27909],[8.85569,52.27831],[8.85721,52.27814],[8.85905,52.27827],[8.86005,52.27844],[8.86049,52.27844],[8.86156,52.27837],[8.86271,52.27808],[8.86376,52.27817],[8.86493,52.27812],[8.86563,52.27829],[8.86604,52.27825],[8.86599,52.27828],[8.86633,52.27821],[8.86654,52.27822],[8.86684,52.2784],[8.86679,52.27896],[8.86687,52.27935],[8.867,52.27972],[8.86723,52.27999],[8.86693,52.28009],[8.8668,52.28022],[8.8673,52.28062],[8.86762,52.28059],[8.86819,52.28028],[8.86855,52.28046],[8.86922,52.28058],[8.86972,52.28086],[8.8705,52.281],[8.87116,52.28101],[8.87193,52.2812],[8.87244,52.28152],[8.87272,52.28152],[8.87302,52.28142],[8.87321,52.28143],[8.87387,52.28179],[8.87441,52.28198],[8.87601,52.28201],[8.87627,52.28188],[8.8764,52.28162],[8.87656,52.28179],[8.87663,52.28204],[8.87689,52.28219],[8.87733,52.28231],[8.87815,52.28243],[8.87878,52.28275],[8.87962,52.28295],[8.8805,52.28297],[8.88106,52.28313],[8.88164,52.28313],[8.88235,52.28286],[8.88392,52.28252],[8.88478,52.28208],[8.8856,52.28197],[8.88624,52.28163],[8.88734,52.28156],[8.88817,52.28124],[8.88925,52.28127],[8.88966,52.28109],[8.88992,52.28106],[8.89053,52.28126],[8.89161,52.28124],[8.89266,52.28157],[8.89353,52.28161],[8.89488,52.28193],[8.89656,52.2821],[8.89743,52.28272],[8.89799,52.28288],[8.89867,52.28289],[8.89926,52.28342],[8.90021,52.28355],[8.90076,52.28389],[8.90182,52.28398],[8.90256,52.28422],[8.90418,52.28437],[8.90496,52.28464],[8.90594,52.28471],[8.90603,52.28462],[8.90603,52.2844],[8.90604,52.28435],[8.90606,52.28428],[8.90604,52.28454],[8.90621,52.28464],[8.90755,52.28464],[8.90792,52.2847],[8.90855,52.28464],[8.90924,52.28473],[8.90999,52.28472],[8.91041,52.2846],[8.91042,52.28428],[8.91073,52.28412],[8.91177,52.2842],[8.91221,52.28431],[8.91295,52.28431],[8.91322,52.28417],[8.91383,52.28342],[8.91407,52.28339],[8.91428,52.28358],[8.91447,52.28343],[8.91504,52.28343],[8.91571,52.28365],[8.91584,52.28398],[8.91604,52.28419],[8.9158,52.28443],[8.91574,52.28494],[8.91672,52.28545],[8.91699,52.28549],[8.91719,52.28545],[8.91767,52.28498],[8.91798,52.28491],[8.91889,52.28533],[8.91974,52.2854],[8.92024,52.28584],[8.92065,52.28582],[8.92073,52.28554],[8.92087,52.28589],[8.92082,52.28586]]}},{"type":"Feature","properties":{"name":"Bastau","kind":"river","herkunft":"heute"},"geometry":{"type":"LineString","coordinates":[[8.92082,52.28586],[8.92082,52.2858],[8.92135,52.2858],[8.9218,52.28585],[8.9216,52.28585],[8.92164,52.28584]]}},{"type":"Feature","properties":{"name":"Twemkebach","kind":"stream","herkunft":"heute"},"geometry":{"type":"LineString","coordinates":[[8.86325,52.27815],[8.86322,52.27802]]}},{"type":"Feature","properties":{"name":"Twemkebach","kind":"stream","herkunft":"kreiskarte"},"geometry":{"type":"LineString","coordinates":[[8.86322,52.27802],[8.86261,52.27808],[8.86247,52.27712],[8.86269,52.27654],[8.86255,52.27572],[8.86284,52.27521],[8.86279,52.27455],[8.86294,52.27436],[8.86311,52.27429],[8.86395,52.27431],[8.86396,52.27403],[8.86378,52.27385],[8.86353,52.27378],[8.86299,52.27383],[8.86315,52.27343],[8.86375,52.27334],[8.86405,52.27299],[8.86364,52.2726],[8.86353,52.27231],[8.86358,52.27201],[8.86386,52.27184],[8.86377,52.27161],[8.86399,52.27099],[8.86395,52.27077],[8.86377,52.27055],[8.86391,52.27027],[8.86388,52.27014],[8.86374,52.27003],[8.86282,52.26997],[8.86259,52.26978],[8.86277,52.26946],[8.8635,52.26923],[8.86382,52.26919],[8.86349,52.26893],[8.86348,52.26871],[8.86359,52.26855],[8.86378,52.26849],[8.86397,52.26852],[8.8643,52.26879],[8.86442,52.26883],[8.86455,52.26883],[8.86461,52.26882],[8.86466,52.26879],[8.8647,52.26876],[8.86473,52.26872],[8.86474,52.26869],[8.86475,52.26868],[8.86474,52.2687],[8.86472,52.26873],[8.8647,52.26877],[8.86465,52.2688],[8.8646,52.26882],[8.86453,52.26883],[8.86441,52.26881],[8.86387,52.26841],[8.86398,52.26792],[8.86391,52.26785],[8.86369,52.26775],[8.86365,52.26772],[8.86363,52.26771],[8.86388,52.2678],[8.86407,52.26776],[8.86415,52.26765],[8.86415,52.26733],[8.86366,52.26683],[8.86359,52.26644],[8.86315,52.26605],[8.86313,52.26574],[8.86336,52.26554],[8.86303,52.26559],[8.86233,52.26544],[8.86188,52.26512],[8.86194,52.26432],[8.86182,52.26409],[8.86191,52.26398],[8.86221,52.26387],[8.86227,52.26385],[8.86232,52.26382],[8.86237,52.26379],[8.86244,52.26374],[8.86186,52.26398],[8.86116,52.26397],[8.86073,52.26384],[8.85999,52.26383],[8.85963,52.26362],[8.85912,52.26362],[8.85778,52.26395],[8.8577,52.26405],[8.85775,52.26422],[8.85776,52.26426],[8.85776,52.26428],[8.85776,52.26428],[8.85748,52.26372],[8.85716,52.2636],[8.85724,52.2634],[8.85695,52.26243],[8.85697,52.26048],[8.85682,52.25975],[8.8569,52.25896],[8.85661,52.25763]]}},{"type":"Feature","properties":{"name":"Gottenbach","kind":"stream","herkunft":"heute"},"geometry":{"type":"LineString","coordinates":[[8.8472,52.26775],[8.84765,52.2691],[8.84765,52.2692],[8.84775,52.26925],[8.8481,52.27045],[8.84845,52.27075],[8.84855,52.27085],[8.84855,52.27125],[8.8486,52.27135],[8.8487,52.2714],[8.8489,52.27145],[8.8491,52.2715],[8.8504,52.27125],[8.85055,52.27125],[8.8512,52.27185],[8.8518,52.2726],[8.85225,52.2729],[8.85225,52.273],[8.85265,52.2739],[8.8535,52.27465],[8.8543,52.2752],[8.85455,52.2754],[8.85445,52.27625],[8.8544,52.2764],[8.8542,52.27665],[8.8542,52.27695],[8.8547,52.2785],[8.85485,52.27864]]}},{"type":"Feature","properties":{"name":"Gottenbach","kind":"stream","herkunft":"heute"},"geometry":{"type":"LineString","coordinates":[[8.846,52.26415],[8.84625,52.26495],[8.84685,52.2668],[8.8469,52.2669],[8.84745,52.2686]]}},{"type":"Feature","properties":{"name":"Uphauser-Bach","kind":"stream","herkunft":"kreiskarte"},"geometry":{"type":"LineString","coordinates":[[8.83888,52.26717],[8.83883,52.26721],[8.83875,52.2672],[8.83861,52.26721],[8.83854,52.26721],[8.83847,52.26722],[8.8384,52.26724],[8.83831,52.26727],[8.83863,52.26721],[8.83952,52.26721],[8.83983,52.26738],[8.8399,52.26768],[8.84001,52.26778],[8.84027,52.26783],[8.84062,52.26773],[8.84081,52.2685]]}},{"type":"Feature","properties":{"name":"Uphauser-Bach","kind":"stream","herkunft":"heute"},"geometry":{"type":"LineString","coordinates":[[8.84081,52.2685],[8.84124,52.26844],[8.8417,52.2698],[8.84175,52.26995],[8.84259,52.27242]]}},{"type":"Feature","properties":{"name":"Uphauser-Bach","kind":"stream","herkunft":"kreiskarte"},"geometry":{"type":"LineString","coordinates":[[8.84259,52.27242],[8.84221,52.27247],[8.84258,52.27319],[8.84312,52.27391],[8.84299,52.27414],[8.84255,52.2742],[8.84313,52.27433],[8.84369,52.27429],[8.84395,52.27434],[8.84451,52.27528],[8.84447,52.27589],[8.84476,52.27654],[8.84476,52.27676],[8.84469,52.27697],[8.84468,52.27701],[8.84468,52.27706],[8.84468,52.2771],[8.84468,52.27714],[8.84468,52.27716],[8.84473,52.2769],[8.84493,52.27678],[8.8463,52.27672],[8.84669,52.27679],[8.84679,52.27747],[8.84756,52.27814],[8.84782,52.27827],[8.84791,52.27847],[8.84815,52.27868],[8.84828,52.27955],[8.84855,52.27968],[8.8493,52.27976],[8.84949,52.27989],[8.84966,52.28025],[8.84965,52.28074],[8.84907,52.28111],[8.849,52.28132]]}},{"type":"Feature","properties":{"name":"Uphauser-Bach","kind":"stream","herkunft":"kreiskarte"},"geometry":{"type":"LineString","coordinates":[[8.83706,52.2621],[8.83713,52.26222],[8.837,52.2625],[8.83704,52.26262],[8.83721,52.26268],[8.8375,52.26269],[8.83766,52.2627],[8.83616,52.26269],[8.83591,52.26276],[8.8358,52.26291],[8.83593,52.26315],[8.83594,52.26346],[8.83573,52.26373],[8.83572,52.2639],[8.83594,52.26404],[8.8367,52.26403],[8.83713,52.26441],[8.83782,52.26448],[8.83799,52.26466]]}},{"type":"Feature","properties":{"name":"Uphauser-Bach","kind":"stream","herkunft":"heute"},"geometry":{"type":"LineString","coordinates":[[8.83799,52.26466],[8.83757,52.26489],[8.8378,52.26505],[8.83857,52.26722]]}},{"type":"Feature","properties":{"name":"Uphauser-Bach","kind":"stream","herkunft":"kreiskarte"},"geometry":{"type":"LineString","coordinates":[[8.83857,52.26722],[8.83888,52.26717],[8.83883,52.26721],[8.83875,52.2672],[8.83861,52.26721],[8.83854,52.26721],[8.83847,52.26722],[8.8384,52.26724],[8.83831,52.26727],[8.83863,52.26721],[8.83952,52.26721],[8.83983,52.26738],[8.8399,52.26768],[8.84001,52.26778],[8.84027,52.26783],[8.84062,52.26773],[8.84081,52.2685]]}},{"type":"Feature","properties":{"name":"Uphauser-Bach","kind":"stream","herkunft":"heute"},"geometry":{"type":"LineString","coordinates":[[8.84081,52.2685],[8.84125,52.26844],[8.8413,52.2686]]}},{"type":"Feature","properties":{"name":"Großer Mittelbach","kind":"stream","herkunft":"heute"},"geometry":{"type":"LineString","coordinates":[[8.84645,52.28325],[8.85055,52.2831],[8.8514,52.2829],[8.8529,52.2826],[8.85575,52.2821],[8.8607,52.2812],[8.8644,52.2806],[8.86675,52.28015],[8.86765,52.28015],[8.8678,52.28015],[8.86808,52.28034]]}},{"type":"Feature","properties":{"name":"Ruschbecke","kind":"stream","herkunft":"heute"},"geometry":{"type":"LineString","coordinates":[[8.8242,52.28925],[8.82403,52.28907]]}},{"type":"Feature","properties":{"name":"Ruschbecke","kind":"stream","herkunft":"kreiskarte"},"geometry":{"type":"LineString","coordinates":[[8.82403,52.28907],[8.82419,52.28901],[8.82383,52.28914],[8.82342,52.28912],[8.8231,52.28894],[8.82276,52.28861],[8.82176,52.28702],[8.82109,52.2862],[8.82142,52.28586],[8.82101,52.28551],[8.82097,52.28516]]}},{"type":"Feature","properties":{"name":"Ruschbecke","kind":"stream","herkunft":"heute"},"geometry":{"type":"LineString","coordinates":[[8.82097,52.28516],[8.82095,52.28516],[8.82065,52.28455],[8.82055,52.2844],[8.81966,52.28277]]}},{"type":"Feature","properties":{"name":"Ruschbecke","kind":"stream","herkunft":"kreiskarte"},"geometry":{"type":"LineString","coordinates":[[8.81966,52.28277],[8.8198,52.28274],[8.81928,52.28242],[8.8189,52.28232],[8.81817,52.28198],[8.81792,52.28177],[8.81797,52.28165],[8.81827,52.28148],[8.81811,52.28101],[8.81786,52.28075],[8.81783,52.28045],[8.81832,52.27985],[8.81833,52.2795],[8.81793,52.27935],[8.81719,52.27942],[8.81617,52.27894],[8.81591,52.2789],[8.81551,52.27908],[8.81489,52.2796],[8.81471,52.27966],[8.81484,52.27953],[8.81492,52.27896],[8.81468,52.27871],[8.81351,52.27846],[8.81271,52.27846],[8.81334,52.27841],[8.8131,52.27832],[8.81299,52.27799],[8.81304,52.27652],[8.81267,52.27613],[8.81206,52.27613],[8.81194,52.27602],[8.812,52.27572],[8.81251,52.27562],[8.81268,52.27544],[8.81267,52.27435],[8.81252,52.27367]]}},{"type":"Feature","properties":{"name":"Ruschbecke","kind":"stream","herkunft":"heute"},"geometry":{"type":"LineString","coordinates":[[8.81252,52.27367],[8.81179,52.27374],[8.81155,52.2728],[8.8115,52.27265],[8.811,52.2708],[8.81095,52.27065],[8.8098,52.26945],[8.8096,52.26915],[8.80948,52.26903]]}},{"type":"Feature","properties":{"name":"Ruschbecke","kind":"stream","herkunft":"kreiskarte"},"geometry":{"type":"LineString","coordinates":[[8.80948,52.26903],[8.80998,52.26885],[8.80928,52.26842],[8.80903,52.26836],[8.80867,52.26848],[8.80857,52.26875],[8.80833,52.26827],[8.80812,52.26841],[8.80781,52.26848],[8.80756,52.26835],[8.80739,52.26812],[8.80776,52.26745],[8.80831,52.26728],[8.80841,52.26718],[8.80826,52.26635],[8.80832,52.26635],[8.80838,52.26636],[8.80845,52.26637],[8.80852,52.26637],[8.8086,52.26637],[8.80867,52.26637],[8.80874,52.26638],[8.8088,52.26639],[8.80886,52.26641],[8.80892,52.26643],[8.80898,52.26646],[8.80904,52.26648],[8.80908,52.2665],[8.80909,52.26651],[8.80906,52.26649],[8.80901,52.26647],[8.80895,52.26645],[8.80889,52.26642],[8.80883,52.2664],[8.80877,52.26639],[8.8087,52.26637],[8.80863,52.26637],[8.80856,52.26637],[8.80848,52.26637],[8.80841,52.26636],[8.80834,52.26635],[8.80829,52.26634],[8.80825,52.26632],[8.80841,52.26603],[8.80847,52.26555],[8.80797,52.26517],[8.80816,52.26447],[8.80768,52.26415],[8.80778,52.26395],[8.808,52.26383],[8.80839,52.26374],[8.80854,52.26361],[8.80834,52.26346],[8.80828,52.26344],[8.80821,52.26343],[8.80814,52.26343],[8.80807,52.26343],[8.808,52.26342],[8.80794,52.26341],[8.80791,52.2634],[8.80847,52.26343]]}},{"type":"Feature","properties":{"name":"Ruschbecke","kind":"stream","herkunft":"heute"},"geometry":{"type":"LineString","coordinates":[[8.80847,52.26343],[8.80772,52.2636],[8.8076,52.2634]]}},{"type":"Feature","properties":{"name":"Biemkerbach","kind":"stream","herkunft":"heute"},"geometry":{"type":"LineString","coordinates":[[8.8284,52.28795],[8.82828,52.28781]]}},{"type":"Feature","properties":{"name":"Biemkerbach","kind":"stream","herkunft":"kreiskarte"},"geometry":{"type":"LineString","coordinates":[[8.82828,52.28781],[8.82752,52.28805],[8.82785,52.28782],[8.82803,52.28759],[8.82803,52.2871],[8.8279,52.28677],[8.82683,52.2861],[8.8267,52.28582],[8.82602,52.28531],[8.82566,52.28474],[8.82508,52.28489],[8.82468,52.28471],[8.82426,52.28462],[8.8239,52.28417],[8.82384,52.2838],[8.82425,52.28344],[8.82427,52.28332],[8.82415,52.28308],[8.82333,52.28229],[8.82341,52.28142],[8.82267,52.28108],[8.82241,52.28088],[8.82208,52.28047],[8.8222,52.28011],[8.82215,52.27994],[8.82149,52.27952],[8.82106,52.27909],[8.82069,52.27887],[8.8205,52.27884],[8.82044,52.27885],[8.82039,52.27888],[8.82036,52.27891],[8.82026,52.27911],[8.82057,52.27848],[8.82172,52.27836],[8.82189,52.27824],[8.82203,52.27746],[8.82145,52.27707],[8.82141,52.27696],[8.82166,52.27666],[8.82164,52.2762],[8.82209,52.27602],[8.82218,52.27592],[8.82233,52.27451],[8.822,52.27369],[8.82212,52.27347],[8.8224,52.27336],[8.82363,52.2734],[8.82404,52.27336],[8.82453,52.27347],[8.82471,52.27335],[8.82487,52.27304],[8.82506,52.273],[8.82537,52.27309],[8.82596,52.2729],[8.8263,52.27293],[8.82675,52.2732],[8.82718,52.2732],[8.82755,52.273],[8.82765,52.27258],[8.82818,52.27236],[8.82808,52.27217],[8.8271,52.27142],[8.82723,52.2711],[8.82722,52.2707],[8.82678,52.27009],[8.82712,52.26949],[8.82725,52.26903],[8.82752,52.26885],[8.82711,52.26879],[8.82678,52.26864],[8.82671,52.26847],[8.82681,52.26825],[8.82657,52.26782],[8.82678,52.26751],[8.82682,52.26725],[8.82727,52.26712],[8.82756,52.26682],[8.82735,52.26665],[8.82694,52.26659],[8.82631,52.26633],[8.82619,52.26618],[8.82616,52.26564],[8.82554,52.26537],[8.82559,52.26521],[8.82608,52.26483],[8.8264,52.26476],[8.82618,52.2647],[8.826,52.26434],[8.82571,52.26405],[8.8256,52.26348],[8.82566,52.26247],[8.82555,52.26222],[8.82508,52.26189]]}},{"type":"Feature","properties":{"name":"Rothenuffelner Mühlenbach","kind":"stream","herkunft":"heute"},"geometry":{"type":"LineString","coordinates":[[8.79055,52.2851],[8.79105,52.28595],[8.7914,52.2865],[8.79125,52.2866],[8.79115,52.28665],[8.79115,52.2867],[8.79115,52.28685],[8.79115,52.2869],[8.79125,52.2872],[8.79145,52.2873],[8.7921,52.2876],[8.79235,52.2876],[8.7926,52.2877],[8.7929,52.28795],[8.79315,52.28805],[8.79345,52.28815],[8.7936,52.28815],[8.79385,52.2881],[8.7943,52.2881],[8.79445,52.2881],[8.7947,52.28825],[8.79475,52.28845],[8.7945,52.2889],[8.7945,52.28905],[8.79465,52.2892],[8.7951,52.28945],[8.7954,52.28945],[8.7957,52.28945],[8.79645,52.2893],[8.79665,52.28935],[8.79685,52.28965],[8.79715,52.28995],[8.7973,52.2901],[8.79775,52.2904],[8.79785,52.29055],[8.79825,52.2911],[8.7987,52.29155],[8.7993,52.29235],[8.8005,52.2939],[8.80075,52.2943],[8.801,52.2951],[8.8012,52.2957],[8.8011,52.296],[8.80135,52.2962],[8.80135,52.2965],[8.80195,52.297],[8.802,52.29725],[8.8023,52.29745]]}},{"type":"Feature","properties":{"name":"Mühlenbach","kind":"stream","herkunft":"heute"},"geometry":{"type":"LineString","coordinates":[[8.79055,52.2851],[8.7904,52.2845],[8.7904,52.28445],[8.79035,52.28425]]}},{"type":"Feature","properties":{"name":"Mühlenbach","kind":"stream","herkunft":"kreiskarte"},"geometry":{"type":"LineString","coordinates":[[8.79035,52.28425],[8.79071,52.2841],[8.79071,52.28406],[8.79071,52.28407],[8.7907,52.28404],[8.79068,52.28402],[8.79067,52.28398],[8.79065,52.28394],[8.79064,52.2839],[8.79063,52.28385],[8.79061,52.28381],[8.79058,52.28375],[8.7906,52.28378],[8.79062,52.28383],[8.79063,52.28387],[8.79064,52.28391],[8.79066,52.28395],[8.79067,52.28399],[8.79068,52.284],[8.79068,52.28399],[8.79066,52.28396],[8.79065,52.28392],[8.79064,52.28388],[8.79063,52.28385],[8.79063,52.28384],[8.79063,52.28385],[8.79063,52.28388],[8.79063,52.28392],[8.79063,52.28396],[8.79051,52.28405],[8.79012,52.28401],[8.78957,52.28325],[8.78908,52.28321],[8.78862,52.28331],[8.78876,52.28315],[8.78881,52.28285],[8.789,52.28272],[8.78926,52.28267],[8.78959,52.28273],[8.78966,52.28274],[8.78973,52.28275],[8.78987,52.28276],[8.78993,52.28277],[8.79002,52.28278],[8.78995,52.28277],[8.78954,52.28272],[8.7889,52.28247],[8.78877,52.28219],[8.78887,52.28203],[8.78861,52.28199],[8.78844,52.28185],[8.78772,52.28073],[8.78772,52.28055],[8.78783,52.28045],[8.78882,52.28038],[8.78955,52.27964],[8.78936,52.27942],[8.78933,52.27902],[8.78914,52.27875],[8.78906,52.27841],[8.78876,52.27823],[8.78842,52.27821],[8.78858,52.27805],[8.78851,52.2778],[8.78784,52.27766],[8.7884,52.27762],[8.78852,52.27753],[8.78852,52.27742],[8.78811,52.2772],[8.78739,52.27718],[8.78772,52.27709],[8.78776,52.27673],[8.78804,52.27667],[8.78834,52.27648],[8.78843,52.27632],[8.78839,52.2762],[8.78823,52.27613],[8.78794,52.27613],[8.78769,52.27619],[8.78762,52.27621],[8.78755,52.27622],[8.78749,52.27623],[8.78743,52.27625],[8.78736,52.27627],[8.7873,52.27629],[8.78724,52.2763],[8.78717,52.27631],[8.78712,52.27631],[8.78711,52.27631],[8.78712,52.27631],[8.78717,52.27631],[8.78724,52.2763],[8.78731,52.27629],[8.78743,52.27625],[8.78749,52.27623],[8.78756,52.27622],[8.78762,52.27621],[8.78769,52.27619],[8.78775,52.27617],[8.7878,52.27616],[8.78782,52.27614],[8.78781,52.27615],[8.78777,52.27617],[8.7877,52.27619],[8.78764,52.2762],[8.78757,52.27622],[8.78751,52.27623],[8.78745,52.27625],[8.78732,52.27628],[8.78726,52.2763],[8.78719,52.27631],[8.78713,52.2763],[8.78708,52.2763],[8.78707,52.2763],[8.7877,52.27619],[8.78783,52.27604],[8.78705,52.27568],[8.78644,52.27529],[8.78621,52.27536],[8.78606,52.27545],[8.78593,52.2756],[8.78589,52.27564],[8.78584,52.27567],[8.78578,52.27569],[8.78572,52.27571],[8.78565,52.27572],[8.78558,52.27573],[8.78551,52.27573],[8.78544,52.27572],[8.78537,52.2757],[8.78531,52.27568],[8.78526,52.27566],[8.7852,52.27563],[8.78514,52.27561],[8.78507,52.2756],[8.785,52.27559],[8.78493,52.2756],[8.78485,52.2756],[8.78478,52.2756],[8.78474,52.2756],[8.78472,52.2756],[8.78474,52.2756],[8.78479,52.2756],[8.78486,52.2756],[8.78493,52.2756],[8.78501,52.2756],[8.78508,52.2756],[8.78514,52.27561],[8.78521,52.27563],[8.78526,52.27566],[8.78532,52.27569],[8.78538,52.27571],[8.78544,52.27572],[8.78551,52.27573],[8.78559,52.27573],[8.78566,52.27572],[8.78572,52.27571],[8.78579,52.27569],[8.78584,52.27567],[8.78589,52.27564],[8.78593,52.27561],[8.78595,52.2756],[8.78589,52.27564],[8.78584,52.27567],[8.78578,52.27569],[8.78572,52.27571],[8.78565,52.27572],[8.78558,52.27573],[8.78551,52.27573],[8.78544,52.27572],[8.78537,52.2757],[8.78531,52.27568],[8.78526,52.27566],[8.7852,52.27563],[8.78514,52.27561],[8.78507,52.2756],[8.785,52.27559],[8.78493,52.2756],[8.78485,52.2756],[8.78478,52.2756],[8.78463,52.27554],[8.78465,52.27532],[8.78528,52.27498],[8.78527,52.2746],[8.7846,52.27435],[8.78412,52.27437],[8.78388,52.27429],[8.7837,52.27416],[8.78349,52.27376],[8.78342,52.27326],[8.78333,52.27315],[8.78305,52.273],[8.78257,52.27295],[8.78233,52.27275],[8.78195,52.27272],[8.78097,52.27207],[8.78062,52.27158],[8.78072,52.27147],[8.78095,52.27141],[8.78038,52.27127],[8.78016,52.27111],[8.78029,52.27083],[8.78026,52.27021],[8.78013,52.27012],[8.77973,52.27015],[8.77954,52.2701],[8.77976,52.26966],[8.78005,52.26948],[8.77912,52.26937],[8.77828,52.26907]]}},{"type":"Feature","properties":{"name":"Mühlenbach","kind":"stream","herkunft":"heute"},"geometry":{"type":"LineString","coordinates":[[8.77828,52.26907],[8.77896,52.26904],[8.77895,52.26895]]}},{"type":"Feature","properties":{"name":"Fuchsbach","kind":"stream","herkunft":"heute"},"geometry":{"type":"LineString","coordinates":[[8.778,52.27305],[8.7783,52.27305],[8.77835,52.27305],[8.77845,52.2732],[8.77895,52.27395],[8.77905,52.27405],[8.78065,52.27675],[8.78085,52.27735],[8.78095,52.278],[8.78125,52.2789],[8.7821,52.2813],[8.78245,52.2826],[8.78655,52.28255],[8.78675,52.2826],[8.7871,52.28265],[8.7879,52.2829],[8.78855,52.28305],[8.7884,52.283],[8.78915,52.2832],[8.7893,52.28315]]}},{"type":"Feature","properties":{"name":"Mühlenbach","kind":"stream","herkunft":"heute"},"geometry":{"type":"LineString","coordinates":[[8.7886,52.28005],[8.7884,52.28015],[8.7871,52.28265]]}},{"type":"Feature","properties":{"name":"Elfterbach","kind":"stream","herkunft":"heute"},"geometry":{"type":"LineString","coordinates":[[8.77953,52.30318],[8.77835,52.30135],[8.77955,52.3009],[8.7808,52.30005]]}},{"type":"Feature","properties":{"name":"Unterlübber Mühlenbach","kind":"stream","herkunft":"heute"},"geometry":{"type":"LineString","coordinates":[[8.7588,52.2971],[8.7587,52.2973],[8.7587,52.2974],[8.75885,52.29785],[8.7591,52.2981],[8.7593,52.29815],[8.7603,52.29805],[8.76075,52.29795],[8.7617,52.29775],[8.7622,52.2978],[8.76265,52.2984],[8.7627,52.2984],[8.76375,52.29835],[8.76445,52.3],[8.76565,52.3017],[8.7657,52.30195],[8.76565,52.30205],[8.76505,52.30295],[8.7649,52.3034],[8.7649,52.3038],[8.76505,52.304],[8.7658,52.30445],[8.76575,52.30465],[8.7658,52.30475],[8.76605,52.3047],[8.7663,52.30475],[8.76695,52.30525],[8.7677,52.3051],[8.76845,52.30605],[8.76885,52.3069]]}},{"type":"Feature","properties":{"name":"Eikhorster Mühlenbach","kind":"stream","herkunft":"kreiskarte"},"geometry":{"type":"LineString","coordinates":[[8.72057,52.28689],[8.72057,52.28684],[8.72059,52.28722],[8.72077,52.2874],[8.72103,52.2874],[8.72126,52.28722],[8.72101,52.28742],[8.7205,52.28745],[8.72008,52.28771],[8.72076,52.28804],[8.7214,52.28869],[8.72189,52.28902],[8.72162,52.28972],[8.72185,52.28976],[8.72237,52.28966],[8.72244,52.28945],[8.72328,52.28955],[8.72369,52.2898],[8.72415,52.28982],[8.72407,52.28995],[8.72373,52.29009],[8.72365,52.2902],[8.72391,52.29058],[8.7243,52.29093],[8.72539,52.29142],[8.72618,52.29129],[8.727,52.2915],[8.72729,52.29178],[8.72736,52.29235],[8.72812,52.2927],[8.72826,52.2929],[8.72828,52.29298],[8.72828,52.29303],[8.72828,52.29307],[8.72828,52.29312],[8.72829,52.29316],[8.7283,52.2932],[8.72832,52.29324],[8.72834,52.29327],[8.72829,52.29302],[8.72842,52.29287],[8.72855,52.29283],[8.72868,52.29283],[8.72874,52.29285],[8.7288,52.29287],[8.72886,52.2929],[8.72891,52.29293],[8.72895,52.29296],[8.72899,52.29299],[8.729,52.29299],[8.729,52.29299],[8.72897,52.29298],[8.72888,52.29291],[8.72883,52.29288],[8.72877,52.29286],[8.72871,52.29284],[8.72865,52.29283],[8.72858,52.29284],[8.72836,52.29309],[8.72877,52.29498],[8.72906,52.2952],[8.72984,52.29526],[8.7302,52.29566],[8.73083,52.29606],[8.7312,52.29678],[8.7318,52.29744],[8.73173,52.2976],[8.73136,52.29789],[8.7316,52.29822],[8.73201,52.29853],[8.73188,52.29884],[8.73233,52.29915],[8.73295,52.29923],[8.7333,52.29955],[8.73331,52.29995],[8.73315,52.30018],[8.73272,52.30042],[8.73227,52.30039],[8.73301,52.30058],[8.7333,52.30056],[8.73352,52.30045],[8.7336,52.3009],[8.73332,52.30107],[8.73324,52.30108],[8.73317,52.30108],[8.7331,52.30108],[8.73302,52.30108],[8.73295,52.30108],[8.73287,52.30108],[8.7328,52.30108],[8.73272,52.30108],[8.73265,52.30108],[8.73257,52.30108],[8.7325,52.30108],[8.73242,52.30108],[8.73235,52.30108],[8.73228,52.30108],[8.7322,52.30108],[8.73213,52.30108],[8.73198,52.30106],[8.73202,52.30106],[8.73214,52.30108],[8.73222,52.30108],[8.73229,52.30108],[8.73236,52.30108],[8.73244,52.30108],[8.73251,52.30108],[8.73258,52.30109],[8.73267,52.30115],[8.73261,52.30158],[8.73228,52.30172],[8.73221,52.30188],[8.73254,52.30172],[8.73316,52.30178],[8.73372,52.30195],[8.73397,52.3022],[8.73399,52.3025],[8.73391,52.30262],[8.73386,52.30265],[8.7338,52.30268],[8.73375,52.30272],[8.7337,52.30274],[8.73364,52.30276],[8.73358,52.30277],[8.73352,52.30276],[8.73347,52.30274],[8.73341,52.30271],[8.73336,52.30268],[8.73332,52.30264],[8.73329,52.3026],[8.73325,52.30257],[8.73323,52.30254],[8.73323,52.30252],[8.73326,52.30257],[8.73329,52.30261],[8.73332,52.30265],[8.73337,52.30268],[8.73342,52.30271],[8.73348,52.30274],[8.73353,52.30276],[8.73359,52.30277],[8.73365,52.30276],[8.73371,52.30274],[8.73376,52.30271],[8.73397,52.30258],[8.73403,52.30256],[8.73409,52.30254],[8.73416,52.30252],[8.73423,52.30252],[8.7343,52.30252],[8.73438,52.30252],[8.73445,52.30252],[8.73452,52.30252],[8.73459,52.30252],[8.73466,52.30254],[8.73472,52.30255],[8.73477,52.30258],[8.73481,52.30262],[8.73484,52.30265],[8.73492,52.30274],[8.73488,52.3027],[8.73482,52.30263],[8.73478,52.30259],[8.73473,52.30256],[8.73468,52.30254],[8.73461,52.30253],[8.73454,52.30252],[8.73447,52.30252],[8.73439,52.30252],[8.73432,52.30252],[8.73424,52.30252],[8.73417,52.30252],[8.73411,52.30253],[8.73372,52.30278],[8.73364,52.30293],[8.73594,52.30472],[8.73619,52.30474],[8.73642,52.30465],[8.73684,52.3046],[8.73724,52.30443],[8.73766,52.30438],[8.73801,52.30414],[8.73833,52.30455],[8.73819,52.30483],[8.73824,52.30495],[8.7387,52.30505],[8.73837,52.30522],[8.7383,52.30561],[8.7379,52.30605],[8.73793,52.30657],[8.73754,52.30671],[8.73818,52.30657],[8.73855,52.30669],[8.73864,52.3068],[8.73858,52.30728]]}},{"type":"Feature","properties":{"name":"Eikhorster Mühlenbach","kind":"stream","herkunft":"heute"},"geometry":{"type":"LineString","coordinates":[[8.73858,52.30728],[8.73803,52.30731],[8.73805,52.30745],[8.7384,52.30845],[8.73845,52.3087],[8.73835,52.3088],[8.73825,52.3089],[8.73825,52.30915],[8.7385,52.30965],[8.7387,52.3099],[8.73877,52.31132]]}},{"type":"Feature","properties":{"name":"Fischerbach","kind":"stream","herkunft":"heute"},"geometry":{"type":"LineString","coordinates":[[8.72465,52.31585],[8.7245,52.3158],[8.7244,52.31575],[8.72315,52.31285],[8.7222,52.31215],[8.72195,52.31195],[8.72165,52.31175],[8.72155,52.3117],[8.721,52.31045],[8.7211,52.30975],[8.7211,52.3097],[8.7209,52.30965],[8.7201,52.3092],[8.72005,52.3092],[8.71955,52.30925],[8.71915,52.30925],[8.7187,52.3093],[8.71865,52.3092],[8.71715,52.30825],[8.7166,52.3076],[8.71625,52.3067],[8.71595,52.30665],[8.71575,52.3058],[8.71635,52.3053],[8.71635,52.30515],[8.716,52.304]]}},{"type":"Feature","properties":{"name":"Bastau","kind":"river","herkunft":"heute"},"geometry":{"type":"LineString","coordinates":[[8.82803,52.2871],[8.8323,52.28685],[8.8337,52.2866]]}},{"type":"Feature","properties":{"name":"Bastau","kind":"river","herkunft":"heute"},"geometry":{"type":"LineString","coordinates":[[8.74445,52.31145],[8.74502,52.31119]]}},{"type":"Feature","properties":{"name":"Bastau","kind":"river","herkunft":"kreiskarte"},"geometry":{"type":"LineString","coordinates":[[8.74502,52.31119],[8.74524,52.31137],[8.74542,52.31123],[8.74543,52.31111],[8.74479,52.3107],[8.74521,52.31094],[8.74564,52.31109],[8.74591,52.31107],[8.74642,52.31082]]}},{"type":"Feature","properties":{"name":"Bastau","kind":"river","herkunft":"heute"},"geometry":{"type":"LineString","coordinates":[[8.86972,52.28086],[8.87625,52.282],[8.8763,52.282]]}},{"type":"Feature","properties":{"name":"Bastau","kind":"river","herkunft":"kreiskarte"},"geometry":{"type":"LineString","coordinates":[[8.8763,52.282],[8.87636,52.28157],[8.87673,52.28211],[8.87714,52.28227],[8.87762,52.28234]]}},{"type":"Feature","properties":{"name":"Bastau","kind":"river","herkunft":"kreiskarte"},"geometry":{"type":"LineString","coordinates":[[8.80195,52.297],[8.80709,52.2953],[8.80789,52.29517],[8.80817,52.29504]]}},{"type":"Feature","properties":{"name":"Bastau","kind":"river","herkunft":"heute"},"geometry":{"type":"LineString","coordinates":[[8.80817,52.29504],[8.80827,52.29514],[8.80854,52.29504]]}},{"type":"Feature","properties":{"name":"Bastau","kind":"river","herkunft":"kreiskarte"},"geometry":{"type":"LineString","coordinates":[[8.80854,52.29504],[8.80835,52.29484],[8.80882,52.29438]]}},{"type":"Feature","properties":{"name":"Bastau","kind":"river","herkunft":"heute"},"geometry":{"type":"LineString","coordinates":[[8.80882,52.29438],[8.80929,52.29461],[8.8093,52.2946]]}},{"type":"Feature","properties":{"name":"Wittelsbach","kind":"stream","herkunft":"heute"},"geometry":{"type":"LineString","coordinates":[[8.6684,52.3207],[8.6672,52.32065],[8.66475,52.31895],[8.66415,52.316],[8.66395,52.3152]]}},{"type":"Feature","properties":{"name":"Grundbach","kind":"stream","herkunft":"heute"},"geometry":{"type":"LineString","coordinates":[[8.87045,52.2946],[8.87056,52.29488]]}},{"type":"Feature","properties":{"name":"Grundbach","kind":"stream","herkunft":"kreiskarte"},"geometry":{"type":"LineString","coordinates":[[8.87056,52.29488],[8.87045,52.2949],[8.87032,52.29517],[8.87059,52.29535],[8.87027,52.29515],[8.86986,52.29426],[8.86977,52.29374],[8.86987,52.29358],[8.87038,52.29328],[8.87031,52.29303],[8.87067,52.29276],[8.87072,52.29259],[8.86987,52.29163],[8.86942,52.29075],[8.86937,52.29049],[8.86958,52.29001],[8.86954,52.28988],[8.86939,52.28981],[8.86881,52.28979],[8.86863,52.28967],[8.86838,52.28847],[8.86793,52.28773],[8.86808,52.28731],[8.86809,52.2866],[8.86826,52.28647],[8.86876,52.28635],[8.86883,52.28578],[8.86928,52.28545],[8.86934,52.28532],[8.86896,52.28447],[8.86909,52.28356],[8.86872,52.28316],[8.868,52.28258],[8.86847,52.28216],[8.86972,52.28086]]}},{"type":"Feature","properties":{"name":"Weser","kind":"river","herkunft":"heute"},"geometry":{"type":"LineString","coordinates":[[8.91974,52.2854],[8.9208,52.28285],[8.9216,52.28515],[8.9215,52.2806]]}},{"type":"Feature","properties":{"name":"Weser","kind":"river","herkunft":"heute"},"geometry":{"type":"LineString","coordinates":[[9.25,52.15789],[9.2489,52.15795],[9.2451,52.15865],[9.2411,52.16015],[9.237,52.1617],[9.2355,52.1618],[9.23405,52.16165],[9.22795,52.1606],[9.22505,52.16125],[9.2215,52.1617],[9.218,52.16205],[9.2162,52.16205],[9.2144,52.1619],[9.212,52.16125],[9.2104,52.1606],[9.20905,52.1599],[9.20595,52.15815],[9.20375,52.15785],[9.2023,52.15805],[9.2014,52.15825],[9.1996,52.15915],[9.1973,52.1605],[9.1941,52.16195],[9.19205,52.16345],[9.19035,52.16515],[9.1894,52.167],[9.189,52.1687],[9.1885,52.17255],[9.188,52.1737],[9.1871,52.17475],[9.1845,52.17605],[9.18175,52.17625],[9.1792,52.1759],[9.17735,52.1751],[9.17575,52.17385],[9.17385,52.171],[9.1725,52.1698],[9.1702,52.1694],[9.1679,52.16985],[9.1658,52.1705],[9.16255,52.17185],[9.16085,52.17375],[9.16065,52.17635],[9.15945,52.17915],[9.15655,52.1817],[9.15295,52.18355],[9.14975,52.18515],[9.14715,52.18555],[9.1451,52.18535],[9.14325,52.18475],[9.14145,52.1835],[9.14032,52.18252],[9.1387,52.18115],[9.13295,52.17675],[9.13145,52.17605],[9.1292,52.17535],[9.1273,52.17495],[9.1237,52.17485],[9.1211,52.17505],[9.1186,52.1757],[9.1138,52.1774],[9.11035,52.17845],[9.1054,52.17925],[9.10345,52.17995],[9.1021,52.18065],[9.10105,52.1816],[9.1006,52.18265],[9.1006,52.18405],[9.1014,52.18525],[9.10385,52.1874],[9.10455,52.1882],[9.10485,52.1888],[9.10505,52.18925],[9.1051,52.1898],[9.105,52.1903],[9.1048,52.1909],[9.10445,52.19145],[9.104,52.192],[9.10345,52.1925],[9.103,52.19285],[9.1024,52.1932],[9.1017,52.1935],[9.1008,52.1938],[9.0996,52.1941],[9.09865,52.1943],[9.09785,52.1944],[9.09685,52.19445],[9.096,52.19445],[9.0959,52.19445],[9.0951,52.1944],[9.09445,52.19435],[9.0936,52.1942],[9.09285,52.194],[9.09215,52.19375],[9.09155,52.19355],[9.0903,52.19295],[9.088,52.1918],[9.08655,52.1912],[9.08535,52.1908],[9.08455,52.1906],[9.08335,52.1904],[9.08245,52.1903],[9.08135,52.1902],[9.0798,52.1903],[9.07535,52.19095],[9.0739,52.19135],[9.0709,52.193],[9.069,52.1939],[9.0676,52.1946],[9.0661,52.1953],[9.06255,52.1965],[9.06065,52.19695],[9.0573,52.1978],[9.0561,52.198],[9.05505,52.1981],[9.05405,52.1981],[9.0523,52.19775],[9.05155,52.1975],[9.0504,52.19695],[9.05038,52.19693]]}},{"type":"Feature","properties":{"name":"Weser","kind":"river","herkunft":"kreiskarte"},"geometry":{"type":"LineString","coordinates":[[9.05038,52.19693],[9.05011,52.19707],[9.04943,52.19658],[9.04838,52.19562],[9.04577,52.19257],[9.04408,52.19133],[9.04222,52.19023],[9.04152,52.18991],[9.03879,52.18917],[9.03747,52.18905],[9.03371,52.18906],[9.03192,52.18917],[9.03024,52.18945],[9.02906,52.18993],[9.02812,52.19056],[9.02742,52.1914],[9.02717,52.19225],[9.02674,52.1948],[9.02652,52.19533],[9.02611,52.19576],[9.02546,52.19621],[9.02366,52.19695],[9.02192,52.19748],[9.02023,52.19779],[9.01951,52.19784],[9.01785,52.19764],[9.01665,52.19719],[9.01561,52.19664],[9.01337,52.19469],[9.01313,52.19457],[9.01051,52.1909],[9.00925,52.18998],[9.00865,52.18966],[9.00687,52.18939],[9.00568,52.18938],[9.00418,52.18961],[9.00134,52.1902],[8.99992,52.19071],[8.99939,52.191],[8.99851,52.19173],[8.99799,52.19205],[8.99564,52.19462],[8.99534,52.19489],[8.99505,52.19503],[8.99387,52.19584],[8.99313,52.19597],[8.99239,52.1962],[8.99105,52.19617],[8.98906,52.19596],[8.9866,52.19542],[8.98572,52.1951],[8.98437,52.19431],[8.98349,52.19371],[8.98277,52.19299],[8.98242,52.19242],[8.98193,52.191],[8.98192,52.19023],[8.98211,52.18964],[8.98233,52.18921],[8.98278,52.18885],[8.98417,52.18818],[8.98476,52.18809],[8.98617,52.18768],[8.98839,52.18732],[8.98874,52.18717],[8.98964,52.18655],[8.98977,52.18638],[8.99023,52.18551],[8.99037,52.18452],[8.99006,52.18357],[8.98916,52.18248],[8.98892,52.18231],[8.9879,52.18171],[8.98738,52.1815],[8.98433,52.1808],[8.98218,52.18084],[8.98061,52.18117],[8.97983,52.18141],[8.97879,52.18181],[8.9783,52.18207],[8.97352,52.185],[8.97207,52.18544],[8.9704,52.18569],[8.96947,52.18565],[8.96903,52.18557],[8.96796,52.18523],[8.96691,52.18478],[8.9656,52.18398],[8.96434,52.18281],[8.96365,52.18247],[8.9608,52.18176],[8.95984,52.1816],[8.95887,52.1816],[8.95801,52.18172],[8.95529,52.1823],[8.95105,52.18309],[8.9455,52.18341],[8.94407,52.18371],[8.9369,52.18557],[8.93573,52.18574],[8.93369,52.18585],[8.93212,52.18584],[8.93013,52.18573],[8.92794,52.18552],[8.92711,52.18536],[8.92664,52.18517],[8.92608,52.18482],[8.92289,52.18232],[8.92296,52.18236]]}},{"type":"Feature","properties":{"name":"Weser","kind":"river","herkunft":"heute"},"geometry":{"type":"LineString","coordinates":[[8.92296,52.18236],[8.92319,52.18228],[8.9212,52.18015],[8.91805,52.1777],[8.91305,52.17335],[8.9097,52.1713],[8.90815,52.17045],[8.9057,52.16805],[8.90445,52.1666],[8.9028,52.16575],[8.89945,52.1652],[8.8934,52.1657],[8.8882,52.1657],[8.8832,52.1655],[8.88015,52.16535],[8.8779,52.16545],[8.87708,52.16557],[8.87535,52.1658],[8.8729,52.16675],[8.86825,52.1686],[8.86725,52.16945],[8.8666,52.1701],[8.866,52.1726],[8.8656,52.17385],[8.8647,52.17505],[8.8616,52.1783],[8.8605,52.18115],[8.86046,52.18146]]}},{"type":"Feature","properties":{"name":"Weser","kind":"river","herkunft":"kreiskarte"},"geometry":{"type":"LineString","coordinates":[[8.86046,52.18146],[8.86023,52.18145],[8.86009,52.18377],[8.86019,52.1849],[8.86127,52.18778],[8.86089,52.18697],[8.86127,52.18828],[8.8634,52.19302],[8.86355,52.19403],[8.86336,52.19511],[8.86308,52.19562],[8.86033,52.19802],[8.85923,52.1991],[8.85663,52.20254],[8.85526,52.20509],[8.85327,52.20943],[8.85245,52.21072],[8.85126,52.21204],[8.84845,52.21392],[8.84727,52.21413],[8.84471,52.21446],[8.84319,52.21462],[8.83963,52.21485],[8.8384,52.21507],[8.83712,52.21557],[8.83531,52.21645],[8.8339,52.2172],[8.83252,52.21811],[8.83261,52.21805],[8.83287,52.21787],[8.83322,52.21763],[8.83356,52.2174],[8.83381,52.21724],[8.83386,52.2172],[8.83053,52.21939],[8.82943,52.22058],[8.82887,52.22147],[8.82873,52.22202],[8.82883,52.22235],[8.82931,52.22319],[8.82961,52.22352],[8.83016,52.22387],[8.83153,52.22438],[8.83397,52.22512],[8.83262,52.22472],[8.83414,52.22526],[8.8355,52.22586],[8.83676,52.2265],[8.83762,52.22708],[8.8385,52.22794],[8.83908,52.22884],[8.83922,52.22946],[8.83938,52.23116],[8.83977,52.2321],[8.84027,52.2326],[8.84136,52.23327],[8.84213,52.2336],[8.84298,52.23383],[8.8439,52.23399],[8.84512,52.2341],[8.84976,52.23395],[8.85253,52.23367],[8.85348,52.23369],[8.85501,52.23399],[8.85675,52.23454],[8.85786,52.23506],[8.85922,52.23602],[8.86155,52.23902],[8.86314,52.24073],[8.86439,52.24157],[8.86515,52.24192],[8.86574,52.2421],[8.86801,52.24238],[8.86919,52.24245],[8.87104,52.24234],[8.87292,52.24205],[8.87482,52.24158],[8.87438,52.24167],[8.87569,52.24116],[8.87602,52.24104],[8.8763,52.24094],[8.87669,52.2408],[8.87675,52.24085],[8.87632,52.24108],[8.87475,52.24158],[8.87571,52.24116],[8.87607,52.24101],[8.87641,52.24088],[8.87669,52.24076],[8.87774,52.24034],[8.88094,52.23867],[8.883,52.23784],[8.8842,52.23752],[8.88564,52.23726],[8.88676,52.23726],[8.888,52.2371],[8.88925,52.23723],[8.89198,52.23779],[8.89414,52.23837],[8.90098,52.24004],[8.91004,52.24138],[8.9144,52.24196],[8.91754,52.24254],[8.91825,52.24284],[8.91936,52.24376],[8.91964,52.24411],[8.92,52.24488],[8.92125,52.24832],[8.92161,52.24956],[8.92131,52.25065],[8.92057,52.25236],[8.92012,52.2531],[8.91924,52.25424],[8.91883,52.25501],[8.91843,52.25673],[8.9184,52.25742],[8.91849,52.25797],[8.91901,52.25929],[8.92003,52.26132],[8.92328,52.26419],[8.92505,52.26563],[8.92599,52.26662],[8.92653,52.26732],[8.92695,52.26808],[8.92712,52.26864],[8.92733,52.27076],[8.92728,52.27163],[8.92692,52.27337],[8.92667,52.27373],[8.92549,52.27469],[8.92505,52.27519],[8.92172,52.27981],[8.92133,52.28059],[8.92085,52.28191],[8.92067,52.28269],[8.92069,52.28326],[8.92168,52.28596],[8.92298,52.28825],[8.92365,52.29011],[8.9241,52.29099],[8.92518,52.29249],[8.9266,52.29398],[8.92823,52.29548],[8.92718,52.29467],[8.92995,52.29764],[8.93087,52.29921],[8.93119,52.30105],[8.93113,52.30167],[8.93067,52.30335],[8.93013,52.30439],[8.92998,52.30489],[8.92849,52.30665],[8.92327,52.30972],[8.92202,52.31075],[8.92114,52.31176],[8.92059,52.31269],[8.92027,52.31384],[8.92025,52.31529],[8.92046,52.31622],[8.9214,52.31801],[8.92334,52.32114],[8.92445,52.32273],[8.92584,52.32441],[8.92742,52.32598],[8.93038,52.32936],[8.93091,52.32988],[8.93186,52.33062],[8.93289,52.33134],[8.93436,52.33221],[8.93518,52.33283],[8.93634,52.33398],[8.94127,52.33926],[8.94318,52.34088],[8.94799,52.34399],[8.9536,52.34786],[8.95435,52.34844],[8.95467,52.34887],[8.95588,52.34964],[8.95761,52.35113],[8.95959,52.35235],[8.96305,52.35395],[8.96637,52.35534],[8.96984,52.35628],[8.97598,52.35747],[8.97712,52.35775],[8.97799,52.35804],[8.97908,52.35858],[8.98068,52.35976],[8.98187,52.36087],[8.98226,52.36137],[8.98245,52.36199],[8.98235,52.36281],[8.98169,52.36473],[8.98049,52.36881],[8.97996,52.37005],[8.97867,52.37214],[8.97684,52.37459],[8.97581,52.37578],[8.97566,52.37583],[8.97364,52.37817],[8.97146,52.38031],[8.97111,52.3811],[8.9707,52.38159],[8.97043,52.3821],[8.97003,52.38442],[8.97037,52.3863],[8.97106,52.38784],[8.97186,52.38901],[8.97323,52.39025],[8.97469,52.39131],[8.97587,52.39191],[8.97669,52.39217],[8.9817,52.3934],[8.98272,52.39375],[8.98342,52.39408],[8.98401,52.3945],[8.9846,52.3952],[8.98503,52.39592],[8.98528,52.39667],[8.98546,52.39795],[8.98496,52.40012],[8.98473,52.40059],[8.98317,52.40257],[8.98332,52.40271],[8.98072,52.4051],[8.97858,52.40728],[8.97787,52.40811],[8.97715,52.4093],[8.97657,52.40996],[8.97643,52.41085],[8.97654,52.41201],[8.97684,52.41296],[8.97731,52.41382],[8.97785,52.41432],[8.97861,52.41472],[8.98183,52.41684],[8.9832,52.41766],[8.98427,52.41815],[8.98526,52.4185],[8.98636,52.41882],[8.98753,52.41905],[8.98959,52.41935],[8.99112,52.41949],[8.99731,52.41957],[9.0056,52.4193],[9.00725,52.41915],[9.00934,52.41885],[9.00792,52.41921],[9.0154,52.41794],[9.01715,52.41772],[9.01801,52.41771],[9.01914,52.41786],[9.02038,52.41816],[9.02263,52.41885],[9.02391,52.41935],[9.02489,52.41993],[9.02665,52.42129],[9.0276,52.42222],[9.02848,52.42404],[9.02879,52.42524],[9.02866,52.4276],[9.02849,52.42832],[9.02826,52.42871],[9.02773,52.42911],[9.02745,52.42927],[9.0272,52.42938],[9.02702,52.42946],[9.02694,52.4295],[9.02813,52.42869],[9.02719,52.42938],[9.02691,52.42957],[9.02641,52.42985],[9.02357,52.43113],[9.01787,52.43288],[9.01325,52.43394],[9.01238,52.4342],[9.01187,52.43443],[9.01076,52.43529],[9.01021,52.436],[9.00994,52.43673],[9.00944,52.43903],[9.00955,52.44012],[9.0102,52.44318],[9.01121,52.44651],[9.01186,52.44908],[9.0123,52.45018],[9.01312,52.45127],[9.01435,52.45259],[9.01597,52.45392],[9.0202,52.45804],[9.02089,52.45885],[9.02136,52.45984],[9.02285,52.46375],[9.02304,52.46453],[9.02306,52.46653],[9.0227,52.46899],[9.02285,52.47261],[9.0231,52.47506],[9.02372,52.47662],[9.02402,52.477],[9.025,52.47785],[9.02524,52.47853],[9.02558,52.47882],[9.02696,52.47944],[9.02837,52.47999],[9.02932,52.48027],[9.03081,52.48058],[9.03239,52.4808],[9.03363,52.48086],[9.03457,52.48081],[9.03585,52.48059],[9.03732,52.4802],[9.03842,52.47982],[9.03914,52.47945],[9.0408,52.4784],[9.04198,52.47748],[9.04533,52.47424],[9.04672,52.47303],[9.04825,52.47205],[9.04996,52.47083],[9.05308,52.46916],[9.05314,52.46896],[9.0533,52.46884],[9.05805,52.46757],[9.05917,52.46744],[9.06102,52.46734],[9.06447,52.46729],[9.06729,52.46739],[9.07018,52.46767],[9.07136,52.46787],[9.0723,52.4681],[9.07526,52.469],[9.07602,52.4693],[9.07815,52.47043],[9.07993,52.47118],[9.08078,52.47174],[9.08164,52.47254],[9.08256,52.47355],[9.08394,52.47551],[9.08435,52.4769],[9.08444,52.47785],[9.08427,52.47857],[9.08337,52.48115],[9.08298,52.48179],[9.08179,52.48326],[9.08035,52.48453],[9.07915,52.48548],[9.07738,52.48658],[9.07552,52.48798],[9.07322,52.48921],[9.07218,52.4901],[9.0702,52.49149],[9.06912,52.49259],[9.06871,52.49327],[9.0685,52.49384],[9.06836,52.49521],[9.06853,52.49579],[9.06899,52.49665],[9.06948,52.49787],[9.06987,52.49814],[9.07018,52.49821],[9.07154,52.49832],[9.07295,52.49827],[9.07456,52.49796],[9.07591,52.49787],[9.07838,52.49733],[9.08437,52.49633],[9.08912,52.4959],[9.09158,52.49582],[9.09255,52.49594],[9.09323,52.49611],[9.09414,52.49645],[9.09495,52.49686],[9.09596,52.49782],[9.09635,52.49922]]}},{"type":"Feature","properties":{"name":"Weser","kind":"river","herkunft":"heute"},"geometry":{"type":"LineString","coordinates":[[9.09635,52.49922],[9.0959,52.49925],[9.09575,52.5005],[9.09515,52.5015],[9.09415,52.5026],[9.093,52.5032],[9.0884,52.505],[9.08665,52.50585],[9.08495,52.5069],[9.08435,52.5073],[9.0835,52.50805],[9.0825,52.5093],[9.0811,52.513],[9.0799,52.515],[9.07865,52.517],[9.07845,52.51815],[9.0786,52.5191],[9.07905,52.5202],[9.07985,52.521],[9.08065,52.52155],[9.08135,52.522],[9.082,52.52225],[9.08255,52.52245],[9.0844,52.5228],[9.08685,52.5229],[9.09275,52.52255],[9.09735,52.5221],[9.09925,52.5219],[9.1,52.52185],[9.10175,52.5219],[9.1033,52.5221],[9.1047,52.5224],[9.1057,52.5227],[9.1076,52.5235],[9.10895,52.5246],[9.1096,52.5254],[9.11,52.5261],[9.1103,52.5276],[9.11025,52.52915],[9.1097,52.53025],[9.10895,52.53135],[9.10655,52.53425],[9.10595,52.5351],[9.10535,52.53605],[9.10465,52.53765],[9.10415,52.5392],[9.104,52.54015],[9.10395,52.54155],[9.10415,52.54265],[9.10455,52.54385],[9.1048,52.5443],[9.10575,52.54545],[9.1088,52.5488],[9.1102,52.55075],[9.11115,52.5524],[9.11195,52.5541],[9.1123,52.55605],[9.1123,52.55815],[9.1119,52.5596],[9.11177,52.56]]}},{"type":"Feature","properties":{"name":"Exter","kind":"river","herkunft":"heute"},"geometry":{"type":"LineString","coordinates":[[9.08779,52.18738],[9.0882,52.18785],[9.08552,52.19086]]}},{"type":"Feature","properties":{"name":"Exter","kind":"river","herkunft":"heute"},"geometry":{"type":"LineString","coordinates":[[9.08774,52.18732],[9.08779,52.18738],[9.08535,52.1908]]}},{"type":"Feature","properties":{"name":"Exter","kind":"river","herkunft":"heute"},"geometry":{"type":"LineString","coordinates":[[9.08755,52.1871],[9.08774,52.18732],[9.08535,52.1908]]}},{"type":"Feature","properties":{"name":"Exter","kind":"river","herkunft":"heute"},"geometry":{"type":"LineString","coordinates":[[9.08535,52.1908],[9.08773,52.1873],[9.08755,52.1871]]}},{"type":"Feature","properties":{"name":"Exter","kind":"river","herkunft":"heute"},"geometry":{"type":"LineString","coordinates":[[9.08535,52.1908],[9.08784,52.18741],[9.08773,52.1873]]}},{"type":"Feature","properties":{"name":"Exter","kind":"river","herkunft":"heute"},"geometry":{"type":"LineString","coordinates":[[9.08779,52.18738],[9.08784,52.18741],[9.08535,52.1908]]}},{"type":"Feature","properties":{"name":"Exter","kind":"river","herkunft":"heute"},"geometry":{"type":"LineString","coordinates":[[9.08774,52.18732],[9.08775,52.18735],[9.08779,52.18738],[9.08535,52.1908]]}},{"type":"Feature","properties":{"name":"Exter","kind":"river","herkunft":"heute"},"geometry":{"type":"LineString","coordinates":[[9.08773,52.1873],[9.08774,52.18732],[9.08535,52.1908]]}},{"type":"Feature","properties":{"name":"Exter","kind":"river","herkunft":"heute"},"geometry":{"type":"LineString","coordinates":[[9.08755,52.1871],[9.0877,52.1872],[9.08773,52.1873],[9.08535,52.1908]]}},{"type":"Feature","properties":{"name":"Exter","kind":"river","herkunft":"heute"},"geometry":{"type":"LineString","coordinates":[[9.12575,52.03175],[9.12585,52.03215],[9.1262,52.0328],[9.1264,52.03295],[9.12635,52.033],[9.12535,52.03335],[9.12365,52.03345],[9.1219,52.03365],[9.1204,52.0342],[9.1196,52.0345],[9.1191,52.0346],[9.1176,52.0349],[9.1171,52.035],[9.11655,52.03545],[9.1158,52.03645],[9.11565,52.0365],[9.1155,52.03655],[9.1112,52.0371],[9.10985,52.0371],[9.1094,52.03715],[9.10915,52.03725],[9.10895,52.0373],[9.1088,52.0373],[9.10875,52.0373],[9.1086,52.0374],[9.1084,52.0374],[9.10795,52.03755],[9.1078,52.0376],[9.1074,52.0376],[9.1064,52.03795],[9.10645,52.0381],[9.10625,52.03815],[9.1062,52.0383],[9.1056,52.03845],[9.10555,52.03855],[9.1054,52.03855],[9.1051,52.0388],[9.10485,52.039],[9.10465,52.039],[9.10445,52.0393],[9.10415,52.0394],[9.10385,52.0396],[9.1036,52.04],[9.1029,52.0402],[9.1027,52.04015],[9.10245,52.0403],[9.10245,52.04065],[9.102,52.04065],[9.1015,52.041],[9.10145,52.04145],[9.10145,52.0416],[9.1013,52.04165],[9.1012,52.04205],[9.101,52.0423],[9.10065,52.0427],[9.10025,52.0432],[9.10015,52.04335],[9.10025,52.04375],[9.1005,52.04405],[9.1004,52.04435],[9.10045,52.04435],[9.1004,52.04455],[9.1003,52.0446],[9.10035,52.04465],[9.10045,52.0447],[9.1002,52.0449],[9.09995,52.04495],[9.0999,52.04505],[9.09995,52.0452],[9.0999,52.04535],[9.09985,52.04555],[9.0997,52.04565],[9.09935,52.0461],[9.09935,52.0466],[9.09945,52.04725],[9.09965,52.0474],[9.09965,52.0475],[9.09995,52.04775],[9.1002,52.04785],[9.1002,52.04805],[9.1004,52.04815],[9.1005,52.04835],[9.10065,52.0485],[9.10075,52.04865],[9.10045,52.04915],[9.1005,52.04915],[9.1006,52.0493],[9.10075,52.0493],[9.10085,52.04935],[9.10125,52.0494],[9.1012,52.0495],[9.10105,52.0496],[9.1011,52.04965],[9.10105,52.04975],[9.101,52.0499],[9.10105,52.04995],[9.10085,52.0501],[9.10085,52.0508],[9.1009,52.05085],[9.10085,52.05095],[9.101,52.05115],[9.10105,52.05125],[9.10105,52.05155],[9.10105,52.0517],[9.10105,52.0518],[9.101,52.0519],[9.101,52.05195],[9.10145,52.05285],[9.10175,52.053],[9.102,52.053],[9.10215,52.053],[9.10225,52.05315],[9.1024,52.0533],[9.10265,52.05345],[9.10275,52.05355],[9.10285,52.05355],[9.1029,52.05365],[9.1029,52.0537],[9.10295,52.05375],[9.10305,52.05375],[9.10305,52.05385],[9.1032,52.0539],[9.10355,52.05385],[9.10365,52.0539],[9.1041,52.05395],[9.1043,52.05405],[9.1044,52.0544],[9.10455,52.0545],[9.1046,52.0547],[9.10475,52.05485],[9.1049,52.05535],[9.10485,52.0554],[9.105,52.0557],[9.1048,52.05595],[9.1048,52.0561],[9.1049,52.05615],[9.10485,52.0562],[9.1047,52.0562],[9.10455,52.0563],[9.10435,52.05635],[9.1043,52.05645],[9.1042,52.05645],[9.10405,52.0564],[9.1037,52.0565],[9.10375,52.05665],[9.10345,52.05665],[9.10315,52.05675],[9.10295,52.05675],[9.10285,52.05685],[9.1027,52.05685],[9.10255,52.0568],[9.10245,52.0568],[9.1024,52.0569],[9.1023,52.05695],[9.10235,52.057],[9.1023,52.05705],[9.1023,52.0571],[9.1013,52.0582],[9.1005,52.05885],[9.1005,52.05925],[9.1003,52.05955],[9.10025,52.0602],[9.1002,52.06045],[9.1002,52.06085],[9.1001,52.0613],[9.1001,52.06155],[9.1001,52.06175],[9.1003,52.06185],[9.10025,52.0623],[9.10035,52.06245],[9.1003,52.06275],[9.1004,52.0628],[9.1005,52.0629],[9.1005,52.06305],[9.1008,52.0631],[9.1009,52.06315],[9.10085,52.0633],[9.101,52.06345],[9.1012,52.06355],[9.10105,52.0637],[9.1008,52.06395],[9.1008,52.06405],[9.10095,52.0641],[9.1011,52.0642],[9.101,52.0643],[9.1015,52.0645],[9.1017,52.0646],[9.10245,52.0649],[9.1026,52.06495],[9.1029,52.065],[9.103,52.06505],[9.1031,52.0651],[9.1032,52.06515],[9.1034,52.0652],[9.1036,52.06525],[9.10415,52.06535],[9.10425,52.06545],[9.1045,52.0655],[9.1046,52.06545],[9.10475,52.06555],[9.10485,52.0656],[9.10565,52.0658],[9.10645,52.0659],[9.1079,52.06625],[9.1081,52.0663],[9.10855,52.0664],[9.11,52.06715],[9.11005,52.0673],[9.11065,52.06755],[9.11035,52.06765],[9.11015,52.0677],[9.11,52.06775],[9.10965,52.06795],[9.10995,52.06825],[9.1103,52.06845],[9.1103,52.0691],[9.11035,52.0695],[9.11055,52.06965],[9.11065,52.06965],[9.1109,52.06965],[9.1111,52.06965],[9.111,52.0698],[9.111,52.07],[9.1108,52.07005],[9.11075,52.0701],[9.1108,52.07015],[9.1108,52.0702],[9.11065,52.07025],[9.11065,52.07035],[9.1108,52.0704],[9.11085,52.07045],[9.1109,52.07055],[9.11085,52.0706],[9.11095,52.07065],[9.111,52.07075],[9.11075,52.0713],[9.11075,52.07135],[9.11065,52.0714],[9.1104,52.0714],[9.11025,52.07145],[9.1104,52.0716],[9.11045,52.0717],[9.1102,52.0718],[9.11015,52.07195],[9.11025,52.07215],[9.1102,52.07225],[9.11,52.07255],[9.11015,52.07275],[9.10995,52.07285],[9.1098,52.07285],[9.1096,52.0729],[9.1096,52.07305],[9.1098,52.07315],[9.1099,52.07325],[9.10975,52.07335],[9.10955,52.07345],[9.1095,52.0736],[9.10965,52.0737],[9.1095,52.07375],[9.10925,52.0738],[9.10905,52.07405],[9.10905,52.07415],[9.10915,52.07445],[9.10935,52.0749],[9.10935,52.0757],[9.1095,52.07615],[9.11,52.0767],[9.1101,52.0769],[9.1104,52.07725],[9.11055,52.0775],[9.11055,52.07785],[9.1105,52.07815],[9.11025,52.0784],[9.11005,52.07865],[9.10965,52.0789],[9.10935,52.07905],[9.1087,52.07935],[9.1072,52.08],[9.1068,52.08],[9.10615,52.08],[9.10595,52.08005],[9.10575,52.08005],[9.10565,52.0801],[9.10555,52.08015],[9.10555,52.0802],[9.1057,52.0804],[9.10585,52.08045],[9.10605,52.0805],[9.10625,52.08065],[9.10675,52.081],[9.10685,52.08105],[9.10685,52.0811],[9.10695,52.08145],[9.10725,52.08175],[9.1072,52.08195],[9.1073,52.08205],[9.1073,52.08235],[9.10735,52.0824],[9.10755,52.0825],[9.1078,52.08265],[9.1082,52.0828],[9.10825,52.0829],[9.1083,52.08305],[9.1075,52.0835],[9.10715,52.08355],[9.107,52.08365],[9.1068,52.0837],[9.1063,52.08375],[9.1059,52.0838],[9.10565,52.0838],[9.10515,52.08375],[9.1048,52.08375],[9.1046,52.0838],[9.10435,52.08395],[9.1041,52.08415],[9.10395,52.0844],[9.1039,52.0845],[9.10395,52.0847],[9.10375,52.08605],[9.1036,52.0865],[9.1036,52.08685],[9.1035,52.0871],[9.10335,52.0873],[9.1033,52.08735],[9.10315,52.08745],[9.1029,52.0875],[9.1026,52.08755],[9.1024,52.0876],[9.1023,52.08775],[9.1022,52.08795],[9.1022,52.08815],[9.10215,52.08835],[9.102,52.08855],[9.1018,52.08875],[9.10155,52.0891],[9.1015,52.0893],[9.10165,52.0896],[9.1018,52.0901],[9.1017,52.09035],[9.1016,52.09055],[9.1012,52.09085],[9.10095,52.09095],[9.10035,52.09105],[9.10015,52.09115],[9.09995,52.0913],[9.09945,52.09175],[9.09885,52.0921],[9.09855,52.0923],[9.0983,52.0926],[9.0981,52.09275],[9.09795,52.09285],[9.09765,52.0929],[9.0972,52.09295],[9.0959,52.09675],[9.0959,52.09705],[9.0959,52.09715],[9.0957,52.0972],[9.09545,52.0972],[9.0952,52.09725],[9.09495,52.09755],[9.09455,52.0978],[9.0944,52.098],[9.0941,52.0982],[9.094,52.0984],[9.09405,52.09855],[9.09425,52.09895],[9.09445,52.09935],[9.09445,52.0995],[9.0944,52.09955],[9.09445,52.0996],[9.0939,52.09985],[9.0935,52.10005],[9.09345,52.1003],[9.0935,52.1005],[9.09375,52.1008],[9.09385,52.10095],[9.094,52.10105],[9.0941,52.10125],[9.09425,52.1014],[9.0944,52.1015],[9.09505,52.1016],[9.09515,52.1017],[9.0953,52.10185],[9.0953,52.102],[9.095,52.1027],[9.09495,52.10305],[9.09485,52.1032],[9.0945,52.10335],[9.0942,52.10355],[9.0939,52.10375],[9.09365,52.10385],[9.09325,52.1041],[9.0933,52.10415],[9.0933,52.10425],[9.0931,52.10465],[9.09295,52.10505],[9.09295,52.10555],[9.093,52.10595],[9.09325,52.10645],[9.0933,52.10705],[9.09275,52.10755],[9.09265,52.1077],[9.09265,52.1078],[9.09285,52.10805],[9.0933,52.10845],[9.09345,52.10865],[9.0935,52.1088],[9.09345,52.10895],[9.0933,52.1094],[9.09335,52.1095],[9.0936,52.10965],[9.09375,52.1098],[9.09395,52.11015],[9.09395,52.1104],[9.0941,52.1108],[9.0941,52.1109],[9.0935,52.1114],[9.0935,52.11145],[9.09355,52.11155],[9.09395,52.11195],[9.0942,52.11215],[9.0943,52.11225],[9.09425,52.1123],[9.09395,52.1126],[9.09395,52.1127],[9.094,52.11275],[9.09445,52.11285],[9.0945,52.11295],[9.0945,52.11305],[9.09435,52.1133],[9.09435,52.11345],[9.0945,52.1137],[9.09455,52.114],[9.0948,52.1148],[9.0949,52.11495],[9.0954,52.1152],[9.09555,52.1153],[9.09555,52.11535],[9.0955,52.1158],[9.09555,52.1159],[9.09565,52.116],[9.0967,52.11645],[9.09755,52.1171],[9.0978,52.11735],[9.09805,52.11765],[9.0986,52.1186],[9.0989,52.1194],[9.0999,52.1211],[9.0999,52.1214],[9.0998,52.1217],[9.0995,52.12225],[9.0994,52.12235],[9.0992,52.12245],[9.0983,52.1227],[9.09785,52.12285],[9.09765,52.12305],[9.09755,52.12345],[9.0974,52.1236],[9.0971,52.1238],[9.0958,52.1245],[9.09535,52.12465],[9.095,52.12465],[9.0946,52.1247],[9.0936,52.12465],[9.09325,52.12475],[9.09235,52.12525],[9.0923,52.12535],[9.09225,52.12555],[9.0922,52.12575],[9.09205,52.12585],[9.0916,52.12615],[9.09135,52.1264],[9.09115,52.12645],[9.09085,52.1265],[9.0907,52.1266],[9.0906,52.12685],[9.09055,52.1272],[9.09035,52.1277],[9.0904,52.1279],[9.0905,52.12855],[9.09065,52.1287],[9.09105,52.129],[9.0912,52.12915],[9.09125,52.12935],[9.09135,52.1296],[9.0913,52.12975],[9.09125,52.1299],[9.09105,52.13025],[9.09075,52.13055],[9.09055,52.13055],[9.09025,52.1306],[9.08985,52.13055],[9.08945,52.13065],[9.08935,52.1308],[9.08925,52.131],[9.0889,52.1315],[9.08875,52.1317],[9.0886,52.13195],[9.08845,52.13255],[9.08805,52.13345],[9.08795,52.13355],[9.08755,52.13365],[9.08725,52.1338],[9.0871,52.1339],[9.087,52.13405],[9.08695,52.1344],[9.0869,52.13465],[9.08695,52.1348],[9.0868,52.13515],[9.0868,52.1354],[9.08675,52.1355],[9.08685,52.13565],[9.08685,52.13575],[9.08675,52.13605],[9.08645,52.13655],[9.08635,52.13665],[9.0862,52.13685],[9.0859,52.13705],[9.08545,52.1373],[9.08515,52.13755],[9.0848,52.13765],[9.0845,52.1377],[9.0843,52.13785],[9.08415,52.138],[9.08385,52.1382],[9.0837,52.1383],[9.0833,52.13835],[9.0827,52.13825],[9.0824,52.1383],[9.08215,52.13845],[9.082,52.1387],[9.08195,52.13905],[9.08195,52.13915],[9.0817,52.1394],[9.0816,52.13975],[9.08155,52.14],[9.08155,52.14015],[9.08145,52.14035],[9.08105,52.14045],[9.0809,52.14055],[9.0808,52.14065],[9.08065,52.1412],[9.08065,52.1417],[9.08075,52.14175],[9.081,52.1419],[9.08125,52.1421],[9.0816,52.1425],[9.08185,52.14275],[9.0821,52.1429],[9.0826,52.14315],[9.0828,52.1433],[9.08295,52.1437],[9.083,52.14395],[9.08305,52.1446],[9.0831,52.1447],[9.08315,52.14475],[9.0834,52.14495],[9.08385,52.14515],[9.084,52.14535],[9.084,52.1455],[9.0842,52.14605],[9.08415,52.1464],[9.0843,52.1467],[9.0843,52.1468],[9.0843,52.1469],[9.0842,52.147],[9.0841,52.14705],[9.0839,52.14705],[9.08345,52.1471],[9.0833,52.1471],[9.0832,52.14725],[9.0831,52.1476],[9.08295,52.1479],[9.08295,52.14805],[9.0832,52.14835],[9.0834,52.14855],[9.0836,52.14885],[9.0838,52.14895],[9.08395,52.149],[9.0843,52.14905],[9.08455,52.1491],[9.085,52.14985],[9.08515,52.14995],[9.08585,52.1501],[9.086,52.1502],[9.08605,52.15025],[9.08605,52.15035],[9.0859,52.1505],[9.08565,52.1508],[9.0855,52.1511],[9.0853,52.152],[9.0853,52.1522],[9.08575,52.1527],[9.0859,52.15275],[9.08625,52.15285],[9.08665,52.15285],[9.0869,52.1528],[9.0876,52.1526],[9.08785,52.15255],[9.0887,52.15255],[9.0889,52.15255],[9.08905,52.1525],[9.08945,52.1524],[9.08995,52.15235],[9.09025,52.1524],[9.09065,52.1525],[9.09145,52.15285],[9.09175,52.15295],[9.093,52.1533],[9.0953,52.1547],[9.09555,52.15485],[9.0958,52.155],[9.0961,52.15515],[9.0974,52.15685],[9.0978,52.157],[9.09785,52.1571],[9.09775,52.1574],[9.0974,52.15835],[9.09755,52.1593],[9.0976,52.15935],[9.0986,52.1597],[9.0993,52.1599],[9.09975,52.16005],[9.1001,52.16015],[9.1006,52.16015],[9.10075,52.16015],[9.10095,52.1602],[9.10105,52.16025],[9.1012,52.16035],[9.1015,52.16065],[9.1017,52.16075],[9.1019,52.1608],[9.10235,52.1608],[9.10315,52.16065],[9.10375,52.16055],[9.1043,52.1606],[9.1047,52.16065],[9.1048,52.16075],[9.1049,52.161],[9.10495,52.16105],[9.10505,52.1611],[9.10525,52.16115],[9.10545,52.1612],[9.1056,52.16115],[9.1057,52.1612],[9.10595,52.1614],[9.1061,52.1614],[9.1064,52.16155],[9.1066,52.16155],[9.10705,52.16165],[9.1072,52.1617],[9.1073,52.1618],[9.1074,52.16185],[9.10745,52.162],[9.1073,52.1623],[9.1073,52.1625],[9.1074,52.16265],[9.10755,52.1627],[9.10765,52.1627],[9.1079,52.16275],[9.10805,52.1628],[9.1082,52.1628],[9.10835,52.16285],[9.10835,52.16295],[9.10845,52.16305],[9.10865,52.16305],[9.1089,52.1632],[9.10895,52.1633],[9.10905,52.16345],[9.10905,52.16365],[9.1086,52.1638],[9.10775,52.164],[9.1072,52.16415],[9.10695,52.16415],[9.1067,52.164],[9.10625,52.1639],[9.106,52.1639],[9.10495,52.16415],[9.1048,52.1642],[9.1047,52.1643],[9.1047,52.1644],[9.10485,52.1646],[9.1049,52.16475],[9.1048,52.16485],[9.10475,52.165],[9.10455,52.1651],[9.104,52.16525],[9.1032,52.16535],[9.1023,52.16545],[9.10205,52.1655],[9.1018,52.1655],[9.10155,52.16555],[9.1013,52.1657],[9.10065,52.16625],[9.10055,52.16645],[9.10055,52.1666],[9.1006,52.1668],[9.1007,52.1671],[9.10065,52.16745],[9.1006,52.16755],[9.1002,52.16795],[9.10005,52.168],[9.0999,52.16805],[9.0997,52.168],[9.0992,52.16805],[9.099,52.16815],[9.09895,52.16825],[9.09905,52.1685],[9.099,52.16865],[9.09895,52.1688],[9.09885,52.1689],[9.09845,52.16905],[9.098,52.1691],[9.0977,52.16905],[9.0973,52.1691],[9.097,52.16915],[9.09675,52.1693],[9.0965,52.1695],[9.0964,52.1696],[9.09635,52.1699],[9.0964,52.1701],[9.0965,52.1702],[9.0966,52.17025],[9.09675,52.17035],[9.09685,52.17065],[9.09725,52.1711],[9.0956,52.1735],[9.0954,52.17355],[9.0953,52.1737],[9.09535,52.17395],[9.0955,52.17435],[9.09555,52.17505],[9.0955,52.1753],[9.0955,52.1755],[9.09565,52.1763],[9.0956,52.1768],[9.09565,52.17735],[9.0954,52.1784],[9.09535,52.1786],[9.09515,52.179],[9.0951,52.17915],[9.09515,52.1796],[9.09495,52.1806],[9.095,52.18085],[9.0951,52.1811],[9.09535,52.182],[9.0953,52.1822],[9.09525,52.1823],[9.09515,52.18245],[9.0949,52.18275],[9.0944,52.1832],[9.09435,52.18335],[9.09425,52.18375],[9.0942,52.18425],[9.09415,52.18445],[9.094,52.1847],[9.0938,52.1849],[9.0937,52.18515],[9.09355,52.1856],[9.0935,52.18565],[9.09335,52.18575],[9.09305,52.1858],[9.0922,52.1859],[9.0919,52.1859],[9.0914,52.18585],[9.0909,52.18585],[9.09005,52.1859],[9.0898,52.18595],[9.0891,52.186],[9.08845,52.18615],[9.0877,52.1864],[9.0876,52.1865],[9.0875,52.1866],[9.0875,52.1867],[9.0875,52.18695],[9.08755,52.1871],[9.0882,52.18795],[9.08815,52.18815],[9.08805,52.18825],[9.08765,52.18835],[9.08745,52.18855],[9.0873,52.1887],[9.08725,52.18885],[9.0874,52.1897],[9.08735,52.19005],[9.08725,52.19015],[9.08705,52.19015],[9.08615,52.1901],[9.08595,52.19],[9.08565,52.19],[9.0854,52.19005],[9.08515,52.19015],[9.08505,52.1902],[9.08455,52.1906]]}},{"type":"Feature","properties":{"name":"Exter","kind":"river","herkunft":"heute"},"geometry":{"type":"LineString","coordinates":[[9.09685,52.15614],[9.09735,52.1568],[9.09975,52.16005]]}},{"type":"Feature","properties":{"name":"Exter","kind":"river","herkunft":"heute"},"geometry":{"type":"LineString","coordinates":[[9.09726,52.1714],[9.096,52.17345],[9.09615,52.17345],[9.09645,52.17345],[9.09725,52.1737],[9.0973,52.17355]]}},{"type":"Feature","properties":{"name":"Schnatbecke","kind":"stream","herkunft":"heute"},"geometry":{"type":"LineString","coordinates":[[9.0487,52.1955],[9.0482,52.19565],[9.0482,52.1958],[9.04765,52.1966],[9.0476,52.1967],[9.04735,52.19705],[9.04715,52.19745],[9.04695,52.1975],[9.0468,52.19775],[9.0466,52.198],[9.04625,52.1986],[9.0459,52.19895],[9.0457,52.19925],[9.04545,52.1995],[9.04535,52.1996],[9.0449,52.20025],[9.04478,52.20033]]}},{"type":"Feature","properties":{"name":"Schnatbecke","kind":"stream","herkunft":"kreiskarte"},"geometry":{"type":"LineString","coordinates":[[9.04478,52.20033],[9.04463,52.20024],[9.04455,52.20045],[9.04463,52.20084]]}},{"type":"Feature","properties":{"name":"Schnatbecke","kind":"stream","herkunft":"heute"},"geometry":{"type":"LineString","coordinates":[[9.04463,52.20084],[9.04495,52.20084],[9.04495,52.2013],[9.0449,52.20135]]}},{"type":"Feature","properties":{"name":"Schnatbecke","kind":"stream","herkunft":"heute"},"geometry":{"type":"LineString","coordinates":[[9.03805,52.21745],[9.03835,52.21725],[9.0388,52.21705],[9.0399,52.21665],[9.04065,52.21595],[9.04077,52.21587]]}},{"type":"Feature","properties":{"name":"Schnatbecke","kind":"stream","herkunft":"kreiskarte"},"geometry":{"type":"LineString","coordinates":[[9.04077,52.21587],[9.04073,52.21586],[9.04123,52.21553],[9.0412,52.21515],[9.04127,52.21503],[9.04164,52.21478],[9.04204,52.2148],[9.04227,52.21472],[9.04258,52.21444],[9.04318,52.2136],[9.04359,52.21325],[9.04403,52.21292],[9.04494,52.21264],[9.04527,52.21242],[9.0454,52.21195],[9.04523,52.21141],[9.04495,52.21111],[9.04511,52.21085],[9.04514,52.21037],[9.04539,52.20993],[9.04531,52.20979]]}},{"type":"Feature","properties":{"name":"Schnatbecke","kind":"stream","herkunft":"heute"},"geometry":{"type":"LineString","coordinates":[[9.04531,52.20979],[9.04591,52.20968],[9.04585,52.20955],[9.04565,52.2094],[9.04565,52.2093],[9.0456,52.2092],[9.04565,52.20905],[9.04585,52.20885],[9.0459,52.2084],[9.0461,52.20805],[9.0463,52.2078],[9.04615,52.20745],[9.0461,52.20725],[9.04635,52.20715],[9.04635,52.2071],[9.04615,52.20705],[9.04605,52.207],[9.04585,52.2066],[9.0457,52.2065],[9.04555,52.2065],[9.04545,52.20645],[9.04545,52.2063],[9.04535,52.2062],[9.04425,52.2059],[9.0441,52.20565],[9.0444,52.20545],[9.04404,52.20495]]}},{"type":"Feature","properties":{"name":"Schnatbecke","kind":"stream","herkunft":"kreiskarte"},"geometry":{"type":"LineString","coordinates":[[9.04404,52.20495],[9.04376,52.20503],[9.04313,52.2047],[9.04303,52.20369],[9.04333,52.20295],[9.04355,52.20284],[9.04431,52.20276]]}},{"type":"Feature","properties":{"name":"Schnatbecke","kind":"stream","herkunft":"heute"},"geometry":{"type":"LineString","coordinates":[[9.04431,52.20276],[9.04428,52.20275],[9.04445,52.2025],[9.0445,52.2024],[9.04455,52.2023]]}},{"type":"Feature","properties":{"name":"Werre","kind":"river","herkunft":"heute"},"geometry":{"type":"LineString","coordinates":[[8.8968,51.93],[8.89655,51.9301],[8.8964,51.9301],[8.89585,51.9304],[8.89555,51.93055],[8.8953,51.93065],[8.89515,51.9307],[8.895,51.9307],[8.89475,51.93055],[8.89435,51.93045],[8.8939,51.93035],[8.8936,51.9303],[8.89295,51.93035],[8.8927,51.93035],[8.8922,51.93035],[8.89045,51.93055],[8.89035,51.9306],[8.88975,51.9308],[8.88965,51.93075],[8.8895,51.93075],[8.8894,51.9307],[8.8892,51.9307],[8.88915,51.9307],[8.8891,51.9308],[8.8891,51.9309],[8.88905,51.93095],[8.8889,51.931],[8.88875,51.93115],[8.8888,51.9312],[8.88865,51.93125],[8.88805,51.9315],[8.88775,51.93155],[8.88765,51.93155],[8.8876,51.9315],[8.8872,51.9313],[8.8872,51.9312],[8.88705,51.9311],[8.8868,51.931],[8.88665,51.93095],[8.88645,51.93095],[8.8863,51.93105],[8.8862,51.93115],[8.8854,51.9314],[8.8846,51.9317],[8.88425,51.93185],[8.8841,51.932],[8.8841,51.93215],[8.8841,51.93235],[8.88425,51.9326],[8.88415,51.93275],[8.88355,51.9329],[8.88335,51.93295],[8.8832,51.93305],[8.8831,51.93315],[8.8826,51.93385],[8.88255,51.93405],[8.8824,51.93445],[8.88215,51.9349],[8.8821,51.93515],[8.88215,51.9358],[8.88225,51.9363],[8.8823,51.93645],[8.88245,51.9368],[8.88245,51.93695],[8.8823,51.93705],[8.88195,51.9372],[8.8803,51.93775],[8.88,51.9379],[8.88,51.938],[8.8801,51.93815],[8.8803,51.9383],[8.88055,51.93865],[8.8806,51.93885],[8.88055,51.93895],[8.88045,51.93905],[8.8803,51.93915],[8.88015,51.93925],[8.8791,51.94],[8.8789,51.9402],[8.87875,51.9404],[8.8788,51.94045],[8.8786,51.94075],[8.8767,51.9416],[8.87605,51.942],[8.87585,51.9422],[8.87575,51.9422],[8.87455,51.94225],[8.87435,51.94225],[8.87405,51.94235],[8.8739,51.94245],[8.87385,51.94255],[8.87405,51.9431],[8.87395,51.94355],[8.87385,51.9437],[8.8737,51.94375],[8.87355,51.94375],[8.8733,51.9437],[8.87315,51.94375],[8.8706,51.9445],[8.8697,51.94505],[8.8696,51.9451],[8.8691,51.9452],[8.8685,51.9453],[8.868,51.9453],[8.86745,51.9452],[8.86735,51.94525],[8.86705,51.9461],[8.8652,51.94675],[8.86505,51.9468],[8.8648,51.9468],[8.86465,51.9468],[8.86445,51.94685],[8.86355,51.9472],[8.86335,51.94725],[8.86305,51.94725],[8.8625,51.94735],[8.8619,51.94785],[8.8617,51.9479],[8.86145,51.9479],[8.8611,51.9478],[8.8609,51.9477],[8.8603,51.94715],[8.86025,51.9471],[8.8601,51.9471],[8.85995,51.947],[8.8598,51.94715],[8.85955,51.9473],[8.85905,51.94745],[8.859,51.9475],[8.85895,51.9477],[8.85885,51.9478],[8.85845,51.9481],[8.8583,51.9481],[8.8582,51.9481],[8.85735,51.9477],[8.85715,51.9474],[8.85695,51.94725],[8.8567,51.9472],[8.8561,51.9469],[8.85555,51.9467],[8.85495,51.9466],[8.8547,51.94665],[8.8545,51.94675],[8.8542,51.9467],[8.85365,51.9465],[8.85325,51.94645],[8.85305,51.9465],[8.8528,51.94675],[8.85275,51.94685],[8.85275,51.94705],[8.8528,51.94735],[8.85275,51.9475],[8.85255,51.9476],[8.85205,51.9479],[8.85195,51.94805],[8.852,51.9482],[8.85265,51.9486],[8.85275,51.9488],[8.8527,51.94895],[8.8526,51.9491],[8.8524,51.94925],[8.8522,51.94935],[8.852,51.94955],[8.8519,51.9497],[8.85185,51.9501],[8.85175,51.9503],[8.8512,51.9506],[8.85055,51.95075],[8.85005,51.95105],[8.8492,51.95135],[8.84885,51.95155],[8.8479,51.95195],[8.84785,51.95205],[8.8478,51.9524],[8.84755,51.9527],[8.847,51.9532],[8.8463,51.95355],[8.846,51.9536],[8.8458,51.95355],[8.84555,51.95335],[8.8453,51.95325],[8.845,51.9532],[8.8438,51.95325],[8.8436,51.9533],[8.8433,51.9536],[8.8428,51.9538],[8.8425,51.95385],[8.84205,51.954],[8.84165,51.95405],[8.84115,51.9542],[8.84065,51.95445],[8.8405,51.9545],[8.83995,51.95445],[8.83935,51.9546],[8.83865,51.9547],[8.83795,51.95485],[8.83755,51.95485],[8.83735,51.9549],[8.837,51.95505],[8.83655,51.95515],[8.8364,51.9553],[8.83615,51.95535],[8.83595,51.95535],[8.8357,51.9553],[8.8355,51.9552],[8.83545,51.9551],[8.8354,51.9549],[8.83525,51.9548],[8.83495,51.9547],[8.83455,51.95465],[8.83425,51.9547],[8.83405,51.95485],[8.83385,51.95495],[8.8337,51.95495],[8.83365,51.95495],[8.83345,51.9549],[8.83305,51.9548],[8.83265,51.95485],[8.8324,51.95495],[8.83235,51.95505],[8.8324,51.95535],[8.83235,51.9555],[8.8322,51.9556],[8.83175,51.9558],[8.8316,51.956],[8.83145,51.95605],[8.8313,51.9561],[8.83115,51.95605],[8.8308,51.95595],[8.8306,51.956],[8.8304,51.9561],[8.83025,51.95635],[8.8302,51.9564],[8.8299,51.9565],[8.82955,51.9567],[8.82905,51.9569],[8.8288,51.95705],[8.8287,51.9572],[8.8286,51.9573],[8.82845,51.9573],[8.82825,51.95725],[8.82785,51.95705],[8.82745,51.95695],[8.8272,51.9568],[8.8268,51.9564],[8.8265,51.95615],[8.82605,51.9559],[8.82575,51.95585],[8.8253,51.9558],[8.82485,51.9558],[8.82465,51.9558],[8.82445,51.95565],[8.82405,51.9553],[8.8239,51.955],[8.82385,51.9549],[8.824,51.95475],[8.8248,51.95415],[8.8249,51.954],[8.82495,51.95385],[8.825,51.95375],[8.8252,51.9534],[8.8252,51.9531],[8.8251,51.95295],[8.8248,51.95265],[8.82465,51.9526],[8.82395,51.95275],[8.82375,51.9528],[8.8235,51.95295],[8.82335,51.9529],[8.8232,51.9529],[8.82305,51.9527],[8.8229,51.95255],[8.8228,51.9524],[8.8227,51.95225],[8.8225,51.9521],[8.8223,51.9521],[8.8222,51.95215],[8.82215,51.9522],[8.8222,51.95235],[8.8222,51.9524],[8.82215,51.95245],[8.8217,51.95255],[8.8214,51.95295],[8.8213,51.953],[8.8208,51.9532],[8.82045,51.9535],[8.82025,51.95365],[8.8201,51.95365],[8.81965,51.95365],[8.81955,51.95355],[8.8194,51.9535],[8.81925,51.9535],[8.81885,51.9537],[8.81875,51.95385],[8.81885,51.9541],[8.81885,51.9545],[8.81915,51.955],[8.81915,51.95515],[8.81905,51.9553],[8.81895,51.95535],[8.8184,51.9554],[8.81825,51.9555],[8.8179,51.9557],[8.81765,51.9559],[8.81755,51.95605],[8.8176,51.95615],[8.8176,51.95635],[8.8177,51.9565],[8.81795,51.95655],[8.818,51.95665],[8.818,51.95675],[8.81795,51.9568],[8.81775,51.9569],[8.8172,51.9572],[8.8164,51.95815],[8.81635,51.95845],[8.81625,51.95855],[8.8158,51.9588],[8.81555,51.95905],[8.81535,51.9591],[8.8147,51.9592],[8.8144,51.95925],[8.814,51.9594],[8.81305,51.9599],[8.81275,51.96015],[8.8123,51.96035],[8.8118,51.9604],[8.8113,51.9605],[8.81115,51.9606],[8.8109,51.96095],[8.8108,51.9612],[8.8107,51.9616],[8.81065,51.9619],[8.81045,51.96215],[8.8102,51.9623],[8.81,51.9624],[8.80935,51.96235],[8.80915,51.96235],[8.8089,51.9625],[8.80885,51.96265],[8.809,51.96295],[8.80905,51.9634],[8.80865,51.964],[8.8085,51.96405],[8.80785,51.9641],[8.80715,51.96435],[8.8067,51.9648],[8.8065,51.96495],[8.80575,51.96505],[8.8056,51.96525],[8.8057,51.9658],[8.8058,51.96595],[8.8058,51.9661],[8.8055,51.9664],[8.8054,51.96655],[8.8055,51.9668],[8.80605,51.9673],[8.80615,51.9675],[8.80615,51.9677],[8.806,51.96795],[8.80535,51.9686],[8.80485,51.9688],[8.8046,51.96885],[8.8043,51.96885],[8.8033,51.9685],[8.80275,51.9684],[8.80255,51.96835],[8.80235,51.9684],[8.8022,51.96885],[8.802,51.96995],[8.802,51.9702],[8.80205,51.97035],[8.8023,51.97055],[8.8025,51.9708],[8.8026,51.97105],[8.80245,51.9719],[8.8024,51.97205],[8.8025,51.9726],[8.8024,51.9728],[8.8023,51.97305],[8.80195,51.9734],[8.8019,51.9737],[8.80195,51.97395],[8.8027,51.97565],[8.80275,51.97595],[8.80275,51.9764],[8.80195,51.97785],[8.80155,51.97895],[8.8013,51.9793],[8.8012,51.9794],[8.8008,51.97955],[8.80065,51.9797],[8.80035,51.9799],[8.80025,51.98005],[8.80005,51.98055],[8.7999,51.98075],[8.79965,51.9809],[8.79945,51.98115],[8.7994,51.98135],[8.79945,51.98165],[8.7995,51.9818],[8.7998,51.9819],[8.79995,51.982],[8.80015,51.9821],[8.8014,51.9823],[8.8039,51.98265],[8.80505,51.9829],[8.80535,51.9831],[8.80525,51.98365],[8.8043,51.9847],[8.8039,51.9851],[8.80325,51.98555],[8.8021,51.986],[8.80145,51.98625],[8.8012,51.9863],[8.8009,51.98625],[8.80025,51.98595],[8.79985,51.9858],[8.7991,51.98565],[8.7987,51.9855],[8.79835,51.9852],[8.79825,51.98515],[8.79805,51.98515],[8.7979,51.9852],[8.79765,51.9855],[8.7971,51.98575],[8.79685,51.986],[8.79665,51.98615],[8.7966,51.98615],[8.79645,51.9862],[8.79605,51.98605],[8.79585,51.986],[8.79555,51.98595],[8.7954,51.9859],[8.79405,51.9859],[8.7936,51.98595],[8.7929,51.98615],[8.7927,51.98655],[8.79255,51.9876],[8.792,51.9885],[8.7914,51.98925],[8.7911,51.9893],[8.79075,51.98925],[8.7901,51.98905],[8.78975,51.98905],[8.7896,51.98905],[8.7892,51.9891],[8.78875,51.9894],[8.78835,51.99265],[8.78815,51.99285],[8.7877,51.99295],[8.78725,51.99295],[8.78655,51.99285],[8.78615,51.9929],[8.78595,51.9931],[8.78575,51.99325],[8.78475,51.9935],[8.78415,51.9938],[8.78395,51.99405],[8.78355,51.9943],[8.7831,51.9945],[8.7829,51.9947],[8.7828,51.995],[8.78235,51.99535],[8.78045,51.99665],[8.7798,51.9967],[8.7791,51.99705],[8.7786,51.99735],[8.77805,51.9976],[8.77775,51.99765],[8.7771,51.99765],[8.77675,51.99775],[8.7763,51.99795],[8.776,51.99885],[8.77595,51.99885],[8.7761,51.99915],[8.7762,51.9995],[8.7765,51.99995],[8.77685,52.00035],[8.77695,52.0005],[8.7768,52.0007],[8.776,52.0016],[8.77545,52.002],[8.77485,52.00225],[8.7741,52.0027],[8.77335,52.00295],[8.77305,52.003],[8.77265,52.0029],[8.7722,52.0027],[8.77195,52.00255],[8.7717,52.0025],[8.77135,52.0026],[8.771,52.00275],[8.77025,52.0032],[8.76975,52.00335],[8.7687,52.00415],[8.7678,52.00565],[8.7677,52.00575],[8.76685,52.00605],[8.7664,52.0062],[8.76605,52.0062],[8.7657,52.0063],[8.76505,52.0066],[8.7648,52.00665],[8.7644,52.0068],[8.764,52.00715],[8.7635,52.00775],[8.76355,52.008],[8.7637,52.00815],[8.7637,52.00835],[8.76365,52.0085],[8.7634,52.0087],[8.76335,52.00885],[8.7634,52.0091],[8.76385,52.00965],[8.7643,52.01005],[8.7643,52.01035],[8.7644,52.0106],[8.76475,52.0108],[8.7655,52.01115],[8.76555,52.01135],[8.7653,52.0116],[8.76505,52.0117],[8.76455,52.01165],[8.7641,52.0114],[8.7636,52.0108],[8.7633,52.0107],[8.76205,52.01095],[8.7614,52.0111],[8.76135,52.0112],[8.76165,52.0117],[8.7616,52.01195],[8.76155,52.01205],[8.76145,52.01215],[8.76125,52.0122],[8.7612,52.01225],[8.761,52.01245],[8.7607,52.0131],[8.7606,52.0132],[8.76045,52.01325],[8.7602,52.01325],[8.7597,52.0131],[8.75945,52.01295],[8.7593,52.0128],[8.759,52.01245],[8.7589,52.01235],[8.75865,52.01235],[8.75845,52.0124],[8.75785,52.0127],[8.75755,52.0129],[8.75735,52.01295],[8.75715,52.013],[8.75675,52.01305],[8.7565,52.01315],[8.7563,52.0132],[8.75615,52.01335],[8.7556,52.01385],[8.75515,52.01415],[8.75495,52.01425],[8.75475,52.0143],[8.7545,52.01435],[8.7543,52.01435],[8.75405,52.01435],[8.75375,52.0144],[8.75335,52.01445],[8.7519,52.01505],[8.7517,52.01515],[8.7514,52.01545],[8.75135,52.0155],[8.7508,52.01555],[8.7506,52.01555],[8.7504,52.0157],[8.75035,52.01595],[8.7504,52.0165],[8.7503,52.0167],[8.7501,52.0168],[8.74955,52.0169],[8.74935,52.0169],[8.749,52.01685],[8.74875,52.0168],[8.7483,52.01655],[8.748,52.01645],[8.74775,52.01645],[8.7474,52.0165],[8.74735,52.0166],[8.74745,52.0167],[8.7475,52.01685],[8.7479,52.0174],[8.74805,52.0175],[8.7482,52.01755],[8.7487,52.01765],[8.74895,52.0177],[8.74905,52.01785],[8.74895,52.01795],[8.7487,52.01815],[8.7485,52.0182],[8.74825,52.0182],[8.748,52.0181],[8.74775,52.0181],[8.7475,52.01815],[8.74715,52.0183],[8.74695,52.01845],[8.74675,52.0186],[8.74665,52.0187],[8.74665,52.01885],[8.74685,52.01925],[8.74725,52.0195],[8.74755,52.01965],[8.7476,52.01975],[8.74755,52.01985],[8.7471,52.02005],[8.7466,52.02035],[8.7462,52.02045],[8.74585,52.0205],[8.74565,52.02055],[8.74425,52.0232],[8.74395,52.0235],[8.74365,52.0237],[8.7432,52.0238],[8.7426,52.0237],[8.74225,52.0236],[8.7418,52.02365],[8.7416,52.0238],[8.74155,52.02405],[8.74165,52.02425],[8.742,52.0244],[8.7422,52.0246],[8.7422,52.02475],[8.7421,52.02505],[8.74205,52.0251],[8.7411,52.02595],[8.7412,52.0262],[8.74095,52.0263],[8.7406,52.0264],[8.7399,52.02665],[8.7397,52.02685],[8.73955,52.027],[8.7393,52.0274],[8.739,52.0276],[8.7387,52.02785],[8.7382,52.02815],[8.73785,52.0282],[8.73745,52.02835],[8.73735,52.0285],[8.73725,52.02865],[8.73725,52.0289],[8.73745,52.0292],[8.73725,52.0294],[8.73675,52.0295],[8.73625,52.0296],[8.73595,52.0297],[8.7353,52.0298],[8.73505,52.02995],[8.73485,52.0303],[8.7346,52.0308],[8.73435,52.03095],[8.73395,52.031],[8.7334,52.03175],[8.73325,52.03205],[8.7332,52.03225],[8.73305,52.0325],[8.7329,52.0326],[8.7323,52.0329],[8.7314,52.0342],[8.7309,52.03475],[8.73065,52.035],[8.7306,52.03525],[8.7305,52.0355],[8.73005,52.03585],[8.73005,52.0362],[8.73055,52.0367],[8.73085,52.037],[8.73075,52.0375],[8.7309,52.03785],[8.73165,52.03865],[8.73215,52.03955],[8.7324,52.0399],[8.73275,52.04015],[8.73355,52.0414],[8.73365,52.04175],[8.7339,52.042],[8.7345,52.04235],[8.73535,52.04335],[8.73595,52.0438],[8.7362,52.0443],[8.7365,52.0446],[8.73695,52.04495],[8.7374,52.0454],[8.73745,52.04565],[8.7378,52.046],[8.7382,52.0463],[8.7384,52.04645],[8.73855,52.0466],[8.73865,52.0469],[8.739,52.0473],[8.7395,52.04775],[8.7396,52.048],[8.74,52.0484],[8.7406,52.04875],[8.74085,52.04895],[8.74095,52.04915],[8.741,52.0495],[8.7411,52.04965],[8.7413,52.04985],[8.7414,52.05025],[8.74145,52.05045],[8.7416,52.0509],[8.7417,52.05165],[8.74185,52.05195],[8.74225,52.0523],[8.74605,52.05575],[8.7469,52.0562],[8.74735,52.0563],[8.7478,52.05655],[8.748,52.05665],[8.7483,52.05685],[8.74835,52.057],[8.7485,52.05715],[8.7486,52.05735],[8.7487,52.05745],[8.74905,52.0575],[8.75005,52.0577],[8.7502,52.05775],[8.7508,52.05825],[8.7514,52.05865],[8.75205,52.05895],[8.75265,52.05935],[8.7527,52.05965],[8.7526,52.06],[8.75275,52.06105],[8.75295,52.06155],[8.75275,52.06185],[8.7528,52.0621],[8.75275,52.0622],[8.7524,52.0624],[8.75225,52.06255],[8.7522,52.0628],[8.75215,52.0633],[8.7523,52.0638],[8.75235,52.0641],[8.75225,52.06455],[8.75255,52.06515],[8.7527,52.0663],[8.7531,52.0674],[8.7531,52.0677],[8.7527,52.0682],[8.7525,52.0683],[8.7519,52.06855],[8.7514,52.0691],[8.75065,52.0699],[8.75015,52.07045],[8.7496,52.071],[8.7493,52.0712],[8.74895,52.07165],[8.7485,52.07195],[8.7481,52.07215],[8.7477,52.07255],[8.74735,52.073],[8.747,52.0733],[8.7463,52.0737],[8.7461,52.07395],[8.7459,52.0742],[8.7459,52.0744],[8.74585,52.0748],[8.74555,52.07525],[8.7441,52.07615],[8.7435,52.0764],[8.74225,52.0769],[8.7417,52.07705],[8.74035,52.07735],[8.7394,52.0772],[8.73895,52.07715],[8.73835,52.0772],[8.7347,52.07765],[8.734,52.07785],[8.73325,52.07845],[8.7328,52.0786],[8.7314,52.07895],[8.731,52.0791],[8.7272,52.07995],[8.72565,52.0803],[8.72345,52.08085],[8.7207,52.0815],[8.71955,52.0819],[8.71875,52.0823],[8.71775,52.0831],[8.71205,52.08645],[8.70795,52.0887],[8.7067,52.0892],[8.7015,52.09095],[8.69815,52.0921],[8.69755,52.09225],[8.6963,52.09235],[8.6951,52.0926],[8.6946,52.0929],[8.6935,52.0946],[8.6897,52.09785],[8.68775,52.1005],[8.68715,52.1012],[8.6858,52.10195],[8.6853,52.10235],[8.6851,52.1026],[8.68495,52.10285],[8.6849,52.10315],[8.6849,52.1035],[8.68495,52.1039],[8.6851,52.10475],[8.685,52.1066],[8.6849,52.10805],[8.68485,52.1083],[8.6847,52.10865],[8.68365,52.1103],[8.68315,52.1108],[8.67995,52.1135],[8.67965,52.11385],[8.6796,52.114],[8.6796,52.11415],[8.67975,52.11455],[8.67985,52.11495],[8.67975,52.11555],[8.67965,52.11575],[8.67955,52.11595],[8.67905,52.11635],[8.67795,52.1173],[8.67665,52.1183],[8.6763,52.11845],[8.67585,52.1186],[8.6745,52.1189],[8.6738,52.11915],[8.67355,52.11925],[8.67335,52.1194],[8.67305,52.1197],[8.6729,52.11985],[8.6725,52.12065],[8.6724,52.1208],[8.67205,52.12115],[8.67185,52.1213],[8.67145,52.12145],[8.6701,52.12205],[8.6698,52.1222],[8.6696,52.1224],[8.66955,52.12265],[8.6696,52.12285],[8.6697,52.12295],[8.66995,52.12315],[8.67025,52.1233],[8.67075,52.1235],[8.6719,52.12375],[8.67225,52.1239],[8.67255,52.12415],[8.67265,52.12435],[8.6727,52.12465],[8.67275,52.1252],[8.67305,52.12565],[8.6736,52.1261],[8.67405,52.12675],[8.6742,52.12745],[8.67415,52.12795],[8.67375,52.1284],[8.6719,52.12945],[8.6717,52.12975],[8.67165,52.1301],[8.67205,52.1314],[8.67215,52.13185],[8.67215,52.1323],[8.67215,52.13245],[8.6721,52.1326],[8.672,52.13275],[8.6717,52.13305],[8.6704,52.1338],[8.6702,52.1339],[8.6696,52.13435],[8.6693,52.13475],[8.66925,52.13495],[8.66925,52.1352],[8.66935,52.13555],[8.671,52.13795],[8.6713,52.13835],[8.67135,52.13855],[8.67135,52.13875],[8.67125,52.1389],[8.671,52.13905],[8.67015,52.1394],[8.6691,52.1402],[8.6689,52.1404],[8.6688,52.1407],[8.6689,52.14095],[8.6691,52.14115],[8.6691,52.14135],[8.6689,52.14175],[8.6691,52.14225],[8.66935,52.14255],[8.67,52.14325],[8.67025,52.14365],[8.6705,52.144],[8.67075,52.14445],[8.67195,52.1452],[8.6727,52.1456],[8.673,52.14575],[8.67355,52.14585],[8.67375,52.14595],[8.6739,52.14605],[8.67405,52.14635],[8.67425,52.14685],[8.6745,52.1471],[8.6747,52.1473],[8.675,52.1475],[8.67575,52.14785],[8.6766,52.14835],[8.67695,52.1486],[8.67725,52.14905],[8.6773,52.14935],[8.6772,52.15005],[8.67685,52.15045],[8.67675,52.1508],[8.6767,52.1512],[8.67685,52.15155],[8.6771,52.152],[8.67705,52.15265],[8.6778,52.1538],[8.6778,52.1542],[8.67765,52.15455],[8.67705,52.1552],[8.67695,52.1556],[8.67695,52.1563],[8.677,52.157],[8.67715,52.15755],[8.6773,52.1578],[8.67745,52.158],[8.6782,52.1586],[8.6784,52.1588],[8.6785,52.15905],[8.67855,52.15955],[8.6785,52.1597],[8.67835,52.15985],[8.678,52.16015],[8.6746,52.161],[8.6743,52.16115],[8.67415,52.16125],[8.67255,52.16335],[8.6719,52.16385],[8.6716,52.16415],[8.6709,52.16515],[8.67065,52.1654],[8.67035,52.16565],[8.66935,52.16615],[8.66915,52.1664],[8.66905,52.1666],[8.66905,52.16705],[8.6691,52.1673],[8.6692,52.16755],[8.6696,52.16775],[8.6706,52.168],[8.67135,52.16825],[8.67195,52.1685],[8.6724,52.1688],[8.6726,52.169],[8.67265,52.16915],[8.6726,52.16935],[8.6719,52.17005],[8.6707,52.171],[8.669,52.17205],[8.6687,52.17215],[8.6684,52.1722],[8.6679,52.1722],[8.66715,52.17225],[8.6664,52.1725],[8.66585,52.1729],[8.6656,52.1731],[8.66545,52.17325],[8.66525,52.1739],[8.665,52.17425],[8.66435,52.17475],[8.66415,52.1754],[8.66415,52.17575],[8.66445,52.1761],[8.66475,52.1764],[8.66555,52.1769],[8.66595,52.17735],[8.66635,52.178],[8.66635,52.1782],[8.66635,52.17835],[8.66585,52.17895],[8.6647,52.1805],[8.66455,52.18085],[8.66465,52.18125],[8.66595,52.1829],[8.6666,52.18395],[8.6668,52.1843],[8.6678,52.1853],[8.6683,52.1856],[8.66915,52.1863],[8.66945,52.1871],[8.6698,52.1885],[8.6701,52.18905],[8.6704,52.1893],[8.6707,52.1895],[8.67195,52.18995],[8.67255,52.19035],[8.67305,52.19105],[8.6733,52.19165],[8.67355,52.1931],[8.6737,52.1937],[8.67405,52.19435],[8.67445,52.1948],[8.67495,52.1952],[8.6756,52.1957],[8.67595,52.196],[8.6767,52.19725],[8.6774,52.1977],[8.67815,52.1978],[8.67865,52.19785],[8.67945,52.19785],[8.6806,52.19765],[8.68195,52.1971],[8.68315,52.19645],[8.68425,52.1961],[8.68565,52.19585],[8.6865,52.19585],[8.6893,52.19635],[8.6902,52.19635],[8.6909,52.1962],[8.6921,52.19575],[8.69265,52.19565],[8.69335,52.19555],[8.694,52.19555],[8.6948,52.1956],[8.6957,52.19575],[8.6976,52.1963],[8.6995,52.19695],[8.7008,52.19735],[8.7024,52.1975],[8.70445,52.1974],[8.7067,52.19735],[8.7077,52.1974],[8.70875,52.19765],[8.71005,52.19795],[8.7106,52.1981],[8.71155,52.1986],[8.71205,52.19875],[8.71295,52.1988],[8.71345,52.1987],[8.7142,52.19875],[8.71485,52.19895],[8.7154,52.19915],[8.71575,52.19945],[8.71605,52.19985],[8.71635,52.2003],[8.7172,52.2013],[8.71765,52.20165],[8.71855,52.2022],[8.7192,52.2024],[8.71995,52.2026],[8.724,52.2029],[8.7259,52.20305],[8.72765,52.2035],[8.7293,52.2043],[8.7305,52.205],[8.7318,52.20605],[8.7325,52.2065],[8.7332,52.2066],[8.73415,52.20645],[8.7357,52.2065],[8.73715,52.2065],[8.73855,52.20595],[8.7402,52.2047],[8.7405,52.20455],[8.74095,52.2045],[8.74135,52.20455],[8.7424,52.20485],[8.74335,52.205],[8.74515,52.20485],[8.7468,52.205],[8.7479,52.2052],[8.75415,52.20575],[8.75625,52.20575],[8.7592,52.2059],[8.7602,52.20585],[8.7616,52.206],[8.7623,52.2062],[8.76295,52.20665],[8.76545,52.2085],[8.7665,52.20945],[8.7669,52.2097],[8.7673,52.20979]]}},{"type":"Feature","properties":{"name":"Werre","kind":"river","herkunft":"kreiskarte"},"geometry":{"type":"LineString","coordinates":[[8.7673,52.20979],[8.76744,52.20955],[8.76788,52.20961],[8.77108,52.20771],[8.77163,52.20754],[8.77235,52.20744],[8.77328,52.20748],[8.77406,52.20763],[8.77931,52.2091],[8.78194,52.20999],[8.78253,52.21013],[8.78432,52.21012],[8.78484,52.21021],[8.78509,52.21013],[8.78538,52.20994],[8.78558,52.20966],[8.78566,52.20927],[8.7858,52.20912],[8.78658,52.2091],[8.78693,52.20921],[8.78703,52.20933],[8.78715,52.20997],[8.78792,52.21119],[8.7884,52.2117],[8.78903,52.21222],[8.78952,52.21249],[8.79007,52.21267],[8.79106,52.21278],[8.79202,52.21277],[8.79302,52.21266],[8.79359,52.21251],[8.79381,52.2124],[8.79414,52.21207],[8.79432,52.21166],[8.7944,52.21106],[8.79403,52.21031],[8.79339,52.20957],[8.79335,52.20941],[8.79348,52.20924],[8.79424,52.20886],[8.79424,52.20877],[8.79506,52.2085],[8.79608,52.20843],[8.7964,52.20845],[8.79773,52.2088],[8.79842,52.20889],[8.79882,52.20883],[8.79951,52.2086],[8.80051,52.20821],[8.8014,52.20807],[8.8017,52.20793],[8.80163,52.20784],[8.8017,52.20789],[8.80185,52.20802],[8.80238,52.20856],[8.80298,52.20897],[8.80515,52.20987],[8.80844,52.2109],[8.80879,52.21115],[8.80889,52.21135],[8.80934,52.21171],[8.80942,52.21262],[8.80929,52.21284],[8.80905,52.21302],[8.80866,52.21312],[8.80786,52.21318],[8.80691,52.21308],[8.8063,52.21311],[8.80539,52.21335],[8.8047,52.21381],[8.80457,52.21395],[8.80473,52.21426],[8.80435,52.21449],[8.80436,52.215],[8.80459,52.21537],[8.80522,52.21578],[8.8093,52.21728],[8.81032,52.21745],[8.81258,52.21759],[8.8146,52.21831],[8.81496,52.21833],[8.81565,52.21826],[8.81759,52.2178],[8.81938,52.2177],[8.82102,52.21806],[8.82356,52.21832],[8.82457,52.21852],[8.82523,52.21873],[8.82551,52.2189],[8.82573,52.21935],[8.82663,52.22021],[8.8267,52.22084],[8.82746,52.22179]]}},{"type":"Feature","properties":{"name":"Werre","kind":"river","herkunft":"heute"},"geometry":{"type":"LineString","coordinates":[[8.82746,52.22179],[8.82823,52.22148],[8.82825,52.2215],[8.82884,52.22155]]}},{"type":"Feature","properties":{"name":"Knochenbach","kind":"river","herkunft":"heute"},"geometry":{"type":"LineString","coordinates":[[8.85253,51.94477],[8.85285,51.94525],[8.85305,51.9459],[8.85325,51.94645],[8.85253,51.94477]]}},{"type":"Feature","properties":{"name":"Knochenbach","kind":"river","herkunft":"heute"},"geometry":{"type":"LineString","coordinates":[[8.87372,51.93],[8.8738,51.93005],[8.87405,51.93015],[8.87425,51.93025],[8.87445,51.9305],[8.8743,51.93125],[8.8743,51.9317],[8.87425,51.9321],[8.87425,51.93215],[8.87455,51.93235],[8.8746,51.9324],[8.8746,51.93245],[8.87425,51.9326],[8.8738,51.93275],[8.8728,51.9333],[8.8725,51.93345],[8.87215,51.93385],[8.872,51.93405],[8.87195,51.93425],[8.87185,51.9344],[8.87165,51.9345],[8.8713,51.9346],[8.87125,51.93465],[8.87115,51.9347],[8.87115,51.9353],[8.87105,51.93545],[8.8709,51.93575],[8.8711,51.9364],[8.871,51.93675],[8.8709,51.9369],[8.8673,51.93805],[8.8671,51.9384],[8.8669,51.9385],[8.8665,51.93855],[8.8659,51.9387],[8.86565,51.93875],[8.8656,51.93885],[8.86555,51.939],[8.86545,51.93915],[8.8652,51.93925],[8.86475,51.93945],[8.8647,51.9395],[8.8643,51.9398],[8.86405,51.94],[8.8639,51.94045],[8.86365,51.9406],[8.86345,51.94065],[8.86235,51.94105],[8.8619,51.9412],[8.8613,51.9413],[8.86085,51.94145],[8.85995,51.94165],[8.85955,51.94175],[8.85925,51.94185],[8.8586,51.9419],[8.85825,51.94195],[8.85785,51.94215],[8.8574,51.94225],[8.8565,51.94235],[8.8548,51.9428],[8.8541,51.94265],[8.85305,51.9427],[8.85265,51.9428],[8.85215,51.94285],[8.85165,51.94285],[8.85145,51.9429],[8.85125,51.943],[8.8511,51.9431],[8.85105,51.94315],[8.8511,51.94325],[8.8514,51.94325],[8.8515,51.94335],[8.8515,51.94355],[8.8517,51.94385],[8.8521,51.94405],[8.85245,51.94465],[8.85253,51.94477],[8.85325,51.94645]]}},{"type":"Feature","properties":{"name":"Bega","kind":"river","herkunft":"heute"},"geometry":{"type":"LineString","coordinates":[[8.74124,52.07715],[8.7424,52.0791],[8.74442,52.0792]]}},{"type":"Feature","properties":{"name":"Bega","kind":"river","herkunft":"heute"},"geometry":{"type":"LineString","coordinates":[[9.13025,51.9725],[9.13115,51.9729],[9.1313,51.97295],[9.13165,51.97305],[9.13185,51.9731],[9.1323,51.9733],[9.1326,51.97355],[9.1329,51.9737],[9.1338,51.9742],[9.134,51.9743],[9.1346,51.9761],[9.1345,51.97635],[9.1344,51.97645],[9.1344,51.9766],[9.1344,51.97665],[9.13445,51.97675],[9.13465,51.97695],[9.13485,51.9772],[9.13505,51.9773],[9.13515,51.9774],[9.1355,51.9779],[9.1356,51.9783],[9.13565,51.97835],[9.1357,51.9785],[9.13575,51.9786],[9.13565,51.97865],[9.1356,51.97875],[9.13545,51.97885],[9.13525,51.97895],[9.13285,51.97985],[9.13255,51.9802],[9.1316,51.98055],[9.131,51.9809],[9.1301,51.98145],[9.12925,51.9823],[9.12755,51.9826],[9.12695,51.98255],[9.1268,51.98255],[9.1263,51.98285],[9.12605,51.98295],[9.126,51.98305],[9.1259,51.98305],[9.1257,51.9831],[9.12565,51.9832],[9.12555,51.9832],[9.1252,51.9833],[9.12535,51.98345],[9.12515,51.9838],[9.1247,51.98385],[9.12445,51.9842],[9.1242,51.98425],[9.12405,51.98435],[9.1237,51.9845],[9.1226,51.9853],[9.12235,51.98525],[9.12215,51.9855],[9.1217,51.98565],[9.1211,51.98595],[9.12015,51.9861],[9.11925,51.9863],[9.1189,51.9864],[9.1187,51.98645],[9.118,51.9866],[9.11675,51.9869],[9.1162,51.98765],[9.1158,51.9877],[9.11445,51.9879],[9.1121,51.988],[9.1122,51.9884],[9.1121,51.98845],[9.1113,51.9885],[9.1109,51.98855],[9.1105,51.98865],[9.1097,51.98885],[9.10905,51.98905],[9.10865,51.98935],[9.10825,51.9895],[9.10815,51.9895],[9.10715,51.9893],[9.107,51.9893],[9.10595,51.9896],[9.10585,51.9897],[9.1057,51.99],[9.1058,51.9902],[9.1051,51.99065],[9.105,51.99075],[9.10465,51.99085],[9.103,51.99135],[9.1027,51.9914],[9.10255,51.99155],[9.1023,51.9918],[9.10205,51.9919],[9.10175,51.992],[9.1004,51.9924],[9.09995,51.99255],[9.09835,51.99315],[9.09815,51.9932],[9.09795,51.9932],[9.0975,51.9932],[9.0946,51.995],[9.0942,51.995],[9.0936,51.99515],[9.09325,51.99515],[9.09305,51.99515],[9.0929,51.99525],[9.09275,51.9954],[9.0924,51.99575],[9.09245,51.99585],[9.09255,51.996],[9.09235,51.99605],[9.09215,51.9961],[9.0918,51.99625],[9.09185,51.99625],[9.09165,51.9963],[9.0916,51.9963],[9.09105,51.9965],[9.09095,51.9965],[9.0909,51.99655],[9.09065,51.99665],[9.0904,51.9967],[9.0898,51.9969],[9.08955,51.9969],[9.08945,51.99695],[9.08905,51.99705],[9.08895,51.99705],[9.0889,51.9971],[9.0883,51.9972],[9.08815,51.9973],[9.088,51.9974],[9.088,51.99745],[9.08805,51.9975],[9.088,51.99765],[9.0878,51.99765],[9.08775,51.9977],[9.08775,51.9978],[9.0876,51.99785],[9.0876,51.99795],[9.08555,51.9988],[9.08515,51.999],[9.0847,51.9991],[9.0841,51.9995],[9.08385,51.99955],[9.08345,51.99975],[9.0834,51.9998],[9.0833,51.99985],[9.08305,51.99985],[9.083,51.99995],[9.08265,52.00015],[9.08245,52.0002],[9.0823,52.0003],[9.08205,52.00035],[9.082,52.0005],[9.08175,52.0006],[9.0811,52.00095],[9.08095,52.00095],[9.08075,52.0011],[9.08065,52.0012],[9.08045,52.00125],[9.0802,52.0014],[9.08,52.00145],[9.0799,52.0015],[9.07995,52.0016],[9.07985,52.0016],[9.07975,52.0016],[9.07965,52.00165],[9.07965,52.0017],[9.07965,52.00175],[9.0795,52.00175],[9.0794,52.00185],[9.0792,52.0019],[9.07915,52.00205],[9.07905,52.002],[9.0789,52.0021],[9.0789,52.00215],[9.0785,52.0024],[9.0784,52.0024],[9.0783,52.0024],[9.07815,52.0025],[9.0779,52.00255],[9.07755,52.00275],[9.0775,52.00285],[9.0772,52.00285],[9.07715,52.0029],[9.0772,52.00295],[9.07705,52.003],[9.07695,52.0031],[9.07675,52.00315],[9.07655,52.00335],[9.0767,52.00345],[9.0768,52.0038],[9.07665,52.0038],[9.0764,52.0038],[9.07625,52.00385],[9.07625,52.0039],[9.07605,52.004],[9.0758,52.004],[9.07555,52.0041],[9.07545,52.00415],[9.07395,52.00395],[9.0735,52.004],[9.0705,52.0047],[9.06865,52.0051],[9.06825,52.0053],[9.0679,52.0053],[9.06725,52.0055],[9.06695,52.0055],[9.0664,52.00545],[9.0656,52.0056],[9.06535,52.00575],[9.0648,52.00615],[9.06445,52.0065],[9.0625,52.0075],[9.06225,52.00765],[9.06205,52.00785],[9.06185,52.0083],[9.06185,52.0086],[9.06175,52.00875],[9.06155,52.009],[9.0612,52.0096],[9.0613,52.00975],[9.0613,52.0098],[9.06135,52.00985],[9.06185,52.0099],[9.0619,52.00995],[9.06195,52.01015],[9.06175,52.0104],[9.06165,52.0104],[9.06155,52.01045],[9.0615,52.01065],[9.06165,52.0108],[9.0617,52.0109],[9.06165,52.011],[9.06155,52.01105],[9.06115,52.01125],[9.0611,52.01135],[9.06105,52.01175],[9.06095,52.0119],[9.06095,52.01205],[9.06075,52.01265],[9.06045,52.01295],[9.06035,52.01315],[9.0602,52.01325],[9.0599,52.01345],[9.0596,52.01375],[9.05955,52.01405],[9.0592,52.0147],[9.0591,52.01475],[9.0588,52.01595],[9.0586,52.01655],[9.05845,52.01715],[9.0584,52.0172],[9.05815,52.0174],[9.05765,52.01745],[9.0576,52.01755],[9.0576,52.0176],[9.0575,52.01765],[9.0573,52.0178],[9.05735,52.018],[9.05735,52.01805],[9.05695,52.0184],[9.0568,52.01845],[9.05665,52.0185],[9.0565,52.01855],[9.05645,52.0187],[9.05645,52.01885],[9.0561,52.01895],[9.0559,52.01905],[9.05575,52.0193],[9.0555,52.0193],[9.0554,52.01935],[9.05545,52.01955],[9.0553,52.0196],[9.05535,52.01965],[9.0554,52.01975],[9.05515,52.01995],[9.0553,52.02015],[9.0552,52.02045],[9.0547,52.02095],[9.05455,52.0215],[9.0544,52.0217],[9.05425,52.0218],[9.05385,52.0219],[9.05295,52.02205],[9.0505,52.02245],[9.05025,52.0224],[9.05025,52.02225],[9.05015,52.0221],[9.0499,52.02205],[9.04965,52.02215],[9.04945,52.02225],[9.0493,52.0224],[9.04905,52.02255],[9.04895,52.0226],[9.04875,52.02255],[9.0485,52.0226],[9.0483,52.02255],[9.048,52.02255],[9.04795,52.02245],[9.0473,52.0224],[9.04695,52.0222],[9.04675,52.02205],[9.0467,52.0221],[9.04635,52.0222],[9.04625,52.0223],[9.04635,52.02245],[9.04625,52.0227],[9.04615,52.02305],[9.04575,52.0232],[9.0454,52.02315],[9.0451,52.0232],[9.04455,52.02325],[9.0441,52.0234],[9.0439,52.02355],[9.0438,52.0237],[9.0438,52.02375],[9.0436,52.02385],[9.04295,52.0239],[9.04285,52.02385],[9.04275,52.02385],[9.0423,52.024],[9.04225,52.0241],[9.04195,52.02435],[9.04185,52.0244],[9.0416,52.0244],[9.0415,52.02445],[9.04145,52.0248],[9.04155,52.0249],[9.0416,52.025],[9.0414,52.0251],[9.0412,52.02515],[9.0409,52.0252],[9.04065,52.02535],[9.04035,52.02535],[9.0402,52.02535],[9.0399,52.0256],[9.03985,52.0257],[9.0397,52.0259],[9.03965,52.02605],[9.03955,52.0261],[9.03935,52.0261],[9.0391,52.02605],[9.03885,52.0259],[9.03865,52.02595],[9.0384,52.02595],[9.0384,52.02615],[9.03835,52.0262],[9.038,52.02615],[9.0378,52.0262],[9.0377,52.02625],[9.0377,52.0264],[9.03745,52.02645],[9.03715,52.02645],[9.03695,52.0264],[9.0368,52.0264],[9.0366,52.02625],[9.0364,52.02615],[9.0362,52.0261],[9.03605,52.0262],[9.0359,52.02625],[9.03575,52.0262],[9.0356,52.0261],[9.0326,52.0258],[9.0327,52.0259],[9.03245,52.02595],[9.0322,52.0261],[9.03185,52.02625],[9.03175,52.02635],[9.03145,52.0265],[9.0313,52.0265],[9.03105,52.02655],[9.03075,52.0265],[9.03065,52.02665],[9.0306,52.02665],[9.03,52.0265],[9.0298,52.0266],[9.0296,52.0265],[9.0297,52.02625],[9.02965,52.0262],[9.02945,52.02615],[9.0291,52.02595],[9.02885,52.026],[9.0285,52.02605],[9.02785,52.0261],[9.02775,52.02615],[9.02775,52.0263],[9.0277,52.0264],[9.02725,52.02655],[9.02715,52.0265],[9.0267,52.0262],[9.02665,52.02615],[9.0266,52.0261],[9.02625,52.0263],[9.02605,52.02645],[9.0254,52.0266],[9.02535,52.02665],[9.0249,52.02665],[9.02465,52.02665],[9.0244,52.02665],[9.0243,52.0267],[9.02405,52.02695],[9.0238,52.02695],[9.02355,52.02685],[9.0233,52.0268],[9.0232,52.0267],[9.02305,52.02665],[9.0229,52.0267],[9.02265,52.0269],[9.02255,52.0269],[9.02205,52.02685],[9.02195,52.02685],[9.0214,52.02705],[9.021,52.02715],[9.0207,52.02725],[9.0203,52.02785],[9.0201,52.02815],[9.01985,52.02835],[9.0197,52.0285],[9.0196,52.0285],[9.0193,52.0285],[9.01915,52.02865],[9.0188,52.0288],[9.0184,52.0288],[9.01835,52.02885],[9.01825,52.0289],[9.0182,52.02875],[9.01765,52.02865],[9.01755,52.02865],[9.0173,52.0288],[9.0172,52.02885],[9.017,52.0288],[9.01645,52.0291],[9.0162,52.02905],[9.0162,52.02895],[9.0161,52.0289],[9.016,52.02895],[9.01585,52.02905],[9.01575,52.0293],[9.0158,52.02935],[9.01595,52.02945],[9.0159,52.0295],[9.01575,52.02955],[9.01545,52.0295],[9.0153,52.0294],[9.01525,52.0292],[9.015,52.02915],[9.01455,52.0293],[9.01455,52.0294],[9.0148,52.02945],[9.01485,52.02955],[9.01445,52.0298],[9.01425,52.0298],[9.01405,52.02965],[9.0139,52.0296],[9.01375,52.0296],[9.0136,52.02955],[9.0135,52.0295],[9.0135,52.0294],[9.01355,52.02935],[9.01375,52.0293],[9.0138,52.02925],[9.01375,52.0292],[9.01335,52.0291],[9.0132,52.029],[9.01275,52.02895],[9.01245,52.02895],[9.0124,52.029],[9.0123,52.0292],[9.0122,52.0293],[9.01185,52.0293],[9.01155,52.0294],[9.0115,52.02945],[9.0117,52.02965],[9.01135,52.02975],[9.0112,52.02985],[9.0112,52.03],[9.0112,52.0301],[9.01125,52.03015],[9.0114,52.03015],[9.01155,52.0302],[9.01145,52.0303],[9.0114,52.0303],[9.01125,52.03035],[9.011,52.03035],[9.0107,52.03035],[9.01065,52.03035],[9.0107,52.03025],[9.01065,52.0302],[9.01055,52.0302],[9.0104,52.0303],[9.01035,52.0304],[9.0104,52.03065],[9.0103,52.03075],[9.01005,52.0308],[9.00955,52.0307],[9.0095,52.0307],[9.00935,52.0307],[9.0093,52.0307],[9.00925,52.0306],[9.00935,52.0305],[9.0096,52.0304],[9.0096,52.03035],[9.0095,52.03025],[9.00935,52.03025],[9.00905,52.0303],[9.009,52.0302],[9.00905,52.03005],[9.00865,52.02995],[9.00845,52.03],[9.0083,52.03],[9.0081,52.02985],[9.0078,52.0298],[9.00755,52.0296],[9.0074,52.0294],[9.0073,52.0293],[9.00705,52.02915],[9.00715,52.029],[9.0071,52.0289],[9.00685,52.02885],[9.00675,52.0288],[9.00665,52.0288],[9.00655,52.02885],[9.0063,52.02895],[9.00615,52.02895],[9.0056,52.029],[9.0055,52.029],[9.0054,52.0289],[9.00525,52.02885],[9.0052,52.0289],[9.00515,52.029],[9.0052,52.02915],[9.00505,52.0292],[9.00485,52.0292],[9.00465,52.0293],[9.00475,52.0294],[9.0045,52.02955],[9.0044,52.02965],[9.0043,52.0297],[9.0042,52.0297],[9.00405,52.0298],[9.0039,52.0298],[9.0038,52.02965],[9.0034,52.02945],[9.00325,52.02945],[9.0029,52.0296],[9.0025,52.0296],[9.00195,52.0297],[9.00185,52.0297],[9.0017,52.02965],[9.00155,52.0295],[9.0012,52.02945],[9.00105,52.02945],[9.0007,52.0297],[9.0005,52.0297],[9.0001,52.0295],[9.00005,52.0294],[9.0002,52.02915],[9.0001,52.029],[8.99995,52.0289],[8.99975,52.0289],[8.99965,52.029],[8.99955,52.02935],[8.9994,52.02945],[8.99915,52.02945],[8.99905,52.02935],[8.99865,52.0292],[8.99825,52.0296],[8.9974,52.0298],[8.9969,52.03005],[8.9962,52.03015],[8.9961,52.0302],[8.9961,52.0303],[8.99625,52.0304],[8.99615,52.0305],[8.99575,52.03065],[8.99545,52.03065],[8.99535,52.0307],[8.99545,52.03095],[8.9956,52.031],[8.9957,52.0311],[8.9956,52.03115],[8.99535,52.0312],[8.99535,52.0313],[8.99555,52.03155],[8.9955,52.0316],[8.99535,52.0317],[8.9951,52.0319],[8.99475,52.03205],[8.99435,52.032],[8.994,52.03205],[8.99375,52.03195],[8.99345,52.03195],[8.99325,52.03195],[8.9929,52.032],[8.99275,52.0322],[8.9928,52.03255],[8.9928,52.0326],[8.99285,52.0326],[8.9932,52.0326],[8.9933,52.0326],[8.99335,52.03265],[8.99335,52.0329],[8.99325,52.033],[8.9932,52.033],[8.99275,52.03305],[8.9925,52.03305],[8.99235,52.0331],[8.9923,52.03315],[8.9923,52.0336],[8.9922,52.0336],[8.9921,52.03365],[8.99205,52.03365],[8.99185,52.0336],[8.99175,52.0336],[8.99165,52.0336],[8.9914,52.0337],[8.99135,52.0337],[8.99125,52.03365],[8.9912,52.0336],[8.99115,52.0334],[8.9909,52.03315],[8.99065,52.0331],[8.99045,52.03315],[8.99005,52.0331],[8.98995,52.033],[8.9898,52.033],[8.9897,52.03275],[8.98955,52.03265],[8.98925,52.0327],[8.98905,52.0326],[8.98895,52.0325],[8.9889,52.0323],[8.9886,52.03205],[8.9883,52.0319],[8.9883,52.0318],[8.9885,52.0317],[8.98855,52.03165],[8.98835,52.03155],[8.9881,52.03155],[8.98805,52.0318],[8.9878,52.03185],[8.98765,52.03175],[8.9877,52.03165],[8.9876,52.03145],[8.98765,52.03135],[8.9876,52.0312],[8.98745,52.031],[8.98705,52.0308],[8.9867,52.03075],[8.9864,52.0309],[8.9863,52.0309],[8.9858,52.0309],[8.985,52.03055],[8.985,52.0305],[8.98465,52.0302],[8.98415,52.02985],[8.9837,52.03],[8.98325,52.0299],[8.9827,52.0292],[8.98215,52.0287],[8.98185,52.02825],[8.9819,52.028],[8.9822,52.02785],[8.98255,52.02785],[8.9826,52.0276],[8.982,52.0267],[8.9819,52.0263],[8.9811,52.02615],[8.98015,52.02615],[8.9799,52.02595],[8.98005,52.02575],[8.979,52.02495],[8.9789,52.0247],[8.9788,52.0244],[8.97925,52.0241],[8.9793,52.024],[8.979,52.0238],[8.97865,52.02395],[8.9786,52.024],[8.97835,52.02385],[8.97855,52.02305],[8.9784,52.0228],[8.9779,52.0228],[8.9777,52.02305],[8.97755,52.02305],[8.9774,52.0227],[8.9768,52.0228],[8.97665,52.0225],[8.97695,52.0223],[8.97705,52.02195],[8.97645,52.02175],[8.97595,52.02155],[8.9755,52.0216],[8.9751,52.0217],[8.9748,52.02135],[8.97415,52.02135],[8.9738,52.02105],[8.97355,52.0207],[8.9728,52.02065],[8.9724,52.02105],[8.9721,52.02105],[8.97185,52.02095],[8.97145,52.02085],[8.97135,52.02065],[8.9701,52.0201],[8.96865,52.01965],[8.96615,52.0192],[8.96482,52.01843],[8.96335,52.0176],[8.96225,52.01755],[8.96165,52.0174],[8.96105,52.0175],[8.9604,52.0174],[8.9605,52.01685],[8.9597,52.01625],[8.9592,52.016],[8.95845,52.01575],[8.9582,52.01575],[8.9578,52.0158],[8.9577,52.0159],[8.9574,52.01595],[8.95715,52.01595],[8.9568,52.016],[8.95665,52.01605],[8.95655,52.0162],[8.9563,52.01615],[8.9561,52.0161],[8.95605,52.01605],[8.95605,52.0159],[8.9559,52.01575],[8.9555,52.01585],[8.95525,52.01575],[8.95515,52.01555],[8.95495,52.01555],[8.9547,52.01555],[8.9545,52.01565],[8.9543,52.01565],[8.95425,52.0159],[8.9541,52.01595],[8.954,52.016],[8.95375,52.0159],[8.95345,52.0156],[8.95315,52.01545],[8.95285,52.01555],[8.95275,52.01575],[8.9527,52.01595],[8.9525,52.01645],[8.95225,52.01645],[8.95205,52.0164],[8.9517,52.01625],[8.95155,52.01625],[8.9515,52.0165],[8.95135,52.0166],[8.95105,52.01665],[8.9509,52.01675],[8.9509,52.0169],[8.9508,52.01695],[8.95065,52.017],[8.95035,52.0171],[8.94965,52.0174],[8.9494,52.0174],[8.9492,52.0174],[8.94905,52.01745],[8.94895,52.01755],[8.9487,52.0176],[8.94825,52.0175],[8.9479,52.0177],[8.94775,52.0177],[8.94755,52.01775],[8.9476,52.01795],[8.9471,52.01855],[8.94695,52.01855],[8.9466,52.01825],[8.9465,52.01825],[8.94635,52.01835],[8.94635,52.0184],[8.9462,52.01845],[8.94505,52.0184],[8.94455,52.01845],[8.94375,52.0184],[8.9431,52.01865],[8.9429,52.01865],[8.94265,52.0187],[8.9426,52.01875],[8.9427,52.01885],[8.94275,52.01905],[8.9427,52.0193],[8.9427,52.0195],[8.94265,52.01965],[8.94265,52.0197],[8.9419,52.01985],[8.94155,52.0199],[8.9413,52.01975],[8.9411,52.01965],[8.9408,52.01955],[8.94065,52.0195],[8.9407,52.01935],[8.9408,52.01925],[8.9408,52.0191],[8.94065,52.01895],[8.94045,52.01895],[8.94015,52.01895],[8.9398,52.01895],[8.9388,52.0187],[8.93845,52.01865],[8.938,52.0187],[8.9377,52.0188],[8.9375,52.01895],[8.93745,52.01905],[8.9375,52.0192],[8.9376,52.0193],[8.93785,52.0193],[8.93795,52.01935],[8.9378,52.0197],[8.9377,52.0198],[8.93745,52.0198],[8.9373,52.0197],[8.93715,52.0197],[8.93695,52.0198],[8.93665,52.0197],[8.93645,52.01975],[8.93635,52.02],[8.9362,52.02005],[8.93605,52.02005],[8.93595,52.0201],[8.936,52.0202],[8.93625,52.0203],[8.9363,52.0204],[8.9362,52.02045],[8.936,52.0205],[8.9359,52.0206],[8.93585,52.0207],[8.9359,52.0208],[8.93595,52.02085],[8.9358,52.0209],[8.9355,52.02085],[8.93525,52.02085],[8.9346,52.02095],[8.9344,52.02115],[8.9344,52.02145],[8.9342,52.0216],[8.934,52.0217],[8.9337,52.0216],[8.93335,52.0216],[8.9331,52.02165],[8.9327,52.02185],[8.93255,52.02195],[8.9321,52.02215],[8.93185,52.0225],[8.9321,52.02255],[8.93215,52.0226],[8.93205,52.02265],[8.9318,52.02275],[8.9318,52.0228],[8.93235,52.02305],[8.9324,52.0231],[8.9317,52.0233],[8.9316,52.0233],[8.93155,52.0231],[8.93145,52.02305],[8.931,52.02305],[8.9302,52.0229],[8.9291,52.0221],[8.92885,52.02185],[8.9284,52.0211],[8.9283,52.0211],[8.92815,52.02115],[8.9278,52.02135],[8.92765,52.0214],[8.92745,52.0213],[8.92725,52.0211],[8.9271,52.0208],[8.92695,52.0208],[8.92665,52.0208],[8.9264,52.0209],[8.9262,52.021],[8.9261,52.0209],[8.9259,52.02045],[8.92575,52.02035],[8.92505,52.0202],[8.9246,52.02015],[8.9235,52.02015],[8.9225,52.0204],[8.9209,52.02045],[8.919,52.0201],[8.91845,52.0199],[8.91765,52.0197],[8.91745,52.01975],[8.91715,52.01985],[8.91665,52.01995],[8.9155,52.01995],[8.91505,52.01995],[8.91435,52.02015],[8.914,52.02015],[8.91375,52.02025],[8.9136,52.0204],[8.91355,52.02065],[8.9134,52.0209],[8.91335,52.0211],[8.91335,52.0217],[8.91315,52.02215],[8.91235,52.02335],[8.91195,52.02345],[8.9118,52.02345],[8.9117,52.0234],[8.9116,52.02335],[8.91155,52.02325],[8.9116,52.02315],[8.9117,52.02295],[8.91175,52.0229],[8.9117,52.0228],[8.9116,52.02275],[8.91145,52.0228],[8.9113,52.0229],[8.91115,52.02315],[8.911,52.02325],[8.91085,52.0233],[8.9103,52.0234],[8.9102,52.0234],[8.9102,52.02345],[8.91015,52.0237],[8.91005,52.02385],[8.9099,52.02395],[8.90945,52.0241],[8.9093,52.0242],[8.9092,52.0243],[8.90905,52.02425],[8.90905,52.02405],[8.9091,52.0239],[8.9091,52.0238],[8.909,52.0237],[8.90865,52.02365],[8.90835,52.0237],[8.90825,52.0238],[8.90825,52.02395],[8.9084,52.02415],[8.90835,52.0242],[8.90825,52.02425],[8.9081,52.0242],[8.9079,52.024],[8.90765,52.0234],[8.90745,52.02325],[8.9069,52.0232],[8.9068,52.0232],[8.90665,52.0233],[8.90655,52.02335],[8.904,52.0231],[8.90365,52.02315],[8.9033,52.0232],[8.90275,52.02325],[8.902,52.02335],[8.9016,52.0234],[8.9013,52.02345],[8.90115,52.02345],[8.90106,52.02364],[8.8995,52.02395],[8.89925,52.02395],[8.89905,52.0239],[8.8987,52.02385],[8.8964,52.02405],[8.8954,52.0241],[8.8945,52.02405],[8.89415,52.0241],[8.89355,52.0246],[8.8931,52.02475],[8.8918,52.0248],[8.89115,52.02475],[8.8895,52.0244],[8.88895,52.02435],[8.88845,52.0244],[8.8877,52.02425],[8.88475,52.02355],[8.88385,52.0233],[8.88295,52.0231],[8.88235,52.02305],[8.8817,52.0231],[8.88115,52.02305],[8.8808,52.02295],[8.88045,52.0227],[8.8799,52.02255],[8.8794,52.02245],[8.8785,52.0224],[8.8778,52.0224],[8.87765,52.0224],[8.8772,52.0224],[8.8768,52.0225],[8.87645,52.0227],[8.876,52.02285],[8.8757,52.0229],[8.87325,52.02305],[8.873,52.02295],[8.8726,52.0228],[8.8724,52.02275],[8.87185,52.0228],[8.87135,52.02275],[8.8711,52.0227],[8.87085,52.02275],[8.8707,52.02285],[8.8704,52.02325],[8.8668,52.0239],[8.86635,52.024],[8.8662,52.024],[8.866,52.02395],[8.86575,52.02395],[8.8655,52.024],[8.86475,52.02435],[8.86465,52.02435],[8.86455,52.02435],[8.86445,52.0243],[8.86445,52.02395],[8.8644,52.0238],[8.86425,52.0237],[8.86365,52.0238],[8.8634,52.02385],[8.8628,52.02415],[8.8625,52.02425],[8.8619,52.0243],[8.8617,52.02435],[8.8614,52.02435],[8.86125,52.02435],[8.86115,52.02425],[8.8609,52.02405],[8.86065,52.02395],[8.86045,52.02395],[8.8603,52.02395],[8.86015,52.024],[8.8599,52.02395],[8.85905,52.02345],[8.85885,52.02345],[8.8587,52.02365],[8.8586,52.0237],[8.8585,52.02365],[8.8584,52.0235],[8.8583,52.02325],[8.85815,52.02305],[8.858,52.023],[8.85705,52.0228],[8.85645,52.0227],[8.85615,52.02275],[8.8557,52.0229],[8.85535,52.0229],[8.8551,52.02305],[8.8549,52.02325],[8.8547,52.02335],[8.85405,52.0234],[8.85335,52.02345],[8.8525,52.02365],[8.85225,52.02365],[8.8519,52.02355],[8.8518,52.0235],[8.85175,52.02345],[8.8518,52.02335],[8.852,52.0231],[8.8519,52.023],[8.8518,52.023],[8.8516,52.02295],[8.8514,52.023],[8.8511,52.0231],[8.8508,52.02315],[8.85055,52.0231],[8.8502,52.02295],[8.84925,52.0232],[8.84865,52.0232],[8.84835,52.02305],[8.8482,52.02295],[8.8481,52.02275],[8.8475,52.02245],[8.8465,52.02205],[8.846,52.02185],[8.84485,52.0215],[8.84455,52.0215],[8.84435,52.02155],[8.8442,52.0218],[8.8436,52.02195],[8.84345,52.0219],[8.84335,52.0218],[8.84335,52.02145],[8.8433,52.02115],[8.8433,52.0209],[8.8433,52.02075],[8.84315,52.0206],[8.8427,52.02035],[8.8425,52.02045],[8.8423,52.0207],[8.8419,52.0208],[8.8416,52.02065],[8.84095,52.0206],[8.84075,52.0205],[8.8407,52.02025],[8.84055,52.0202],[8.8392,52.0194],[8.83885,52.01955],[8.8389,52.01965],[8.83905,52.01975],[8.8389,52.0202],[8.8389,52.0203],[8.839,52.02045],[8.8392,52.0206],[8.83925,52.0207],[8.8393,52.0213],[8.8392,52.0214],[8.8391,52.02145],[8.8389,52.0214],[8.83855,52.02145],[8.8376,52.0217],[8.83705,52.02195],[8.8364,52.0221],[8.83555,52.02215],[8.83475,52.0226],[8.83455,52.02275],[8.83435,52.02295],[8.83395,52.02295],[8.8332,52.02305],[8.8305,52.02325],[8.83005,52.02305],[8.8298,52.02295],[8.8295,52.0229],[8.8285,52.02315],[8.82785,52.0233],[8.8277,52.02345],[8.82755,52.02375],[8.82745,52.02385],[8.8271,52.0241],[8.8267,52.02435],[8.8266,52.0244],[8.8258,52.02435],[8.8255,52.0243],[8.8254,52.02425],[8.82505,52.024],[8.8249,52.02395],[8.8244,52.024],[8.82405,52.02415],[8.82355,52.0246],[8.82285,52.02535],[8.82115,52.0259],[8.82085,52.0259],[8.82065,52.0258],[8.8205,52.0257],[8.8204,52.0255],[8.8205,52.02535],[8.8207,52.0252],[8.8208,52.02505],[8.82075,52.02495],[8.8206,52.02485],[8.81975,52.02505],[8.8163,52.0259],[8.816,52.0261],[8.816,52.02635],[8.81585,52.02675],[8.8156,52.027],[8.8155,52.02715],[8.81525,52.02735],[8.8147,52.0275],[8.81425,52.02755],[8.81405,52.0276],[8.8138,52.0278],[8.81375,52.0279],[8.8138,52.0283],[8.8137,52.02845],[8.81325,52.0288],[8.8128,52.0291],[8.8122,52.0293],[8.8087,52.0313],[8.80695,52.03155],[8.8035,52.0306],[8.80255,52.03035],[8.8016,52.03025],[8.80095,52.0303],[8.80045,52.0305],[8.80005,52.0311],[8.7977,52.0328],[8.7973,52.03305],[8.79685,52.0332],[8.79605,52.0331],[8.79595,52.03305],[8.7952,52.0329],[8.7948,52.03295],[8.7947,52.03285],[8.79475,52.0327],[8.7947,52.03255],[8.79445,52.0325],[8.794,52.03275],[8.79385,52.03275],[8.7936,52.0327],[8.7933,52.0327],[8.79315,52.03285],[8.793,52.033],[8.79285,52.03305],[8.7927,52.033],[8.79245,52.0327],[8.7922,52.0327],[8.79205,52.0328],[8.792,52.03295],[8.7918,52.03305],[8.7916,52.033],[8.7915,52.03285],[8.7916,52.03255],[8.79155,52.0324],[8.79135,52.0324],[8.7912,52.0325],[8.791,52.0328],[8.79015,52.03315],[8.79005,52.03325],[8.7901,52.0333],[8.7908,52.0341],[8.7909,52.03425],[8.7908,52.03485],[8.7909,52.0353],[8.79085,52.036],[8.79095,52.03615],[8.7915,52.03625],[8.7917,52.03635],[8.79185,52.0365],[8.7919,52.03675],[8.79175,52.03705],[8.7906,52.03735],[8.7903,52.0372],[8.79005,52.0373],[8.7899,52.0378],[8.78965,52.038],[8.7883,52.03995],[8.78795,52.04015],[8.787,52.0402],[8.78645,52.0403],[8.7863,52.04055],[8.7864,52.04095],[8.7862,52.0412],[8.78595,52.0415],[8.78575,52.0423],[8.7855,52.04255],[8.7846,52.043],[8.78395,52.04415],[8.78365,52.04435],[8.7824,52.0449],[8.78135,52.04545],[8.781,52.04555],[8.7804,52.0456],[8.78015,52.04585],[8.7805,52.04615],[8.78075,52.0464],[8.7805,52.04665],[8.77995,52.04655],[8.7793,52.0466],[8.77875,52.04635],[8.7783,52.04635],[8.77795,52.0464],[8.7775,52.0466],[8.7768,52.04705],[8.77515,52.04835],[8.77485,52.0489],[8.77445,52.0493],[8.774,52.0496],[8.7735,52.0498],[8.7731,52.0499],[8.7727,52.0499],[8.77235,52.0497],[8.7719,52.0497],[8.7716,52.0499],[8.7717,52.0501],[8.7723,52.0505],[8.77235,52.0508],[8.7722,52.05115],[8.77195,52.05155],[8.77165,52.05235],[8.7717,52.053],[8.7717,52.0533],[8.77165,52.05355],[8.7714,52.05375],[8.7711,52.0539],[8.7707,52.05395],[8.77015,52.05395],[8.7689,52.0538],[8.7685,52.0538],[8.76825,52.0538],[8.76795,52.0539],[8.76745,52.05425],[8.7672,52.0547],[8.7666,52.05515],[8.7662,52.05525],[8.76575,52.0552],[8.76535,52.0551],[8.765,52.0552],[8.76505,52.05545],[8.7653,52.05565],[8.7655,52.05595],[8.76535,52.05615],[8.76505,52.05635],[8.7649,52.0565],[8.7649,52.0568],[8.76515,52.0569],[8.76535,52.05695],[8.76565,52.0575],[8.76595,52.0577],[8.7659,52.05805],[8.7655,52.0583],[8.76545,52.0586],[8.76565,52.0588],[8.7662,52.0588],[8.7668,52.05885],[8.7669,52.059],[8.76635,52.05975],[8.76595,52.06005],[8.76525,52.06045],[8.7629,52.0619],[8.76255,52.0622],[8.7623,52.0624],[8.76195,52.06245],[8.7611,52.0629],[8.7552,52.0665],[8.75505,52.0668],[8.7552,52.06705],[8.75555,52.0673],[8.7557,52.06745],[8.75565,52.0677],[8.75535,52.06815],[8.75515,52.0682],[8.75485,52.06825],[8.7546,52.0683],[8.7544,52.0685],[8.75435,52.06865],[8.75425,52.06895],[8.7542,52.06945],[8.7543,52.07],[8.75425,52.0705],[8.75415,52.0708],[8.75335,52.07215],[8.75255,52.07325],[8.7523,52.07355],[8.75115,52.07425],[8.74935,52.07515],[8.7491,52.0753],[8.749,52.0755],[8.749,52.0758],[8.74885,52.07595],[8.7488,52.07625],[8.749,52.07645],[8.74935,52.07665],[8.7495,52.07675],[8.74955,52.07695],[8.7495,52.07705],[8.74925,52.0772],[8.74895,52.0774],[8.74865,52.07765],[8.7486,52.07775],[8.7485,52.07785],[8.74815,52.07805],[8.74795,52.0781],[8.7478,52.0781],[8.74745,52.0781],[8.7473,52.0781],[8.74725,52.07805],[8.74715,52.078],[8.7466,52.07785],[8.7463,52.0778],[8.74615,52.07785],[8.746,52.07795],[8.74585,52.07795],[8.7458,52.07795],[8.7457,52.07795],[8.74555,52.07785],[8.7454,52.0779],[8.7453,52.07795],[8.7453,52.0781],[8.74525,52.07825],[8.7451,52.0783],[8.74495,52.0784],[8.7449,52.07855],[8.7449,52.07865],[8.74485,52.07875],[8.74465,52.07885],[8.74445,52.07915]]}},{"type":"Feature","properties":{"name":"Rhienbach","kind":"stream","herkunft":"heute"},"geometry":{"type":"LineString","coordinates":[[8.7711,52.0539],[8.7711,52.0539],[8.7712,52.05395],[8.7714,52.05395],[8.77165,52.0539],[8.77185,52.05385],[8.7721,52.0534],[8.77215,52.0533],[8.7722,52.05325],[8.7731,52.05305],[8.77435,52.05285],[8.77405,52.0529],[8.7717,52.0529]]}},{"type":"Feature","properties":{"name":"Bega","kind":"river","herkunft":"heute"},"geometry":{"type":"LineString","coordinates":[[8.9327,52.02185],[8.9324,52.0217],[8.9315,52.02165],[8.9312,52.0217],[8.9311,52.0219],[8.93055,52.022],[8.9301,52.02195],[8.93005,52.0219],[8.93005,52.02175],[8.9298,52.0216],[8.92865,52.02115]]}},{"type":"Feature","properties":{"name":"Bega","kind":"river","herkunft":"heute"},"geometry":{"type":"LineString","coordinates":[[8.86754,52.02379],[8.87065,52.0233],[8.8726,52.02305],[8.87625,52.02275]]}},{"type":"Feature","properties":{"name":"Bega","kind":"river","herkunft":"heute"},"geometry":{"type":"LineString","coordinates":[[8.8704,52.02325],[8.87015,52.0233],[8.86975,52.02335],[8.8694,52.02335],[8.86915,52.02325],[8.86895,52.0231],[8.8689,52.0229],[8.86885,52.02285],[8.86875,52.0228],[8.86855,52.0228],[8.86835,52.02285],[8.86815,52.02295],[8.86805,52.0231],[8.86795,52.0233],[8.86765,52.0235],[8.86715,52.02385]]}},{"type":"Feature","properties":{"name":"Bega","kind":"river","herkunft":"heute"},"geometry":{"type":"LineString","coordinates":[[8.91335,52.0217],[8.91385,52.02165],[8.91425,52.02165],[8.91455,52.0216],[8.9148,52.02155],[8.9153,52.0216],[8.9154,52.02165],[8.9163,52.02175],[8.91655,52.02165],[8.9171,52.0215],[8.91905,52.0208],[8.9198,52.0206]]}},{"type":"Feature","properties":{"name":"Bega","kind":"river","herkunft":"heute"},"geometry":{"type":"LineString","coordinates":[[8.90472,52.02331],[8.90525,52.0234],[8.90555,52.02335],[8.9058,52.02345],[8.90615,52.02365],[8.90655,52.02335],[8.90625,52.0232],[8.9057,52.0232],[8.9052,52.0231],[8.90485,52.02305],[8.90434,52.02313]]}},{"type":"Feature","properties":{"name":"Bega","kind":"river","herkunft":"heute"},"geometry":{"type":"LineString","coordinates":[[8.89995,52.0239],[8.9003,52.0239],[8.9024,52.02375],[8.90435,52.02325]]}},{"type":"Feature","properties":{"name":"Bega","kind":"river","herkunft":"heute"},"geometry":{"type":"LineString","coordinates":[[8.8323,52.02312],[8.8323,52.0232],[8.8332,52.02305],[8.83365,52.01935]]}},{"type":"Feature","properties":{"name":"Bega","kind":"river","herkunft":"heute"},"geometry":{"type":"LineString","coordinates":[[8.83365,52.01935],[8.83355,52.0195],[8.83345,52.0205],[8.83335,52.02055],[8.8328,52.0205],[8.83255,52.0204],[8.83245,52.0205],[8.83245,52.02065],[8.83245,52.02085],[8.8323,52.0211],[8.8323,52.02135],[8.8326,52.02145],[8.83305,52.02145],[8.8332,52.02135],[8.83335,52.0214],[8.8333,52.02155],[8.83295,52.0219],[8.8323,52.02185]]}},{"type":"Feature","properties":{"name":"Bega","kind":"river","herkunft":"heute"},"geometry":{"type":"LineString","coordinates":[[8.8392,52.0194],[8.83895,52.0192],[8.83865,52.0191],[8.83785,52.01895],[8.83745,52.019],[8.83695,52.019],[8.8359,52.019],[8.83365,52.01935]]}},{"type":"Feature","properties":{"name":"Bega","kind":"river","herkunft":"heute"},"geometry":{"type":"LineString","coordinates":[[8.7424,52.0791],[8.74135,52.07815],[8.74035,52.07735],[8.74235,52.0791],[8.7424,52.0791]]}},{"type":"Feature","properties":{"name":"Bega","kind":"river","herkunft":"heute"},"geometry":{"type":"LineString","coordinates":[[8.74555,52.07785],[8.74442,52.0792],[8.74435,52.0793],[8.74405,52.07945],[8.74385,52.0794],[8.7435,52.07925],[8.74335,52.0792],[8.743,52.07925],[8.74245,52.07915],[8.7424,52.0791],[8.74124,52.07715]]}},{"type":"Feature","properties":{"name":"Aa","kind":"river","herkunft":"heute"},"geometry":{"type":"LineString","coordinates":[[8.6696,52.1224],[8.66955,52.1219],[8.6695,52.12165],[8.66935,52.1214],[8.6691,52.1212],[8.66895,52.12095],[8.6685,52.1204],[8.66845,52.1203],[8.6685,52.12025],[8.669,52.12],[8.66925,52.11985],[8.6693,52.1197],[8.6693,52.1196],[8.6693,52.1195],[8.66925,52.11935],[8.6687,52.11875],[8.668,52.1183],[8.6677,52.11815],[8.6676,52.11795],[8.66765,52.1174],[8.66785,52.11685],[8.66785,52.11635],[8.6679,52.1163],[8.6679,52.1162],[8.668,52.11605],[8.6685,52.1156],[8.6686,52.1155],[8.66875,52.1152],[8.66875,52.115],[8.66875,52.1148],[8.6686,52.11445],[8.6685,52.1143],[8.66835,52.1142],[8.66815,52.1141],[8.66715,52.114],[8.66695,52.114],[8.6667,52.1139],[8.666,52.11335],[8.6659,52.1132],[8.66565,52.11265],[8.66545,52.1125],[8.6652,52.1124],[8.6642,52.11205],[8.6637,52.11185],[8.6623,52.1112],[8.6613,52.1106],[8.65985,52.1095],[8.6596,52.10935],[8.6585,52.10885],[8.6559,52.10615],[8.65485,52.1055],[8.6545,52.1053],[8.65405,52.10515],[8.65175,52.10455],[8.6505,52.10405],[8.6493,52.1034],[8.64855,52.10285],[8.6484,52.1027],[8.64795,52.10215],[8.64775,52.1017],[8.6478,52.1009],[8.6478,52.1004],[8.6477,52.1002],[8.6474,52.0998],[8.64715,52.0996],[8.64635,52.0993],[8.6457,52.09915],[8.6453,52.09895],[8.6451,52.09885],[8.64465,52.09835],[8.64385,52.09785],[8.64305,52.0976],[8.64225,52.0971],[8.64145,52.0963],[8.6412,52.0961],[8.6405,52.0959],[8.6401,52.0958],[8.6397,52.0958],[8.63755,52.09585],[8.63555,52.096],[8.6351,52.096],[8.63455,52.09595],[8.6342,52.09585],[8.6337,52.0957],[8.6333,52.09535],[8.63245,52.0943],[8.63215,52.0941],[8.63175,52.09365],[8.6314,52.09325],[8.6314,52.09265],[8.63125,52.09235],[8.6312,52.0922],[8.63125,52.09195],[8.63145,52.09155],[8.63155,52.09115],[8.63155,52.0906],[8.63165,52.09035],[8.6317,52.09015],[8.63165,52.08995],[8.63145,52.0898],[8.6313,52.0897],[8.6306,52.08965],[8.63,52.0895],[8.62985,52.0894],[8.62945,52.08885],[8.6292,52.0887],[8.629,52.08855],[8.62835,52.0883],[8.6279,52.0882],[8.62725,52.088],[8.62575,52.0875],[8.6256,52.0874],[8.62535,52.0872],[8.62505,52.0867],[8.6249,52.08625],[8.6248,52.08595],[8.62485,52.08575],[8.6249,52.08555],[8.6251,52.08535],[8.6258,52.08475],[8.626,52.08435],[8.62675,52.08345],[8.6268,52.08325],[8.6267,52.08295],[8.62665,52.08285],[8.6264,52.08265],[8.6259,52.0824],[8.6258,52.0823],[8.62575,52.0822],[8.62585,52.0816],[8.626,52.0813],[8.626,52.0807],[8.62585,52.08055],[8.62515,52.08025],[8.6243,52.08],[8.62415,52.0799],[8.62305,52.0789],[8.62355,52.07795],[8.6234,52.07765],[8.6235,52.0773],[8.6235,52.07715],[8.6228,52.0764],[8.6219,52.07575],[8.6217,52.0757],[8.6211,52.0754],[8.6209,52.07535],[8.62045,52.07505],[8.61995,52.07485],[8.61975,52.07475],[8.6195,52.0747],[8.61925,52.07455],[8.6192,52.0744],[8.61855,52.0737],[8.61845,52.0734],[8.61855,52.0732],[8.6188,52.07305],[8.61895,52.0728],[8.619,52.07255],[8.61895,52.07195],[8.61875,52.0714],[8.6187,52.07105],[8.61855,52.07075],[8.61835,52.0705],[8.61815,52.0704],[8.6167,52.0693],[8.6165,52.06905],[8.6165,52.0688],[8.6166,52.0685],[8.6168,52.0681],[8.61695,52.06735],[8.6171,52.06635],[8.61725,52.06615],[8.61725,52.06585],[8.6171,52.06555],[8.61675,52.0652],[8.61635,52.0647],[8.61625,52.06455],[8.6162,52.0643],[8.616,52.0638]]}},{"type":"Feature","properties":{"name":"Mttelbach","kind":"stream","herkunft":"heute"},"geometry":{"type":"LineString","coordinates":[[8.77785,52.2025],[8.77765,52.203],[8.7774,52.2035],[8.7774,52.2036],[8.77745,52.2037],[8.77775,52.20395],[8.77805,52.2041],[8.77835,52.2041],[8.7784,52.2041],[8.7784,52.2042],[8.77835,52.20425],[8.77815,52.20435],[8.7782,52.2045],[8.7784,52.20475],[8.77865,52.2049],[8.77865,52.20495],[8.77865,52.205],[8.7786,52.20515],[8.77875,52.2054],[8.7788,52.20565],[8.77885,52.20575],[8.77915,52.206],[8.7791,52.2061],[8.779,52.20615],[8.77885,52.20625],[8.77835,52.20635],[8.7779,52.20665],[8.77765,52.20685],[8.7776,52.2073],[8.7777,52.20775],[8.7779,52.20815],[8.77825,52.20865],[8.77835,52.20875],[8.7783,52.20895],[8.7782,52.2091]]}},{"type":"Feature","properties":{"name":"Mittelbach","kind":"stream","herkunft":"heute"},"geometry":{"type":"LineString","coordinates":[[8.77785,52.2025],[8.7779,52.2023],[8.77795,52.20215],[8.77805,52.2021],[8.77835,52.20215],[8.77845,52.2021],[8.7788,52.2018],[8.77885,52.2017],[8.7789,52.20105],[8.77885,52.2009],[8.7783,52.20015],[8.77825,52.19985],[8.77795,52.1992],[8.7777,52.19855],[8.77765,52.1985]]}},{"type":"Feature","properties":{"name":"Osterbach","kind":"stream","herkunft":"heute"},"geometry":{"type":"LineString","coordinates":[[8.77865,52.20495],[8.779,52.20495],[8.7795,52.2044],[8.7796,52.2043],[8.7798,52.2043],[8.78025,52.20435],[8.78045,52.2043],[8.78065,52.2042],[8.7807,52.20415],[8.7809,52.2039],[8.781,52.20385],[8.78135,52.2038],[8.7815,52.20385],[8.7816,52.20385],[8.7818,52.2038],[8.7819,52.20345],[8.78205,52.20325],[8.78225,52.203],[8.7824,52.20275],[8.78265,52.2026],[8.78305,52.20235],[8.78315,52.2022],[8.7834,52.20215],[8.78355,52.2022],[8.7837,52.20225],[8.7838,52.20225],[8.78405,52.2022],[8.78415,52.20215],[8.78415,52.2021],[8.7841,52.202],[8.78405,52.2019],[8.78415,52.20175],[8.7841,52.2012],[8.78435,52.2007],[8.7844,52.20065],[8.78495,52.2002],[8.78515,52.20005],[8.7854,52.19995],[8.7856,52.2],[8.7857,52.2],[8.78585,52.19995],[8.78605,52.1999],[8.78615,52.19975],[8.78615,52.1997],[8.78605,52.19955],[8.78615,52.1994],[8.78615,52.19935],[8.78625,52.19935],[8.7863,52.19935],[8.78625,52.1993],[8.7863,52.1992],[8.7863,52.19895],[8.7864,52.1989],[8.78715,52.19865],[8.78725,52.19855],[8.7875,52.19815],[8.78765,52.19775],[8.7877,52.19775],[8.78795,52.19775],[8.788,52.19775],[8.7881,52.19765],[8.7882,52.19755],[8.7882,52.19745],[8.7884,52.19745],[8.7885,52.1974],[8.78865,52.19735],[8.7887,52.1973],[8.7887,52.1972],[8.7887,52.19685],[8.7888,52.19675],[8.78885,52.19655],[8.78895,52.19655],[8.78905,52.19645],[8.789,52.19635],[8.7892,52.1963],[8.7893,52.19615],[8.78925,52.1961],[8.7892,52.19585],[8.78915,52.19575],[8.7889,52.1955],[8.78895,52.1953],[8.78885,52.19515],[8.78885,52.1951],[8.78905,52.19505],[8.789,52.19495],[8.789,52.19485],[8.78875,52.19455],[8.78875,52.1943],[8.7886,52.19405],[8.7884,52.1933],[8.78845,52.1931],[8.7886,52.1929],[8.7888,52.1928],[8.7888,52.1927],[8.7888,52.1924],[8.7893,52.19235],[8.7895,52.1923],[8.78965,52.1921],[8.78975,52.1918],[8.79015,52.1912],[8.79025,52.19105],[8.7903,52.1909]]}},{"type":"Feature","properties":{"name":"Osterbach","kind":"stream","herkunft":"kreiskarte"},"geometry":{"type":"LineString","coordinates":[[8.7903,52.1909],[8.79023,52.19089],[8.79023,52.19093],[8.79054,52.19065],[8.79097,52.19052],[8.79116,52.19039],[8.79104,52.1898],[8.7911,52.18955],[8.79089,52.18919],[8.79085,52.18884],[8.79058,52.1884],[8.78968,52.18743],[8.78908,52.18695]]}},{"type":"Feature","properties":{"name":"Osterbach","kind":"stream","herkunft":"heute"},"geometry":{"type":"LineString","coordinates":[[8.78908,52.18695],[8.78886,52.18702],[8.78855,52.18665],[8.7883,52.1864],[8.7882,52.18635],[8.78815,52.18635],[8.78775,52.18625],[8.78765,52.1862],[8.78735,52.186],[8.7871,52.18575],[8.7869,52.1855],[8.7868,52.18545],[8.7867,52.18545],[8.78655,52.18555],[8.7865,52.1855],[8.7861,52.18525],[8.7855,52.18495],[8.7853,52.18475],[8.78525,52.1846],[8.78505,52.18435],[8.7845,52.18365],[8.784,52.1833],[8.784,52.18325]]}},{"type":"Feature","properties":{"name":"Osterbach","kind":"stream","herkunft":"kreiskarte"},"geometry":{"type":"LineString","coordinates":[[8.784,52.18325],[8.78375,52.18322],[8.78379,52.18305],[8.78395,52.18297],[8.78415,52.18294],[8.7846,52.18301],[8.78533,52.18267],[8.78533,52.18256],[8.785,52.1821],[8.78503,52.18179],[8.78522,52.18152],[8.78525,52.18099],[8.78552,52.18078],[8.78575,52.18048],[8.78655,52.18017],[8.78701,52.1798],[8.78759,52.17977],[8.78818,52.17938],[8.78825,52.17922],[8.78812,52.17903],[8.78813,52.17886],[8.78871,52.17842],[8.7892,52.17754],[8.78942,52.17744],[8.78962,52.17746]]}},{"type":"Feature","properties":{"name":"Osterbach","kind":"stream","herkunft":"heute"},"geometry":{"type":"LineString","coordinates":[[8.78962,52.17746],[8.7901,52.17765],[8.79095,52.1776],[8.7911,52.1776],[8.79115,52.17755],[8.79125,52.17745],[8.79135,52.17735],[8.79285,52.17735],[8.7939,52.17715],[8.7947,52.1769],[8.79495,52.17675],[8.79515,52.17645],[8.7952,52.17605],[8.79535,52.17565],[8.79535,52.17525],[8.7954,52.17515],[8.79535,52.17495],[8.79535,52.1749],[8.7955,52.17475],[8.7956,52.1745],[8.7959,52.17415],[8.796,52.17405],[8.79605,52.17375],[8.7961,52.1736],[8.79665,52.1728],[8.79655,52.17245],[8.7966,52.17235],[8.79665,52.17225],[8.79655,52.17175],[8.7965,52.1712],[8.79655,52.1711],[8.79685,52.17075],[8.79695,52.1707],[8.7975,52.16995],[8.79755,52.1699],[8.7975,52.16975],[8.7976,52.16955],[8.798,52.16935],[8.7981,52.16905],[8.79855,52.16885],[8.7993,52.1686],[8.7994,52.16855],[8.79945,52.16855],[8.8003,52.1682],[8.8004,52.16815],[8.80085,52.16735],[8.80065,52.1673],[8.80065,52.16715],[8.80055,52.16695],[8.80025,52.1667],[8.7999,52.16625],[8.7997,52.1661],[8.79945,52.16595],[8.7994,52.1658]]}},{"type":"Feature","properties":{"name":"Werre","kind":"river","herkunft":"heute"},"geometry":{"type":"LineString","coordinates":[[8.678,52.16015],[8.6775,52.1604],[8.6768,52.16065],[8.6754,52.1609],[8.678,52.16015]]}},{"type":"Feature","properties":{"name":"Werre","kind":"river","herkunft":"heute"},"geometry":{"type":"LineString","coordinates":[[8.74555,52.07785],[8.74488,52.07564],[8.74555,52.07525]]}},{"type":"Feature","properties":{"name":"Werre","kind":"river","herkunft":"heute"},"geometry":{"type":"LineString","coordinates":[[8.749,52.0755],[8.74555,52.07525],[8.74535,52.07545],[8.745,52.0756],[8.74488,52.07564]]}},{"type":"Feature","properties":{"name":"Werre","kind":"river","herkunft":"heute"},"geometry":{"type":"LineString","coordinates":[[8.78845,51.99224],[8.7884,51.9903],[8.7884,51.9921]]}},{"type":"Feature","properties":{"name":"Werre","kind":"river","herkunft":"heute"},"geometry":{"type":"LineString","coordinates":[[8.78875,51.9894],[8.7881,51.991],[8.7881,51.99115],[8.78815,51.99155],[8.78825,51.9918],[8.7884,51.9921]]}},{"type":"Feature","properties":{"name":"Werre","kind":"river","herkunft":"heute"},"geometry":{"type":"LineString","coordinates":[[8.74455,52.05455],[8.7449,52.05465],[8.7452,52.05485],[8.742,52.05205],[8.74255,52.05255]]}},{"type":"Feature","properties":{"name":"Werre","kind":"river","herkunft":"heute"},"geometry":{"type":"LineString","coordinates":[[8.87295,51.94385],[8.8767,51.9416],[8.87715,51.9414]]}},{"type":"Feature","properties":{"name":"Werre","kind":"river","herkunft":"heute"},"geometry":{"type":"LineString","coordinates":[[8.87279,51.9439],[8.8727,51.9439],[8.87255,51.94385],[8.87195,51.94385],[8.8715,51.944],[8.87105,51.9442],[8.8706,51.9445],[8.8703,51.9447],[8.87279,51.9439]]}},{"type":"Feature","properties":{"name":"Werre","kind":"river","herkunft":"heute"},"geometry":{"type":"LineString","coordinates":[[8.74465,52.02265],[8.74395,52.0223],[8.7438,52.0222],[8.74335,52.022],[8.7431,52.02175],[8.7432,52.02155],[8.74375,52.02105],[8.7441,52.02095],[8.74445,52.021],[8.74505,52.0211],[8.7453,52.02115],[8.74537,52.02114]]}},{"type":"Feature","properties":{"name":"Werre","kind":"river","herkunft":"heute"},"geometry":{"type":"LineString","coordinates":[[8.7411,52.0259],[8.74115,52.0257],[8.7412,52.02555],[8.7414,52.02545],[8.7418,52.0253],[8.74465,52.02265]]}},{"type":"Feature","properties":{"name":"Kaarbach","kind":"stream","herkunft":"kreiskarte"},"geometry":{"type":"LineString","coordinates":[[8.79555,52.23413],[8.79551,52.23357],[8.7956,52.23295],[8.79585,52.23282],[8.79672,52.23285],[8.79597,52.2326],[8.79593,52.23255],[8.79614,52.23254],[8.79662,52.23282],[8.79688,52.23284],[8.79744,52.23256],[8.79781,52.23225],[8.79778,52.23215],[8.7972,52.23185],[8.79683,52.2319],[8.7964,52.23187],[8.79629,52.23173],[8.79636,52.23152],[8.79692,52.23103],[8.79736,52.23091],[8.79796,52.23096],[8.79824,52.2308],[8.79853,52.23034],[8.79847,52.22998],[8.79875,52.22952],[8.79942,52.22947],[8.79968,52.22928],[8.79986,52.22873],[8.79983,52.22847],[8.79957,52.22836],[8.79859,52.22815],[8.79843,52.22808],[8.79837,52.22796],[8.79884,52.22699],[8.79914,52.22688],[8.79927,52.2269],[8.79933,52.22692],[8.79939,52.22695],[8.79944,52.22697],[8.79951,52.22699],[8.79957,52.227],[8.79964,52.227],[8.7997,52.22698],[8.79976,52.22696],[8.79982,52.22694],[8.79986,52.2269],[8.79991,52.22687],[8.79994,52.22683],[8.79995,52.2268],[8.79995,52.22678],[8.79989,52.22687],[8.79986,52.2269],[8.79982,52.22694],[8.79976,52.22696],[8.7997,52.22698],[8.79964,52.227],[8.79957,52.227],[8.79951,52.22699],[8.79944,52.22697],[8.79938,52.22695],[8.79933,52.22692],[8.79924,52.22685],[8.7992,52.2264],[8.79872,52.22622],[8.79816,52.22512],[8.79763,52.22435],[8.7976,52.22431],[8.79755,52.22428],[8.79751,52.22424],[8.79746,52.22421],[8.79741,52.22418],[8.79735,52.22415],[8.79732,52.22412],[8.7973,52.22411],[8.79756,52.22429],[8.79758,52.22445],[8.79718,52.22469],[8.79671,52.22487],[8.79588,52.22448],[8.79548,52.22441],[8.79515,52.2242],[8.79425,52.22409]]}},{"type":"Feature","properties":{"name":"Kaarbach","kind":"stream","herkunft":"heute"},"geometry":{"type":"LineString","coordinates":[[8.79425,52.22409],[8.79425,52.22395],[8.79405,52.22395],[8.7938,52.2239],[8.79345,52.2239],[8.7933,52.2239],[8.7933,52.2238],[8.793,52.22365],[8.7926,52.22365],[8.7922,52.2235],[8.7919,52.2233],[8.7917,52.2233],[8.7916,52.22325],[8.79155,52.2232],[8.79145,52.22315],[8.79115,52.2231],[8.79105,52.2231],[8.79095,52.2231],[8.7908,52.2232],[8.79075,52.2232],[8.7906,52.2232],[8.7904,52.22315],[8.79,52.2232],[8.78975,52.2232],[8.78965,52.2232],[8.7893,52.22325],[8.7891,52.22325],[8.789,52.2233],[8.78885,52.2233],[8.78825,52.2235],[8.7876,52.2233],[8.78745,52.2233],[8.787,52.223],[8.7864,52.2229],[8.7861,52.22275],[8.7861,52.2227],[8.78615,52.2226],[8.7865,52.22235],[8.78665,52.22215],[8.7867,52.22155],[8.7865,52.22115],[8.78615,52.22095],[8.78605,52.22075],[8.7859,52.2201],[8.7857,52.2199],[8.7847,52.21965],[8.7846,52.2196],[8.7846,52.21785],[8.7846,52.2178],[8.7846,52.2177],[8.7845,52.21725],[8.7845,52.21695],[8.7844,52.2169],[8.78395,52.21685],[8.7837,52.21675],[8.78355,52.2166],[8.7835,52.21645],[8.7836,52.216],[8.7837,52.2158],[8.7836,52.2151],[8.78355,52.21495],[8.7836,52.2148],[8.78355,52.21455],[8.78355,52.2144],[8.7837,52.2142],[8.7839,52.2141],[8.7841,52.214],[8.7845,52.21395],[8.78555,52.2138],[8.78585,52.2137],[8.78615,52.21355],[8.78635,52.2134],[8.7866,52.21305],[8.7867,52.21285],[8.78685,52.21265],[8.7869,52.21245],[8.7868,52.21225],[8.78685,52.2121],[8.78685,52.21205],[8.78685,52.212],[8.78695,52.2118],[8.7875,52.21125],[8.7875,52.211],[8.7876,52.2109],[8.78755,52.21075],[8.7877,52.2105],[8.7879,52.2103],[8.7879,52.2102],[8.7881,52.21015],[8.78825,52.21005],[8.7884,52.2101]]}},{"type":"Feature","properties":{"name":"Meerbruchbach","kind":"stream","herkunft":"heute"},"geometry":{"type":"LineString","coordinates":[[8.79995,52.2264],[8.80195,52.22805],[8.80255,52.2287],[8.80295,52.2288],[8.80315,52.22885],[8.80325,52.2289],[8.8032,52.22915],[8.8033,52.22935],[8.80385,52.22985],[8.8041,52.2299],[8.80415,52.2299],[8.80425,52.2299],[8.8044,52.22995],[8.8046,52.22995],[8.8047,52.23],[8.80485,52.23],[8.8049,52.23005],[8.80495,52.23],[8.80515,52.2301],[8.80525,52.23005],[8.8053,52.2301],[8.80535,52.2301],[8.80555,52.23015],[8.8073,52.2304],[8.8076,52.2304],[8.80975,52.2307]]}},{"type":"Feature","properties":{"name":"Kaarbach","kind":"stream","herkunft":"heute"},"geometry":{"type":"LineString","coordinates":[[8.79885,52.2303],[8.7977,52.23135],[8.79723,52.23123]]}},{"type":"Feature","properties":{"name":"Kaarbach","kind":"stream","herkunft":"kreiskarte"},"geometry":{"type":"LineString","coordinates":[[8.79723,52.23123],[8.79748,52.23086],[8.79666,52.23097],[8.79636,52.23148],[8.79636,52.23143]]}},{"type":"Feature","properties":{"name":"Kaarbach","kind":"stream","herkunft":"heute"},"geometry":{"type":"LineString","coordinates":[[8.79636,52.23143],[8.79656,52.23105],[8.79655,52.23105],[8.79635,52.231],[8.7961,52.2309],[8.79885,52.2303]]}},{"type":"Feature","properties":{"name":"Kaarbach","kind":"stream","herkunft":"kreiskarte"},"geometry":{"type":"LineString","coordinates":[[8.79555,52.23413],[8.79551,52.23357],[8.7956,52.23295],[8.79585,52.23282],[8.79672,52.23285],[8.79597,52.2326],[8.79593,52.23255],[8.79614,52.23254],[8.79662,52.23282],[8.79688,52.23284],[8.79744,52.23256],[8.79781,52.23225],[8.79778,52.23215],[8.7972,52.23185],[8.79683,52.2319],[8.7964,52.23187],[8.79629,52.23173],[8.79636,52.23152],[8.79692,52.23103],[8.79736,52.23091],[8.79796,52.23096],[8.79824,52.2308],[8.79853,52.23034],[8.79847,52.22998],[8.79875,52.22952],[8.79942,52.22947],[8.79968,52.22928],[8.79986,52.22873],[8.79983,52.22847],[8.79957,52.22836],[8.79859,52.22815],[8.79843,52.22808],[8.79837,52.22796],[8.79884,52.22699],[8.79914,52.22688],[8.79927,52.2269],[8.79933,52.22692],[8.79939,52.22695],[8.79944,52.22697],[8.79951,52.22699],[8.79957,52.227],[8.79964,52.227],[8.7997,52.22698],[8.79976,52.22696],[8.79982,52.22694],[8.79986,52.2269],[8.79991,52.22687],[8.79994,52.22683],[8.79995,52.2268],[8.79995,52.22678],[8.79989,52.22687],[8.79986,52.2269],[8.79982,52.22694],[8.79976,52.22696],[8.7997,52.22698],[8.79964,52.227],[8.79957,52.227],[8.79951,52.22699],[8.79944,52.22697],[8.79938,52.22695],[8.79933,52.22692],[8.79924,52.22685],[8.7992,52.2264],[8.79872,52.22622],[8.79816,52.22512],[8.79763,52.22435],[8.7976,52.22431],[8.79755,52.22428],[8.79751,52.22424],[8.79746,52.22421],[8.79741,52.22418],[8.79735,52.22415],[8.79732,52.22412],[8.7973,52.22411],[8.79756,52.22429],[8.79758,52.22445],[8.79718,52.22469],[8.79671,52.22487],[8.79588,52.22448],[8.79548,52.22441],[8.79515,52.2242],[8.79425,52.22409]]}},{"type":"Feature","properties":{"name":"Oexer Bach","kind":"stream","herkunft":"heute"},"geometry":{"type":"LineString","coordinates":[[8.8161,52.24545],[8.81615,52.24545],[8.8161,52.2453],[8.81615,52.24525],[8.81615,52.2452],[8.81613,52.24516]]}},{"type":"Feature","properties":{"name":"Oexer Bach","kind":"stream","herkunft":"kreiskarte"},"geometry":{"type":"LineString","coordinates":[[8.81613,52.24516],[8.81653,52.24509],[8.81493,52.24493],[8.81467,52.24487],[8.81455,52.24477],[8.81485,52.244],[8.81513,52.24366],[8.81539,52.24315],[8.81547,52.24279],[8.81533,52.24265],[8.81479,52.24258],[8.81316,52.24212],[8.81275,52.24196],[8.81247,52.24172],[8.8122,52.24184],[8.81116,52.24196],[8.81089,52.24219],[8.81073,52.2422],[8.81023,52.24195],[8.80971,52.24188],[8.80973,52.24147],[8.80959,52.24134],[8.80867,52.24136],[8.80842,52.24131],[8.80792,52.24068],[8.80755,52.24046],[8.80714,52.24033],[8.80716,52.24033],[8.80721,52.24033],[8.80728,52.24033],[8.80736,52.24033],[8.80743,52.24033],[8.80758,52.24032],[8.80754,52.24032],[8.80748,52.24032],[8.80741,52.24033],[8.80733,52.24033],[8.80726,52.24033],[8.80719,52.24033],[8.80715,52.24033],[8.80717,52.24033],[8.80722,52.24033],[8.80736,52.2403],[8.80748,52.24021],[8.8074,52.23993],[8.80715,52.23977],[8.80676,52.23969],[8.80643,52.23937],[8.80644,52.23922],[8.80673,52.23911],[8.80682,52.23901],[8.80664,52.23847],[8.80658,52.23839],[8.8065,52.23832],[8.80645,52.23829],[8.80641,52.23825],[8.80637,52.23822],[8.80636,52.23821],[8.80637,52.23822],[8.8064,52.23824],[8.80644,52.23828],[8.80647,52.23832],[8.8065,52.23835],[8.80651,52.23839],[8.80649,52.23843],[8.80646,52.23846],[8.80642,52.2385],[8.80636,52.23853],[8.80631,52.23856],[8.80625,52.23859],[8.8062,52.23861],[8.80592,52.23871],[8.80604,52.23866],[8.80616,52.23862],[8.80622,52.2386],[8.80628,52.23858],[8.80633,52.23855],[8.80639,52.23852],[8.80643,52.23849],[8.80647,52.23845],[8.8065,52.23841],[8.8065,52.23838],[8.80649,52.23834],[8.80646,52.2383],[8.80642,52.23826],[8.80638,52.23823],[8.80635,52.23819],[8.80633,52.23815],[8.80618,52.2376],[8.80547,52.23736],[8.80473,52.23746],[8.80517,52.23737],[8.80537,52.23726],[8.80535,52.2371],[8.80505,52.23669],[8.80355,52.23695],[8.8028,52.23695],[8.80256,52.23689],[8.80249,52.23662],[8.80215,52.23645],[8.80211,52.23624],[8.80203,52.23603],[8.80201,52.23599],[8.802,52.23595],[8.80198,52.23591],[8.80198,52.23587],[8.80201,52.23583],[8.80204,52.23579],[8.80208,52.23576],[8.80214,52.23573],[8.8022,52.23571],[8.80227,52.2357],[8.80234,52.23569],[8.80241,52.23569],[8.80248,52.23568],[8.80254,52.23567],[8.80259,52.23564],[8.80262,52.23561],[8.80264,52.23557],[8.80264,52.23553],[8.80264,52.23548],[8.80264,52.23544],[8.80264,52.23539],[8.80264,52.23536],[8.80264,52.23534],[8.80264,52.23536],[8.80264,52.23539],[8.80264,52.23544],[8.80264,52.23548],[8.80264,52.23553],[8.80264,52.23557],[8.80262,52.23561],[8.80259,52.23564],[8.80254,52.23567],[8.80248,52.23568],[8.80241,52.23569],[8.80234,52.23569],[8.80227,52.23569],[8.8022,52.23571],[8.80214,52.23573],[8.80209,52.23575],[8.80204,52.23579],[8.80201,52.23583],[8.80199,52.23587],[8.80198,52.23591],[8.80199,52.23595],[8.80201,52.23599],[8.80206,52.23607],[8.80207,52.23609],[8.80207,52.2361],[8.80207,52.23609],[8.80206,52.23607],[8.80203,52.23603],[8.80201,52.23599],[8.80199,52.23595],[8.80197,52.23591],[8.80189,52.23585],[8.80133,52.23581],[8.80108,52.23567],[8.80089,52.2354],[8.80112,52.23507],[8.80039,52.23463],[8.80005,52.23463],[8.7998,52.23476],[8.79882,52.23479],[8.79861,52.23469],[8.79825,52.23423],[8.79802,52.23416],[8.79674,52.23427],[8.79633,52.23443],[8.79605,52.23443],[8.79558,52.23417],[8.79555,52.23377],[8.79554,52.23373],[8.79552,52.23368],[8.79551,52.23365],[8.7955,52.23364],[8.79555,52.23409]]}},{"type":"Feature","properties":{"name":"Oexer Bach","kind":"stream","herkunft":"heute"},"geometry":{"type":"LineString","coordinates":[[8.79555,52.23409],[8.79566,52.23402],[8.79555,52.23395]]}},{"type":"Feature","properties":{"name":"Neuer Wöhrener Bach","kind":"stream","herkunft":"heute"},"geometry":{"type":"LineString","coordinates":[[8.8228,52.2349],[8.822,52.23475],[8.8211,52.23455],[8.8208,52.23445],[8.82035,52.2343],[8.81925,52.23395],[8.81865,52.23375],[8.81825,52.23365],[8.8182,52.23365],[8.8181,52.2336],[8.81805,52.23365],[8.81785,52.2336],[8.81775,52.23365],[8.8177,52.2336],[8.81765,52.2336],[8.8176,52.23365],[8.8175,52.2336],[8.8174,52.23365],[8.8173,52.23365],[8.81725,52.2337],[8.81715,52.2337],[8.81705,52.2338],[8.817,52.23375],[8.81695,52.2338],[8.8169,52.23385],[8.8168,52.2338],[8.8167,52.23385],[8.8166,52.23385],[8.81655,52.2339],[8.81645,52.2339],[8.8164,52.2339],[8.8163,52.23395],[8.8161,52.2339],[8.81585,52.23385],[8.8156,52.2338],[8.81515,52.23395],[8.81485,52.23395],[8.8144,52.23405],[8.81395,52.23415],[8.81385,52.2343],[8.8136,52.23445],[8.8129,52.2346],[8.81225,52.2345],[8.812,52.23455],[8.81175,52.23455],[8.81145,52.2346],[8.81115,52.2347],[8.81065,52.2348],[8.8101,52.23485],[8.8101,52.2349],[8.80985,52.2349],[8.80985,52.23495],[8.8096,52.235],[8.8096,52.2351],[8.80945,52.23505],[8.8094,52.2351],[8.80945,52.2352],[8.8094,52.2352],[8.8093,52.2352],[8.80925,52.2352],[8.8092,52.23525],[8.80915,52.2353],[8.809,52.2353],[8.8089,52.2353],[8.80865,52.23525],[8.8086,52.2352],[8.80825,52.23515],[8.80815,52.2351],[8.80805,52.2351],[8.8079,52.2351],[8.80775,52.2351],[8.80745,52.23505],[8.8073,52.23505],[8.80675,52.23505],[8.80625,52.2349],[8.80545,52.2349],[8.80535,52.23495],[8.8052,52.23495],[8.8048,52.2349],[8.80425,52.23495],[8.8039,52.23485],[8.80345,52.2348],[8.80315,52.23475],[8.8028,52.23475],[8.8026,52.23475],[8.8022,52.2346],[8.8021,52.2346],[8.8018,52.2345],[8.80155,52.2344],[8.80145,52.2344],[8.8014,52.2344],[8.8011,52.23455],[8.8007,52.23475],[8.80065,52.23478]]}},{"type":"Feature","properties":{"name":"Wöhrener Bach","kind":"stream","herkunft":"heute"},"geometry":{"type":"LineString","coordinates":[[8.80632,52.23492],[8.8063,52.23495],[8.8064,52.23515],[8.80655,52.23565],[8.80665,52.2357],[8.8068,52.2358],[8.80745,52.236],[8.80805,52.2362],[8.8088,52.23645],[8.8093,52.2366],[8.8095,52.2367],[8.8099,52.237],[8.80995,52.23705],[8.81035,52.23735],[8.8105,52.2375],[8.8106,52.2376],[8.8108,52.2378],[8.8109,52.2379]]}},{"type":"Feature","properties":{"name":"Wöhrener Bach","kind":"stream","herkunft":"heute"},"geometry":{"type":"LineString","coordinates":[[8.81533,52.24265],[8.8167,52.24085],[8.81695,52.24145],[8.81665,52.2407],[8.81635,52.2403],[8.8162,52.2403],[8.816,52.24025],[8.81565,52.24015]]}},{"type":"Feature","properties":{"name":"Volmerdingsener Bach","kind":"stream","herkunft":"heute"},"geometry":{"type":"LineString","coordinates":[[8.79555,52.23395],[8.79544,52.2341]]}},{"type":"Feature","properties":{"name":"Volmerdingsener Bach","kind":"stream","herkunft":"kreiskarte"},"geometry":{"type":"LineString","coordinates":[[8.79544,52.2341],[8.79555,52.23413],[8.79524,52.23432],[8.79518,52.23444],[8.79519,52.23467],[8.79532,52.23486],[8.79528,52.23535],[8.79495,52.23526],[8.7947,52.23533],[8.79449,52.23555],[8.7941,52.23572],[8.794,52.236],[8.7937,52.23594],[8.79353,52.23567],[8.79304,52.23545],[8.79282,52.23569],[8.79221,52.23577],[8.79206,52.23613],[8.79243,52.23641],[8.79205,52.23617],[8.79197,52.23596],[8.79195,52.23635],[8.79153,52.23697],[8.79157,52.23709],[8.79217,52.23752],[8.79255,52.23745],[8.79265,52.23714],[8.79264,52.23732],[8.79263,52.23736],[8.79263,52.23739],[8.79263,52.2374],[8.79265,52.23737],[8.79272,52.23753],[8.79299,52.23778],[8.79331,52.23796],[8.79365,52.23801],[8.79393,52.23814],[8.79434,52.23812],[8.79513,52.23819],[8.79501,52.23835],[8.7945,52.23858],[8.79439,52.23872],[8.79451,52.2388],[8.79552,52.23901],[8.79534,52.23955],[8.79495,52.23931],[8.79441,52.23932],[8.79433,52.24014],[8.79381,52.24021],[8.7937,52.24028],[8.79389,52.24055],[8.79387,52.24067],[8.79362,52.24081],[8.79311,52.24084],[8.79298,52.24087],[8.79341,52.24084],[8.79362,52.24098],[8.7934,52.24156],[8.79348,52.24186],[8.79343,52.24203],[8.79321,52.24212],[8.79228,52.24226],[8.79222,52.24241],[8.7919,52.24265],[8.79156,52.2432],[8.79117,52.24355],[8.79098,52.2436],[8.79052,52.24352],[8.7903,52.24361],[8.79017,52.24398],[8.78979,52.24456],[8.78957,52.24474],[8.78948,52.24494],[8.78913,52.24514],[8.78921,52.24536],[8.78898,52.24562],[8.78864,52.24578],[8.78826,52.24571],[8.78744,52.2458],[8.78737,52.24592],[8.78743,52.24613],[8.78774,52.2465],[8.78772,52.24686],[8.78759,52.24694],[8.78724,52.24697],[8.78742,52.24707],[8.78738,52.24723],[8.78586,52.24843],[8.78562,52.2485],[8.78521,52.24846],[8.78496,52.24838],[8.7855,52.24877],[8.78524,52.24922],[8.78504,52.24912],[8.78442,52.24906],[8.78382,52.24907],[8.78368,52.24913],[8.78365,52.24966],[8.7835,52.25012],[8.78353,52.25039],[8.78373,52.25066],[8.78366,52.25114],[8.78355,52.25124],[8.78329,52.25127],[8.78316,52.25124],[8.7831,52.25122],[8.78305,52.25118],[8.783,52.25115],[8.78294,52.25112],[8.78289,52.2511],[8.78253,52.25096],[8.78306,52.2512],[8.78311,52.25149],[8.78284,52.2516],[8.78215,52.25168],[8.78202,52.25182],[8.78226,52.25243],[8.78261,52.25275],[8.78236,52.253],[8.78226,52.25329],[8.78232,52.25341],[8.78275,52.25368],[8.78276,52.25409],[8.78299,52.25466],[8.78292,52.25501],[8.78235,52.25545],[8.7818,52.25559],[8.78167,52.25588],[8.78134,52.25616],[8.78115,52.25661],[8.78098,52.25667],[8.77998,52.25674],[8.77983,52.25681],[8.77975,52.25697]]}},{"type":"Feature","properties":{"name":"Volmerdingsener Bach","kind":"stream","herkunft":"heute"},"geometry":{"type":"LineString","coordinates":[[8.77975,52.25697],[8.78017,52.25715],[8.78,52.2573],[8.77985,52.25735]]}},{"type":"Feature","properties":{"name":"Wulferdingsener Bach","kind":"stream","herkunft":"kreiskarte"},"geometry":{"type":"LineString","coordinates":[[8.79209,52.2362],[8.79205,52.23622],[8.79182,52.23598],[8.79096,52.23594],[8.7902,52.23555],[8.7897,52.23582],[8.78968,52.23628],[8.78905,52.23624],[8.78828,52.23584],[8.78727,52.23582],[8.7868,52.23556],[8.78653,52.23552],[8.78628,52.23558],[8.7859,52.23584],[8.78591,52.23591],[8.78596,52.23595],[8.78601,52.23598],[8.78606,52.23601],[8.78611,52.23604],[8.7862,52.23611],[8.78624,52.23615],[8.78626,52.23618],[8.78628,52.23622],[8.7863,52.23623],[8.78628,52.23622],[8.78627,52.23619],[8.78624,52.23615],[8.7862,52.23611],[8.78616,52.23608],[8.78612,52.23604],[8.78607,52.23601],[8.78601,52.23598],[8.78596,52.23595],[8.78591,52.23592],[8.7858,52.23587],[8.78525,52.23621],[8.7845,52.23583],[8.784,52.23622],[8.78389,52.23624],[8.78323,52.23585],[8.78326,52.23575],[8.78369,52.23548],[8.78315,52.23579],[8.78191,52.23583],[8.78182,52.23588],[8.78177,52.23592],[8.78173,52.23595],[8.78168,52.23599],[8.78163,52.23602],[8.78158,52.23605],[8.78152,52.23608],[8.78147,52.23611],[8.78142,52.23615],[8.78136,52.23617],[8.7813,52.23619],[8.78126,52.23621],[8.78122,52.23622],[8.7812,52.23622],[8.78121,52.23622],[8.78124,52.23621],[8.78128,52.2362],[8.78134,52.23618],[8.78139,52.23616],[8.78145,52.23613],[8.7815,52.2361],[8.78155,52.23606],[8.78161,52.23603],[8.78166,52.236],[8.78171,52.23597],[8.78175,52.23593],[8.7818,52.2359],[8.78184,52.23585],[8.78183,52.23587],[8.7818,52.2359],[8.78176,52.23593],[8.78171,52.23597],[8.78111,52.23636],[8.78112,52.23681],[8.78076,52.23666],[8.78079,52.23659],[8.78084,52.23656],[8.78088,52.23652],[8.78093,52.23649],[8.78098,52.23646],[8.78102,52.23642],[8.78106,52.23639],[8.7811,52.23635],[8.78112,52.23631],[8.78114,52.23628],[8.78115,52.23627],[8.78114,52.23628],[8.78113,52.2363],[8.78111,52.23633],[8.78108,52.23637],[8.78104,52.23641],[8.781,52.23644],[8.78095,52.23648],[8.7809,52.23651],[8.78086,52.23654],[8.78081,52.23658],[8.78073,52.23665],[8.78059,52.23671],[8.77964,52.23656],[8.77959,52.23617],[8.77968,52.23536],[8.77958,52.23536]]}},{"type":"Feature","properties":{"name":"Wulferdingsener Bach","kind":"stream","herkunft":"heute"},"geometry":{"type":"LineString","coordinates":[[8.77958,52.23536],[8.77975,52.23585],[8.7796,52.2359],[8.7792,52.236],[8.7791,52.236],[8.77895,52.23595],[8.7787,52.23615],[8.7786,52.23615],[8.77845,52.23615],[8.7783,52.2361],[8.77825,52.23605],[8.77815,52.23595],[8.77805,52.2359],[8.77785,52.23585],[8.77775,52.23585],[8.7776,52.2359],[8.77755,52.236],[8.7775,52.2362],[8.7775,52.23625],[8.77735,52.2363],[8.77715,52.2363],[8.777,52.23625],[8.7769,52.23615],[8.77685,52.23615],[8.77675,52.236],[8.7766,52.2359],[8.77655,52.2358],[8.7765,52.2358],[8.7764,52.2358],[8.77625,52.23585],[8.7761,52.23595],[8.77595,52.236],[8.7753,52.236],[8.7752,52.23595],[8.775,52.2358],[8.7746,52.23565],[8.7744,52.2356],[8.77425,52.2356],[8.77415,52.23565],[8.7742,52.2359],[8.7742,52.23605],[8.77415,52.2361],[8.77415,52.23615],[8.77405,52.23625],[8.77395,52.2364],[8.7739,52.23645],[8.77375,52.23645],[8.77345,52.23635],[8.77335,52.23635],[8.77305,52.2364],[8.7729,52.23635],[8.7728,52.23635],[8.77275,52.2363],[8.77265,52.2362],[8.77265,52.23595],[8.7723,52.2359],[8.77205,52.2359],[8.77195,52.236],[8.772,52.23615],[8.772,52.2362],[8.77185,52.2363],[8.7718,52.23635],[8.77155,52.23635],[8.7711,52.23625],[8.7708,52.23615],[8.77075,52.2361],[8.77075,52.23605],[8.77085,52.23585],[8.7709,52.23575],[8.77085,52.2357],[8.77075,52.2356],[8.7705,52.23555],[8.77005,52.23555],[8.76995,52.2355],[8.76985,52.23555],[8.7698,52.23555],[8.7697,52.2357],[8.76955,52.2357],[8.7694,52.23565],[8.7693,52.23555],[8.76935,52.2355],[8.76915,52.2353],[8.769,52.2353],[8.76895,52.23535],[8.76885,52.23535],[8.76875,52.23535],[8.7687,52.2353],[8.7687,52.2352],[8.7686,52.23515],[8.76825,52.23525],[8.76815,52.2352],[8.768,52.23515],[8.7679,52.235],[8.76795,52.2349],[8.76725,52.23465],[8.76715,52.23455],[8.767,52.2344],[8.76695,52.23445],[8.7668,52.2344],[8.76655,52.2344],[8.7664,52.23445],[8.76635,52.2345],[8.76625,52.23455],[8.76615,52.23455],[8.766,52.23445],[8.76595,52.23445],[8.7658,52.23445],[8.7657,52.23445],[8.76565,52.23445],[8.7655,52.2346],[8.7654,52.2346],[8.7653,52.2345],[8.7652,52.2345],[8.7649,52.2345],[8.7646,52.2345],[8.76455,52.23455],[8.76445,52.23465],[8.76415,52.23465],[8.76395,52.2346],[8.7638,52.2346],[8.76365,52.23465],[8.7636,52.23475],[8.7634,52.2348],[8.76335,52.2348],[8.76325,52.23475],[8.76305,52.2348],[8.763,52.23475],[8.7629,52.2348],[8.76285,52.2349],[8.7628,52.23495],[8.76265,52.23495],[8.76255,52.235],[8.7625,52.235],[8.7624,52.2349],[8.7623,52.23495],[8.7622,52.23495],[8.7621,52.23495],[8.76195,52.235],[8.7618,52.23505],[8.7617,52.23505],[8.7616,52.23515],[8.76155,52.2352],[8.7615,52.2352],[8.75795,52.2359],[8.75765,52.236],[8.75655,52.237],[8.75635,52.2371],[8.75595,52.2371],[8.75585,52.23715],[8.7558,52.23715],[8.7553,52.23725],[8.75505,52.2372],[8.7548,52.23725],[8.75465,52.2372],[8.75425,52.23725],[8.754,52.23725],[8.75235,52.23735],[8.75115,52.2377],[8.75105,52.2377],[8.7508,52.23775],[8.75055,52.2378],[8.7497,52.2379],[8.7466,52.2383],[8.7445,52.23865],[8.7442,52.2387],[8.7439,52.23875],[8.74395,52.241],[8.7439,52.2411],[8.7438,52.2413],[8.7438,52.24135],[8.7438,52.24155],[8.7438,52.24165],[8.7438,52.2417],[8.74375,52.2418],[8.7438,52.242],[8.7439,52.24215],[8.7439,52.24225],[8.74375,52.24235],[8.7437,52.24245],[8.7438,52.2426],[8.7439,52.24265],[8.74395,52.24275],[8.7438,52.24295],[8.74395,52.24305],[8.74395,52.2431],[8.74395,52.2432],[8.744,52.2433],[8.744,52.2435],[8.7441,52.24355],[8.7441,52.2437],[8.74405,52.24375],[8.74405,52.2438],[8.7441,52.24395],[8.74305,52.245],[8.74305,52.24515],[8.743,52.2452],[8.7428,52.2452],[8.7427,52.2455],[8.7426,52.2456],[8.74255,52.2456],[8.7423,52.24565],[8.74235,52.2458],[8.7422,52.24585],[8.7422,52.246],[8.74225,52.24605],[8.7424,52.2461],[8.7424,52.2462],[8.7423,52.24635],[8.74235,52.24655],[8.74235,52.24665],[8.74215,52.2471],[8.74212,52.24718]]}},{"type":"Feature","properties":{"name":"Wulferdingsener Bach","kind":"stream","herkunft":"kreiskarte"},"geometry":{"type":"LineString","coordinates":[[8.74212,52.24718],[8.74225,52.24719],[8.74217,52.24749],[8.74218,52.2488],[8.74234,52.24919],[8.7422,52.24929],[8.74163,52.24933],[8.74128,52.24947],[8.74124,52.24958],[8.74135,52.24977],[8.74121,52.24993],[8.74154,52.24991],[8.74221,52.25001],[8.7429,52.25028],[8.74296,52.25049],[8.74327,52.25073],[8.74336,52.25102],[8.74313,52.25145],[8.7431,52.2517],[8.74322,52.25174],[8.74402,52.25164],[8.74435,52.2518],[8.74447,52.25208],[8.74438,52.25254],[8.74476,52.25291],[8.74546,52.25292],[8.74646,52.25274],[8.74677,52.25282],[8.74676,52.2531],[8.74693,52.25329],[8.74684,52.25353],[8.74664,52.25367],[8.74658,52.25369],[8.74652,52.25372],[8.74646,52.25372],[8.7464,52.25372],[8.74634,52.2537],[8.74628,52.25368],[8.74623,52.25365],[8.74617,52.25362],[8.74612,52.25358],[8.74606,52.25356],[8.746,52.25354],[8.74594,52.25352],[8.74587,52.25352],[8.74581,52.25353],[8.74574,52.25355],[8.74569,52.25357],[8.7457,52.25356],[8.74574,52.25355],[8.7458,52.25353],[8.74586,52.25352],[8.74593,52.25352],[8.746,52.25353],[8.74606,52.25355],[8.74611,52.25358],[8.74617,52.25361],[8.74622,52.25364],[8.74627,52.25368],[8.74633,52.2537],[8.74639,52.25372],[8.74645,52.25372],[8.74651,52.25372],[8.74658,52.2537],[8.74675,52.25362],[8.74693,52.25363],[8.7476,52.25413],[8.74761,52.25442],[8.74728,52.2547],[8.74708,52.25501],[8.74764,52.25595],[8.74764,52.25607],[8.74746,52.25631],[8.74772,52.25644],[8.74829,52.2564],[8.7484,52.25661],[8.74838,52.25701],[8.74815,52.25716],[8.74726,52.25713],[8.74694,52.25717],[8.74618,52.25702],[8.74605,52.25718],[8.74547,52.25724],[8.74556,52.25723],[8.74543,52.25736],[8.74548,52.25748],[8.74607,52.25792],[8.74606,52.2583],[8.74511,52.2584],[8.74462,52.25934],[8.74431,52.25952],[8.74364,52.25966],[8.74365,52.26035],[8.7438,52.26081],[8.74391,52.26182],[8.74403,52.26191],[8.74437,52.26201],[8.74476,52.26231],[8.74472,52.26241],[8.74425,52.26247],[8.74412,52.26255],[8.74419,52.26307],[8.74434,52.26339],[8.74456,52.2635],[8.74481,52.26352],[8.74459,52.26365],[8.74456,52.26382],[8.74508,52.26451],[8.74498,52.26466],[8.74467,52.26475],[8.74409,52.2647],[8.74362,52.26478],[8.74022,52.2641]]}},{"type":"Feature","properties":{"name":"Bollbach","kind":"stream","herkunft":"heute"},"geometry":{"type":"LineString","coordinates":[[8.72495,52.2551],[8.725,52.25505],[8.7251,52.25505],[8.72535,52.25505],[8.72616,52.25513]]}},{"type":"Feature","properties":{"name":"Bollbach","kind":"stream","herkunft":"kreiskarte"},"geometry":{"type":"LineString","coordinates":[[8.72616,52.25513],[8.72609,52.25541],[8.72758,52.25607],[8.72784,52.25612],[8.72808,52.25605],[8.72817,52.25593],[8.72817,52.2558],[8.72798,52.25558],[8.72806,52.25547],[8.72835,52.25536],[8.72842,52.25535],[8.72849,52.25535],[8.72857,52.25535],[8.72864,52.25535],[8.72872,52.25535],[8.72879,52.25535],[8.72887,52.25535],[8.72894,52.25535],[8.72901,52.25535],[8.72905,52.25535],[8.72906,52.25535],[8.72833,52.25537],[8.72804,52.2556],[8.72827,52.25593],[8.72869,52.25599],[8.72874,52.25629],[8.72908,52.2565],[8.73086,52.25662],[8.73137,52.25657],[8.73215,52.25674],[8.73258,52.25661],[8.73305,52.25662],[8.73324,52.25699],[8.73396,52.25714],[8.73404,52.25714],[8.73411,52.25714],[8.73418,52.25714],[8.73426,52.25714],[8.73433,52.25713],[8.7344,52.25713],[8.73446,52.25711],[8.73452,52.25709],[8.73458,52.25706],[8.73462,52.25702],[8.73465,52.25699],[8.73467,52.25695],[8.73468,52.25693],[8.73468,52.25692],[8.73468,52.25693],[8.73466,52.25696],[8.73464,52.257],[8.73461,52.25703],[8.73456,52.25707],[8.73451,52.2571],[8.73445,52.25712],[8.73438,52.25713],[8.73431,52.25714],[8.73424,52.25714],[8.73416,52.25714],[8.73409,52.25714],[8.73401,52.25714],[8.73397,52.25714],[8.73395,52.25714],[8.73396,52.25714],[8.734,52.25714],[8.73407,52.25714],[8.73415,52.25714],[8.73422,52.25714],[8.7343,52.25714],[8.73437,52.25714],[8.73462,52.25709],[8.73467,52.25711],[8.73481,52.25737],[8.73449,52.25765],[8.73453,52.25776],[8.7349,52.25797],[8.73563,52.258],[8.736,52.25811],[8.73623,52.25841],[8.73637,52.25851],[8.73641,52.25855],[8.73649,52.25862],[8.73654,52.25865],[8.73658,52.25868],[8.73662,52.25872],[8.73666,52.25876],[8.73668,52.25879],[8.7367,52.25883],[8.73673,52.25887],[8.73675,52.25891],[8.73678,52.25895],[8.73682,52.25898],[8.73687,52.25902],[8.73691,52.25905],[8.737,52.25915],[8.73697,52.25912],[8.73694,52.25909],[8.7369,52.25905],[8.73686,52.25901],[8.73682,52.25898],[8.73678,52.25894],[8.73675,52.25891],[8.73672,52.25887],[8.7367,52.25883],[8.73668,52.25879],[8.73665,52.25875],[8.73662,52.25871],[8.73657,52.25868],[8.73653,52.25865],[8.73651,52.25863],[8.7365,52.25863],[8.73651,52.25864],[8.73655,52.25866],[8.73659,52.25869],[8.73663,52.25873],[8.73667,52.25876],[8.73669,52.2588],[8.73671,52.25884],[8.73673,52.25888],[8.73676,52.25892],[8.73679,52.25896],[8.73683,52.25899],[8.73687,52.25903],[8.73691,52.25906],[8.73694,52.2591],[8.73697,52.25914],[8.73704,52.25926],[8.73716,52.25941],[8.73719,52.25979],[8.73706,52.25989],[8.73645,52.26007],[8.73647,52.26026],[8.73675,52.26046],[8.7372,52.26057],[8.7377,52.26082],[8.73841,52.2607],[8.73796,52.26089],[8.73762,52.2612],[8.73728,52.26129],[8.73729,52.26149],[8.73782,52.26182],[8.73849,52.26164],[8.73901,52.26186],[8.73972,52.26182],[8.73991,52.26191],[8.73994,52.26273],[8.74031,52.26296],[8.73992,52.26292],[8.73973,52.26297],[8.73967,52.26306],[8.73983,52.26355],[8.74021,52.26384],[8.74022,52.2641],[8.73989,52.26456],[8.73968,52.26468],[8.73924,52.26479],[8.73917,52.26527],[8.73891,52.26553],[8.7389,52.26575],[8.73903,52.26589],[8.73981,52.26633],[8.74025,52.26635],[8.74098,52.26627],[8.74084,52.26629],[8.74077,52.2663],[8.7407,52.2663],[8.74063,52.2663],[8.74056,52.26632],[8.7405,52.26634],[8.74045,52.26636],[8.74042,52.2664],[8.7404,52.26644],[8.74038,52.26648],[8.74036,52.26652],[8.74033,52.2666],[8.74032,52.26665],[8.74032,52.26669],[8.74032,52.26673],[8.74032,52.26677],[8.74032,52.26679],[8.74032,52.26676],[8.74032,52.26673],[8.74032,52.26668],[8.74032,52.26664],[8.74037,52.26651],[8.74038,52.26647],[8.7404,52.26643],[8.74043,52.26639],[8.74046,52.26636],[8.74051,52.26633],[8.74057,52.26631],[8.74064,52.2663],[8.74071,52.2663],[8.74094,52.2663]]}},{"type":"Feature","properties":{"name":"Bollbach","kind":"stream","herkunft":"heute"},"geometry":{"type":"LineString","coordinates":[[8.74094,52.2663],[8.74061,52.26646],[8.7408,52.2666],[8.7409,52.2667],[8.74105,52.2668]]}},{"type":"Feature","properties":{"name":"Wulferdingsener Bach","kind":"stream","herkunft":"heute"},"geometry":{"type":"LineString","coordinates":[[8.7446,52.2636],[8.74445,52.2634],[8.74031,52.26296]]}},{"type":"Feature","properties":{"name":"Wulferdingser Mühlenbach","kind":"stream","herkunft":"heute"},"geometry":{"type":"LineString","coordinates":[[8.76345,52.2545],[8.76364,52.25447]]}},{"type":"Feature","properties":{"name":"Wulferdingser Mühlenbach","kind":"stream","herkunft":"kreiskarte"},"geometry":{"type":"LineString","coordinates":[[8.76364,52.25447],[8.76368,52.25457],[8.76355,52.25434],[8.76408,52.25389],[8.76434,52.25385],[8.76552,52.25389],[8.76589,52.2537],[8.76593,52.25339],[8.76613,52.25322],[8.76692,52.25325],[8.76747,52.25319],[8.76758,52.25311],[8.76783,52.25244],[8.768,52.25236],[8.76863,52.2523],[8.76885,52.25221],[8.76887,52.25189],[8.76833,52.25192],[8.76808,52.2518],[8.76785,52.25136],[8.76782,52.25096],[8.76752,52.25072],[8.76725,52.25011]]}},{"type":"Feature","properties":{"name":"Wulferdingser Mühlenbach","kind":"stream","herkunft":"heute"},"geometry":{"type":"LineString","coordinates":[[8.76725,52.25011],[8.76774,52.25003],[8.7676,52.2497],[8.76715,52.2487],[8.76667,52.2476]]}},{"type":"Feature","properties":{"name":"Wulferdingser Mühlenbach","kind":"stream","herkunft":"kreiskarte"},"geometry":{"type":"LineString","coordinates":[[8.76667,52.2476],[8.76595,52.24772],[8.76588,52.24739],[8.7661,52.24714],[8.7659,52.24684],[8.76622,52.24656],[8.76629,52.24612],[8.76659,52.24588],[8.76661,52.24576],[8.76625,52.24545],[8.76614,52.24522],[8.76519,52.24521],[8.76464,52.24482],[8.76439,52.24447],[8.76449,52.24414],[8.76464,52.24407],[8.76471,52.24407],[8.76478,52.24407],[8.76486,52.24407],[8.76493,52.24406],[8.765,52.24405],[8.76504,52.24404],[8.76506,52.24404],[8.76466,52.24407],[8.76432,52.24398],[8.76399,52.24399],[8.76367,52.24382]]}},{"type":"Feature","properties":{"name":"Wulferdingser Mühlenbach","kind":"stream","herkunft":"heute"},"geometry":{"type":"LineString","coordinates":[[8.76367,52.24382],[8.7641,52.24375],[8.7641,52.2437],[8.76405,52.24365],[8.764,52.2436],[8.7639,52.24355],[8.76385,52.2435],[8.76395,52.24335],[8.7639,52.2433],[8.7638,52.24325],[8.76375,52.24315],[8.76375,52.24305],[8.76325,52.24265],[8.76315,52.24255],[8.7624,52.2418],[8.76235,52.2418],[8.76215,52.2418],[8.762,52.2418],[8.7619,52.2417],[8.76195,52.2416],[8.76195,52.24155],[8.76195,52.2414],[8.7621,52.2413],[8.76215,52.2412],[8.76215,52.24105],[8.76205,52.241],[8.7619,52.24085],[8.7618,52.2405],[8.7617,52.24045],[8.76165,52.2403],[8.7616,52.24025],[8.7615,52.24025],[8.76135,52.24015],[8.76135,52.24],[8.76135,52.2398],[8.7614,52.2397],[8.76175,52.2396],[8.7617,52.23955],[8.7616,52.2395],[8.7616,52.2393],[8.76145,52.239],[8.7614,52.2388],[8.7613,52.2386],[8.76135,52.23725],[8.7614,52.23715],[8.7615,52.2352]]}},{"type":"Feature","properties":{"name":"Else","kind":"river","herkunft":"heute"},"geometry":{"type":"LineString","coordinates":[[8.6774,52.1977],[8.6759,52.19755],[8.6742,52.1978],[8.6728,52.19785],[8.67175,52.19775],[8.6704,52.19745],[8.6695,52.19725],[8.667,52.1973],[8.66575,52.19715],[8.66475,52.1968],[8.6626,52.19595],[8.66195,52.19555],[8.66145,52.1952],[8.66135,52.19495],[8.6611,52.19435],[8.6609,52.1941],[8.6604,52.19385],[8.6585,52.19335],[8.658,52.19315],[8.65725,52.193],[8.65655,52.193],[8.6565,52.193],[8.65615,52.1929],[8.65605,52.19275],[8.65625,52.1925],[8.65635,52.19225],[8.656,52.19215],[8.6555,52.19205],[8.65485,52.19215],[8.6545,52.1923],[8.654,52.19275],[8.65355,52.19275],[8.65275,52.1927],[8.65215,52.1929],[8.652,52.19305],[8.65215,52.1933],[8.65235,52.19345],[8.6524,52.19365],[8.65235,52.1937],[8.6522,52.19385],[8.6518,52.19385],[8.65125,52.19375],[8.6509,52.1936],[8.6508,52.19325],[8.6507,52.1931],[8.6504,52.19295],[8.6498,52.1929],[8.64835,52.19315],[8.64775,52.1932],[8.64735,52.19305],[8.6472,52.19275],[8.6463,52.1926],[8.6454,52.19285],[8.6442,52.1935],[8.64315,52.19425],[8.64235,52.19465],[8.6407,52.19565],[8.64,52.1965],[8.63825,52.19725],[8.63615,52.1976],[8.6353,52.19745],[8.6345,52.1974],[8.6337,52.19695],[8.6335,52.197],[8.6332,52.1974],[8.6331,52.1978],[8.633,52.1981],[8.63275,52.1982],[8.63235,52.1982],[8.63215,52.19815],[8.6319,52.19795],[8.63075,52.19755],[8.63045,52.1975],[8.6301,52.1975],[8.6298,52.19765],[8.62945,52.19785],[8.6291,52.1979],[8.62875,52.1979],[8.6285,52.1979],[8.6283,52.1978],[8.62815,52.19775],[8.62795,52.1978],[8.6278,52.19795],[8.62755,52.198],[8.62725,52.19805],[8.62615,52.198],[8.6255,52.19795],[8.6246,52.1977],[8.62415,52.19765],[8.62355,52.1977],[8.62285,52.1977],[8.62275,52.1978],[8.62275,52.19805],[8.62305,52.1983],[8.62315,52.19845],[8.62315,52.1985],[8.62285,52.19865],[8.6226,52.19875],[8.62215,52.1988],[8.6217,52.1987],[8.62145,52.1986],[8.62125,52.19835],[8.62115,52.1983],[8.62085,52.1982],[8.62085,52.19815],[8.6209,52.19795],[8.62105,52.1977],[8.6211,52.19755],[8.62075,52.19725],[8.6205,52.1972],[8.62015,52.19725],[8.62,52.1974],[8.62005,52.198],[8.62,52.1984],[8.61985,52.1987],[8.61925,52.19905],[8.619,52.19915],[8.6188,52.1991],[8.61855,52.1989],[8.61835,52.1985],[8.6179,52.1981],[8.6177,52.19795],[8.6175,52.19795],[8.6172,52.1981],[8.61685,52.19835],[8.6166,52.19845],[8.6163,52.19865],[8.6161,52.19885],[8.61595,52.1991],[8.61575,52.19915],[8.61545,52.1991],[8.6152,52.19895],[8.61515,52.19895],[8.615,52.19845],[8.615,52.19825],[8.6149,52.19805],[8.6146,52.1979],[8.61405,52.19775],[8.6128,52.19755],[8.6122,52.19715],[8.61195,52.19705],[8.61165,52.1971],[8.6112,52.1972],[8.61095,52.19735],[8.61085,52.19745],[8.6107,52.1977],[8.6106,52.19775],[8.60995,52.1978],[8.6095,52.1979],[8.6088,52.19795],[8.6086,52.198],[8.60855,52.19815],[8.60855,52.19825],[8.60915,52.1986],[8.60945,52.19905],[8.60945,52.1993],[8.60935,52.1994],[8.60925,52.1995],[8.60905,52.1995],[8.6085,52.1995],[8.60825,52.19955],[8.60765,52.1998],[8.6075,52.2001],[8.6074,52.20015],[8.6073,52.2002],[8.60695,52.2001],[8.60665,52.2002],[8.60625,52.2002],[8.60605,52.2001],[8.6058,52.19985],[8.60575,52.1998],[8.6056,52.19975],[8.6055,52.19975],[8.6052,52.20005],[8.6049,52.2001],[8.60435,52.20015],[8.60395,52.20005],[8.6039,52.2],[8.6039,52.1999],[8.60445,52.1996],[8.6045,52.1995],[8.6045,52.19935],[8.6043,52.19925],[8.6041,52.1992],[8.6035,52.1992],[8.60225,52.19945],[8.60195,52.19955],[8.6014,52.1995],[8.5993,52.19975],[8.59875,52.19985],[8.59815,52.2001],[8.5977,52.2003],[8.5975,52.20035],[8.59695,52.2004],[8.5967,52.20045],[8.59655,52.2005],[8.59625,52.20075],[8.59605,52.2008],[8.5958,52.20085],[8.59565,52.20085],[8.59535,52.20075],[8.59515,52.2007],[8.5949,52.2006],[8.59465,52.2006],[8.5945,52.2007],[8.5944,52.20075],[8.59435,52.20085],[8.5944,52.20105],[8.5946,52.2013],[8.5947,52.2014],[8.59465,52.20145],[8.5946,52.2015],[8.5944,52.20155],[8.5941,52.20155],[8.5938,52.2016],[8.5935,52.20165],[8.5932,52.2018],[8.5928,52.202],[8.5927,52.20205],[8.5925,52.20205],[8.59215,52.20195],[8.592,52.2019],[8.5919,52.20195],[8.59185,52.202],[8.59195,52.2024],[8.5918,52.20255],[8.5904,52.2025],[8.5877,52.20305],[8.58645,52.203],[8.58305,52.20245],[8.58225,52.2022],[8.5812,52.20155],[8.5809,52.20115],[8.5806,52.2006],[8.58045,52.1994],[8.58035,52.199],[8.58005,52.1982],[8.5794,52.19745],[8.57825,52.19655],[8.5781,52.19645],[8.57795,52.19595],[8.57755,52.19545],[8.5774,52.19525],[8.577,52.195],[8.57665,52.1945],[8.57625,52.19395],[8.57585,52.1935],[8.57525,52.1932],[8.5748,52.19315],[8.5744,52.19315],[8.57315,52.19335],[8.57255,52.19335],[8.572,52.19315],[8.57105,52.19255],[8.5706,52.1924],[8.56945,52.1922],[8.56865,52.192],[8.56735,52.1915],[8.56705,52.1913],[8.5667,52.19095],[8.56635,52.1905],[8.5661,52.19015],[8.566,52.19005],[8.5658,52.1899],[8.5637,52.18885],[8.56285,52.18865],[8.5624,52.1886],[8.5614,52.1886],[8.5592,52.1892],[8.5537,52.19075],[8.5509,52.1916],[8.5505,52.19165],[8.55,52.1916],[8.5497,52.19145],[8.54955,52.1913],[8.54895,52.1906],[8.54775,52.18905],[8.54735,52.18865],[8.54675,52.18865],[8.5456,52.1887],[8.54515,52.1886],[8.5446,52.1883],[8.54435,52.18825],[8.5436,52.18815],[8.5426,52.18825],[8.5401,52.1887],[8.53955,52.1886],[8.5389,52.1884],[8.53825,52.18835],[8.53755,52.18835],[8.53195,52.18845],[8.53065,52.18855],[8.52965,52.1887],[8.52895,52.18875],[8.52825,52.1887],[8.52685,52.18825],[8.5259,52.18815],[8.5244,52.18795],[8.521,52.1875],[8.51685,52.1881],[8.5143,52.18865],[8.5138,52.18865],[8.5102,52.18835],[8.5078,52.1884],[8.50325,52.1884],[8.5011,52.1883],[8.4991,52.18815],[8.49805,52.18815],[8.4971,52.18825],[8.49585,52.1885],[8.4953,52.18865],[8.49145,52.1899],[8.48935,52.1903],[8.4883,52.1904],[8.48745,52.19055],[8.48685,52.19075],[8.48625,52.19095],[8.48535,52.19125],[8.4848,52.19165],[8.4826,52.1933],[8.48075,52.1947],[8.4805,52.1949],[8.4794,52.1955],[8.47825,52.19595],[8.4776,52.1962],[8.47615,52.19655],[8.47405,52.1969],[8.4729,52.19705],[8.47225,52.1971],[8.4719,52.1971],[8.47095,52.1971],[8.4699,52.197],[8.4685,52.19685],[8.4672,52.1967],[8.466,52.19655],[8.4657,52.19655],[8.46505,52.1966],[8.4643,52.19675],[8.46365,52.19695],[8.46285,52.1973],[8.4615,52.19795],[8.46085,52.19825],[8.46065,52.19835],[8.4604,52.19855],[8.4599,52.19895],[8.4597,52.1991],[8.45945,52.1992],[8.4591,52.1993],[8.45675,52.1996],[8.45545,52.20025],[8.4553,52.2003],[8.45465,52.20065],[8.45415,52.20085],[8.4538,52.20095],[8.4533,52.20095],[8.4531,52.20095],[8.452,52.20065],[8.45165,52.20055],[8.4515,52.2005],[8.4512,52.20045],[8.4511,52.20045],[8.4492,52.2008],[8.44665,52.2015],[8.44395,52.20215],[8.44375,52.2022],[8.44365,52.20225],[8.4433,52.20255],[8.44265,52.20335],[8.44245,52.2035],[8.44225,52.20355],[8.44185,52.20365],[8.4386,52.2042],[8.4368,52.2046],[8.4358,52.20485],[8.43565,52.20485],[8.4354,52.2048],[8.43145,52.2038],[8.42805,52.20285],[8.4277,52.2028],[8.427,52.2027],[8.42665,52.2027],[8.4254,52.2027],[8.42385,52.20265],[8.42255,52.2026],[8.42015,52.20235],[8.41985,52.20235],[8.4196,52.2024],[8.41745,52.2027],[8.4169,52.2028],[8.41665,52.2029],[8.4164,52.203],[8.4156,52.2035],[8.41535,52.20375],[8.4148,52.2044],[8.4145,52.20465],[8.41395,52.20495],[8.4134,52.20515],[8.40995,52.20595],[8.40965,52.206],[8.40935,52.20605],[8.40905,52.206],[8.4046,52.20545],[8.40435,52.2054],[8.4041,52.20535],[8.40375,52.2052],[8.4032,52.20495],[8.4023,52.20455],[8.40195,52.20445],[8.40065,52.20415],[8.4,52.204],[8.3997,52.20385],[8.39895,52.20335],[8.3985,52.20315],[8.39825,52.20305],[8.3969,52.20275],[8.39605,52.2026],[8.39575,52.20255],[8.39545,52.20245],[8.39445,52.202],[8.39415,52.20195],[8.39245,52.20205],[8.39225,52.2021],[8.3919,52.20225],[8.39035,52.2031],[8.38965,52.2034],[8.3872,52.20415],[8.3868,52.20425],[8.3863,52.20425],[8.38605,52.2042],[8.38465,52.20395],[8.384,52.20385],[8.3811,52.20385],[8.37835,52.2042],[8.37795,52.2043],[8.3775,52.2044],[8.37615,52.205],[8.37585,52.2051],[8.37555,52.20515],[8.37525,52.20515],[8.375,52.20515],[8.37475,52.20515],[8.3715,52.2047],[8.3709,52.2045],[8.37025,52.20415],[8.3691,52.20295],[8.3686,52.20265],[8.3675,52.20225],[8.36705,52.20215],[8.3667,52.2021],[8.36615,52.2022],[8.3648,52.2026],[8.36375,52.20305],[8.3632,52.20315],[8.36265,52.2032],[8.3621,52.20315],[8.36165,52.20305],[8.3605,52.20275],[8.3602,52.20265],[8.35975,52.2026],[8.35785,52.2021],[8.35735,52.202],[8.35685,52.202],[8.3562,52.202],[8.35215,52.20255],[8.3517,52.20265],[8.3513,52.20275],[8.34935,52.20365],[8.3488,52.2039],[8.3482,52.204],[8.3439,52.20475],[8.3424,52.20495],[8.34135,52.2051],[8.34095,52.2052],[8.34045,52.20535],[8.33985,52.2054],[8.33945,52.2054],[8.33895,52.20545],[8.33825,52.20545],[8.33795,52.2054],[8.3371,52.2053],[8.3368,52.20525],[8.33605,52.20525],[8.33575,52.2052],[8.33545,52.2051],[8.33475,52.20495],[8.33445,52.2049],[8.3338,52.20495],[8.3332,52.2051],[8.3324,52.20525],[8.332,52.2054],[8.3296,52.2065],[8.32755,52.2069],[8.32675,52.2069],[8.32495,52.20675],[8.3221,52.20635],[8.321,52.2063],[8.3194,52.2063],[8.31815,52.20655],[8.31755,52.20675],[8.31705,52.20675],[8.31605,52.20675],[8.315,52.2068],[8.31415,52.20685],[8.31295,52.2071],[8.31235,52.2073],[8.3108,52.2076],[8.3083,52.2081],[8.30765,52.2082],[8.30605,52.2084],[8.3038,52.2084],[8.3036,52.2084],[8.303,52.2085],[8.3025,52.2087],[8.30195,52.2089],[8.30155,52.20925],[8.3011,52.20985],[8.30075,52.2102],[8.3,52.2106]]}},{"type":"Feature","properties":{"name":"Else","kind":"river","herkunft":"heute"},"geometry":{"type":"LineString","coordinates":[[8.51855,52.1877],[8.5234,52.18785],[8.5259,52.18815],[8.5261,52.18815]]}},{"type":"Feature","properties":{"name":"Else","kind":"river","herkunft":"heute"},"geometry":{"type":"LineString","coordinates":[[8.51855,52.1877],[8.51995,52.18745],[8.521,52.1875],[8.51855,52.1877]]}},{"type":"Feature","properties":{"name":"Else","kind":"river","herkunft":"heute"},"geometry":{"type":"LineString","coordinates":[[8.63825,52.19725],[8.63815,52.19715],[8.63795,52.1969],[8.6373,52.1965],[8.63715,52.19635],[8.6371,52.1962],[8.6371,52.19615],[8.6371,52.19605],[8.63725,52.19595],[8.6375,52.19585],[8.638,52.19575],[8.6383,52.1958],[8.6386,52.19585],[8.6387,52.1959],[8.6388,52.196],[8.6388,52.19625],[8.639,52.1967],[8.6391,52.19675],[8.63961,52.19684]]}},{"type":"Feature","properties":{"name":"Borstenbach","kind":"stream","herkunft":"kreiskarte"},"geometry":{"type":"LineString","coordinates":[[8.83139,52.21418],[8.83173,52.21434],[8.83235,52.2144],[8.83336,52.21514],[8.83347,52.21529],[8.83342,52.21577],[8.83373,52.21581],[8.83405,52.21613],[8.834,52.21633],[8.83311,52.21702],[8.83366,52.21733]]}},{"type":"Feature","properties":{"name":"Borstenbach","kind":"stream","herkunft":"heute"},"geometry":{"type":"LineString","coordinates":[[8.825,52.17995],[8.8248,52.1801],[8.82465,52.1804],[8.82475,52.18065],[8.8248,52.18085],[8.8249,52.181],[8.82505,52.18115],[8.8254,52.18145],[8.82575,52.1817],[8.8263,52.18185],[8.82635,52.18185],[8.8275,52.1822],[8.82815,52.18245],[8.82905,52.183],[8.8304,52.18535],[8.8306,52.1856],[8.8307,52.1857],[8.831,52.1859],[8.8309,52.18605],[8.83105,52.1862],[8.831,52.18625],[8.83105,52.1864],[8.8312,52.1867],[8.8312,52.18675],[8.83125,52.1868],[8.8313,52.18685],[8.83145,52.1869],[8.83155,52.18695],[8.83155,52.187],[8.83145,52.1871],[8.83135,52.18715],[8.8313,52.18715],[8.83135,52.1872],[8.8314,52.18725],[8.8314,52.1873],[8.8313,52.1873],[8.8313,52.18735],[8.83125,52.1874],[8.83125,52.1875],[8.83115,52.1875],[8.83115,52.18755],[8.83115,52.1876],[8.8311,52.18765],[8.83115,52.1877],[8.8311,52.1878],[8.83105,52.1878],[8.83105,52.18785],[8.83105,52.18795],[8.83115,52.18805],[8.8311,52.18815],[8.8311,52.18825],[8.831,52.1883],[8.831,52.1884],[8.8308,52.1886],[8.83075,52.1888],[8.83055,52.18885],[8.8305,52.18905],[8.83035,52.1891],[8.8303,52.1892],[8.83015,52.18935],[8.82985,52.18955],[8.82975,52.1896],[8.8296,52.18965],[8.8296,52.18975],[8.8294,52.1901],[8.82935,52.1904],[8.82925,52.19045],[8.8293,52.19055],[8.8291,52.19065],[8.82915,52.19075],[8.8291,52.1908],[8.8291,52.19085],[8.829,52.1908],[8.8289,52.1911],[8.8289,52.1913],[8.82885,52.1914],[8.82892,52.19143]]}},{"type":"Feature","properties":{"name":"Borstenbach","kind":"stream","herkunft":"kreiskarte"},"geometry":{"type":"LineString","coordinates":[[8.82892,52.19143],[8.82866,52.19163],[8.83,52.19162],[8.83018,52.19156],[8.83039,52.19138],[8.83041,52.19136],[8.83043,52.19135],[8.83016,52.19168],[8.83023,52.19202],[8.83018,52.19237],[8.82989,52.19248],[8.82949,52.19243],[8.82992,52.1925],[8.83006,52.19259],[8.8299,52.19321],[8.82974,52.19328],[8.82912,52.1932],[8.82907,52.1932],[8.82905,52.1932],[8.82975,52.19329],[8.82981,52.19335],[8.82967,52.19381],[8.82922,52.19442],[8.82886,52.19474],[8.82849,52.19485],[8.82811,52.19506],[8.82775,52.19547],[8.82706,52.19566],[8.82663,52.196],[8.82606,52.19604],[8.82573,52.19621],[8.82546,52.19647],[8.82532,52.19698],[8.82498,52.19757],[8.82442,52.19784],[8.82372,52.19761],[8.82334,52.19797],[8.82325,52.19817],[8.82347,52.19875],[8.8229,52.19903],[8.82336,52.19884],[8.82242,52.19937],[8.82225,52.19956],[8.82285,52.19953],[8.82316,52.19959],[8.82341,52.19954],[8.82347,52.19953],[8.82355,52.19952],[8.82362,52.19952],[8.82369,52.19953],[8.82376,52.19953],[8.82383,52.19954],[8.8239,52.19955],[8.82396,52.19957],[8.82401,52.19958],[8.82403,52.19958],[8.824,52.19958],[8.82394,52.19956],[8.82388,52.19955],[8.82374,52.19953],[8.82367,52.19952],[8.8236,52.19952],[8.82352,52.19953],[8.82346,52.19954],[8.8234,52.19956],[8.82329,52.19962],[8.82322,52.19973],[8.82322,52.20032],[8.82332,52.20088],[8.82395,52.20097],[8.82429,52.20129],[8.82435,52.20145],[8.8243,52.20183],[8.82423,52.20169],[8.82403,52.20157],[8.82334,52.20147],[8.82301,52.20152],[8.82281,52.20173],[8.82292,52.2021],[8.82309,52.20229],[8.82336,52.20233],[8.82388,52.20225],[8.82438,52.20246],[8.82403,52.20363],[8.82462,52.2042],[8.82468,52.20473],[8.82489,52.20504],[8.82487,52.20521],[8.82462,52.20547],[8.82464,52.20572],[8.82495,52.20614],[8.8256,52.20637],[8.82582,52.20658],[8.82594,52.20683],[8.82624,52.20704],[8.82618,52.20788],[8.82597,52.20819],[8.82601,52.20858],[8.82627,52.20873],[8.82669,52.20877],[8.82728,52.209],[8.82739,52.20915],[8.82732,52.20942],[8.82734,52.2094],[8.82735,52.20937],[8.82738,52.20929],[8.82739,52.20925],[8.82739,52.2092],[8.82739,52.20915],[8.82739,52.20911],[8.82739,52.20908],[8.82739,52.20908],[8.82739,52.20909],[8.82739,52.20912],[8.82739,52.20916],[8.82739,52.20921],[8.82739,52.20925],[8.82738,52.20929],[8.82736,52.20934],[8.82735,52.20938],[8.82733,52.20942],[8.82733,52.20946],[8.82757,52.20971],[8.82938,52.20976],[8.83019,52.21026],[8.83037,52.21053],[8.83062,52.21068],[8.83096,52.21073],[8.83146,52.2106],[8.83178,52.21075],[8.83196,52.2112],[8.832,52.21247],[8.83214,52.21302],[8.83232,52.21328],[8.8322,52.21366],[8.83141,52.21415],[8.83123,52.21437]]}},{"type":"Feature","properties":{"name":"Borstenbach","kind":"stream","herkunft":"heute"},"geometry":{"type":"LineString","coordinates":[[8.83123,52.21437],[8.83133,52.21432],[8.8319,52.21475],[8.83405,52.21613]]}},{"type":"Feature","properties":{"name":"Borstenbach","kind":"stream","herkunft":"heute"},"geometry":{"type":"LineString","coordinates":[[8.81955,52.16355],[8.8196,52.1636],[8.81965,52.16355],[8.8199,52.16365],[8.82025,52.1637],[8.82055,52.16375],[8.8208,52.16375],[8.821,52.1638],[8.82115,52.1638],[8.82115,52.16385],[8.82135,52.16385],[8.8215,52.16385],[8.82165,52.16385],[8.8217,52.1639],[8.8218,52.1639],[8.82185,52.1639],[8.822,52.1639],[8.8221,52.1639],[8.82235,52.1639],[8.8225,52.16395],[8.8226,52.16395],[8.8227,52.16395],[8.8228,52.16395],[8.8242,52.164],[8.8242,52.1641],[8.8244,52.16415],[8.8245,52.1642],[8.825,52.1643],[8.82525,52.1646],[8.8254,52.16465],[8.82545,52.16475],[8.8258,52.1649],[8.826,52.16515],[8.826,52.1652],[8.8261,52.1653],[8.8261,52.16535],[8.8262,52.1654],[8.82635,52.1657],[8.8263,52.1659],[8.8261,52.1662],[8.82605,52.1666],[8.8258,52.16695],[8.8257,52.167],[8.8257,52.16705],[8.8259,52.16765],[8.8261,52.16825],[8.82625,52.1684],[8.82655,52.1686],[8.82625,52.169],[8.8262,52.16925],[8.826,52.1694],[8.8259,52.16965],[8.8258,52.1697],[8.8258,52.16975],[8.8258,52.1699],[8.82575,52.17],[8.8257,52.17005],[8.82595,52.17035],[8.82585,52.17045],[8.826,52.17065],[8.8262,52.17095],[8.8265,52.17135],[8.82655,52.1716],[8.82655,52.17205],[8.82655,52.1721],[8.82665,52.17215],[8.82685,52.1722],[8.82705,52.17235],[8.8271,52.1724],[8.82715,52.17245],[8.8274,52.1726],[8.8274,52.17265],[8.8273,52.1728],[8.82735,52.17305],[8.82735,52.1732],[8.82725,52.17335],[8.8273,52.17345],[8.8273,52.17355],[8.8274,52.1737],[8.8273,52.1739],[8.8271,52.17415],[8.8269,52.17455],[8.8268,52.17475],[8.8268,52.1749],[8.8268,52.17495],[8.8271,52.1751],[8.82735,52.1752],[8.8273,52.17545],[8.8272,52.17565],[8.82705,52.17575],[8.827,52.17585],[8.82695,52.17605],[8.82705,52.1762],[8.8273,52.17635],[8.82735,52.1765],[8.82745,52.1766],[8.82725,52.1767],[8.8272,52.1769],[8.8271,52.17695],[8.82705,52.17705],[8.82695,52.17715],[8.82685,52.17715],[8.8268,52.17725],[8.8269,52.17735],[8.8269,52.17745],[8.8268,52.1775],[8.82685,52.17775],[8.8267,52.17795],[8.82655,52.1782],[8.8263,52.17835],[8.8262,52.17845],[8.82615,52.1785],[8.82605,52.1786],[8.8258,52.17865],[8.82555,52.1787],[8.82545,52.1789],[8.82525,52.179],[8.82525,52.17905],[8.82545,52.17925],[8.8254,52.1793],[8.82545,52.17945],[8.8254,52.1795],[8.82515,52.1797],[8.8251,52.17975],[8.82515,52.17985],[8.82545,52.17985],[8.82525,52.1802],[8.82525,52.1806],[8.82555,52.1809],[8.8256,52.181],[8.8259,52.1812],[8.8265,52.1815],[8.8267,52.1815],[8.8268,52.1815],[8.82715,52.1816],[8.82755,52.1816],[8.82765,52.1817],[8.82775,52.18175],[8.8283,52.18195],[8.82855,52.182],[8.829,52.1822],[8.8292,52.1822],[8.82945,52.1823],[8.82965,52.1825],[8.83005,52.1827],[8.8301,52.18275],[8.83015,52.1829],[8.83025,52.183],[8.83025,52.1834],[8.8302,52.1834],[8.83035,52.18385],[8.8308,52.1846],[8.83085,52.18485],[8.83075,52.1851],[8.83075,52.1853],[8.8307,52.1856],[8.83075,52.1857]]}},{"type":"Feature","properties":{"name":"Ziegenbach","kind":"stream","herkunft":"kreiskarte"},"geometry":{"type":"LineString","coordinates":[[8.81427,52.19253],[8.81427,52.19249],[8.81456,52.19261],[8.81535,52.19265],[8.8155,52.193],[8.8154,52.19309],[8.81492,52.19315],[8.81468,52.19331],[8.81466,52.19381],[8.81422,52.19433],[8.81429,52.19463],[8.81422,52.19488],[8.81432,52.19507],[8.81361,52.19503],[8.8134,52.19518],[8.81346,52.19535],[8.8138,52.19557],[8.81482,52.19571],[8.81511,52.19613],[8.81502,52.19623],[8.81449,52.19632],[8.81432,52.19659],[8.81396,52.19686],[8.8141,52.19754],[8.81439,52.19792],[8.81427,52.19805],[8.8137,52.19816],[8.81371,52.19867],[8.81398,52.1988],[8.81425,52.19883],[8.81478,52.19862],[8.81529,52.1986],[8.81549,52.19864],[8.81589,52.19886],[8.81658,52.19885],[8.81738,52.19936],[8.81746,52.19961],[8.8178,52.19938],[8.81824,52.19947],[8.81855,52.19975],[8.81844,52.20007],[8.81854,52.20027],[8.81919,52.20062],[8.81957,52.20069],[8.81975,52.2009],[8.8201,52.201],[8.82035,52.20123],[8.82059,52.20128],[8.82077,52.20107],[8.82098,52.20096],[8.82158,52.20102],[8.82195,52.20091],[8.82183,52.20113],[8.82207,52.20134],[8.82215,52.20164],[8.82271,52.20174]]}},{"type":"Feature","properties":{"name":"Ziegenbach","kind":"stream","herkunft":"heute"},"geometry":{"type":"LineString","coordinates":[[8.82271,52.20174],[8.82269,52.20176],[8.8234,52.2021],[8.82348,52.20231]]}},{"type":"Feature","properties":{"name":"Borstenbach","kind":"stream","herkunft":"heute"},"geometry":{"type":"LineString","coordinates":[[8.8342,52.21704],[8.834,52.2169],[8.83396,52.21684]]}},{"type":"Feature","properties":{"name":"Borstenbach","kind":"stream","herkunft":"kreiskarte"},"geometry":{"type":"LineString","coordinates":[[8.83396,52.21684],[8.83311,52.21702],[8.834,52.21633],[8.83405,52.21613],[8.83373,52.21581],[8.83342,52.21577],[8.83347,52.21529],[8.83336,52.21514],[8.83235,52.2144],[8.83173,52.21434],[8.83139,52.21418]]}},{"type":"Feature","properties":{"name":"Dehmer Bach","kind":"stream","herkunft":"kreiskarte"},"geometry":{"type":"LineString","coordinates":[[8.83452,52.23801],[8.83498,52.2381],[8.83524,52.23806],[8.83533,52.2379],[8.83521,52.23757],[8.83461,52.2365],[8.83429,52.2363],[8.83365,52.23634],[8.83362,52.23589],[8.83374,52.23575],[8.83476,52.23548],[8.83497,52.23537],[8.83501,52.23526],[8.83465,52.23499],[8.83459,52.23478],[8.83504,52.23427],[8.83504,52.23428],[8.83504,52.2343],[8.83503,52.23435],[8.835,52.23439],[8.83494,52.23446],[8.83491,52.2345],[8.8349,52.23454],[8.8349,52.23458],[8.83492,52.23462],[8.83494,52.23466],[8.83497,52.2347],[8.83502,52.23473],[8.83505,52.23477],[8.83512,52.23484],[8.83516,52.23488],[8.83525,52.23499],[8.83528,52.23503],[8.83531,52.23506],[8.83534,52.2351],[8.83539,52.23513],[8.83542,52.23517],[8.83546,52.23521],[8.8355,52.23524],[8.83554,52.23528],[8.83559,52.2353],[8.83565,52.23532],[8.83571,52.23533],[8.83578,52.23532],[8.83607,52.23524],[8.83607,52.23526],[8.83584,52.23532],[8.83577,52.23532],[8.83571,52.23533],[8.83565,52.23532],[8.83559,52.2353],[8.83554,52.23527],[8.8355,52.23524],[8.83546,52.23521],[8.83542,52.23517],[8.83539,52.23513],[8.83534,52.2351],[8.83531,52.23506],[8.83528,52.23503],[8.83525,52.23499],[8.83522,52.23495],[8.83519,52.23491],[8.83516,52.23488],[8.83512,52.23484],[8.83505,52.23477],[8.83501,52.23473],[8.83497,52.2347],[8.83494,52.23466],[8.83492,52.23462],[8.8349,52.23458],[8.8349,52.23454],[8.83491,52.2345],[8.83494,52.23446],[8.83497,52.23442],[8.835,52.23439],[8.83503,52.23435],[8.83504,52.2343],[8.83504,52.23425],[8.83505,52.23423],[8.83526,52.23419],[8.8354,52.23404],[8.83624,52.23352],[8.83648,52.23345],[8.83788,52.23394],[8.83965,52.23429]]}},{"type":"Feature","properties":{"name":"Dehmer Bach","kind":"stream","herkunft":"heute"},"geometry":{"type":"LineString","coordinates":[[8.83965,52.23429],[8.83955,52.23451],[8.84005,52.2346],[8.8419,52.2346],[8.8435,52.2346],[8.84385,52.23455],[8.8443,52.2344],[8.8448,52.2341],[8.84481,52.23407]]}},{"type":"Feature","properties":{"name":"Dehmer Bach","kind":"stream","herkunft":"heute"},"geometry":{"type":"LineString","coordinates":[[8.8444,52.2505],[8.8444,52.25032]]}},{"type":"Feature","properties":{"name":"Dehmer Bach","kind":"stream","herkunft":"kreiskarte"},"geometry":{"type":"LineString","coordinates":[[8.8444,52.25032],[8.84449,52.25032],[8.84449,52.25027],[8.84448,52.25023],[8.84445,52.25015],[8.84443,52.25011],[8.8444,52.25007],[8.84438,52.25003],[8.84437,52.24999],[8.84436,52.24995],[8.84437,52.24991],[8.8444,52.24983],[8.84441,52.24979],[8.84442,52.24974],[8.84442,52.24971],[8.84442,52.2497],[8.84442,52.2497],[8.84442,52.24972],[8.84442,52.24976],[8.84441,52.24981],[8.84438,52.24989],[8.84437,52.24993],[8.84437,52.24997],[8.84437,52.25001],[8.84439,52.25005],[8.84441,52.25009],[8.84444,52.25013],[8.84445,52.25017],[8.84447,52.25021],[8.84448,52.25024],[8.84449,52.25026],[8.84448,52.25024],[8.84447,52.25021],[8.84445,52.25017],[8.84444,52.25013],[8.84441,52.25009],[8.84439,52.25005],[8.84437,52.25001],[8.84437,52.24997],[8.84437,52.24993],[8.84438,52.24989],[8.84439,52.24985],[8.84441,52.24981],[8.84442,52.24976],[8.84442,52.24972],[8.84449,52.24951],[8.84449,52.24942],[8.8443,52.24907],[8.84462,52.24879],[8.84456,52.2484],[8.84479,52.24814],[8.84451,52.24754],[8.84472,52.24721],[8.84447,52.24733],[8.84377,52.2473],[8.84339,52.2466],[8.84367,52.24628],[8.84465,52.24628],[8.84451,52.24605],[8.84451,52.24573],[8.84475,52.24535],[8.84439,52.24506],[8.84437,52.24484],[8.84448,52.24474],[8.84494,52.24461],[8.84482,52.24434],[8.84485,52.24417],[8.84532,52.24403],[8.84553,52.24363],[8.84547,52.24352],[8.84503,52.2433],[8.84452,52.2428],[8.84455,52.24258],[8.84497,52.24227],[8.84475,52.24214],[8.84477,52.24197],[8.84508,52.2417],[8.84602,52.24168],[8.84652,52.24176],[8.8471,52.24177],[8.84714,52.24183],[8.8469,52.24218],[8.84693,52.24235],[8.84708,52.24249],[8.84768,52.24252],[8.84877,52.2427],[8.84965,52.24258],[8.85011,52.24238],[8.85039,52.24214],[8.85059,52.24211],[8.8526,52.24221],[8.85293,52.24229],[8.85331,52.24247],[8.85389,52.24219],[8.85563,52.24237],[8.85605,52.24246],[8.85609,52.24276],[8.85617,52.24238],[8.85633,52.24226],[8.85701,52.24217],[8.85783,52.24217],[8.85814,52.24224],[8.85831,52.24218],[8.85839,52.24211],[8.85844,52.24207],[8.85847,52.24204],[8.8585,52.24201],[8.85852,52.242],[8.8585,52.24201],[8.85847,52.24204],[8.85844,52.24207],[8.8584,52.24211],[8.85818,52.24233],[8.85794,52.24258],[8.85866,52.24188],[8.85895,52.24178],[8.85917,52.2419],[8.859,52.24225],[8.8591,52.24241],[8.85959,52.24274],[8.8599,52.24255],[8.86015,52.24259],[8.86033,52.24277],[8.86042,52.24324],[8.86104,52.24352],[8.86144,52.24359],[8.8617,52.24372],[8.86169,52.24428],[8.86174,52.2444],[8.86196,52.24454],[8.86279,52.24475],[8.86378,52.24482],[8.86441,52.24464],[8.86485,52.24441]]}},{"type":"Feature","properties":{"name":"Dehmer Bach","kind":"stream","herkunft":"heute"},"geometry":{"type":"LineString","coordinates":[[8.86485,52.24441],[8.86488,52.24427],[8.8652,52.2443],[8.86594,52.24212]]}},{"type":"Feature","properties":{"name":"Schnedicke","kind":"stream","herkunft":"heute"},"geometry":{"type":"LineString","coordinates":[[8.95025,52.3074],[8.95045,52.30745],[8.95065,52.3076],[8.9507,52.30775],[8.95085,52.30775],[8.95095,52.30775]]}},{"type":"Feature","properties":{"name":"Schnedicke","kind":"stream","herkunft":"kreiskarte"},"geometry":{"type":"LineString","coordinates":[[8.95095,52.30775],[8.95095,52.30768],[8.951,52.30826],[8.9512,52.30835],[8.95189,52.30841],[8.95235,52.30955],[8.95271,52.30996],[8.95326,52.31041],[8.95322,52.31052],[8.95287,52.3107],[8.95325,52.31079],[8.95398,52.31082],[8.95454,52.31099],[8.95546,52.31139],[8.95556,52.31167],[8.95616,52.31167],[8.95706,52.31198],[8.95756,52.31188],[8.95785,52.31189],[8.95809,52.31197],[8.95839,52.31267],[8.95853,52.31276],[8.95887,52.31282],[8.95879,52.31349],[8.95923,52.31415],[8.95909,52.31461],[8.95926,52.31502],[8.95974,52.31513],[8.95997,52.3153],[8.96054,52.31579],[8.96076,52.31627]]}},{"type":"Feature","properties":{"name":"Schnedicke","kind":"stream","herkunft":"heute"},"geometry":{"type":"LineString","coordinates":[[8.96076,52.31627],[8.96082,52.31627],[8.961,52.31695],[8.9601,52.3184],[8.95935,52.32025],[8.95915,52.3207],[8.95896,52.32106]]}},{"type":"Feature","properties":{"name":"Schnedicke","kind":"stream","herkunft":"kreiskarte"},"geometry":{"type":"LineString","coordinates":[[8.95896,52.32106],[8.9589,52.32105],[8.95815,52.32176],[8.95812,52.3218],[8.9581,52.32184],[8.95807,52.32188],[8.95804,52.32191],[8.958,52.32195],[8.95795,52.32198],[8.9579,52.32201],[8.95785,52.32205],[8.9578,52.32207],[8.95778,52.32208],[8.9578,52.32207],[8.95785,52.32205],[8.9579,52.32202],[8.95795,52.32198],[8.958,52.32195],[8.95804,52.32191],[8.95807,52.32188],[8.9581,52.32184],[8.95811,52.3218],[8.95816,52.32177]]}},{"type":"Feature","properties":{"name":"Schnedicke","kind":"stream","herkunft":"heute"},"geometry":{"type":"LineString","coordinates":[[8.95816,52.32177],[8.95845,52.32185],[8.95815,52.32225],[8.958,52.32245],[8.95745,52.32265],[8.9571,52.32295],[8.95689,52.32311]]}},{"type":"Feature","properties":{"name":"Schnedicke","kind":"stream","herkunft":"kreiskarte"},"geometry":{"type":"LineString","coordinates":[[8.95689,52.32311],[8.9572,52.32325],[8.95677,52.32351],[8.95656,52.32373],[8.95598,52.32385],[8.95556,52.32366],[8.95545,52.32344],[8.95469,52.32407],[8.95476,52.32422],[8.95487,52.32428],[8.95504,52.32435],[8.95509,52.32437],[8.95511,52.32438],[8.9549,52.32433],[8.95455,52.32437],[8.95407,52.32468],[8.95346,52.3249],[8.95427,52.32536],[8.95434,52.32537],[8.95441,52.32537],[8.95448,52.32536],[8.95455,52.32535],[8.95461,52.32534],[8.95467,52.32532],[8.95473,52.32529],[8.95479,52.32527],[8.95485,52.32525],[8.95492,52.32524],[8.95499,52.32523],[8.95506,52.32523],[8.95513,52.32522],[8.9552,52.32521],[8.95525,52.32519],[8.95529,52.32515],[8.95532,52.32511],[8.95533,52.32508],[8.95534,52.32507],[8.95533,52.32508],[8.95531,52.32512],[8.95529,52.32516],[8.95525,52.32519],[8.95519,52.32521],[8.95513,52.32522],[8.95506,52.32523],[8.95498,52.32523],[8.95491,52.32524],[8.95485,52.32525],[8.95478,52.32527],[8.95472,52.32529],[8.95467,52.32532],[8.95461,52.32534],[8.95455,52.32536],[8.95448,52.32537],[8.9544,52.32537],[8.95417,52.32537],[8.95407,52.32549],[8.9539,52.32554],[8.95344,52.32546],[8.95308,52.32555],[8.95281,52.32544],[8.95262,52.32544],[8.9521,52.32581],[8.95184,52.32586],[8.9513,52.32617],[8.95012,52.3264],[8.95,52.32661],[8.95032,52.32684],[8.9499,52.32662],[8.94954,52.32667],[8.94867,52.32704],[8.948,52.3275],[8.94794,52.32767]]}},{"type":"Feature","properties":{"name":"Schnedicke","kind":"stream","herkunft":"heute"},"geometry":{"type":"LineString","coordinates":[[8.94794,52.32767],[8.94855,52.3276],[8.94875,52.3282],[8.9493,52.3288],[8.9495,52.32955],[8.94945,52.32995],[8.94949,52.33014]]}},{"type":"Feature","properties":{"name":"Schnedicke","kind":"stream","herkunft":"kreiskarte"},"geometry":{"type":"LineString","coordinates":[[8.94949,52.33014],[8.94885,52.33019],[8.94896,52.3307],[8.94944,52.33083],[8.94976,52.33101],[8.94999,52.33158],[8.94991,52.33182],[8.94879,52.33184],[8.94865,52.33209],[8.94858,52.33292],[8.94886,52.33312],[8.94889,52.33338],[8.94914,52.33364],[8.9492,52.33412]]}},{"type":"Feature","properties":{"name":"Schnedicke","kind":"stream","herkunft":"heute"},"geometry":{"type":"LineString","coordinates":[[8.9492,52.33412],[8.94955,52.3339],[8.9498,52.334],[8.94995,52.33415],[8.94985,52.33435],[8.9498,52.3346],[8.9497,52.3348],[8.9495,52.33505],[8.94945,52.33535],[8.94945,52.3355],[8.94935,52.3356],[8.94915,52.33635],[8.9492,52.3365],[8.9491,52.33665],[8.949,52.33675]]}},{"type":"Feature","properties":{"name":"Schnedicke","kind":"stream","herkunft":"kreiskarte"},"geometry":{"type":"LineString","coordinates":[[8.949,52.33675],[8.94815,52.33657],[8.94819,52.33674],[8.94841,52.33691],[8.94888,52.33709],[8.94917,52.33712],[8.94917,52.33716],[8.94892,52.33755],[8.94842,52.33784],[8.94843,52.33804],[8.94821,52.33829],[8.9475,52.33834],[8.94734,52.3384],[8.94723,52.339],[8.94675,52.33996],[8.94683,52.34061],[8.94701,52.34067],[8.94768,52.34067],[8.94775,52.34068],[8.94788,52.34069],[8.94751,52.34073],[8.94734,52.34104],[8.94707,52.34119],[8.94673,52.34125],[8.94668,52.34183],[8.94657,52.34203],[8.94531,52.34284],[8.94534,52.34304],[8.94564,52.34323]]}},{"type":"Feature","properties":{"name":"Osterbach","kind":"stream","herkunft":"kreiskarte"},"geometry":{"type":"LineString","coordinates":[[8.95971,52.35311],[8.95985,52.35292],[8.95993,52.35258],[8.96024,52.35239],[8.96071,52.35232],[8.96082,52.35222],[8.96077,52.35205],[8.96047,52.35181],[8.96051,52.35156],[8.96132,52.35113],[8.96234,52.35076],[8.96308,52.35064],[8.96336,52.35066],[8.96347,52.35077],[8.96375,52.35068],[8.96431,52.35074],[8.96496,52.3511],[8.96507,52.35111]]}},{"type":"Feature","properties":{"name":"Osterbach","kind":"stream","herkunft":"heute"},"geometry":{"type":"LineString","coordinates":[[8.96507,52.35111],[8.96491,52.351],[8.9643,52.35135]]}},{"type":"Feature","properties":{"name":"Weser","kind":"river","herkunft":"heute"},"geometry":{"type":"LineString","coordinates":[[8.95971,52.35311],[8.96415,52.3548],[8.96525,52.3553],[8.96555,52.3554]]}},{"type":"Feature","properties":{"name":"Osterbach","kind":"stream","herkunft":"kreiskarte"},"geometry":{"type":"LineString","coordinates":[[8.95971,52.35311],[8.95985,52.35292],[8.95993,52.35258],[8.96024,52.35239],[8.96071,52.35232],[8.96082,52.35222],[8.96077,52.35205],[8.96047,52.35181],[8.96051,52.35156],[8.96132,52.35113],[8.96234,52.35076],[8.96308,52.35064],[8.96336,52.35066],[8.96347,52.35077],[8.96375,52.35068],[8.96431,52.35074],[8.96496,52.3511],[8.96507,52.35111]]}},{"type":"Feature","properties":{"name":"Osterbach","kind":"stream","herkunft":"heute"},"geometry":{"type":"LineString","coordinates":[[8.92559,52.29292],[8.9258,52.29285],[8.9262,52.2925],[8.92642,52.29245]]}},{"type":"Feature","properties":{"name":"Osterbach","kind":"stream","herkunft":"kreiskarte"},"geometry":{"type":"LineString","coordinates":[[8.92642,52.29245],[8.92665,52.29286],[8.92643,52.29246],[8.92663,52.2922],[8.9267,52.29182],[8.92708,52.29173],[8.92726,52.29175],[8.92738,52.29188],[8.92742,52.29192],[8.92747,52.29195],[8.92752,52.29198],[8.92756,52.29202],[8.9276,52.29205],[8.92764,52.29209],[8.92766,52.29212],[8.92767,52.29213],[8.92759,52.29204],[8.92755,52.29201],[8.92751,52.29198],[8.92745,52.29194],[8.92741,52.29191],[8.92737,52.29187],[8.92733,52.2918],[8.92762,52.29146],[8.92741,52.29087],[8.92701,52.29076],[8.92695,52.29051],[8.92706,52.29036],[8.92749,52.29025],[8.92757,52.28975],[8.92804,52.28941],[8.92806,52.28924],[8.92785,52.28907],[8.92821,52.28915],[8.92893,52.2891],[8.92911,52.28905],[8.92935,52.28886],[8.93044,52.2887],[8.93088,52.28841],[8.93099,52.2878],[8.93118,52.28764],[8.93131,52.28767],[8.93147,52.28799],[8.93218,52.28815],[8.93229,52.28849]]}},{"type":"Feature","properties":{"name":"Osterbach","kind":"stream","herkunft":"heute"},"geometry":{"type":"LineString","coordinates":[[8.93229,52.28849],[8.93238,52.28819],[8.93285,52.28825],[8.93385,52.2883],[8.9348,52.28835],[8.935,52.28835],[8.93555,52.28825],[8.9361,52.28805],[8.9364,52.28795],[8.9367,52.28795],[8.9381,52.2879],[8.93855,52.28795],[8.93895,52.28795],[8.94005,52.28785],[8.94061,52.28768]]}},{"type":"Feature","properties":{"name":"Osterbach","kind":"stream","herkunft":"kreiskarte"},"geometry":{"type":"LineString","coordinates":[[8.94061,52.28768],[8.94072,52.28782],[8.94127,52.28764],[8.94162,52.28743],[8.94159,52.28724],[8.94119,52.28715],[8.94187,52.28723],[8.94242,52.28706],[8.9428,52.28675]]}},{"type":"Feature","properties":{"name":"Osterbach","kind":"stream","herkunft":"heute"},"geometry":{"type":"LineString","coordinates":[[8.9428,52.28675],[8.94238,52.28654],[8.9425,52.28645],[8.94285,52.28605],[8.9433,52.2853],[8.94375,52.2836],[8.94375,52.28325],[8.9419,52.28075],[8.94175,52.28065],[8.94063,52.28036]]}},{"type":"Feature","properties":{"name":"Osterbach","kind":"stream","herkunft":"kreiskarte"},"geometry":{"type":"LineString","coordinates":[[8.94063,52.28036],[8.94094,52.27992],[8.94031,52.27975],[8.93936,52.27972],[8.93871,52.2796],[8.9388,52.27852]]}},{"type":"Feature","properties":{"name":"Osterbach","kind":"stream","herkunft":"heute"},"geometry":{"type":"LineString","coordinates":[[8.9388,52.27852],[8.93883,52.27853],[8.9393,52.2778],[8.93935,52.27775],[8.94025,52.2777],[8.94215,52.27755],[8.94405,52.27745],[8.94445,52.2776],[8.9446,52.2776],[8.9447,52.2776],[8.945,52.27745],[8.94505,52.27745],[8.94525,52.27755],[8.94535,52.27755],[8.9454,52.27755],[8.94555,52.27745],[8.9456,52.27745],[8.9458,52.2775],[8.94595,52.27745],[8.9461,52.2775],[8.94617,52.27748]]}},{"type":"Feature","properties":{"name":"Osterbach","kind":"stream","herkunft":"kreiskarte"},"geometry":{"type":"LineString","coordinates":[[8.94617,52.27748],[8.94632,52.27765],[8.94881,52.27783],[8.94948,52.27782],[8.95024,52.27741],[8.94985,52.277],[8.95089,52.27701],[8.95191,52.27666],[8.95406,52.27663],[8.95478,52.27627],[8.95585,52.27623],[8.95619,52.27597],[8.95624,52.27582],[8.95582,52.27529],[8.95589,52.27513],[8.95616,52.27492],[8.95617,52.27471],[8.95579,52.27426],[8.95547,52.27402],[8.9554,52.27381],[8.95523,52.27363],[8.95521,52.27345],[8.95526,52.27333],[8.95574,52.27298],[8.95581,52.27255],[8.95599,52.27223],[8.95621,52.27206],[8.95655,52.27194],[8.95661,52.27179],[8.95627,52.2712],[8.95485,52.26938],[8.95486,52.26922],[8.95524,52.26914],[8.95513,52.26914]]}},{"type":"Feature","properties":{"name":"Osterbach","kind":"stream","herkunft":"heute"},"geometry":{"type":"LineString","coordinates":[[8.95513,52.26914],[8.9548,52.26923],[8.95465,52.269],[8.95414,52.26854]]}},{"type":"Feature","properties":{"name":"Osterbach","kind":"stream","herkunft":"kreiskarte"},"geometry":{"type":"LineString","coordinates":[[8.95414,52.26854],[8.95399,52.2686],[8.95315,52.26795]]}},{"type":"Feature","properties":{"name":"Osterbach","kind":"stream","herkunft":"heute"},"geometry":{"type":"LineString","coordinates":[[8.95315,52.26795],[8.95315,52.26805],[8.95309,52.26805]]}},{"type":"Feature","properties":{"name":"Osterbach","kind":"stream","herkunft":"kreiskarte"},"geometry":{"type":"LineString","coordinates":[[8.95309,52.26805],[8.95309,52.26792],[8.9522,52.26802],[8.95195,52.2681]]}},{"type":"Feature","properties":{"name":"Osterbach","kind":"stream","herkunft":"heute"},"geometry":{"type":"LineString","coordinates":[[8.95195,52.2681],[8.95249,52.26776],[8.95145,52.26715],[8.95135,52.2671],[8.9511,52.26665],[8.9511,52.26615],[8.9512,52.2659],[8.9515,52.26555],[8.9516,52.26535],[8.95165,52.26525],[8.95171,52.26505]]}},{"type":"Feature","properties":{"name":"Osterbach","kind":"stream","herkunft":"kreiskarte"},"geometry":{"type":"LineString","coordinates":[[8.95171,52.26505],[8.95129,52.26501],[8.95135,52.26475],[8.95168,52.26455],[8.95179,52.26439],[8.95172,52.2636],[8.95163,52.26351],[8.95124,52.26344],[8.95086,52.26323],[8.95047,52.26279],[8.95067,52.26259],[8.95025,52.26254],[8.94993,52.2623],[8.94991,52.26211],[8.95023,52.26195]]}},{"type":"Feature","properties":{"name":"Osterbach","kind":"stream","herkunft":"heute"},"geometry":{"type":"LineString","coordinates":[[8.95023,52.26195],[8.95067,52.26174],[8.9505,52.2616]]}},{"type":"Feature","properties":{"name":"Gnadenbach","kind":"stream","herkunft":"heute"},"geometry":{"type":"LineString","coordinates":[[8.9381,52.2879],[8.9389,52.28885],[8.93945,52.2894],[8.93975,52.2897],[8.94035,52.29015],[8.94095,52.29055],[8.9413,52.29075],[8.9415,52.2909],[8.9417,52.29105],[8.94235,52.2913],[8.944,52.29175],[8.9452,52.2922],[8.94605,52.29245],[8.947,52.29275],[8.9473,52.2929],[8.94735,52.29295],[8.9474,52.2931],[8.9479,52.2933],[8.9487,52.29355],[8.9493,52.29365],[8.95025,52.2939],[8.9504,52.29395],[8.952,52.29435],[8.95235,52.29445],[8.954,52.29495],[8.953,52.2946]]}},{"type":"Feature","properties":{"name":"Gnadenbach","kind":"stream","herkunft":"heute"},"geometry":{"type":"LineString","coordinates":[[8.959,52.29745],[8.95885,52.2974],[8.9584,52.29725],[8.95835,52.2972],[8.95805,52.2967],[8.95785,52.29665],[8.95775,52.2966],[8.95705,52.29615],[8.95595,52.2957],[8.9548,52.2952],[8.954,52.29495]]}},{"type":"Feature","properties":{"name":"Haselbeke","kind":"stream","herkunft":"heute"},"geometry":{"type":"LineString","coordinates":[[8.89565,52.3523],[8.89605,52.35218]]}},{"type":"Feature","properties":{"name":"Haselbeke","kind":"stream","herkunft":"kreiskarte"},"geometry":{"type":"LineString","coordinates":[[8.89605,52.35218],[8.89593,52.35202],[8.89627,52.35207],[8.89698,52.35202],[8.89784,52.35206],[8.89867,52.35164],[8.89952,52.35157],[8.89994,52.35171],[8.90077,52.35218],[8.9012,52.35219],[8.9019,52.35192],[8.90226,52.35169],[8.90233,52.35153],[8.90227,52.35106],[8.90265,52.3508],[8.90342,52.35062],[8.90386,52.35074],[8.90406,52.35074],[8.90431,52.35063],[8.90466,52.35059],[8.90493,52.3504],[8.90532,52.35031],[8.906,52.35039],[8.9065,52.35026],[8.90716,52.35029],[8.90708,52.34982],[8.90693,52.34967],[8.9072,52.3496],[8.90762,52.34926],[8.90794,52.34926],[8.90875,52.34949],[8.90932,52.34924],[8.90987,52.34916],[8.91002,52.34909],[8.91001,52.34898],[8.9094,52.3485],[8.9095,52.34796],[8.90875,52.34748],[8.90894,52.34701],[8.90913,52.34697],[8.9101,52.34697],[8.911,52.34704],[8.91167,52.34683],[8.91189,52.34659],[8.91301,52.34657],[8.91342,52.3464],[8.91382,52.34634],[8.91409,52.34615],[8.91456,52.34607],[8.91517,52.34576],[8.91576,52.34594],[8.91669,52.34594],[8.91704,52.34608],[8.91751,52.34616],[8.91779,52.34614],[8.91831,52.34591],[8.91872,52.34587],[8.91922,52.34622],[8.9193,52.34656],[8.91946,52.34662],[8.91996,52.34649],[8.9201,52.34618],[8.92046,52.34607],[8.92072,52.3461],[8.92086,52.34637],[8.92109,52.34647],[8.9226,52.3464],[8.92304,52.34591],[8.92332,52.3459],[8.92367,52.34602],[8.92424,52.34525],[8.9256,52.34484],[8.92629,52.34483],[8.92663,52.34469],[8.92716,52.34468],[8.92758,52.34443],[8.92774,52.34416],[8.92792,52.3441],[8.92814,52.34418],[8.92837,52.34448],[8.92863,52.34454],[8.92917,52.34445],[8.93152,52.3444],[8.932,52.34417],[8.9323,52.34423],[8.9324,52.34456],[8.93268,52.34467],[8.93373,52.34468],[8.93471,52.34477],[8.93535,52.34471],[8.93567,52.34464],[8.93574,52.34463],[8.93582,52.34463],[8.93589,52.34463],[8.93596,52.34462],[8.93602,52.3446],[8.93608,52.34458],[8.93613,52.34456],[8.93616,52.34454],[8.93617,52.34453],[8.93612,52.34456],[8.93607,52.34459],[8.93601,52.34461],[8.93594,52.34462],[8.93587,52.34463],[8.9358,52.34463],[8.93572,52.34464],[8.93566,52.34464],[8.93557,52.34466],[8.93565,52.34465],[8.93572,52.34464],[8.93579,52.34463],[8.93587,52.34463],[8.93594,52.34462],[8.936,52.34461],[8.93606,52.34459],[8.93612,52.34456],[8.93616,52.34453],[8.93621,52.34451],[8.9363,52.34449],[8.93711,52.34467],[8.93739,52.34495],[8.93801,52.34504],[8.93821,52.345],[8.93859,52.34476],[8.93965,52.34455],[8.93992,52.34422],[8.94059,52.34412],[8.94091,52.34415],[8.94142,52.34439],[8.94242,52.34456],[8.94274,52.34472],[8.94345,52.34464],[8.94401,52.34477],[8.94429,52.34456],[8.94426,52.34413],[8.94435,52.34404],[8.94455,52.34401],[8.94509,52.34409],[8.94546,52.34399],[8.94609,52.344],[8.94653,52.34395],[8.94648,52.34392]]}},{"type":"Feature","properties":{"name":"Haselbeke","kind":"stream","herkunft":"heute"},"geometry":{"type":"LineString","coordinates":[[8.94648,52.34392],[8.94623,52.34369],[8.9467,52.3435],[8.94698,52.34334]]}},{"type":"Feature","properties":{"name":"Petersbach","kind":"stream","herkunft":"kreiskarte"},"geometry":{"type":"LineString","coordinates":[[8.939,52.34463],[8.93851,52.34479],[8.93822,52.34508],[8.9384,52.34537],[8.93809,52.34574],[8.93806,52.3459],[8.93822,52.34605],[8.93852,52.34615],[8.93866,52.34616],[8.93874,52.34616],[8.9388,52.34615],[8.93887,52.34614],[8.93892,52.34612],[8.93896,52.34608],[8.93899,52.34605],[8.93901,52.34604],[8.93899,52.34605],[8.93897,52.34608],[8.93893,52.34611],[8.93887,52.34614],[8.93881,52.34615],[8.93874,52.34616],[8.93868,52.34618],[8.93861,52.34619],[8.93856,52.34622],[8.93853,52.34625],[8.93851,52.34628],[8.93849,52.34629],[8.93855,52.34623],[8.93859,52.3462],[8.93865,52.34618],[8.93872,52.34617],[8.93878,52.34616],[8.93885,52.34614],[8.93891,52.34612],[8.93895,52.3461],[8.93901,52.34604],[8.939,52.34605],[8.93898,52.34607],[8.93894,52.34611],[8.93889,52.34613],[8.93883,52.34615],[8.93876,52.34616],[8.9387,52.34617],[8.93863,52.34619],[8.93858,52.34621],[8.93854,52.34624],[8.93851,52.34627],[8.9385,52.34629],[8.93851,52.34627],[8.93854,52.34624],[8.93858,52.34621],[8.93863,52.34619],[8.9387,52.34617],[8.93877,52.34617],[8.93884,52.34616],[8.93921,52.34628],[8.93973,52.34696],[8.93986,52.34743],[8.94012,52.34758],[8.94073,52.34765],[8.94025,52.34761],[8.94007,52.34766],[8.93993,52.34785],[8.93997,52.34815],[8.94067,52.34819],[8.94098,52.34814],[8.94084,52.34828],[8.94079,52.34869],[8.93966,52.34963],[8.93935,52.34954],[8.93895,52.3496],[8.93902,52.34998],[8.93824,52.35022],[8.93685,52.35017],[8.93607,52.35023],[8.93571,52.35044],[8.93536,52.35089],[8.93513,52.35098],[8.93447,52.35097],[8.93407,52.35079],[8.93381,52.35078],[8.93358,52.35093],[8.93339,52.35129],[8.93322,52.35143],[8.93299,52.35152],[8.93242,52.35156],[8.93216,52.35172],[8.93192,52.35202],[8.9317,52.3521],[8.93134,52.3521],[8.93108,52.35202],[8.93089,52.35216],[8.9307,52.35218],[8.92989,52.35207],[8.92903,52.35211],[8.92802,52.35193],[8.92661,52.35193],[8.92607,52.35184],[8.92549,52.35185],[8.92522,52.35199],[8.92512,52.35219],[8.92494,52.35233],[8.9242,52.35242],[8.9246,52.35258],[8.92471,52.35274],[8.92449,52.35327],[8.9247,52.35353],[8.92472,52.35379],[8.92455,52.35425],[8.92427,52.35444],[8.92372,52.35449],[8.92303,52.35419],[8.92229,52.35418],[8.92192,52.35406],[8.92156,52.35405],[8.92117,52.35414],[8.92069,52.35437],[8.92018,52.35427],[8.91962,52.35432],[8.91947,52.3544],[8.91934,52.35468],[8.91898,52.35481],[8.91824,52.35481],[8.91783,52.3546],[8.9174,52.3546],[8.91718,52.3547],[8.9169,52.35508]]}},{"type":"Feature","properties":{"name":"Petersbach","kind":"stream","herkunft":"heute"},"geometry":{"type":"LineString","coordinates":[[8.9169,52.35508],[8.91689,52.35504],[8.91685,52.35505],[8.91686,52.35509]]}},{"type":"Feature","properties":{"name":"Petersbach","kind":"stream","herkunft":"heute"},"geometry":{"type":"LineString","coordinates":[[8.91689,52.35508],[8.9202,52.35455],[8.9216,52.35435]]}},{"type":"Feature","properties":{"name":"Südfelder-Bach","kind":"stream","herkunft":"kreiskarte"},"geometry":{"type":"LineString","coordinates":[[8.91689,52.35508],[8.91582,52.35514],[8.91544,52.35525],[8.91527,52.35547],[8.9151,52.35553],[8.91456,52.35544],[8.91331,52.35547],[8.9127,52.35575],[8.91257,52.35625],[8.91218,52.35633],[8.91172,52.35656],[8.91133,52.35664],[8.91115,52.35694],[8.91051,52.35735],[8.91002,52.35751],[8.90811,52.35774],[8.90776,52.35809],[8.90789,52.35841],[8.9078,52.35866],[8.90734,52.35885],[8.90614,52.35953],[8.90588,52.35987],[8.90543,52.36007],[8.90526,52.36038],[8.90406,52.36065],[8.90382,52.361],[8.9038,52.36135],[8.90347,52.3616],[8.90358,52.36188],[8.90341,52.36205],[8.90196,52.36233],[8.90161,52.36235],[8.9014,52.36226],[8.90126,52.3619],[8.90135,52.36219],[8.90129,52.3623],[8.90044,52.36258],[8.89985,52.36258],[8.8995,52.36268],[8.89867,52.3625],[8.89787,52.36247],[8.89764,52.36231],[8.89721,52.36253],[8.89625,52.36254],[8.89554,52.36271],[8.89514,52.36288],[8.89493,52.36305],[8.89497,52.36347],[8.89519,52.36369],[8.89455,52.36365],[8.89406,52.36349],[8.8938,52.36354],[8.89106,52.36474],[8.89092,52.36506],[8.89061,52.36527],[8.89063,52.36556],[8.89017,52.36569],[8.88981,52.36594],[8.88955,52.36596],[8.88905,52.36572],[8.88857,52.36586],[8.88807,52.36588],[8.88793,52.36581],[8.8879,52.36563],[8.88772,52.36586],[8.88735,52.36598],[8.88701,52.36593],[8.88667,52.3657],[8.88576,52.36573],[8.88548,52.36591],[8.88537,52.36642],[8.88503,52.36665],[8.88497,52.36722],[8.88481,52.36758],[8.88461,52.36775],[8.88418,52.36781],[8.88392,52.36745],[8.88332,52.36734],[8.88296,52.36735],[8.88194,52.36761],[8.8818,52.36761],[8.88173,52.36761],[8.88166,52.3676],[8.88159,52.36759],[8.88153,52.36757],[8.88148,52.36755],[8.88145,52.36754],[8.88157,52.36758],[8.88164,52.3676],[8.8817,52.36761],[8.88177,52.36762],[8.88183,52.36764],[8.88195,52.36774],[8.88196,52.36809],[8.88182,52.36823],[8.88102,52.36848],[8.87987,52.36897],[8.87841,52.36935],[8.87814,52.36938],[8.87788,52.36933],[8.87769,52.3692],[8.87763,52.36898],[8.8775,52.36951],[8.87542,52.37006]]}},{"type":"Feature","properties":{"name":"Südfelder-Bach","kind":"stream","herkunft":"heute"},"geometry":{"type":"LineString","coordinates":[[8.87542,52.37006],[8.87527,52.36989],[8.87525,52.3699],[8.87512,52.36993]]}},{"type":"Feature","properties":{"name":"Ösper","kind":"stream","herkunft":"kreiskarte"},"geometry":{"type":"LineString","coordinates":[[8.87587,52.36994],[8.87752,52.37227],[8.87775,52.37276],[8.87775,52.37366],[8.87796,52.3742],[8.87811,52.37448],[8.87864,52.37498],[8.8786,52.3751],[8.8783,52.37534],[8.87814,52.37625]]}},{"type":"Feature","properties":{"name":"Tappenauer Bach","kind":"stream","herkunft":"heute"},"geometry":{"type":"LineString","coordinates":[[8.9098,52.36695],[8.90924,52.36717]]}},{"type":"Feature","properties":{"name":"Tappenauer Bach","kind":"stream","herkunft":"kreiskarte"},"geometry":{"type":"LineString","coordinates":[[8.90924,52.36717],[8.90892,52.36686],[8.90885,52.36698],[8.90899,52.36722],[8.90897,52.36734],[8.90844,52.36761],[8.90666,52.36794],[8.90647,52.3679],[8.9062,52.3677],[8.90609,52.36765],[8.90603,52.36763],[8.90597,52.36761],[8.90591,52.3676],[8.90589,52.36759],[8.90618,52.3677],[8.90639,52.36806],[8.90604,52.36822],[8.9054,52.36838],[8.90443,52.36848],[8.90371,52.36863],[8.90325,52.36854],[8.90221,52.36854],[8.90153,52.36845],[8.90082,52.36851],[8.90036,52.36876],[8.89962,52.36876],[8.89955,52.36893],[8.89906,52.36935],[8.89893,52.36972],[8.8976,52.36995],[8.89678,52.37061],[8.89617,52.37061],[8.89594,52.37089],[8.89537,52.37103],[8.89504,52.37096],[8.89486,52.37083],[8.89483,52.37079],[8.89481,52.37075],[8.8948,52.37073],[8.89479,52.37072],[8.8948,52.37073],[8.89481,52.37076],[8.89484,52.3708],[8.89487,52.37084],[8.89503,52.37102],[8.89503,52.37108],[8.89432,52.37121],[8.89404,52.37119],[8.89381,52.3711],[8.89362,52.37112],[8.8934,52.37128],[8.89344,52.37161],[8.89328,52.37174],[8.89152,52.37172],[8.89047,52.37182],[8.88997,52.37207],[8.88959,52.37241],[8.88882,52.37248],[8.88818,52.37279],[8.88767,52.37281],[8.8873,52.37291],[8.88659,52.37297],[8.88579,52.37352],[8.88495,52.3736],[8.88433,52.37388],[8.88417,52.37402],[8.88414,52.37433],[8.88398,52.3745],[8.8831,52.3746],[8.88295,52.37469],[8.88275,52.375],[8.88246,52.3752],[8.88132,52.3756],[8.88078,52.37568],[8.88049,52.37588],[8.8803,52.37618],[8.87987,52.37632],[8.87939,52.37638],[8.87883,52.37634],[8.87874,52.3761],[8.87897,52.37562],[8.87979,52.37552],[8.88022,52.3751],[8.88093,52.3751]]}},{"type":"Feature","properties":{"name":"Tappenauer Bach","kind":"stream","herkunft":"heute"},"geometry":{"type":"LineString","coordinates":[[8.88093,52.3751],[8.88106,52.3753],[8.87825,52.376],[8.8816,52.3752]]}},{"type":"Feature","properties":{"name":"Bückeburger Aue","kind":"river","herkunft":"heute"},"geometry":{"type":"LineString","coordinates":[[8.97364,52.37817],[8.97455,52.3785],[8.97467,52.37846]]}},{"type":"Feature","properties":{"name":"Bückeburger Aue","kind":"river","herkunft":"kreiskarte"},"geometry":{"type":"LineString","coordinates":[[8.97467,52.37846],[8.97447,52.37822],[8.97516,52.37758],[8.97547,52.3775],[8.97587,52.37757],[8.97607,52.37768],[8.9761,52.37819],[8.9762,52.37825],[8.97695,52.37836],[8.97811,52.37832],[8.97972,52.37863],[8.98081,52.37864],[8.9814,52.37876],[8.98279,52.37881],[8.98352,52.37868],[8.98446,52.37872],[8.98518,52.37856],[8.9859,52.37852],[8.98648,52.37834],[8.98656,52.37801],[8.98702,52.3778],[8.98698,52.37768],[8.98664,52.37741],[8.98663,52.37729],[8.98734,52.37684],[8.98755,52.37653],[8.98755,52.37636],[8.98726,52.37611],[8.98763,52.37616],[8.98788,52.3761],[8.98791,52.37599],[8.98773,52.37568],[8.98778,52.37561],[8.98797,52.37557],[8.98831,52.3756],[8.98876,52.37602],[8.98906,52.37602],[8.98927,52.37563],[8.98969,52.37519],[8.98989,52.37452],[8.98982,52.37373],[8.98989,52.37343],[8.98967,52.37308],[8.98945,52.37301],[8.98863,52.373],[8.9884,52.37286],[8.98837,52.3723],[8.98869,52.37135],[8.98849,52.37105],[8.98794,52.37099],[8.98831,52.37066],[8.98823,52.37005],[8.98804,52.36976],[8.988,52.36943],[8.98832,52.3696],[8.98874,52.36961],[8.98884,52.36953],[8.98887,52.36927],[8.98905,52.36915],[8.98987,52.36892],[8.99045,52.36889],[8.99081,52.36877],[8.9912,52.36877],[8.9915,52.36849],[8.99211,52.36829],[8.99249,52.36836],[8.99259,52.36819],[8.99275,52.3681],[8.99397,52.36771],[8.99453,52.36765],[8.99498,52.36773],[8.99523,52.36737],[8.99542,52.36734],[8.99586,52.36742],[8.99594,52.36718],[8.9962,52.367],[8.997,52.36696],[8.99752,52.36674],[8.99861,52.36648],[9.00104,52.36554],[9.00259,52.36482],[9.00355,52.36478],[9.0038,52.36464],[9.00402,52.36415],[9.00523,52.36346],[9.00568,52.36304],[9.006,52.36288],[9.00648,52.36289],[9.0064,52.36246],[9.00704,52.36176],[9.007,52.36056],[9.00639,52.35945],[9.00571,52.35872],[9.00546,52.35867],[9.00467,52.35891],[9.00322,52.35828],[9.00177,52.35811],[9.00103,52.35809],[9.00016,52.35783],[8.99916,52.35742],[8.99842,52.35693],[8.998,52.35649],[8.99801,52.35638],[8.99843,52.35627],[8.99841,52.35612],[8.99826,52.35606],[8.99773,52.35611],[8.99749,52.35601],[8.99688,52.35544],[8.99636,52.35524],[8.996,52.35502],[8.99587,52.35464],[8.99551,52.35428],[8.99518,52.35421],[8.99463,52.35439],[8.99422,52.35433],[8.99369,52.35413],[8.99234,52.35331],[8.99217,52.35295],[8.9921,52.35238],[8.99228,52.3522],[8.99255,52.35212],[8.99199,52.35216],[8.99169,52.35185],[8.99164,52.35146],[8.99194,52.35077],[8.99186,52.35029],[8.99198,52.34924],[8.99223,52.34885],[8.99295,52.34874],[8.99305,52.34819],[8.99305,52.34765],[8.99296,52.34749],[8.99264,52.34731],[8.99225,52.34723],[8.99191,52.34693],[8.99165,52.34695],[8.99155,52.34708],[8.99147,52.34687],[8.99158,52.34649],[8.99214,52.34569],[8.99213,52.34547],[8.99184,52.34509],[8.99188,52.34483],[8.99211,52.34439],[8.99276,52.34366],[8.99303,52.34305],[8.993,52.34265],[8.99248,52.34238],[8.99225,52.34171],[8.9918,52.34157],[8.99174,52.34131],[8.99188,52.3408],[8.99283,52.34047],[8.99304,52.34032],[8.99295,52.34023],[8.99203,52.34005],[8.99159,52.33961],[8.99168,52.33947],[8.99194,52.33943],[8.99154,52.33946],[8.99131,52.33936],[8.99091,52.33905],[8.99052,52.33856],[8.99084,52.33855],[8.99124,52.33837],[8.99135,52.33798],[8.99109,52.33808],[8.99072,52.33808],[8.99053,52.33803],[8.99045,52.33791],[8.99044,52.33751],[8.99021,52.33707],[8.99028,52.33605],[8.99042,52.33593],[8.99086,52.33591],[8.99096,52.33586],[8.99074,52.3348],[8.99046,52.33462],[8.9899,52.33458],[8.98965,52.3341],[8.98958,52.33222],[8.98998,52.33151],[8.99003,52.33108],[8.99025,52.33055],[8.99016,52.32809],[8.99093,52.32671],[8.99158,52.32606],[8.99185,52.32545],[8.99263,52.32475],[8.99268,52.32449],[8.99252,52.32358]]}},{"type":"Feature","properties":{"name":"Bückeburger Aue","kind":"river","herkunft":"heute"},"geometry":{"type":"LineString","coordinates":[[8.99252,52.32358],[8.99281,52.3235],[8.9927,52.32335],[8.99265,52.32325],[8.99255,52.32285],[8.9925,52.3224],[8.9922,52.32175],[8.9924,52.3214],[8.993,52.3201],[8.993,52.3199],[8.99295,52.3198],[8.9928,52.3197],[8.99235,52.3194],[8.9919,52.3192],[8.99175,52.319],[8.9916,52.31865],[8.99165,52.3184],[8.99175,52.3181],[8.99195,52.31785],[8.992,52.3176],[8.99205,52.31735],[8.992,52.31685],[8.99175,52.31615],[8.99155,52.31565],[8.9914,52.3155],[8.98995,52.3149],[8.9898,52.31485],[8.98975,52.31475],[8.9893,52.3137],[8.98935,52.31345],[8.98945,52.3131],[8.9894,52.31295],[8.98925,52.31285],[8.98885,52.3126],[8.9885,52.3122],[8.9882,52.31195],[8.98795,52.3118],[8.9878,52.31155],[8.98775,52.31105],[8.98815,52.31065],[8.9883,52.3105],[8.9885,52.31035],[8.98885,52.31015],[8.98905,52.31],[8.9892,52.30965],[8.9893,52.30935],[8.9897,52.3085],[8.9899,52.30835],[8.99095,52.3081],[8.9912,52.30795],[8.9916,52.30765],[8.99175,52.30745],[8.9918,52.3072],[8.99175,52.307],[8.9916,52.3068],[8.9914,52.3067],[8.99115,52.3066],[8.9903,52.30625],[8.99015,52.30615],[8.9901,52.30575],[8.9902,52.30555],[8.9905,52.3053],[8.9908,52.3051],[8.9909,52.305],[8.99085,52.30485],[8.99065,52.30465],[8.9905,52.3045],[8.9905,52.3043],[8.9904,52.3042],[8.99045,52.304],[8.99035,52.3039],[8.9904,52.30375],[8.9902,52.30365],[8.99015,52.30355],[8.99005,52.30345],[8.99015,52.30335],[8.99015,52.3032],[8.9901,52.30315],[8.98995,52.30295],[8.98995,52.3028],[8.99,52.30245],[8.98985,52.30235],[8.98965,52.30225],[8.98935,52.3019],[8.98935,52.30165],[8.98955,52.30135],[8.98955,52.30105],[8.98925,52.30075],[8.98895,52.3006],[8.98885,52.3005],[8.9888,52.3003],[8.9889,52.30015],[8.9891,52.3001],[8.9891,52.29985],[8.98925,52.2997],[8.98925,52.2995],[8.9888,52.29925],[8.98875,52.29915],[8.98885,52.2988],[8.98835,52.29855],[8.98815,52.2984],[8.98805,52.29815],[8.988,52.29785],[8.98795,52.29755],[8.9878,52.2974],[8.987,52.29695],[8.98625,52.29635],[8.98605,52.29615],[8.98535,52.2959],[8.98525,52.29585],[8.9851,52.2956],[8.9851,52.2955],[8.9853,52.2952],[8.98545,52.2943],[8.98545,52.2942],[8.98505,52.2938],[8.98505,52.29375],[8.98505,52.29365],[8.98535,52.2934],[8.98565,52.29305],[8.9861,52.29195],[8.9864,52.29155],[8.9865,52.29105],[8.9866,52.29075],[8.9874,52.2901],[8.9875,52.2899],[8.9875,52.2896],[8.9877,52.28925],[8.98825,52.28865],[8.98825,52.28855],[8.988,52.2883],[8.988,52.28815],[8.98815,52.2878],[8.98815,52.2876],[8.98805,52.2874],[8.98785,52.28725],[8.98695,52.2869],[8.98665,52.28665],[8.9864,52.28635],[8.98605,52.28585],[8.98585,52.2857],[8.98525,52.28535],[8.98505,52.28525],[8.9847,52.28515],[8.98405,52.2851],[8.98385,52.28505],[8.9837,52.28495],[8.9836,52.28465],[8.9834,52.2844],[8.9834,52.2843],[8.98345,52.28395],[8.9834,52.2838],[8.98275,52.28355],[8.9826,52.2835],[8.9825,52.2833],[8.9825,52.28315],[8.98245,52.2829],[8.98245,52.2828],[8.9825,52.2827],[8.98255,52.28265],[8.98265,52.28255],[8.9831,52.2823],[8.98385,52.282],[8.98425,52.28185],[8.9857,52.2812],[8.9859,52.2811],[8.987,52.2806],[8.9874,52.28045],[8.98755,52.2804],[8.9889,52.28035],[8.98995,52.28025],[8.9905,52.28015],[8.9908,52.28015],[8.99095,52.2801],[8.9913,52.27995],[8.99205,52.27965],[8.99235,52.27955],[8.9926,52.27945],[8.99275,52.27935],[8.993,52.2791],[8.99315,52.2788],[8.9932,52.27855],[8.9933,52.27805],[8.99325,52.27785],[8.99305,52.2775],[8.9931,52.2774],[8.99355,52.27705],[8.99405,52.2767],[8.9941,52.2765],[8.99435,52.27575],[8.99455,52.27535],[8.9949,52.27485],[8.99505,52.2747],[8.9953,52.2745],[8.99535,52.2745],[8.99545,52.27445],[8.99625,52.27405],[8.99665,52.2738],[8.99745,52.2732],[8.9976,52.2731],[8.99785,52.27305],[8.9991,52.27295],[8.99945,52.2729],[8.99975,52.27295],[8.99995,52.27295],[9.00055,52.2731],[9.0024,52.27365],[9.00455,52.2743],[9.0069,52.27485],[9.00735,52.2749],[9.00895,52.275],[9.01055,52.27645],[9.01205,52.2779],[9.01195,52.27805],[9.01205,52.27825],[9.01215,52.2783],[9.0123,52.2786],[9.0129,52.27885],[9.0131,52.2789],[9.01445,52.27875],[9.0152,52.27875],[9.01655,52.2791],[9.017,52.27915],[9.01745,52.27915],[9.0181,52.27905],[9.01875,52.27915],[9.0191,52.27915],[9.01965,52.27915],[9.0199,52.27925],[9.02135,52.2809],[9.02295,52.28285],[9.02305,52.283],[9.023,52.28305],[9.0229,52.28315],[9.0229,52.28325],[9.023,52.28335],[9.0232,52.2834],[9.02345,52.2834],[9.02345,52.28365],[9.0237,52.28385],[9.02395,52.28385],[9.02415,52.28395],[9.02435,52.28425],[9.0245,52.2845],[9.0279,52.2854],[9.0282,52.28555],[9.0283,52.2857],[9.0283,52.2859],[9.0284,52.286],[9.02955,52.2864],[9.03025,52.2869],[9.03085,52.28685],[9.03155,52.2868],[9.0319,52.2868],[9.0322,52.2869],[9.03255,52.28705],[9.0332,52.28745],[9.036,52.28925],[9.0396,52.2916],[9.04275,52.29365],[9.04325,52.29385],[9.04335,52.29385],[9.04355,52.2938],[9.0437,52.29375],[9.0438,52.2938],[9.04405,52.29405],[9.0458,52.29435],[9.048,52.2947],[9.04865,52.29475],[9.049,52.29485],[9.04965,52.295],[9.0502,52.2951],[9.05055,52.29505],[9.05095,52.295],[9.0518,52.2947],[9.05215,52.29475],[9.0538,52.295],[9.05425,52.29505],[9.05485,52.29505],[9.05695,52.29495],[9.0574,52.29495],[9.05785,52.295],[9.05885,52.29495],[9.0602,52.2948],[9.0605,52.29495],[9.0608,52.29475],[9.0611,52.29445],[9.06175,52.2942],[9.0622,52.29405],[9.0625,52.2938],[9.06265,52.2936],[9.06265,52.29355],[9.0628,52.29355],[9.0633,52.2935],[9.0641,52.29355],[9.0652,52.29375],[9.06685,52.29435],[9.0676,52.2944],[9.06775,52.2944],[9.0691,52.29415],[9.0702,52.29415],[9.07135,52.29415],[9.072,52.294],[9.0729,52.2937],[9.07395,52.29345],[9.07455,52.2933],[9.0752,52.29315],[9.0756,52.29295],[9.07595,52.2927],[9.07625,52.2923],[9.0766,52.2921],[9.07725,52.29185],[9.078,52.29185],[9.07885,52.2918],[9.0794,52.2917],[9.07995,52.2915],[9.08395,52.2897],[9.0843,52.2896],[9.0849,52.28935],[9.08525,52.2891],[9.08605,52.2887],[9.0874,52.28825],[9.08785,52.28795],[9.0883,52.2875],[9.0889,52.2867],[9.0894,52.28635],[9.09,52.28605],[9.09325,52.285],[9.09355,52.2849],[9.0946,52.2844],[9.09673,52.28324],[9.09795,52.28255],[9.09845,52.28225],[9.09875,52.2819],[9.0998,52.27905],[9.09985,52.2787],[9.0997,52.278],[9.09935,52.2776],[9.09865,52.27695],[9.09735,52.27565],[9.0976,52.2731],[9.09785,52.2726],[9.09825,52.2694],[9.09815,52.2693],[9.097,52.269],[9.099,52.26685],[9.0993,52.2663],[9.0994,52.2658],[9.09935,52.26525],[9.09895,52.2645],[9.0988,52.26415],[9.09885,52.2638],[9.0992,52.2634],[9.0996,52.263],[9.09995,52.2616],[9.10015,52.2612],[9.1004,52.26085],[9.10025,52.26035],[9.0999,52.26],[9.0999,52.25965],[9.10065,52.2582],[9.101,52.2572],[9.10145,52.2568],[9.10185,52.2564],[9.1022,52.25515],[9.1023,52.25485],[9.10235,52.2544],[9.10265,52.25235],[9.10285,52.25215],[9.10375,52.25185],[9.10405,52.2516],[9.10425,52.2506],[9.10405,52.25025],[9.1035,52.2498],[9.10305,52.24975],[9.1027,52.2497],[9.1023,52.2496],[9.10225,52.249],[9.1019,52.24845],[9.10175,52.2479],[9.10205,52.2472],[9.10265,52.2465],[9.10355,52.24585],[9.1037,52.24545],[9.1034,52.2445],[9.1033,52.24395],[9.103,52.24255],[9.10315,52.2419],[9.103,52.2414],[9.1027,52.2405],[9.1028,52.24],[9.10235,52.23885],[9.10215,52.2382],[9.1021,52.2377],[9.1024,52.2374],[9.1022,52.2371],[9.10195,52.2368],[9.10125,52.2364],[9.1011,52.23605],[9.1004,52.2353],[9.1004,52.235],[9.1009,52.23455],[9.10155,52.234],[9.1019,52.2323],[9.1019,52.23195],[9.1018,52.23135],[9.10185,52.23135],[9.102,52.2313],[9.10225,52.23125],[9.10245,52.23135],[9.10255,52.23165],[9.10275,52.2317],[9.10295,52.23165],[9.10405,52.23115],[9.1047,52.2307],[9.1052,52.2304],[9.1061,52.23025],[9.10665,52.23015],[9.10735,52.2298],[9.10825,52.2294],[9.1098,52.2287],[9.1103,52.22825],[9.11145,52.22655],[9.11185,52.22605],[9.11245,52.2258],[9.11345,52.22555],[9.11405,52.2252],[9.1142,52.2245],[9.1145,52.2238],[9.1154,52.2226],[9.11595,52.22225],[9.1166,52.22215],[9.117,52.222],[9.11715,52.22175],[9.1175,52.2216],[9.1193,52.2216],[9.12015,52.2217],[9.1207,52.222],[9.1209,52.22245],[9.1209,52.22285],[9.12135,52.2231],[9.1226,52.22315],[9.12325,52.2232],[9.1236,52.22335],[9.1239,52.22325],[9.1242,52.2228],[9.12505,52.22245],[9.12615,52.22245],[9.1269,52.2226],[9.12835,52.2229],[9.13065,52.2239],[9.13125,52.2241],[9.1313,52.22435],[9.13155,52.2244],[9.1321,52.2243],[9.13245,52.22425],[9.13265,52.22415],[9.1331,52.22395],[9.1333,52.22355],[9.1332,52.2232],[9.133,52.2228],[9.1332,52.22245],[9.13385,52.2221],[9.134,52.222],[9.1341,52.22185],[9.13425,52.2218],[9.1345,52.22185],[9.13535,52.22225],[9.13605,52.2227],[9.13695,52.2235],[9.13715,52.22355],[9.13755,52.2239],[9.1377,52.2241],[9.13835,52.22425],[9.1387,52.2243],[9.1391,52.22435],[9.1405,52.2245],[9.1413,52.2247],[9.14195,52.225],[9.1441,52.22525],[9.14435,52.2252],[9.1448,52.22525],[9.1454,52.2252],[9.146,52.22505],[9.1469,52.22505],[9.147,52.2255],[9.1478,52.2257],[9.14865,52.2254],[9.1491,52.2258],[9.14965,52.22615],[9.15055,52.2262],[9.1509,52.22615],[9.1517,52.22595],[9.1532,52.22575],[9.15415,52.2258],[9.15455,52.2264],[9.1551,52.22645],[9.15555,52.22635],[9.1561,52.22645],[9.1582,52.2266],[9.1602,52.2265],[9.16,52.22685],[9.16115,52.227],[9.16075,52.22775],[9.1629,52.22795],[9.16345,52.22815],[9.1638,52.22815],[9.1642,52.2281],[9.1645,52.22795],[9.1648,52.22755],[9.1653,52.2274],[9.16595,52.2272],[9.16805,52.22685],[9.1693,52.22665],[9.17065,52.2266],[9.1714,52.22665],[9.1731,52.2269],[9.174,52.22725],[9.17495,52.22785],[9.1763,52.22835],[9.17795,52.22855],[9.17895,52.22885],[9.18175,52.2301],[9.1839,52.231],[9.184,52.23105],[9.1846,52.23125],[9.1854,52.2313],[9.1857,52.23125],[9.1883,52.2309],[9.19105,52.2311],[9.19235,52.2312],[9.19375,52.23125],[9.1951,52.23145],[9.1961,52.2318],[9.19705,52.2323],[9.19815,52.2324],[9.1997,52.2322],[9.2002,52.2327],[9.20145,52.2329],[9.20265,52.2331],[9.20365,52.23325],[9.20445,52.2333],[9.20515,52.23315],[9.2055,52.2331],[9.20715,52.2337],[9.20835,52.23345],[9.2093,52.23335],[9.2107,52.23335],[9.21195,52.2336],[9.2131,52.23375],[9.21425,52.2339],[9.2158,52.2343],[9.2197,52.23535],[9.22025,52.23575],[9.22125,52.236],[9.22235,52.23645],[9.22355,52.2364],[9.22465,52.23655],[9.22605,52.2371],[9.2273,52.23705],[9.22888,52.23697],[9.2294,52.23695],[9.2295,52.2362],[9.22955,52.2353],[9.2317,52.23505],[9.2323,52.23495],[9.23245,52.23485],[9.2329,52.2347],[9.2333,52.23465],[9.2331,52.23425],[9.233,52.23415],[9.23295,52.234],[9.23295,52.23385],[9.233,52.23375],[9.2332,52.23355],[9.23345,52.2332],[9.23355,52.23305],[9.23355,52.2326],[9.2336,52.23245],[9.2339,52.2322],[9.23445,52.2319],[9.2351,52.2313],[9.2357,52.23105],[9.2359,52.23095],[9.237,52.23015],[9.2371,52.23005],[9.23725,52.22995],[9.2374,52.2299],[9.2375,52.2299],[9.2377,52.22995],[9.2379,52.23],[9.23825,52.2299],[9.23845,52.22985],[9.239,52.22955],[9.2392,52.2295],[9.2394,52.22935],[9.23965,52.2292],[9.2399,52.2289],[9.24055,52.2282],[9.24115,52.2277],[9.2408,52.22735],[9.24195,52.22515],[9.24275,52.2244],[9.24375,52.22395],[9.24395,52.22385],[9.2441,52.22345],[9.2442,52.22345],[9.24445,52.22355],[9.2447,52.2236],[9.24565,52.22365],[9.24635,52.22385],[9.24755,52.2242],[9.2479,52.22425],[9.24825,52.22425],[9.2486,52.22415],[9.2492,52.22395],[9.2497,52.22385],[9.25,52.22378]]}},{"type":"Feature","properties":{"name":"Aue","kind":"river","herkunft":"heute"},"geometry":{"type":"LineString","coordinates":[[9.0396,52.2916],[9.0396,52.2915],[9.03955,52.29145],[9.03955,52.29125],[9.03975,52.29105],[9.04015,52.2908],[9.04065,52.29065],[9.0407,52.29055],[9.04075,52.29045],[9.04075,52.29035],[9.0409,52.29025],[9.0411,52.29025],[9.04125,52.2901],[9.0413,52.29],[9.04135,52.2897],[9.04155,52.28955],[9.04155,52.28945],[9.0415,52.28935],[9.04125,52.28925],[9.04105,52.2892],[9.0411,52.289],[9.04115,52.2885],[9.04075,52.28845],[9.04045,52.2884],[9.0403,52.28825],[9.0398,52.28815],[9.03945,52.288],[9.0394,52.2879],[9.0392,52.28775],[9.03905,52.28745],[9.03895,52.28735],[9.03845,52.28715],[9.03825,52.2871],[9.03765,52.28695],[9.03745,52.287],[9.03735,52.28705],[9.03705,52.2872],[9.03695,52.28715],[9.03675,52.2871],[9.03635,52.2871],[9.03615,52.287],[9.036,52.287],[9.0358,52.28705],[9.03555,52.28725],[9.03535,52.2872],[9.0351,52.28715],[9.0348,52.28715],[9.0345,52.2871],[9.03425,52.287],[9.034,52.28695],[9.0338,52.28705],[9.03345,52.2871],[9.033,52.287],[9.03265,52.28695],[9.03235,52.28695]]}},{"type":"Feature","properties":{"name":"Bückeburger Aue","kind":"river","herkunft":"heute"},"geometry":{"type":"LineString","coordinates":[[8.9871,52.32024],[8.9922,52.32175],[8.99245,52.32235]]}},{"type":"Feature","properties":{"name":"Osterbach","kind":"stream","herkunft":"kreiskarte"},"geometry":{"type":"LineString","coordinates":[[8.98711,52.32024],[8.98606,52.32157],[8.98576,52.32158],[8.98569,52.32183],[8.98626,52.32255]]}},{"type":"Feature","properties":{"name":"Osterbach","kind":"stream","herkunft":"kreiskarte"},"geometry":{"type":"LineString","coordinates":[[8.97105,52.31108],[8.9715,52.3112],[8.97178,52.3112],[8.97226,52.31094],[8.97232,52.31076],[8.97454,52.31202],[8.97459,52.31247],[8.97463,52.31225],[8.97479,52.31218],[8.97491,52.3122],[8.9753,52.3124],[8.9757,52.31245],[8.97577,52.31269],[8.9762,52.31291]]}},{"type":"Feature","properties":{"name":"Osterbach","kind":"stream","herkunft":"heute"},"geometry":{"type":"LineString","coordinates":[[8.9762,52.31291],[8.97623,52.31287],[8.9764,52.3129],[8.97735,52.31345],[8.97805,52.31395],[8.97876,52.31466]]}},{"type":"Feature","properties":{"name":"Osterbach","kind":"stream","herkunft":"kreiskarte"},"geometry":{"type":"LineString","coordinates":[[8.97876,52.31466],[8.97867,52.31469],[8.97859,52.3148],[8.97921,52.31515],[8.97926,52.31555],[8.98013,52.31569],[8.98047,52.31584],[8.98054,52.31601],[8.98047,52.31626],[8.98065,52.31644],[8.98119,52.31664],[8.9819,52.3166],[8.9824,52.31671],[8.98284,52.31661],[8.98342,52.31676],[8.98368,52.31696],[8.98373,52.31726],[8.98408,52.31746],[8.98427,52.31749],[8.98463,52.31733],[8.98441,52.31752],[8.98441,52.31768],[8.98489,52.31806],[8.98529,52.31852],[8.98542,52.31829],[8.98569,52.31815],[8.98585,52.31815],[8.98673,52.31914],[8.98701,52.31961],[8.9871,52.32024],[8.98656,52.32037],[8.98647,52.32089],[8.98609,52.32103],[8.98605,52.32151],[8.98577,52.32158],[8.98569,52.32169],[8.98572,52.3219],[8.98629,52.32258],[8.9862,52.32256],[8.98628,52.32266],[8.98623,52.32283],[8.98585,52.32332],[8.9857,52.32436],[8.98588,52.32461],[8.98557,52.32472],[8.98431,52.32576],[8.98414,52.32554],[8.98372,52.32529],[8.98355,52.32529],[8.98306,52.32562],[8.98292,52.32603],[8.98264,52.3259],[8.98235,52.326],[8.98227,52.32615],[8.98237,52.32635],[8.98213,52.32632],[8.98178,52.32647],[8.98126,52.32647],[8.98069,52.3267],[8.97995,52.32671],[8.97959,52.32683],[8.97893,52.32663],[8.97811,52.32706],[8.97771,52.32713],[8.97749,52.32723],[8.97745,52.32719],[8.97735,52.32732],[8.97626,52.32737],[8.97582,52.32725],[8.97546,52.32724],[8.97524,52.32733],[8.975,52.32763],[8.97482,52.32768],[8.97461,52.32766],[8.97447,52.32757],[8.97429,52.32721],[8.97358,52.32639],[8.9734,52.32634],[8.97286,52.32642],[8.97236,52.3264],[8.97142,52.32581],[8.97072,52.32562],[8.97043,52.32561],[8.9702,52.3257],[8.97012,52.32581],[8.97015,52.32623],[8.96966,52.32634],[8.96952,52.32657]]}},{"type":"Feature","properties":{"name":"Osterbach","kind":"stream","herkunft":"heute"},"geometry":{"type":"LineString","coordinates":[[8.96952,52.32657],[8.96957,52.3267],[8.96955,52.3267],[8.96855,52.32725],[8.96825,52.3273],[8.96805,52.32745],[8.96745,52.32845],[8.96655,52.32965],[8.96615,52.3302],[8.96592,52.33069]]}},{"type":"Feature","properties":{"name":"Osterbach","kind":"stream","herkunft":"kreiskarte"},"geometry":{"type":"LineString","coordinates":[[8.96592,52.33069],[8.9652,52.33056],[8.96473,52.33107],[8.96466,52.33132],[8.96454,52.33162],[8.96454,52.33163],[8.96458,52.3316],[8.96393,52.33259]]}},{"type":"Feature","properties":{"name":"Osterbach","kind":"stream","herkunft":"heute"},"geometry":{"type":"LineString","coordinates":[[8.96393,52.33259],[8.96469,52.3327],[8.9644,52.3334],[8.964,52.3337],[8.9634,52.33425],[8.9629,52.3344],[8.9626,52.3346],[8.9624,52.3348]]}},{"type":"Feature","properties":{"name":"Osterbach","kind":"stream","herkunft":"kreiskarte"},"geometry":{"type":"LineString","coordinates":[[8.9624,52.3348],[8.96191,52.33461],[8.96136,52.33497],[8.96125,52.33517],[8.96126,52.33589],[8.96134,52.336],[8.96188,52.33634],[8.9618,52.33674],[8.96165,52.33687],[8.96086,52.33692],[8.96056,52.33702],[8.96045,52.33712],[8.96059,52.33758],[8.96037,52.33806],[8.96037,52.33833],[8.96045,52.3385],[8.96075,52.33874]]}},{"type":"Feature","properties":{"name":"Osterbach","kind":"stream","herkunft":"heute"},"geometry":{"type":"LineString","coordinates":[[8.96075,52.33874],[8.96081,52.33874],[8.96065,52.33915],[8.9606,52.33935],[8.96035,52.34115],[8.9604,52.34325],[8.9601,52.3448],[8.9608,52.34595],[8.96096,52.34628]]}},{"type":"Feature","properties":{"name":"Osterbach","kind":"stream","herkunft":"kreiskarte"},"geometry":{"type":"LineString","coordinates":[[8.96096,52.34628],[8.9617,52.34614],[8.96175,52.34674],[8.96127,52.34685],[8.96161,52.34693],[8.96171,52.34754],[8.96183,52.34769],[8.96216,52.34786],[8.96287,52.34799],[8.96291,52.34825],[8.96277,52.34848],[8.96277,52.34852],[8.9628,52.34861],[8.96283,52.34865],[8.96286,52.34868],[8.96287,52.34872],[8.96289,52.34876],[8.96292,52.3488],[8.96294,52.34884],[8.96297,52.34888],[8.963,52.34892],[8.96303,52.34896],[8.96306,52.34899],[8.96309,52.34903],[8.96313,52.34907],[8.96316,52.34911],[8.96319,52.34914],[8.96322,52.34918],[8.96342,52.34937],[8.96298,52.34889],[8.96293,52.34881],[8.9629,52.34877],[8.96281,52.34861],[8.96279,52.34857],[8.96278,52.34853],[8.96276,52.34849],[8.96276,52.34845]]}},{"type":"Feature","properties":{"name":"Osterbach","kind":"stream","herkunft":"heute"},"geometry":{"type":"LineString","coordinates":[[8.96276,52.34845],[8.96309,52.34835],[8.9635,52.34885],[8.9631,52.34835]]}},{"type":"Feature","properties":{"name":"Osterbach","kind":"stream","herkunft":"heute"},"geometry":{"type":"LineString","coordinates":[[8.9653,52.35025],[8.9635,52.34885],[8.96395,52.3492],[8.9653,52.35025]]}},{"type":"Feature","properties":{"name":"Bückeburger Aue","kind":"river","herkunft":"heute"},"geometry":{"type":"LineString","coordinates":[[8.9871,52.32024],[8.9922,52.32175],[8.99225,52.32195]]}},{"type":"Feature","properties":{"name":"Bückeburger Aue","kind":"river","herkunft":"kreiskarte"},"geometry":{"type":"LineString","coordinates":[[8.98974,52.37476],[8.9897,52.37516],[8.98926,52.37564],[8.98914,52.37592]]}},{"type":"Feature","properties":{"name":"Bückeburger Aue","kind":"river","herkunft":"heute"},"geometry":{"type":"LineString","coordinates":[[8.98914,52.37592],[8.98905,52.37582],[8.98895,52.37585],[8.9878,52.376]]}},{"type":"Feature","properties":{"name":"Bückeburger Aue","kind":"river","herkunft":"kreiskarte"},"geometry":{"type":"LineString","coordinates":[[8.9878,52.376],[8.98723,52.37609],[8.98749,52.37616],[8.98784,52.37612],[8.98792,52.37602],[8.98775,52.3758],[8.98775,52.37564],[8.98798,52.37557],[8.98839,52.37562]]}},{"type":"Feature","properties":{"name":"Bückeburger Aue","kind":"river","herkunft":"heute"},"geometry":{"type":"LineString","coordinates":[[8.98839,52.37562],[8.98852,52.37578],[8.9896,52.37545]]}},{"type":"Feature","properties":{"name":"Bückeburger Aue","kind":"river","herkunft":"heute"},"geometry":{"type":"LineString","coordinates":[[9.03235,52.28695],[9.0274,52.28547],[9.0274,52.2854],[9.02745,52.28525]]}},{"type":"Feature","properties":{"name":"Bückeburger Aue","kind":"river","herkunft":"heute"},"geometry":{"type":"LineString","coordinates":[[9.02559,52.28486],[9.0274,52.28547],[9.03235,52.28695]]}},{"type":"Feature","properties":{"name":"Bückeburger Aue","kind":"river","herkunft":"heute"},"geometry":{"type":"LineString","coordinates":[[9.03235,52.28695],[9.02745,52.28525],[9.02705,52.28505],[9.0266,52.285],[9.02625,52.2849],[9.026,52.28485],[9.02575,52.2848],[9.02559,52.28486]]}},{"type":"Feature","properties":{"name":"Ösper","kind":"stream","herkunft":"heute"},"geometry":{"type":"LineString","coordinates":[[8.97225,52.3808],[8.97215,52.38073]]}},{"type":"Feature","properties":{"name":"Ösper","kind":"stream","herkunft":"kreiskarte"},"geometry":{"type":"LineString","coordinates":[[8.97215,52.38073],[8.97253,52.38052],[8.97231,52.38073],[8.97208,52.38075],[8.97142,52.38039],[8.97094,52.38022],[8.97057,52.38011],[8.9703,52.38019],[8.97031,52.38018],[8.97033,52.38015],[8.97035,52.38011],[8.97038,52.38007],[8.9704,52.38002],[8.97038,52.38007],[8.97035,52.38011],[8.97033,52.38015],[8.97031,52.38019],[8.97028,52.38023],[8.97025,52.38026],[8.9702,52.38034],[8.97018,52.38037],[8.97018,52.38038],[8.97018,52.38038],[8.97019,52.38035],[8.97022,52.38032],[8.97024,52.38028],[8.97027,52.38024],[8.9703,52.3802],[8.97032,52.38016],[8.97034,52.38012],[8.97037,52.38009],[8.97039,52.38005],[8.97039,52.37984],[8.96972,52.37966],[8.96915,52.37935],[8.96877,52.37939],[8.96866,52.37958],[8.96835,52.37981],[8.96715,52.38001],[8.9666,52.37995],[8.96595,52.37978],[8.96546,52.37984],[8.965,52.37967],[8.96419,52.37977],[8.96392,52.37991],[8.96374,52.37968],[8.96342,52.37961],[8.96265,52.37968],[8.9618,52.38008],[8.96131,52.38024],[8.96059,52.38019],[8.95946,52.38028],[8.95899,52.3802],[8.95863,52.38007],[8.95814,52.3801],[8.95796,52.38022],[8.95789,52.38052],[8.95752,52.38076],[8.95745,52.38128],[8.95705,52.38158],[8.95692,52.3816],[8.95634,52.38158],[8.95558,52.38148],[8.95532,52.38121],[8.95466,52.3812],[8.95363,52.38086],[8.95221,52.38083],[8.95155,52.38049],[8.95107,52.38042],[8.95101,52.3804],[8.95095,52.38039],[8.95089,52.38037],[8.95083,52.38034],[8.95077,52.38032],[8.95071,52.3803],[8.95064,52.38029],[8.95058,52.38028],[8.9505,52.38027],[8.95045,52.38027],[8.95042,52.38027],[8.95045,52.38027],[8.95052,52.38027],[8.95059,52.38028],[8.95066,52.38029],[8.95072,52.38031],[8.95078,52.38032],[8.95084,52.38035],[8.9509,52.38037],[8.95112,52.38044],[8.95114,52.38044],[8.95088,52.38041],[8.95064,52.38049],[8.95025,52.3808],[8.95008,52.38116],[8.94994,52.38125],[8.94909,52.38123],[8.94887,52.38097],[8.94843,52.38074],[8.94804,52.3808],[8.94781,52.38089],[8.94754,52.38114],[8.947,52.38138],[8.94673,52.38189],[8.94609,52.38221],[8.94582,52.38255],[8.94511,52.38281],[8.94506,52.38296],[8.94535,52.38322],[8.94489,52.38334],[8.94482,52.38334],[8.94475,52.38334],[8.94467,52.38334],[8.9446,52.38334],[8.94452,52.38334],[8.94445,52.38334],[8.94437,52.38334],[8.9443,52.38335],[8.94425,52.38336],[8.94421,52.38336],[8.94436,52.38334],[8.94444,52.38334],[8.94451,52.38334],[8.94459,52.38334],[8.94466,52.38334],[8.94474,52.38334],[8.94481,52.38334],[8.94488,52.38334],[8.94495,52.38333],[8.94521,52.38327],[8.94532,52.38326],[8.94469,52.38343],[8.94452,52.38374],[8.94409,52.38383],[8.94384,52.38397],[8.94346,52.38408],[8.94316,52.38427],[8.9431,52.38442],[8.94303,52.38408],[8.94261,52.38393],[8.94218,52.38395],[8.94142,52.38415],[8.94062,52.38418],[8.94022,52.38433],[8.94003,52.38467],[8.93963,52.38497],[8.93871,52.38486],[8.93825,52.38466],[8.93778,52.38467],[8.9375,52.3843],[8.93693,52.38415],[8.93642,52.38392],[8.93578,52.38388],[8.93512,52.38375],[8.93333,52.38376],[8.93291,52.38391],[8.932,52.38443],[8.93086,52.38451],[8.93015,52.38488],[8.92959,52.38504],[8.92938,52.38516],[8.92905,52.38553],[8.92877,52.38566],[8.92772,52.38567],[8.92707,52.38591],[8.92627,52.38594],[8.92571,52.38622],[8.92455,52.38625],[8.92397,52.3865],[8.92324,52.38652],[8.92264,52.38673],[8.9219,52.38652],[8.92138,52.38657],[8.92079,52.38647],[8.92025,52.38655],[8.91989,52.38654],[8.91923,52.3862],[8.91896,52.38615],[8.91799,52.38635],[8.91744,52.38674],[8.91703,52.38678],[8.91622,52.38654],[8.91525,52.38644],[8.91335,52.38583],[8.91188,52.38559],[8.91047,52.38514],[8.90992,52.38507],[8.90882,52.3852],[8.90804,52.38503],[8.90725,52.385],[8.90623,52.38475],[8.90551,52.38472],[8.90504,52.3848],[8.90377,52.38534],[8.90336,52.3854],[8.90252,52.38538],[8.90241,52.38548],[8.90241,52.38572],[8.90227,52.38544],[8.9021,52.3854],[8.90149,52.3855],[8.90119,52.38569],[8.90109,52.38589],[8.90093,52.38595],[8.90052,52.38598],[8.90017,52.38583],[8.8999,52.38582],[8.89975,52.3859],[8.89977,52.38618],[8.89961,52.38632],[8.89867,52.38647],[8.89831,52.38664],[8.89864,52.38635],[8.89865,52.38623],[8.89845,52.38613],[8.89802,52.38615],[8.89769,52.38636],[8.89716,52.38646],[8.89674,52.38689],[8.89583,52.38697],[8.8955,52.38733],[8.8949,52.38744],[8.89406,52.38803],[8.89348,52.38828],[8.89306,52.38829],[8.89265,52.38813],[8.8921,52.38818],[8.89186,52.38833],[8.89175,52.38869],[8.89109,52.3888],[8.89046,52.38874],[8.89026,52.38863],[8.88978,52.38791],[8.88888,52.38771],[8.88824,52.38767],[8.88778,52.38759],[8.88605,52.38694],[8.88445,52.38623],[8.88379,52.38611],[8.88324,52.38593],[8.88282,52.38608],[8.88288,52.3858],[8.88259,52.38529],[8.88265,52.3849],[8.88229,52.3844],[8.88229,52.38404],[8.88246,52.38352],[8.88202,52.38335],[8.88189,52.3828],[8.88126,52.38241],[8.88038,52.38168],[8.88025,52.38072],[8.88006,52.38041],[8.87947,52.38],[8.879,52.38009],[8.87871,52.37997],[8.87863,52.37987],[8.87866,52.37966],[8.87821,52.37932],[8.87777,52.37855],[8.87785,52.37847],[8.8784,52.37841],[8.8786,52.3783],[8.87875,52.37807],[8.87874,52.37753],[8.87859,52.37716],[8.87858,52.37684],[8.87815,52.37636],[8.87821,52.37575],[8.87815,52.37545],[8.87773,52.37515],[8.8769,52.37473],[8.8768,52.37462],[8.87686,52.37451],[8.87722,52.3744],[8.87738,52.37427],[8.87748,52.37379],[8.87775,52.37345],[8.87774,52.37273],[8.87753,52.37224],[8.8775,52.37189],[8.8773,52.37158],[8.87643,52.37076],[8.87561,52.37033],[8.87514,52.36996],[8.87464,52.36927],[8.87296,52.36823],[8.87279,52.36796],[8.87253,52.36707],[8.8718,52.36644],[8.87149,52.36548],[8.87122,52.36523],[8.87015,52.36458],[8.86926,52.36435],[8.86894,52.36417],[8.86838,52.36345],[8.86804,52.36322],[8.8672,52.36302],[8.86656,52.36266],[8.86604,52.36255],[8.86497,52.36193],[8.8644,52.36179],[8.86393,52.36145],[8.86388,52.36083],[8.86343,52.36066],[8.86317,52.36046],[8.86297,52.36041],[8.86151,52.36039],[8.86103,52.36011],[8.86065,52.35966],[8.86024,52.3595],[8.8596,52.35946],[8.85937,52.35938],[8.85893,52.35885],[8.85861,52.35821],[8.85792,52.35792],[8.85782,52.35781],[8.85793,52.35722],[8.85756,52.35668],[8.8576,52.35638],[8.85786,52.35608],[8.85766,52.35568],[8.85696,52.35522],[8.85679,52.35491],[8.85659,52.35487],[8.85581,52.35491],[8.85549,52.35476],[8.85536,52.35439],[8.85517,52.35416],[8.85516,52.35362],[8.85506,52.35329],[8.85492,52.35314],[8.85442,52.35284],[8.85337,52.35274],[8.85294,52.35227],[8.85219,52.35171],[8.85107,52.35138],[8.84999,52.35122],[8.8493,52.35093],[8.84849,52.35082],[8.84791,52.35095],[8.84702,52.35096],[8.84644,52.3512],[8.84624,52.35122],[8.84414,52.3507],[8.84275,52.35012],[8.84176,52.34982],[8.8409,52.34945],[8.8396,52.34906],[8.83671,52.34785],[8.83629,52.34759],[8.83622,52.34747],[8.83625,52.34739],[8.83637,52.34724],[8.83639,52.3472],[8.83641,52.34716],[8.83644,52.34712],[8.83647,52.34709],[8.83649,52.34705],[8.83652,52.34701],[8.83654,52.34697],[8.83656,52.34693],[8.83659,52.34689],[8.83662,52.34686],[8.83664,52.34684],[8.83663,52.34685],[8.83658,52.34691],[8.83655,52.34695],[8.83653,52.34699],[8.8365,52.34703],[8.83648,52.34707],[8.83645,52.34711],[8.83642,52.34715],[8.83638,52.34723],[8.83635,52.34726],[8.83631,52.3473],[8.83615,52.34741],[8.83573,52.34692],[8.83479,52.34621],[8.83405,52.34611],[8.83345,52.34564],[8.83227,52.34563]]}},{"type":"Feature","properties":{"name":"Rhien","kind":"stream","herkunft":"heute"},"geometry":{"type":"LineString","coordinates":[[8.87765,52.35215],[8.87718,52.35241]]}},{"type":"Feature","properties":{"name":"Rhien","kind":"stream","herkunft":"kreiskarte"},"geometry":{"type":"LineString","coordinates":[[8.87718,52.35241],[8.87762,52.35271],[8.87693,52.3527],[8.87613,52.35316],[8.8754,52.35339],[8.87513,52.35355],[8.87502,52.3537],[8.87502,52.35429],[8.87477,52.35448],[8.8739,52.35452],[8.87296,52.35448],[8.87265,52.35453],[8.87258,52.35554],[8.87249,52.35565],[8.87131,52.35587],[8.87077,52.35621],[8.87015,52.35645],[8.86949,52.35656],[8.86888,52.35647],[8.86669,52.35686],[8.86605,52.35713],[8.86525,52.35725],[8.86443,52.35773],[8.86278,52.35773],[8.86243,52.35862],[8.8617,52.35904]]}},{"type":"Feature","properties":{"name":"Rhien","kind":"stream","herkunft":"heute"},"geometry":{"type":"LineString","coordinates":[[8.8617,52.35904],[8.86161,52.35899],[8.86115,52.3593],[8.86065,52.35966]]}},{"type":"Feature","properties":{"name":"Ösper","kind":"stream","herkunft":"heute"},"geometry":{"type":"LineString","coordinates":[[8.8337,52.3461],[8.83334,52.34599]]}},{"type":"Feature","properties":{"name":"Ösper","kind":"stream","herkunft":"kreiskarte"},"geometry":{"type":"LineString","coordinates":[[8.83334,52.34599],[8.8336,52.34567],[8.83333,52.34562],[8.83075,52.3456],[8.83021,52.3453],[8.82978,52.34491],[8.82927,52.34459],[8.8291,52.34427],[8.82864,52.34406],[8.8273,52.34396],[8.82655,52.34375],[8.82574,52.3433],[8.82523,52.34318],[8.82463,52.34286],[8.82394,52.34266],[8.82375,52.34226],[8.8235,52.34211],[8.82167,52.34163],[8.82147,52.34161],[8.82094,52.34172],[8.82051,52.34175],[8.81985,52.34151],[8.81937,52.34147],[8.81873,52.34131],[8.81822,52.34133],[8.81735,52.34158],[8.8159,52.34132],[8.81554,52.34134],[8.8149,52.3415],[8.81396,52.34147],[8.81331,52.3416],[8.81302,52.34159],[8.81236,52.34137],[8.81156,52.34134],[8.81082,52.34123],[8.80974,52.34062],[8.80859,52.34057],[8.80776,52.3401],[8.80662,52.34002],[8.80555,52.33937],[8.80509,52.33927]]}},{"type":"Feature","properties":{"name":"Gehle","kind":"river","herkunft":"heute"},"geometry":{"type":"LineString","coordinates":[[9.03695,52.42715],[9.0341,52.42885],[9.03355,52.4292]]}},{"type":"Feature","properties":{"name":"Gehle","kind":"river","herkunft":"kreiskarte"},"geometry":{"type":"LineString","coordinates":[[9.03355,52.4292],[9.03297,52.43019],[9.02826,52.42871]]}},{"type":"Feature","properties":{"name":"Möllerbeeke","kind":"stream","herkunft":"heute"},"geometry":{"type":"LineString","coordinates":[[9.03695,52.42715],[9.03715,52.4272],[9.0374,52.4272],[9.03795,52.42715],[9.0381,52.42705],[9.03855,52.42705],[9.03885,52.42705],[9.039,52.42705],[9.03975,52.42715],[9.04005,52.42715],[9.04045,52.42715],[9.0406,52.4271],[9.0408,52.42715],[9.0409,52.4272],[9.04105,52.4272],[9.04115,52.42715],[9.0415,52.42715],[9.0418,52.4272],[9.0422,52.4273],[9.0431,52.42725],[9.04445,52.4279],[9.0447,52.42795],[9.0468,52.42875],[9.04695,52.4288],[9.04725,52.42865],[9.0485,52.42895],[9.04965,52.4286],[9.05045,52.42845],[9.0506,52.42845]]}},{"type":"Feature","properties":{"name":"Gehle","kind":"river","herkunft":"heute"},"geometry":{"type":"LineString","coordinates":[[9.12705,52.2965],[9.12695,52.2966],[9.1268,52.2967],[9.126,52.2971],[9.1251,52.29755],[9.1249,52.29765],[9.12445,52.2977],[9.1243,52.29775],[9.12405,52.2979],[9.12355,52.29805],[9.12265,52.29835],[9.12235,52.2984],[9.12215,52.2984],[9.1219,52.2985],[9.11975,52.29965],[9.11915,52.2999],[9.11905,52.2999],[9.11885,52.29985],[9.1186,52.29985],[9.11815,52.29995],[9.11705,52.30025],[9.11675,52.3004],[9.1166,52.3005],[9.11645,52.30065],[9.1162,52.30095],[9.1161,52.301],[9.11585,52.3011],[9.11075,52.303],[9.1106,52.3031],[9.1105,52.30325],[9.1105,52.30335],[9.1106,52.3034],[9.1116,52.30395],[9.11185,52.3045],[9.11315,52.30595],[9.11435,52.3067],[9.1171,52.3084],[9.11715,52.3084],[9.11895,52.30825],[9.11925,52.3081],[9.11935,52.308],[9.11945,52.308],[9.1196,52.308],[9.11995,52.3082],[9.12055,52.30855],[9.1207,52.3086],[9.12085,52.30865],[9.121,52.30875],[9.1213,52.3089],[9.1214,52.309],[9.1225,52.3102],[9.1239,52.3117],[9.12405,52.313],[9.1246,52.3154],[9.12515,52.31635],[9.12805,52.32135],[9.1283,52.3222],[9.1292,52.32525],[9.1294,52.32605],[9.12975,52.3268],[9.1306,52.3283],[9.13085,52.33055],[9.13095,52.3311],[9.1312,52.33135],[9.1318,52.3319],[9.13255,52.33255],[9.1327,52.3328],[9.1333,52.3339],[9.1335,52.3346],[9.13345,52.3348],[9.1334,52.33495],[9.13325,52.3351],[9.13305,52.3352],[9.13245,52.3354],[9.1324,52.33545],[9.1322,52.3358],[9.1322,52.33595],[9.1323,52.33615],[9.13245,52.33635],[9.13255,52.33715],[9.1329,52.3384],[9.133,52.33875],[9.1332,52.339],[9.13335,52.33935],[9.1334,52.33965],[9.1334,52.3405],[9.13335,52.3408],[9.1333,52.34095],[9.1331,52.34115],[9.13285,52.34205],[9.13275,52.34225],[9.13245,52.3426],[9.13235,52.3427],[9.1321,52.3428],[9.1319,52.3429],[9.1314,52.34335],[9.13095,52.34375],[9.13025,52.34425],[9.12995,52.3444],[9.1293,52.34455],[9.1286,52.34495],[9.1279,52.34525],[9.12715,52.34555],[9.1264,52.34575],[9.1244,52.3461],[9.1242,52.3462],[9.12385,52.3464],[9.1236,52.3466],[9.1235,52.3469],[9.1233,52.34745],[9.1232,52.3476],[9.123,52.34775],[9.1227,52.34795],[9.1225,52.34805],[9.1221,52.34815],[9.12165,52.34825],[9.12065,52.3484],[9.11835,52.3486],[9.1163,52.3487],[9.1132,52.34885],[9.1128,52.34885],[9.1097,52.34845],[9.1089,52.3483],[9.10795,52.3479],[9.1074,52.3477],[9.10715,52.3477],[9.1058,52.3477],[9.1052,52.3478],[9.10475,52.34775],[9.10385,52.34765],[9.1037,52.3477],[9.1036,52.34775],[9.1027,52.34845],[9.10235,52.34865],[9.10205,52.34875],[9.10185,52.3488],[9.1006,52.34875],[9.09995,52.3488],[9.09665,52.3502],[9.09555,52.3507],[9.0952,52.3508],[9.09095,52.35075],[9.0876,52.3508],[9.0814,52.35085],[9.07955,52.35065],[9.07505,52.35035],[9.0745,52.3502],[9.0742,52.35015],[9.07399,52.35018]]}},{"type":"Feature","properties":{"name":"Gehle","kind":"river","herkunft":"kreiskarte"},"geometry":{"type":"LineString","coordinates":[[9.07399,52.35018],[9.07407,52.35041],[9.07299,52.35035],[9.07262,52.35017],[9.07218,52.35007],[9.07188,52.35015],[9.07191,52.34993],[9.07092,52.34932],[9.07081,52.34894],[9.07063,52.34882],[9.07024,52.34883],[9.06969,52.34867],[9.06908,52.34888],[9.06815,52.34893],[9.06732,52.34884],[9.06704,52.34902],[9.06719,52.34933],[9.06707,52.34921],[9.06704,52.34917],[9.06701,52.34913],[9.06698,52.3491],[9.06696,52.34906],[9.06696,52.34902],[9.06698,52.34898],[9.06706,52.3489],[9.06731,52.34884],[9.06765,52.34888],[9.06773,52.34888],[9.06779,52.34888],[9.06782,52.34888],[9.06733,52.34884],[9.06718,52.34884],[9.06705,52.34887],[9.06696,52.34898],[9.06695,52.34902],[9.06697,52.34906],[9.06699,52.3491],[9.06705,52.34918],[9.06711,52.34925],[9.06714,52.34929],[9.06714,52.34937],[9.06677,52.34985],[9.06672,52.35015],[9.06595,52.35086],[9.06595,52.35108],[9.06544,52.35106],[9.06464,52.3513],[9.06356,52.35128],[9.06264,52.35147],[9.06199,52.35171],[9.06062,52.35168],[9.05992,52.35218],[9.05964,52.35274],[9.05869,52.35309],[9.05853,52.35336],[9.05808,52.35366],[9.0579,52.35388],[9.05771,52.35428],[9.05771,52.35464],[9.05778,52.35476],[9.05815,52.35498],[9.05781,52.35487],[9.0576,52.35494],[9.05756,52.3552],[9.0577,52.35552],[9.05749,52.35583],[9.05734,52.35591],[9.05706,52.35593],[9.05699,52.35592],[9.05693,52.3559],[9.05688,52.35587],[9.05685,52.35584],[9.05683,52.3558],[9.05682,52.35577],[9.05682,52.35576],[9.05682,52.35577],[9.05683,52.35579],[9.05685,52.35583],[9.05688,52.35587],[9.05693,52.3559],[9.05732,52.35604],[9.05727,52.35656],[9.05741,52.35684],[9.05742,52.35711],[9.05717,52.35758],[9.05684,52.35766],[9.05715,52.35775],[9.0572,52.35796],[9.05686,52.35846],[9.05679,52.35889],[9.05642,52.35939],[9.0561,52.36025],[9.05602,52.36081],[9.05573,52.36101],[9.05525,52.36118],[9.05379,52.36204],[9.05294,52.36294],[9.05255,52.36313],[9.05174,52.36336],[9.05104,52.36381],[9.05025,52.36397],[9.04916,52.36433],[9.04889,52.36457],[9.04888,52.36487],[9.04939,52.36528],[9.04952,52.36557],[9.0496,52.36613],[9.0496,52.36654],[9.04945,52.36699],[9.04953,52.36783],[9.04983,52.36865],[9.04932,52.36911],[9.04877,52.36992],[9.04858,52.37],[9.04796,52.37008],[9.04686,52.37013],[9.04573,52.37044],[9.04535,52.37065],[9.04489,52.37079],[9.04417,52.37082],[9.0439,52.37074],[9.04374,52.37033],[9.0436,52.37024],[9.0429,52.37017],[9.04222,52.37025],[9.0416,52.36985],[9.04132,52.37],[9.0414,52.37054],[9.04104,52.3709],[9.0408,52.37143],[9.04077,52.37223],[9.04094,52.3725],[9.04139,52.37279],[9.04164,52.37287],[9.04202,52.37287],[9.04219,52.37325],[9.04217,52.3735],[9.0419,52.37358],[9.04182,52.37368],[9.0419,52.37402],[9.04183,52.37486],[9.04198,52.37536],[9.04183,52.37591],[9.04198,52.3765],[9.04184,52.37687],[9.04184,52.37718],[9.04206,52.37758],[9.04199,52.37806],[9.04206,52.37831],[9.04197,52.37846],[9.0417,52.3785],[9.04103,52.37828],[9.04089,52.37834],[9.04087,52.37852],[9.04146,52.37936],[9.0419,52.37961],[9.04185,52.38008],[9.04207,52.38047],[9.04185,52.38109],[9.04208,52.38193],[9.04196,52.38208],[9.04164,52.3822],[9.04158,52.38253],[9.04176,52.38266],[9.04225,52.38271],[9.04236,52.38281],[9.04214,52.38372],[9.04259,52.38397],[9.04262,52.38455],[9.04254,52.38471],[9.04208,52.38488],[9.04203,52.38499],[9.04255,52.38536],[9.04315,52.3862],[9.04297,52.38688],[9.04261,52.38724],[9.0425,52.38762],[9.04216,52.38798],[9.04203,52.38831],[9.04215,52.3886],[9.0426,52.38898],[9.04274,52.38944],[9.04304,52.38968],[9.04329,52.39016],[9.04381,52.39083],[9.04323,52.39096],[9.0431,52.39142],[9.04234,52.39149],[9.04227,52.39163],[9.04245,52.39181],[9.04277,52.39188],[9.04298,52.39185],[9.04333,52.39162],[9.04421,52.39163],[9.0445,52.3919],[9.04445,52.39211],[9.04407,52.39236],[9.04349,52.39238],[9.04398,52.3924],[9.04469,52.39255],[9.04501,52.39239],[9.04498,52.39216],[9.04512,52.39244],[9.04516,52.39278],[9.04615,52.39308],[9.04602,52.3942],[9.04564,52.39446],[9.04552,52.39449],[9.04545,52.39449],[9.04538,52.39448],[9.04532,52.39446],[9.04529,52.39445],[9.04528,52.39445],[9.04534,52.39446],[9.0454,52.39448],[9.04547,52.39449],[9.04591,52.39451],[9.04612,52.39461],[9.04647,52.39506],[9.04642,52.39517],[9.04613,52.39534],[9.04642,52.39538],[9.0465,52.39549],[9.04624,52.39623],[9.04587,52.39673],[9.0458,52.39689],[9.04578,52.39693],[9.04575,52.39696],[9.04572,52.397],[9.0457,52.39704],[9.04568,52.39708],[9.04566,52.39712],[9.04564,52.39716],[9.04561,52.3972],[9.04557,52.39724],[9.04553,52.39727],[9.04549,52.39731],[9.04544,52.39734],[9.0454,52.39737],[9.04534,52.39741],[9.0453,52.39744],[9.04527,52.39746],[9.04525,52.39747],[9.04533,52.39741],[9.04538,52.39738],[9.04543,52.39735],[9.04548,52.39731],[9.04552,52.39728],[9.04556,52.39725],[9.0456,52.39721],[9.04563,52.39717],[9.04566,52.39713],[9.04568,52.39709],[9.0457,52.39705],[9.04571,52.39701],[9.04574,52.39697],[9.04577,52.39694],[9.04581,52.39691],[9.04584,52.39688],[9.04576,52.39695],[9.04573,52.39699],[9.04571,52.39702],[9.04569,52.39707],[9.04567,52.39711],[9.04565,52.39715],[9.04562,52.39718],[9.04559,52.39722],[9.04555,52.39726],[9.04551,52.39729],[9.04546,52.39732],[9.04542,52.39736],[9.04519,52.39753],[9.04499,52.39779],[9.04478,52.39796],[9.04438,52.39812],[9.04393,52.39794],[9.04334,52.39804],[9.04299,52.39832],[9.04318,52.39852],[9.04336,52.39906],[9.04292,52.40008],[9.04207,52.40109],[9.04189,52.40144],[9.04161,52.40143],[9.04125,52.4013],[9.04106,52.40116],[9.04103,52.401],[9.04097,52.40111],[9.04063,52.40125],[9.04059,52.40146],[9.04079,52.40172],[9.04074,52.40211],[9.04084,52.40234],[9.04081,52.40255],[9.04055,52.40297],[9.04007,52.40312],[9.04,52.40327],[9.04015,52.40372],[9.04085,52.4037],[9.04107,52.40378],[9.04114,52.40403],[9.04129,52.40418],[9.04139,52.40438],[9.04156,52.40455],[9.04145,52.40441],[9.0415,52.40429],[9.04201,52.40407],[9.04243,52.40421],[9.04284,52.40427],[9.04332,52.40445],[9.04397,52.40449],[9.04418,52.4046],[9.04428,52.40475],[9.0441,52.40514],[9.04491,52.40566],[9.04509,52.40602],[9.04539,52.40635],[9.0452,52.40697],[9.04551,52.40757],[9.0455,52.40793],[9.04487,52.40837],[9.04458,52.40866],[9.04452,52.40914],[9.04407,52.40984],[9.04434,52.41004],[9.04439,52.41021],[9.04431,52.41036],[9.0439,52.41067],[9.044,52.41107],[9.04347,52.41131],[9.04332,52.4119],[9.04288,52.41199],[9.04277,52.41208],[9.04272,52.41246],[9.0435,52.41301],[9.04338,52.41338],[9.04318,52.41354],[9.04245,52.41368],[9.04195,52.41405],[9.04232,52.41477],[9.04225,52.41601],[9.04213,52.41639],[9.04166,52.41682],[9.04204,52.4166],[9.042,52.41674],[9.04229,52.41694],[9.04247,52.417],[9.04254,52.41701],[9.04277,52.41701],[9.04284,52.41702],[9.04291,52.41703],[9.04297,52.41704],[9.04302,52.41707],[9.04305,52.41711],[9.04308,52.41715],[9.04308,52.41719],[9.04303,52.41731],[9.04301,52.41735],[9.04299,52.41739],[9.04299,52.41741],[9.04299,52.41742],[9.04299,52.41741],[9.043,52.41738],[9.04304,52.4173],[9.04307,52.41722],[9.04308,52.41718],[9.04307,52.41714],[9.04304,52.4171],[9.04301,52.41706],[9.04295,52.41704],[9.04289,52.41702],[9.04282,52.41701],[9.04275,52.41701],[9.04262,52.41704],[9.04218,52.41732],[9.04199,52.41736],[9.04153,52.41721],[9.04159,52.41696],[9.04108,52.41752],[9.04092,52.41829],[9.0412,52.41853],[9.04177,52.41867],[9.0418,52.4191],[9.0413,52.41939],[9.041,52.4197],[9.04082,52.41976],[9.04013,52.41968],[9.03985,52.41953],[9.0398,52.41949],[9.03976,52.41946],[9.03972,52.41943],[9.03968,52.41939],[9.03965,52.41936],[9.03963,52.41935],[9.03993,52.41965],[9.04001,52.4197],[9.04052,52.41978],[9.04063,52.42024],[9.04055,52.42087],[9.04115,52.4209],[9.04144,52.42101],[9.04161,52.42124],[9.04152,52.42158],[9.0412,52.42186],[9.04066,52.42204],[9.0399,52.42198],[9.03895,52.42202],[9.03856,52.4221],[9.03807,52.42207],[9.03788,52.42217],[9.03822,52.42316],[9.0389,52.42336],[9.04004,52.42346],[9.04033,52.4237],[9.04043,52.42395],[9.04043,52.42422],[9.04015,52.42464],[9.04008,52.42512],[9.03961,52.42554],[9.03892,52.42598],[9.03902,52.42615],[9.039,52.42673],[9.03867,52.427],[9.03818,52.427],[9.03798,52.42688],[9.03795,52.42684],[9.03792,52.4268],[9.03789,52.42677],[9.03786,52.42673],[9.03779,52.42665],[9.03776,52.42662],[9.03768,52.4265],[9.03765,52.42646],[9.03762,52.42642],[9.03747,52.42632],[9.03743,52.42629],[9.0374,52.42625],[9.03738,52.42621],[9.03737,52.42617],[9.03737,52.42614],[9.03737,52.42613],[9.03737,52.42614],[9.03737,52.42617],[9.03738,52.42621],[9.0374,52.42625],[9.03743,52.42629],[9.03747,52.42632],[9.03753,52.42636],[9.03758,52.42639],[9.03762,52.42642],[9.03765,52.42646],[9.03768,52.4265],[9.03776,52.42661],[9.03817,52.4271],[9.03815,52.42744],[9.03776,52.42784],[9.03752,52.42792],[9.03733,52.42789],[9.03719,52.42775],[9.03685,52.42784],[9.03643,52.4278],[9.03599,52.42739],[9.03477,52.42811],[9.03446,52.42848],[9.03346,52.42932],[9.03308,52.42994],[9.0329,52.43031],[9.03294,52.43022],[9.03296,52.4302],[9.03296,52.4302],[9.03274,52.43122],[9.03253,52.43171],[9.03232,52.43182],[9.03181,52.43194],[9.03161,52.43192],[9.03132,52.43176],[9.03171,52.43199],[9.03191,52.43203],[9.03212,52.43202],[9.03219,52.43201],[9.03231,52.43197],[9.03238,52.43196],[9.03245,52.43195],[9.03252,52.43195],[9.0326,52.43195],[9.03267,52.43195],[9.03274,52.43194],[9.0328,52.43194],[9.03284,52.43194],[9.03269,52.43195],[9.03261,52.43195],[9.03254,52.43195],[9.03246,52.43195],[9.03239,52.43195],[9.03233,52.43197],[9.03226,52.43198],[9.0322,52.432],[9.03214,52.43202],[9.03194,52.43206],[9.03113,52.4326],[9.03018,52.43286],[9.02937,52.43298],[9.02877,52.4334],[9.02839,52.4335],[9.02825,52.43364],[9.02824,52.43389],[9.02869,52.43404],[9.02872,52.43425],[9.02861,52.43435],[9.02794,52.43453],[9.02773,52.43496],[9.02837,52.43508],[9.02878,52.4357],[9.02899,52.43581],[9.0294,52.43587],[9.02984,52.4363],[9.02986,52.43701],[9.02966,52.43713],[9.02924,52.43716],[9.029,52.43724],[9.02893,52.43767],[9.02921,52.43856],[9.02937,52.43863],[9.03007,52.4387],[9.03032,52.43895],[9.03068,52.43959],[9.03054,52.44009],[9.03055,52.44077],[9.03042,52.44105],[9.03022,52.44116],[9.02974,52.44121],[9.0296,52.44152],[9.0291,52.44175],[9.029,52.44186],[9.02938,52.4424],[9.02972,52.44268],[9.02977,52.44282],[9.02935,52.44306],[9.02901,52.4434],[9.02869,52.44341],[9.02839,52.44317],[9.02869,52.44348],[9.02871,52.44392],[9.02795,52.44522],[9.02765,52.44535],[9.02806,52.4453],[9.02833,52.44534],[9.02868,52.44574],[9.02859,52.44612],[9.02867,52.44613],[9.02873,52.44612],[9.02881,52.44612],[9.02888,52.44612],[9.02896,52.44612],[9.02903,52.44612],[9.02911,52.44612],[9.02918,52.44612],[9.0293,52.44613],[9.02917,52.44612],[9.02909,52.44612],[9.02902,52.44612],[9.02894,52.44612],[9.02887,52.44612],[9.02879,52.44612],[9.02872,52.44612],[9.02865,52.44613],[9.02854,52.44618],[9.02796,52.44657],[9.02772,52.44687],[9.02719,52.44728],[9.02672,52.44822],[9.02668,52.44826],[9.02651,52.4484],[9.02647,52.44843],[9.02641,52.44845],[9.02629,52.44846],[9.02622,52.44845],[9.02616,52.44843],[9.0261,52.44841],[9.02639,52.44843],[9.02665,52.44828],[9.0267,52.44824],[9.02674,52.44822],[9.02675,52.44821],[9.02619,52.44872],[9.02589,52.44927],[9.02512,52.44985],[9.02484,52.45018],[9.02474,52.45047],[9.02374,52.45131],[9.02363,52.45159],[9.024,52.45189],[9.0237,52.45176],[9.02346,52.45179],[9.02296,52.45216],[9.02278,52.45239],[9.02255,52.45305],[9.02231,52.45344],[9.02266,52.45372],[9.02315,52.45388],[9.02256,52.45467],[9.02245,52.45471],[9.02239,52.45472],[9.02232,52.45472],[9.02218,52.4547],[9.02212,52.45469],[9.02205,52.45467],[9.02199,52.45466],[9.02193,52.45465],[9.0219,52.45464],[9.02191,52.45465],[9.02196,52.45466],[9.02203,52.45467],[9.0221,52.45468],[9.02216,52.4547],[9.02223,52.45471],[9.0223,52.45472],[9.02237,52.45473],[9.02251,52.45474],[9.02276,52.45481],[9.02301,52.45481],[9.02275,52.45495],[9.02269,52.4553],[9.02263,52.45537],[9.02253,52.45544],[9.02249,52.45547],[9.02245,52.45551],[9.02243,52.45555],[9.02241,52.45559],[9.0224,52.45563],[9.02238,52.45567],[9.02235,52.45571],[9.02232,52.45574],[9.0223,52.45579],[9.02229,52.45583],[9.02228,52.45587],[9.02227,52.45591],[9.02224,52.456],[9.02222,52.45603],[9.02219,52.45607],[9.02217,52.45611],[9.02216,52.45616],[9.02214,52.4562],[9.02215,52.45624],[9.0222,52.45636],[9.02221,52.4564],[9.02221,52.45643],[9.02221,52.45644],[9.02221,52.45644],[9.02221,52.45641],[9.0222,52.45637],[9.02216,52.45625],[9.02214,52.45621],[9.02215,52.45617],[9.02217,52.45612],[9.02218,52.45608],[9.02221,52.45604],[9.02223,52.456],[9.02225,52.45596],[9.02226,52.45592],[9.02227,52.45588],[9.02228,52.45584],[9.0223,52.4558],[9.02231,52.45575],[9.02234,52.45572],[9.02237,52.45568],[9.02239,52.45564],[9.02241,52.4556],[9.02245,52.45552],[9.02248,52.45548],[9.02252,52.45544],[9.02257,52.45541],[9.02262,52.45538],[9.02267,52.45535],[9.02272,52.45531]]}},{"type":"Feature","properties":{"name":"Gehle","kind":"river","herkunft":"heute"},"geometry":{"type":"LineString","coordinates":[[9.02272,52.45531],[9.02221,52.4553],[9.0222,52.4554],[9.02225,52.45595],[9.02134,52.45694]]}},{"type":"Feature","properties":{"name":"Rothe","kind":"stream","herkunft":"kreiskarte"},"geometry":{"type":"LineString","coordinates":[[9.05979,52.35245],[9.05993,52.35217],[9.06041,52.35191],[9.06066,52.35161],[9.06068,52.35135],[9.06053,52.35085],[9.06067,52.3503],[9.06052,52.34989],[9.06089,52.34922],[9.06066,52.34864],[9.06085,52.34849],[9.06127,52.34849],[9.06114,52.34847],[9.06107,52.34847],[9.061,52.34847],[9.06092,52.34847],[9.06086,52.34846],[9.06074,52.34837],[9.06058,52.34787],[9.06058,52.34765],[9.06072,52.34737],[9.06068,52.34716],[9.06052,52.34709],[9.05978,52.34707],[9.0596,52.34702]]}},{"type":"Feature","properties":{"name":"Rothe","kind":"stream","herkunft":"kreiskarte"},"geometry":{"type":"LineString","coordinates":[[9.05979,52.35245],[9.05993,52.35217],[9.06041,52.35191],[9.06066,52.35161],[9.06068,52.35135],[9.06053,52.35085],[9.06067,52.3503],[9.06052,52.34989],[9.06089,52.34922],[9.06066,52.34864],[9.06085,52.34849],[9.06127,52.34849],[9.06114,52.34847],[9.06107,52.34847],[9.061,52.34847],[9.06092,52.34847],[9.06086,52.34846],[9.06074,52.34837],[9.06058,52.34787],[9.06058,52.34765],[9.06072,52.34737],[9.06068,52.34716],[9.06052,52.34709],[9.05978,52.34707],[9.0596,52.34702]]}},{"type":"Feature","properties":{"name":"Rothe","kind":"stream","herkunft":"heute"},"geometry":{"type":"LineString","coordinates":[[9.0596,52.34702],[9.06013,52.34695],[9.0601,52.34685],[9.0599,52.34595],[9.0602,52.3438],[9.06074,52.34209]]}},{"type":"Feature","properties":{"name":"Rothe","kind":"stream","herkunft":"kreiskarte"},"geometry":{"type":"LineString","coordinates":[[9.06074,52.34209],[9.05988,52.34199],[9.05962,52.34195],[9.05956,52.34184],[9.05981,52.34047],[9.0603,52.34036],[9.06048,52.34019],[9.06116,52.34024],[9.06191,52.34045],[9.0621,52.34043],[9.06197,52.34026],[9.06161,52.34013],[9.06123,52.33986],[9.06117,52.33893]]}},{"type":"Feature","properties":{"name":"Rothe","kind":"stream","herkunft":"heute"},"geometry":{"type":"LineString","coordinates":[[9.06117,52.33893],[9.06141,52.33889],[9.06135,52.33875],[9.06105,52.33865],[9.06035,52.3386],[9.0602,52.3384],[9.0607,52.3379],[9.0605,52.33705],[9.06015,52.3368],[9.0598,52.33675],[9.0595,52.33615],[9.05925,52.33605],[9.0592,52.3359],[9.05935,52.3357],[9.0596,52.3348],[9.0596,52.3344],[9.0603,52.33385],[9.0605,52.33355],[9.0603,52.3332],[9.0596,52.3323],[9.0594,52.33205],[9.05925,52.3319],[9.059,52.3318],[9.0587,52.331],[9.05885,52.33075],[9.05935,52.3304],[9.0588,52.32995],[9.05845,52.3284],[9.0579,52.3281],[9.05695,52.3273],[9.05655,52.3267],[9.05625,52.3262],[9.0558,52.32595],[9.05545,52.3252],[9.05545,52.32485],[9.0549,52.32375],[9.0548,52.3231],[9.05465,52.3224],[9.0546,52.32235],[9.0545,52.32225],[9.0543,52.32215],[9.054,52.32195],[9.0536,52.32145],[9.05205,52.32055]]}},{"type":"Feature","properties":{"name":"Riehe","kind":"stream","herkunft":"kreiskarte"},"geometry":{"type":"LineString","coordinates":[[9.0079,52.33497],[9.00775,52.33593],[9.00784,52.3369],[9.00796,52.33719],[9.00815,52.33733],[9.00815,52.33757],[9.00861,52.33845],[9.00883,52.33921],[9.00881,52.3397],[9.0085,52.34012],[9.00824,52.34082],[9.0083,52.34152],[9.00869,52.3421],[9.00932,52.34267],[9.01017,52.34368],[9.01115,52.34578],[9.01149,52.34624],[9.01247,52.34699],[9.013,52.34758],[9.01339,52.34812],[9.01381,52.34901],[9.01435,52.34977],[9.01486,52.35032],[9.01634,52.35163],[9.01921,52.35376],[9.02059,52.35464],[9.0208,52.35513],[9.02117,52.35525],[9.02161,52.3552],[9.02277,52.35559],[9.02356,52.35548],[9.02372,52.35555],[9.02381,52.35575],[9.02396,52.35584],[9.02447,52.3558],[9.0251,52.35597],[9.02533,52.35617],[9.02621,52.3567],[9.02624,52.35701],[9.02609,52.35729],[9.02652,52.35744],[9.0273,52.35741],[9.02781,52.35756],[9.02769,52.3582],[9.02806,52.35852],[9.02815,52.35881],[9.02842,52.35914],[9.02852,52.35916],[9.02894,52.35892],[9.02919,52.35887],[9.02935,52.35893],[9.02969,52.35925],[9.02977,52.35941],[9.02969,52.35966],[9.02912,52.35975],[9.0304,52.35959],[9.0308,52.35982],[9.03125,52.35992],[9.0316,52.36033],[9.0318,52.36087],[9.03142,52.36114],[9.03157,52.36144],[9.03164,52.36219],[9.03177,52.36233],[9.03226,52.36238],[9.03241,52.36249],[9.03241,52.3638],[9.03257,52.36533],[9.03236,52.366],[9.03215,52.3664],[9.03166,52.36695],[9.03073,52.36756],[9.03013,52.36762],[9.02975,52.36784],[9.0283,52.36844],[9.028,52.36864],[9.02792,52.3688],[9.028,52.36963],[9.02743,52.37011],[9.02791,52.37041],[9.02808,52.37069],[9.02846,52.37095],[9.02862,52.37136],[9.02898,52.37151],[9.02927,52.37189],[9.0297,52.37219],[9.02972,52.37236],[9.02951,52.37262],[9.02957,52.37278],[9.02988,52.37285],[9.03039,52.37279],[9.03098,52.37311],[9.03335,52.37496],[9.0335,52.37501],[9.03428,52.37501],[9.0345,52.37526],[9.03505,52.3755],[9.035,52.37656],[9.03508,52.37681],[9.03486,52.37711],[9.0352,52.37743],[9.03526,52.37769],[9.03545,52.37791],[9.03548,52.37849],[9.03587,52.37902],[9.03586,52.37918],[9.03546,52.37976],[9.03584,52.38029],[9.03562,52.38091],[9.03593,52.38107],[9.03548,52.3818],[9.03504,52.38201],[9.03499,52.38215],[9.03556,52.38252],[9.03566,52.3829],[9.03586,52.38317],[9.03654,52.38372],[9.03697,52.38396],[9.03715,52.38396],[9.0376,52.38374],[9.03827,52.38362],[9.03859,52.38326],[9.03906,52.38327],[9.03951,52.38314],[9.03968,52.38353],[9.03969,52.38398],[9.03989,52.38414],[9.04024,52.38416],[9.04059,52.38402],[9.0414,52.38448],[9.04158,52.38452],[9.04179,52.38442],[9.04198,52.38416],[9.04225,52.38413],[9.04257,52.38422],[9.0426,52.38422]]}},{"type":"Feature","properties":{"name":"ils","kind":"stream","herkunft":"heute"},"geometry":{"type":"LineString","coordinates":[[9.04912,52.3694],[9.05205,52.37015],[9.05229,52.37023]]}},{"type":"Feature","properties":{"name":"ils","kind":"stream","herkunft":"kreiskarte"},"geometry":{"type":"LineString","coordinates":[[9.05229,52.37023],[9.05217,52.37036],[9.0523,52.37078],[9.05244,52.37087],[9.05272,52.3709]]}},{"type":"Feature","properties":{"name":"ils","kind":"stream","herkunft":"heute"},"geometry":{"type":"LineString","coordinates":[[9.05272,52.3709],[9.05309,52.37064],[9.0534,52.3708]]}},{"type":"Feature","properties":{"name":"ils","kind":"stream","herkunft":"heute"},"geometry":{"type":"LineString","coordinates":[[9.04865,52.3698],[9.0487,52.3698]]}},{"type":"Feature","properties":{"name":"ils","kind":"stream","herkunft":"kreiskarte"},"geometry":{"type":"LineString","coordinates":[[9.0487,52.3698],[9.04871,52.37],[9.04913,52.37004],[9.05005,52.36996],[9.05139,52.37008],[9.05234,52.37044],[9.05321,52.37048],[9.05404,52.3707],[9.0547,52.37123],[9.05556,52.37129],[9.05612,52.37147],[9.0566,52.37153],[9.05725,52.37179],[9.05765,52.37232],[9.05802,52.37259],[9.0581,52.37275],[9.05815,52.37357],[9.05789,52.37377],[9.05734,52.37389],[9.05763,52.37415],[9.05765,52.37451],[9.05789,52.37466],[9.05844,52.37474],[9.05894,52.37504],[9.05903,52.37584],[9.05943,52.37624],[9.05981,52.37634],[9.05994,52.37643],[9.06017,52.37636],[9.06046,52.37635],[9.06074,52.37646],[9.061,52.37711],[9.06182,52.37744],[9.06215,52.37785],[9.06284,52.37828],[9.06292,52.37848],[9.06263,52.3787],[9.06302,52.37849],[9.06358,52.37849],[9.06399,52.37866],[9.06451,52.37907],[9.0646,52.37927],[9.06454,52.38078],[9.06487,52.38106],[9.06544,52.38122],[9.06583,52.38144],[9.06695,52.38177],[9.06772,52.38176],[9.06838,52.38189],[9.0688,52.38185],[9.06999,52.38186],[9.07102,52.38249],[9.07182,52.38315],[9.07274,52.38335],[9.07351,52.38337],[9.074,52.3835],[9.07472,52.38354],[9.07574,52.38392],[9.07631,52.38428],[9.07651,52.38454],[9.07714,52.38506],[9.07725,52.38548],[9.07712,52.38577],[9.07678,52.38613],[9.07668,52.38646],[9.07631,52.387],[9.07596,52.38736],[9.0757,52.38793],[9.07572,52.38828],[9.07631,52.38895],[9.0772,52.38968],[9.07753,52.38985],[9.07839,52.38991],[9.07925,52.3905],[9.07946,52.3909],[9.07955,52.39142],[9.07993,52.39178],[9.07996,52.39245],[9.08073,52.39291],[9.08089,52.39309],[9.08087,52.3933],[9.08056,52.39385],[9.08057,52.39402],[9.08089,52.39435],[9.08109,52.39476],[9.08197,52.39557],[9.08206,52.39628],[9.08221,52.39633],[9.0826,52.39627],[9.08287,52.3964],[9.08291,52.39671],[9.08276,52.39712],[9.08304,52.39741],[9.08305,52.39767],[9.08332,52.39755],[9.08357,52.39758],[9.08375,52.39789],[9.08366,52.39817],[9.08389,52.39809],[9.08408,52.39813],[9.08492,52.39865],[9.08595,52.3986],[9.08687,52.39917],[9.08703,52.39932],[9.08722,52.39986],[9.08804,52.40028],[9.08822,52.40059],[9.08869,52.40107],[9.08929,52.40129],[9.08981,52.40166],[9.08981,52.40181],[9.08946,52.40198],[9.08972,52.40211],[9.09011,52.40212],[9.09059,52.40229],[9.09114,52.40293],[9.09132,52.40342],[9.09181,52.40366],[9.09231,52.40417],[9.09275,52.40439],[9.09314,52.40488],[9.09346,52.40507],[9.094,52.40527],[9.09502,52.40597],[9.09549,52.40601],[9.09516,52.40603],[9.095,52.40615],[9.09498,52.40682],[9.0952,52.40717],[9.09481,52.40778],[9.09566,52.40773],[9.09606,52.40765],[9.09692,52.40809],[9.09717,52.40853],[9.09742,52.40867],[9.09859,52.40864],[9.0992,52.40873],[9.09956,52.40871],[9.09991,52.40853],[9.10035,52.40845],[9.10065,52.40821],[9.10075,52.40796],[9.10072,52.40763],[9.10106,52.40727],[9.10078,52.40693],[9.10083,52.40664]]}},{"type":"Feature","properties":{"name":"ils","kind":"stream","herkunft":"heute"},"geometry":{"type":"LineString","coordinates":[[9.10083,52.40664],[9.10101,52.4069],[9.1014,52.4068],[9.10585,52.40535],[9.10655,52.40515],[9.1069,52.4051],[9.1118,52.40485],[9.1123,52.40485],[9.1139,52.4051],[9.11455,52.4051],[9.11735,52.40475],[9.1178,52.40475],[9.11815,52.4048],[9.1185,52.4049],[9.11885,52.4051],[9.11915,52.4053],[9.11955,52.40545],[9.12,52.40555],[9.1228,52.4055],[9.12325,52.40555],[9.12405,52.4057],[9.1242,52.40575]]}},{"type":"Feature","properties":{"name":"Rollbach","kind":"stream","herkunft":"heute"},"geometry":{"type":"LineString","coordinates":[[9.07689,52.38485],[9.077,52.3848],[9.07713,52.38479]]}},{"type":"Feature","properties":{"name":"Rollbach","kind":"stream","herkunft":"kreiskarte"},"geometry":{"type":"LineString","coordinates":[[9.07713,52.38479],[9.07725,52.38523],[9.07717,52.38502],[9.07726,52.38487],[9.07822,52.38474],[9.07893,52.38479],[9.07972,52.38495],[9.08007,52.38494],[9.08035,52.38426],[9.0807,52.38411],[9.08129,52.3841],[9.08155,52.38416],[9.08262,52.3848],[9.08315,52.38502],[9.08408,52.3853],[9.08456,52.38537],[9.08646,52.38599],[9.08671,52.38594],[9.08706,52.3856],[9.0881,52.38552],[9.0892,52.38464],[9.08991,52.38513],[9.09122,52.38518],[9.09172,52.38558],[9.0916,52.38613]]}},{"type":"Feature","properties":{"name":"Rollbach","kind":"stream","herkunft":"heute"},"geometry":{"type":"LineString","coordinates":[[9.0916,52.38613],[9.09164,52.38578],[9.09515,52.38595],[9.09665,52.3857],[9.09785,52.3855],[9.1011,52.383]]}},{"type":"Feature","properties":{"name":"Ils","kind":"stream","herkunft":"heute"},"geometry":{"type":"LineString","coordinates":[[9.1242,52.40575],[9.12735,52.4067],[9.1288,52.4079],[9.1292,52.4087],[9.1294,52.4088],[9.1311,52.4103],[9.13265,52.41045],[9.13305,52.41045],[9.13335,52.41035],[9.1335,52.41015],[9.13355,52.40965],[9.13375,52.4095],[9.13525,52.4091],[9.1366,52.40875],[9.1368,52.4087],[9.13715,52.4083],[9.13725,52.40675],[9.13745,52.4061],[9.1392,52.4039],[9.13945,52.40375],[9.13965,52.40355],[9.14025,52.4025],[9.1404,52.4024],[9.1406,52.4024],[9.1413,52.40255]]}},{"type":"Feature","properties":{"name":"Gehle","kind":"river","herkunft":"kreiskarte"},"geometry":{"type":"LineString","coordinates":[[9.02109,52.45928],[9.02145,52.45922],[9.02114,52.45848],[9.02119,52.45818],[9.02127,52.45802],[9.02161,52.45779],[9.02208,52.45765],[9.02216,52.45744],[9.02204,52.45725],[9.0218,52.45715],[9.02145,52.45712],[9.02134,52.45694],[9.02156,52.45678],[9.022,52.45667],[9.02221,52.45645],[9.02222,52.4565]]}},{"type":"Feature","properties":{"name":"Gehle","kind":"river","herkunft":"heute"},"geometry":{"type":"LineString","coordinates":[[9.02222,52.4565],[9.02214,52.45649],[9.02215,52.45645],[9.02225,52.45595]]}},{"type":"Feature","properties":{"name":"Gehle","kind":"river","herkunft":"kreiskarte"},"geometry":{"type":"LineString","coordinates":[[9.02222,52.4565],[9.02221,52.45645],[9.022,52.45667],[9.02156,52.45678],[9.02134,52.45694],[9.02145,52.45712],[9.0218,52.45715],[9.02204,52.45725],[9.02216,52.45744],[9.02208,52.45765],[9.02161,52.45779],[9.02127,52.45802],[9.02119,52.45818],[9.02114,52.45848],[9.02145,52.45922]]}},{"type":"Feature","properties":{"name":"Gehle","kind":"river","herkunft":"heute"},"geometry":{"type":"LineString","coordinates":[[9.02145,52.45922],[9.02156,52.45928],[9.0211,52.4596],[9.02194,52.45709]]}},{"type":"Feature","properties":{"name":"Gehle","kind":"river","herkunft":"heute"},"geometry":{"type":"LineString","coordinates":[[9.02225,52.45595],[9.02212,52.45649]]}},{"type":"Feature","properties":{"name":"Gehle","kind":"river","herkunft":"kreiskarte"},"geometry":{"type":"LineString","coordinates":[[9.02212,52.45649],[9.02222,52.4565],[9.02221,52.45645],[9.022,52.45667],[9.02156,52.45678],[9.02134,52.45694],[9.02145,52.45712],[9.0218,52.45715],[9.02204,52.45725],[9.02216,52.45744],[9.02208,52.45765],[9.02161,52.45779],[9.02127,52.45802],[9.02119,52.45818],[9.02114,52.45848],[9.02145,52.45922],[9.02109,52.45928]]}},{"type":"Feature","properties":{"name":"Uchter Mühlenbach","kind":"river","herkunft":"heute"},"geometry":{"type":"LineString","coordinates":[[9.0757,52.50925],[9.07705,52.5092],[9.08225,52.50995]]}},{"type":"Feature","properties":{"name":"Uchter Mühlenbach","kind":"river","herkunft":"heute"},"geometry":{"type":"LineString","coordinates":[[9.07447,52.50911],[9.0757,52.50925],[9.08217,52.51017]]}},{"type":"Feature","properties":{"name":"Uchter Mühlenbach","kind":"river","herkunft":"heute"},"geometry":{"type":"LineString","coordinates":[[8.97055,52.5005],[8.9707,52.5005],[8.9731,52.50045],[8.9741,52.50045],[8.975,52.5004],[8.97525,52.5006],[8.98035,52.5002],[8.9818,52.5002],[8.98325,52.50025],[8.9837,52.50025],[8.98415,52.50035],[8.98435,52.5004],[8.98465,52.50075],[8.98475,52.5008],[8.98515,52.50255],[8.98485,52.50315],[8.98465,52.5036],[8.98465,52.50385],[8.985,52.5041],[8.98615,52.50465],[8.98635,52.50495],[8.98725,52.50625],[8.9882,52.50735],[8.98845,52.50755],[8.989,52.5078],[8.9893,52.50785],[8.9895,52.50785],[8.98965,52.5078],[8.99055,52.5076],[8.9916,52.5075],[8.9949,52.5073],[8.9963,52.50725],[8.99705,52.5072],[8.9975,52.5071],[8.99955,52.50685],[9.0003,52.5067],[9.0005,52.5066],[9.00055,52.5066],[9.0015,52.5065],[9.00275,52.5068],[9.00375,52.5069],[9.0051,52.50675],[9.0062,52.50675],[9.0075,52.50675],[9.0086,52.50685],[9.01055,52.507],[9.01195,52.50705],[9.0136,52.5069],[9.0149,52.50655],[9.0166,52.50605],[9.01725,52.5058],[9.0186,52.50515],[9.0202,52.50445],[9.02115,52.5041],[9.02235,52.50345],[9.02265,52.50325],[9.0241,52.5027],[9.0261,52.5017],[9.0267,52.5014],[9.0271,52.50125],[9.02735,52.50115],[9.02855,52.5008],[9.0299,52.50025],[9.0315,52.49935],[9.0317,52.49925],[9.0323,52.499],[9.03285,52.4989],[9.03365,52.4988],[9.0348,52.49875],[9.03755,52.4986],[9.0403,52.49885],[9.04225,52.49925],[9.0432,52.4995],[9.0446,52.4999],[9.04555,52.50035],[9.0477,52.50145],[9.0489,52.50235],[9.0491,52.50255],[9.0495,52.50315],[9.04985,52.5038],[9.05045,52.5043],[9.05165,52.50495],[9.05395,52.5069],[9.05465,52.5073],[9.0555,52.5076],[9.0571,52.50795],[9.0578,52.508],[9.05845,52.508],[9.05945,52.50805],[9.0607,52.50795],[9.0624,52.50775],[9.06285,52.5078],[9.063,52.50785],[9.06315,52.50795],[9.0633,52.5081],[9.0634,52.5083],[9.06355,52.5085],[9.0639,52.50895],[9.06405,52.5091],[9.0643,52.50925],[9.06955,52.51045],[9.0697,52.5105],[9.0703,52.51055],[9.0704,52.5105],[9.07075,52.51035],[9.0709,52.5103],[9.072,52.51025],[9.0722,52.5102],[9.0724,52.51015],[9.07295,52.51],[9.07345,52.5097]]}},{"type":"Feature","properties":{"name":"Uchter Mühlenbach","kind":"river","herkunft":"heute"},"geometry":{"type":"LineString","coordinates":[[9.08217,52.51017],[9.0757,52.50925],[9.07345,52.5097]]}},{"type":"Feature","properties":{"name":"Uchter Mühlenbach","kind":"river","herkunft":"heute"},"geometry":{"type":"LineString","coordinates":[[9.07447,52.50911],[9.0745,52.5091],[9.07465,52.5091],[9.0757,52.50925],[9.08217,52.51017]]}},{"type":"Feature","properties":{"name":"Weser","kind":"river","herkunft":"heute"},"geometry":{"type":"LineString","coordinates":[[9.05205,52.4698],[9.0532,52.4693],[9.0534,52.4692],[9.0595,52.46715]]}},{"type":"Feature","properties":{"name":"Mühlenbach","kind":"stream","herkunft":"kreiskarte"},"geometry":{"type":"LineString","coordinates":[[9.09518,52.46322],[9.09228,52.46327],[9.09218,52.46335],[9.09225,52.4636],[9.09217,52.46376],[9.09145,52.4639],[9.09021,52.46382],[9.09029,52.4636],[9.09008,52.46346],[9.08833,52.46328],[9.0878,52.46358],[9.08716,52.46363],[9.08672,52.46351],[9.08627,52.46349],[9.08611,52.46378],[9.0854,52.46408],[9.08434,52.46407],[9.08411,52.46398],[9.08378,52.4637],[9.08375,52.4632],[9.08334,52.46314],[9.08323,52.46276],[9.08296,52.46263],[9.08257,52.46255],[9.08219,52.46255],[9.08169,52.46278],[9.08044,52.46281],[9.07996,52.46264],[9.07902,52.46257],[9.0786,52.46237],[9.0772,52.46238],[9.07669,52.46214],[9.07638,52.46228],[9.07597,52.46234],[9.07565,52.46246],[9.07546,52.46205],[9.07523,52.46185],[9.07473,52.46169],[9.07379,52.46171],[9.07362,52.46166],[9.0734,52.4614],[9.07374,52.46104],[9.07345,52.46088],[9.07227,52.46089],[9.07214,52.46098],[9.07204,52.46122],[9.07178,52.46127],[9.07113,52.46126],[9.0705,52.4609],[9.06953,52.46078],[9.06923,52.46079],[9.06841,52.46099],[9.06834,52.46127],[9.06806,52.46107],[9.06764,52.46106],[9.06745,52.46122],[9.06744,52.46194],[9.06719,52.46207],[9.06683,52.46197],[9.06642,52.46199],[9.06628,52.46193],[9.06626,52.46184],[9.06625,52.4618],[9.06625,52.46175],[9.06625,52.46171],[9.06626,52.46166],[9.06627,52.46162],[9.0663,52.46158],[9.06633,52.46155],[9.06638,52.46151],[9.06642,52.46148],[9.06645,52.46144],[9.06646,52.4614],[9.06647,52.46136],[9.06647,52.46131],[9.06647,52.46127],[9.06645,52.46118],[9.06645,52.46121],[9.06646,52.46125],[9.06647,52.46129],[9.06647,52.46133],[9.06647,52.46138],[9.06646,52.46142],[9.06643,52.46146],[9.0664,52.4615],[9.06635,52.46153],[9.06631,52.46157],[9.06628,52.4616],[9.06626,52.46164],[9.06625,52.46169],[9.06624,52.46182],[9.06619,52.46189],[9.06576,52.46202],[9.06505,52.46208],[9.06444,52.462],[9.06392,52.46206],[9.06386,52.46179],[9.06331,52.46161],[9.06305,52.46146],[9.06303,52.46134],[9.06321,52.46119],[9.06302,52.46133],[9.06274,52.46162],[9.06292,52.46183],[9.06294,52.46201],[9.06273,52.46225],[9.06271,52.46284],[9.0626,52.46294],[9.06238,52.46306],[9.06218,52.46307],[9.06151,52.4627],[9.06106,52.46289],[9.06055,52.46295],[9.061,52.46295],[9.06114,52.46302],[9.06131,52.4633],[9.0614,52.46391],[9.06128,52.46405],[9.06088,52.46413],[9.06068,52.46423],[9.06072,52.46493],[9.06064,52.46522],[9.05973,52.46594],[9.05982,52.46604],[9.06017,52.46609],[9.05955,52.46609],[9.05914,52.46632],[9.0593,52.46663],[9.05962,52.46671]]}},{"type":"Feature","properties":{"name":"Mühlenbach","kind":"stream","herkunft":"heute"},"geometry":{"type":"LineString","coordinates":[[9.05962,52.46671],[9.05931,52.46665],[9.05925,52.46675],[9.05935,52.46685],[9.05935,52.4669],[9.05945,52.467],[9.0595,52.46715],[9.0596,52.46715],[9.0597,52.46725]]}},{"type":"Feature","properties":{"name":"Weser","kind":"river","herkunft":"heute"},"geometry":{"type":"LineString","coordinates":[[9.017,52.4556],[9.0177,52.45622],[9.01795,52.45645],[9.02134,52.45694]]}},{"type":"Feature","properties":{"name":"Weser","kind":"river","herkunft":"heute"},"geometry":{"type":"LineString","coordinates":[[8.9541,52.34835],[8.95475,52.34885],[8.9552,52.3492],[8.96051,52.35156]]}},{"type":"Feature","properties":{"name":"Weser","kind":"river","herkunft":"heute"},"geometry":{"type":"LineString","coordinates":[[8.86015,52.24259],[8.8635,52.24085],[8.8638,52.2411],[8.86495,52.2417]]}},{"type":"Feature","properties":{"name":"Weser","kind":"river","herkunft":"heute"},"geometry":{"type":"LineString","coordinates":[[9.0476,52.1967],[9.0523,52.19775],[9.0531,52.19795]]}},{"type":"Feature","properties":{"name":"Weser","kind":"river","herkunft":"heute"},"geometry":{"type":"LineString","coordinates":[[9.0523,52.19775],[9.05205,52.19765],[9.0476,52.1967]]}},{"type":"Feature","properties":{"name":"Weser","kind":"river","herkunft":"heute"},"geometry":{"type":"LineString","coordinates":[[8.83405,52.21613],[8.8405,52.2146],[8.84745,52.2139]]}},{"type":"Feature","properties":{"name":"Weser","kind":"river","herkunft":"heute"},"geometry":{"type":"LineString","coordinates":[[8.8405,52.2146],[8.8396,52.21475],[8.83405,52.21613]]}},{"type":"Feature","properties":{"name":"Weser","kind":"river","herkunft":"heute"},"geometry":{"type":"LineString","coordinates":[[8.9202,52.24505],[8.92055,52.24595],[8.9216,52.249],[8.9202,52.2531],[8.92065,52.25255]]}},{"type":"Feature","properties":{"name":"Weser","kind":"river","herkunft":"heute"},"geometry":{"type":"LineString","coordinates":[[8.87445,52.2417],[8.87485,52.2416],[8.87675,52.24085],[8.87625,52.24105],[8.87765,52.2405]]}},{"type":"Feature","properties":{"name":"Sarninghäuser Meerbach","kind":"river","herkunft":"heute"},"geometry":{"type":"LineString","coordinates":[[8.9795,52.56],[8.97965,52.5592],[8.97965,52.5588],[8.9796,52.5585],[8.9794,52.5581],[8.9791,52.5578],[8.97875,52.55755],[8.9776,52.55695],[8.9745,52.5557],[8.9728,52.55485],[8.9726,52.55465],[8.97245,52.55435],[8.9724,52.55405],[8.97235,52.5537],[8.9726,52.55335],[8.973,52.5531],[8.975,52.55255],[8.97525,52.5524],[8.97595,52.55165],[8.976,52.5514],[8.976,52.55115],[8.97585,52.5509],[8.9735,52.54825],[8.97335,52.54805],[8.97325,52.5478],[8.9732,52.5475],[8.97325,52.54705],[8.9733,52.5469],[8.97345,52.54665],[8.97345,52.54645],[8.97345,52.54635],[8.97335,52.54625],[8.97305,52.5461],[8.96765,52.54495],[8.96735,52.5448],[8.96715,52.54465],[8.967,52.5445],[8.9669,52.54425],[8.9669,52.54405],[8.96705,52.543],[8.96705,52.54275],[8.967,52.54255],[8.9669,52.54235],[8.9667,52.5421],[8.96645,52.5418],[8.96615,52.5416],[8.96585,52.54145],[8.96535,52.5413],[8.96325,52.54105],[8.96265,52.541],[8.96215,52.5408],[8.96165,52.5406],[8.96125,52.5403],[8.96095,52.53995],[8.95955,52.53585],[8.9584,52.53245],[8.95825,52.53195],[8.9582,52.53135],[8.9582,52.53095],[8.9583,52.5306],[8.95845,52.5302],[8.9606,52.5265],[8.9611,52.52545],[8.96175,52.5239],[8.96185,52.52245],[8.9616,52.522],[8.96015,52.5203],[8.9573,52.5178],[8.9547,52.51575],[8.95445,52.5155],[8.9542,52.5152],[8.9533,52.51325],[8.9502,52.5091],[8.94925,52.50785],[8.94895,52.50755],[8.9431,52.50335],[8.9428,52.503],[8.94265,52.5028],[8.94255,52.5025],[8.94255,52.50215],[8.94295,52.49975],[8.943,52.4993],[8.94295,52.4989],[8.9422,52.49675],[8.94145,52.49485]]}},{"type":"Feature","properties":{"name":"Uchter Mühlenbach","kind":"river","herkunft":"heute"},"geometry":{"type":"LineString","coordinates":[[8.96155,52.50035],[8.9574,52.5002],[8.95585,52.50015],[8.9539,52.49955],[8.95385,52.49945],[8.9537,52.4988],[8.95365,52.4987],[8.9535,52.4986],[8.953,52.49835],[8.94715,52.49545],[8.9437,52.4937],[8.94145,52.49485],[8.9408,52.4943],[8.9403,52.49405],[8.9397,52.4939],[8.9259,52.4919],[8.92425,52.49165],[8.9207,52.491],[8.91875,52.49065],[8.91555,52.4904],[8.9149,52.4904],[8.91415,52.49055],[8.91305,52.4909],[8.91205,52.49125],[8.9112,52.49165],[8.91035,52.49215],[8.90915,52.4929],[8.9089,52.49315],[8.90875,52.49345],[8.9086,52.4943],[8.9082,52.4948],[8.9072,52.49565],[8.90665,52.49595],[8.9065,52.4961],[8.9064,52.49625],[8.9063,52.49665],[8.9061,52.49705],[8.9057,52.4974],[8.9054,52.49765],[8.9036,52.4986],[8.9034,52.49875],[8.90235,52.5],[8.9021,52.50015],[8.9018,52.5003],[8.9015,52.50035],[8.90115,52.5004],[8.9,52.5003],[8.89955,52.5003],[8.89905,52.50035],[8.8987,52.5004],[8.8978,52.50075],[8.89745,52.50085],[8.8971,52.5009],[8.8907,52.5006],[8.8899,52.50065],[8.8882,52.50095],[8.88745,52.50105],[8.87625,52.5011],[8.87385,52.5011],[8.8734,52.5011],[8.87295,52.501],[8.87245,52.50085],[8.87205,52.5007],[8.8717,52.5005],[8.87135,52.50025],[8.869,52.49765],[8.86885,52.49745],[8.8682,52.4954],[8.86805,52.4951],[8.8679,52.49485],[8.8676,52.4946],[8.86725,52.4944],[8.8666,52.49415],[8.86005,52.4917],[8.8597,52.4915],[8.8578,52.49015],[8.85745,52.48985],[8.8573,52.4896],[8.85715,52.4892],[8.8572,52.48855],[8.84685,52.4853],[8.8392,52.48235],[8.83235,52.47975],[8.832,52.4796],[8.82675,52.4632],[8.8267,52.46295],[8.82715,52.4601],[8.8272,52.4599],[8.82725,52.45975],[8.8273,52.45965],[8.83125,52.4565],[8.83135,52.45635],[8.83145,52.4479],[8.8315,52.44775],[8.8336,52.44535]]}},{"type":"Feature","properties":{"name":"Lohebach","kind":"river","herkunft":"heute"},"geometry":{"type":"LineString","coordinates":[[8.8572,52.48855],[8.8577,52.48405],[8.85775,52.48365],[8.85805,52.48325],[8.85857,52.48282],[8.8673,52.47585],[8.86975,52.4734],[8.87015,52.4731],[8.87025,52.47305],[8.87055,52.4729],[8.8738,52.47245],[8.87615,52.4725],[8.8774,52.4723],[8.87775,52.47205],[8.8783,52.4716],[8.88145,52.469],[8.88315,52.46805],[8.88515,52.46635],[8.88535,52.46625],[8.88905,52.46505],[8.8932,52.4634],[8.89355,52.4632],[8.8938,52.46295],[8.89475,52.46165],[8.89475,52.46155],[8.89455,52.4603],[8.8943,52.45835],[8.8943,52.45815],[8.89445,52.45785],[8.89527,52.45616]]}},{"type":"Feature","properties":{"name":"Uchter Mühlenbach","kind":"river","herkunft":"heute"},"geometry":{"type":"LineString","coordinates":[[8.91105,52.4491],[8.90015,52.45105],[8.8998,52.45115],[8.89725,52.45255],[8.8969,52.45275],[8.8968,52.45295],[8.89565,52.4553],[8.89527,52.45616]]}},{"type":"Feature","properties":{"name":"Uchter Mühlenbach","kind":"river","herkunft":"heute"},"geometry":{"type":"LineString","coordinates":[[8.8336,52.44535],[8.8323,52.442],[8.8321,52.44065],[8.8336,52.44535]]}},{"type":"Feature","properties":{"name":"Steinhuder Meerbach","kind":"river","herkunft":"heute"},"geometry":{"type":"LineString","coordinates":[[9.25,52.4645],[9.2499,52.4645],[9.2498,52.46455],[9.2497,52.4647],[9.24965,52.46485],[9.2495,52.46505],[9.24925,52.4652],[9.24905,52.4653],[9.2484,52.4653],[9.24725,52.4654],[9.24655,52.4655],[9.24615,52.4657],[9.24585,52.46575],[9.2455,52.46575],[9.2453,52.4658],[9.2449,52.46605],[9.24445,52.46635],[9.24415,52.4665],[9.244,52.4665],[9.2434,52.46655],[9.2432,52.4666],[9.24305,52.46675],[9.24295,52.46705],[9.2428,52.4673],[9.24265,52.4674],[9.2425,52.4675],[9.24225,52.46755],[9.2415,52.46755],[9.24135,52.46755],[9.24095,52.46785],[9.24055,52.46825],[9.24025,52.4684],[9.24005,52.4685],[9.23975,52.46865],[9.23965,52.46875],[9.23945,52.469],[9.23925,52.46915],[9.239,52.4693],[9.2388,52.46935],[9.2386,52.46955],[9.2385,52.46985],[9.2385,52.47005],[9.2383,52.47025],[9.2382,52.4705],[9.2383,52.4709],[9.2381,52.4712],[9.23795,52.4713],[9.23745,52.47145],[9.237,52.4715],[9.2364,52.4715],[9.236,52.47155],[9.23525,52.47165],[9.2343,52.4718],[9.23375,52.47185],[9.23315,52.47195],[9.2329,52.47205],[9.2317,52.47285],[9.2315,52.473],[9.2314,52.473],[9.23035,52.47315],[9.23015,52.4732],[9.22965,52.47345],[9.2284,52.47395],[9.2278,52.47415],[9.22735,52.4743],[9.22705,52.47435],[9.22635,52.47445],[9.22345,52.47475],[9.2221,52.47495],[9.2205,52.47505],[9.21995,52.47525],[9.2196,52.4753],[9.21945,52.4753],[9.21905,52.4753],[9.2179,52.4751],[9.216,52.475],[9.2158,52.475],[9.2156,52.475],[9.2126,52.47575],[9.21135,52.47615],[9.21005,52.47645],[9.20905,52.4766],[9.20825,52.4765],[9.20665,52.47635],[9.20515,52.4764],[9.20365,52.47675],[9.20255,52.477],[9.20105,52.4772],[9.19995,52.47755],[9.19825,52.47785],[9.19695,52.4783],[9.1957,52.4782],[9.1925,52.4788],[9.1913,52.4787],[9.1895,52.4792],[9.1874,52.47995],[9.18515,52.48005],[9.18335,52.47965],[9.18285,52.47965],[9.1825,52.4797],[9.1791,52.48155],[9.1776,52.48255],[9.17585,52.484],[9.1741,52.48835],[9.175,52.4902],[9.1749,52.49155],[9.1757,52.49305],[9.1757,52.4932],[9.1753,52.4962],[9.17475,52.49735],[9.17425,52.49935],[9.1726,52.50185],[9.1726,52.502],[9.1729,52.5041],[9.17315,52.50455],[9.1734,52.50515],[9.1738,52.5072],[9.17355,52.5078],[9.174,52.50855],[9.1746,52.50995],[9.17465,52.51005],[9.17545,52.5111],[9.17545,52.51125],[9.1751,52.51235],[9.17515,52.5125],[9.1763,52.51495],[9.17695,52.5159],[9.17695,52.51615],[9.17635,52.51755],[9.17615,52.51865],[9.1757,52.52005],[9.175,52.522],[9.1747,52.523],[9.17405,52.524],[9.1743,52.5245],[9.17425,52.5247],[9.1732,52.52535],[9.17265,52.5265],[9.17145,52.5283],[9.1711,52.5288],[9.171,52.52905],[9.1712,52.53015],[9.17225,52.531],[9.17375,52.53255],[9.1737,52.53275],[9.1735,52.53455],[9.17385,52.5358],[9.1737,52.53625],[9.1734,52.5373],[9.17335,52.53745],[9.17365,52.5386],[9.1736,52.5387],[9.1722,52.54025],[9.17215,52.54035],[9.1724,52.54345],[9.17245,52.5436],[9.1725,52.54375],[9.17365,52.5453],[9.17365,52.5454],[9.1732,52.54775],[9.17335,52.54795],[9.17555,52.54945],[9.1757,52.54955],[9.17575,52.54965],[9.1771,52.55245],[9.17665,52.5539],[9.17835,52.55705],[9.17845,52.55725],[9.1786,52.5574],[9.17885,52.55755],[9.1793,52.5578],[9.17995,52.5583],[9.18185,52.5593],[9.182,52.55945],[9.18237,52.56]]}},{"type":"Feature","properties":{"name":"Emmer","kind":"river","herkunft":"heute"},"geometry":{"type":"LineString","coordinates":[[9.25,51.97924],[9.2499,51.97925],[9.24945,51.9793],[9.2489,51.97945],[9.2487,51.97935],[9.24805,51.9793],[9.2472,51.97935],[9.2468,51.97935],[9.24655,51.97925],[9.2463,51.9791],[9.24625,51.979],[9.2463,51.9789],[9.2464,51.9788],[9.2467,51.9786],[9.2468,51.97855],[9.24685,51.9784],[9.24665,51.9782],[9.24595,51.9779],[9.2458,51.97785],[9.24485,51.9778],[9.24475,51.9778],[9.2447,51.97775],[9.2447,51.9776],[9.24495,51.9774],[9.24495,51.97725],[9.24495,51.9769],[9.2449,51.9769],[9.2446,51.97685],[9.2443,51.9769],[9.2441,51.97685],[9.24375,51.9765],[9.24295,51.9762],[9.2429,51.9761],[9.2429,51.976],[9.24295,51.97595],[9.2436,51.97565],[9.24375,51.9755],[9.2438,51.97535],[9.24375,51.9752],[9.2436,51.9749],[9.2434,51.97485],[9.2428,51.9747],[9.2425,51.9746],[9.2426,51.9741],[9.2425,51.97395],[9.2422,51.97365],[9.2419,51.9735],[9.2413,51.9734],[9.2409,51.9732],[9.24045,51.97295],[9.23955,51.97275],[9.23925,51.9726],[9.239,51.97215],[9.2391,51.97125],[9.23865,51.97055],[9.23795,51.96995],[9.23775,51.9696],[9.23775,51.96935],[9.23815,51.96885],[9.23825,51.96865],[9.2383,51.96845],[9.2383,51.96825],[9.2381,51.968],[9.23755,51.96775],[9.237,51.9675],[9.23685,51.9674],[9.2367,51.96725],[9.2366,51.9671],[9.2367,51.9666],[9.23635,51.966],[9.2364,51.96565],[9.23725,51.96525],[9.2375,51.96505],[9.23765,51.96455],[9.2379,51.9644],[9.2387,51.96435],[9.23935,51.9642],[9.23995,51.96425],[9.24035,51.96425],[9.2406,51.9641],[9.2409,51.96225],[9.241,51.96205],[9.24115,51.9619],[9.2414,51.9617],[9.2416,51.9617],[9.2418,51.9617],[9.24195,51.96175],[9.24215,51.96195],[9.24245,51.96205],[9.24275,51.96215],[9.2431,51.9621],[9.24345,51.9619],[9.2436,51.9616],[9.244,51.96055],[9.2439,51.96035],[9.24375,51.96025],[9.24345,51.96005],[9.24335,51.95985],[9.24355,51.9586],[9.243,51.9571],[9.2425,51.9546],[9.2424,51.9542],[9.24175,51.95325],[9.24135,51.95255],[9.24135,51.95245],[9.24165,51.9518],[9.2417,51.95175],[9.24155,51.95105],[9.24215,51.9501],[9.24245,51.9494],[9.2425,51.94925],[9.24235,51.9489],[9.24175,51.94815],[9.2413,51.9476],[9.24105,51.94745],[9.2404,51.9473],[9.2399,51.9472],[9.2395,51.947],[9.23905,51.9464],[9.2382,51.94585],[9.2372,51.94505],[9.23695,51.9447],[9.2364,51.9437],[9.23655,51.9432],[9.237,51.94225],[9.2372,51.9417],[9.2372,51.94115],[9.2371,51.9409],[9.2369,51.94075],[9.23655,51.9405],[9.23615,51.9404],[9.23485,51.94035],[9.23455,51.9402],[9.23415,51.93985],[9.23355,51.93965],[9.2333,51.9395],[9.2333,51.93925],[9.23435,51.9386],[9.23445,51.9384],[9.2344,51.93815],[9.2343,51.93805],[9.23385,51.93785],[9.23295,51.938],[9.2327,51.938],[9.23235,51.93795],[9.2322,51.9378],[9.23155,51.9376],[9.23135,51.93755],[9.23035,51.93745],[9.2299,51.93735],[9.22965,51.9372],[9.22945,51.93695],[9.2293,51.93685],[9.2292,51.9366],[9.229,51.9364],[9.2283,51.9358],[9.22785,51.93545],[9.22695,51.9351],[9.22645,51.935],[9.22535,51.93455],[9.2242,51.93475],[9.2238,51.93465],[9.22305,51.93415],[9.22235,51.9338],[9.22125,51.9334],[9.2199,51.93325],[9.2189,51.9333],[9.21825,51.93335],[9.2177,51.9333],[9.21655,51.93335],[9.2159,51.93345],[9.2153,51.9335],[9.2135,51.9338],[9.2133,51.9339],[9.21345,51.9341],[9.21395,51.9343],[9.21425,51.9345],[9.21435,51.93475],[9.2143,51.93505],[9.21425,51.9353],[9.21415,51.93575],[9.21405,51.9359],[9.21385,51.93605],[9.21355,51.9361],[9.21285,51.93615],[9.2119,51.93595],[9.2109,51.9361],[9.2103,51.9361],[9.2091,51.93595],[9.2087,51.9358],[9.2083,51.93545],[9.20805,51.9353],[9.20775,51.93515],[9.2075,51.935],[9.20725,51.9347],[9.2071,51.93405],[9.20735,51.9334],[9.20735,51.93315],[9.2072,51.9328],[9.20705,51.9327],[9.20685,51.93255],[9.20655,51.93245],[9.20585,51.93215],[9.2053,51.9319],[9.20525,51.9315],[9.205,51.9312],[9.20425,51.931],[9.20345,51.93075],[9.2033,51.93065],[9.20285,51.93075],[9.20255,51.93075],[9.20215,51.93055],[9.2021,51.93035],[9.2021,51.93]]}},{"type":"Feature","properties":{"name":"Emmer","kind":"river","herkunft":"heute"},"geometry":{"type":"LineString","coordinates":[[9.2008,51.93],[9.20045,51.93015],[9.20035,51.93035],[9.2005,51.9307],[9.2005,51.93085],[9.2004,51.93105],[9.2002,51.93125],[9.1999,51.93135],[9.1996,51.93135],[9.19895,51.9314],[9.1984,51.93135],[9.1979,51.93115],[9.19755,51.9309],[9.19735,51.9308],[9.1971,51.93085],[9.19685,51.931],[9.19645,51.93145],[9.1962,51.9319],[9.196,51.9321],[9.1958,51.9322],[9.19515,51.93235],[9.195,51.93245],[9.1949,51.9326],[9.19495,51.9327],[9.1954,51.93305],[9.1957,51.93335],[9.1963,51.93365],[9.1963,51.93375],[9.19635,51.93385],[9.1963,51.93395],[9.1962,51.93405],[9.19575,51.9343],[9.1953,51.9345],[9.19485,51.9347],[9.1944,51.9348],[9.194,51.9349],[9.1933,51.93495],[9.193,51.93495],[9.1924,51.93495],[9.19205,51.9361],[9.19175,51.9361],[9.1909,51.936],[9.19075,51.936],[9.19,51.9361],[9.1899,51.9361],[9.1898,51.9361],[9.1892,51.9358],[9.1889,51.93575],[9.1882,51.9357],[9.18795,51.93565],[9.1867,51.9351],[9.18565,51.93485],[9.18545,51.9348],[9.1847,51.9344],[9.18305,51.93405],[9.18165,51.9334],[9.18145,51.9333],[9.18095,51.93325],[9.18025,51.93315],[9.18005,51.9331],[9.17975,51.933],[9.1788,51.9325],[9.1784,51.93235],[9.17675,51.932],[9.1766,51.93195],[9.1753,51.9313],[9.17425,51.93095],[9.1741,51.93085],[9.1735,51.9303],[9.17285,51.93]]}}]}