{"type":"FeatureCollection","slices":[{"id":"boden","year":0,"label":"Moorböden (BK50 NRW, GUM50 Niedersachsen)"},{"id":"ura","year":1840,"label":"Überschwemmungsgebiete nach der preußischen Aufnahme"}],"features":[{"type":"Feature","properties":{"slice":"boden","kind":"hochmoor"},"geometry":{"type":"Polygon","coordinates":[[[8.95851,52.56106],[8.95676,52.56106],[8.95689,52.56057],[8.9577,52.56008],[8.95891,52.56024],[8.95905,52.56057],[8.95851,52.56106]]]}},{"type":"Feature","properties":{"slice":"boden","kind":"hochmoor"},"geometry":{"type":"Polygon","coordinates":[[[8.28599,52.5613],[8.28585,52.56048],[8.28612,52.55983],[8.28652,52.5595],[8.28774,52.55958],[8.28801,52.55975],[8.28814,52.56098],[8.28909,52.5613],[8.28599,52.5613]]]}},{"type":"Feature","properties":{"slice":"boden","kind":"hochmoor"},"geometry":{"type":"Polygon","coordinates":[[[8.5986,52.5613],[8.59833,52.56114],[8.59806,52.56024],[8.59644,52.55967],[8.59644,52.55934],[8.59779,52.55876],[8.59941,52.55893],[8.60035,52.55958],[8.60237,52.56016],[8.60332,52.56073],[8.60332,52.5613],[8.5986,52.5613]]]}},{"type":"Feature","properties":{"slice":"boden","kind":"hochmoor"},"geometry":{"type":"Polygon","coordinates":[[[8.76393,52.5613],[8.76434,52.55876],[8.76596,52.55778],[8.76663,52.5577],[8.7673,52.55737],[8.76825,52.55737],[8.76919,52.5577],[8.77148,52.5577],[8.77458,52.55868],[8.77741,52.55917],[8.77835,52.5595],[8.77983,52.56065],[8.77943,52.5613],[8.76393,52.5613]]]}},{"type":"Feature","properties":{"slice":"boden","kind":"hochmoor"},"geometry":{"type":"Polygon","coordinates":[[[8.78846,52.55926],[8.78832,52.55893],[8.78859,52.55885],[8.78859,52.55836],[8.78792,52.55778],[8.78778,52.55713],[8.78671,52.5568],[8.78698,52.55631],[8.78752,52.55647],[8.79048,52.55876],[8.78994,52.55926],[8.78846,52.55926]]]}},{"type":"Feature","properties":{"slice":"boden","kind":"hochmoor"},"geometry":{"type":"Polygon","coordinates":[[[8.73725,52.5613],[8.73779,52.56081],[8.7386,52.56081],[8.73955,52.56008],[8.74049,52.56016],[8.74076,52.55999],[8.74062,52.55967],[8.7413,52.55942],[8.74103,52.55917],[8.7413,52.55893],[8.74103,52.55819],[8.7413,52.55803],[8.74197,52.55803],[8.74305,52.55909],[8.74372,52.55909],[8.7452,52.55827],[8.74628,52.55672],[8.74817,52.5559],[8.74844,52.5541],[8.74925,52.55377],[8.74965,52.55385],[8.74925,52.55459],[8.74979,52.55475],[8.75194,52.55377],[8.7541,52.55352],[8.75383,52.55459],[8.75423,52.55516],[8.75652,52.55631],[8.75989,52.55655],[8.76016,52.55672],[8.76016,52.55803],[8.7611,52.5586],[8.76097,52.55909],[8.7603,52.55934],[8.75949,52.56016],[8.75922,52.5613],[8.73725,52.5613]]]}},{"type":"Feature","properties":{"slice":"boden","kind":"hochmoor"},"geometry":{"type":"Polygon","coordinates":[[[8.68201,52.55344],[8.68174,52.55328],[8.68174,52.5527],[8.68201,52.55254],[8.68322,52.55213],[8.68363,52.5518],[8.68497,52.55172],[8.68605,52.55139],[8.68888,52.55139],[8.68969,52.55172],[8.69009,52.55221],[8.68982,52.5527],[8.68848,52.55254],[8.68767,52.55221],[8.68605,52.55221],[8.68457,52.55262],[8.68322,52.55336],[8.68201,52.55344]]]}},{"type":"Feature","properties":{"slice":"boden","kind":"hochmoor"},"geometry":{"type":"Polygon","coordinates":[[[9.15295,52.5613],[9.15174,52.56073],[9.15066,52.56073],[9.14972,52.56016],[9.14945,52.55983],[9.14945,52.55901],[9.14904,52.55852],[9.14904,52.55762],[9.14837,52.55721],[9.14662,52.55688],[9.14689,52.55639],[9.14796,52.55647],[9.14837,52.55623],[9.14837,52.55565],[9.14796,52.55508],[9.14743,52.55475],[9.14621,52.55442],[9.14635,52.5541],[9.14743,52.55393],[9.14823,52.55401],[9.14958,52.55516],[9.15106,52.55582],[9.15187,52.55598],[9.15282,52.5568],[9.15322,52.55663],[9.15322,52.55639],[9.1512,52.55418],[9.14931,52.55295],[9.14945,52.55115],[9.15079,52.55041],[9.15295,52.55041],[9.1547,52.55147],[9.15672,52.5518],[9.15753,52.55229],[9.15955,52.55287],[9.16036,52.55344],[9.16036,52.55434],[9.16009,52.55459],[9.15915,52.55467],[9.1578,52.55393],[9.15713,52.5541],[9.15713,52.55442],[9.1578,52.55475],[9.15834,52.55475],[9.15915,52.55549],[9.16009,52.55573],[9.16023,52.55639],[9.16063,52.55672],[9.16103,52.5568],[9.16211,52.55639],[9.16238,52.55704],[9.16346,52.55762],[9.1636,52.55811],[9.164,52.55836],[9.16629,52.55836],[9.16804,52.55926],[9.16804,52.56114],[9.16723,52.5613],[9.15295,52.5613]]]}},{"type":"Feature","properties":{"slice":"boden","kind":"hochmoor"},"geometry":{"type":"Polygon","coordinates":[[[8.63525,52.54918],[8.63498,52.54893],[8.63512,52.54811],[8.63539,52.54787],[8.63606,52.54787],[8.6366,52.5482],[8.63646,52.54885],[8.63525,52.54918]]]}},{"type":"Feature","properties":{"slice":"boden","kind":"hochmoor"},"geometry":{"type":"Polygon","coordinates":[[[8.65479,52.54557],[8.65412,52.54516],[8.65412,52.54492],[8.65519,52.54467],[8.65614,52.5441],[8.65735,52.54246],[8.65802,52.5423],[8.65816,52.54279],[8.6587,52.54295],[8.65883,52.54328],[8.65802,52.54369],[8.65748,52.54443],[8.65641,52.54467],[8.65519,52.54557],[8.65479,52.54557]]]}},{"type":"Feature","properties":{"slice":"boden","kind":"hochmoor"},"geometry":{"type":"Polygon","coordinates":[[[8.49902,52.5613],[8.49902,52.55573],[8.49983,52.55557],[8.50064,52.55508],[8.50684,52.55532],[8.50872,52.555],[8.51021,52.5541],[8.51398,52.55426],[8.51586,52.55393],[8.51667,52.55369],[8.51816,52.55278],[8.51802,52.55147],[8.51896,52.55074],[8.52018,52.55057],[8.52072,52.55024],[8.52287,52.54992],[8.52516,52.54844],[8.5257,52.54787],[8.52557,52.54623],[8.52624,52.54549],[8.52624,52.54492],[8.52597,52.54475],[8.5253,52.54475],[8.52368,52.54262],[8.52355,52.54172],[8.52381,52.54074],[8.52489,52.54025],[8.52745,52.54041],[8.52853,52.54],[8.5292,52.54],[8.53015,52.54041],[8.53001,52.54131],[8.53109,52.54189],[8.53109,52.54213],[8.53055,52.54246],[8.52947,52.54262],[8.52907,52.54295],[8.5292,52.54328],[8.53338,52.54533],[8.53365,52.54574],[8.53352,52.54787],[8.53459,52.54918],[8.53406,52.54983],[8.53406,52.55024],[8.53473,52.55082],[8.53608,52.55106],[8.53675,52.55139],[8.53702,52.55287],[8.53769,52.55336],[8.5385,52.55336],[8.53904,52.55303],[8.5381,52.55246],[8.53783,52.55205],[8.53783,52.55156],[8.53837,52.55139],[8.53864,52.55106],[8.53998,52.55123],[8.54093,52.55115],[8.54133,52.55082],[8.5416,52.54975],[8.54214,52.54975],[8.54268,52.54942],[8.54281,52.54877],[8.54443,52.5491],[8.54551,52.5491],[8.54605,52.54877],[8.54605,52.54836],[8.54672,52.54828],[8.54713,52.54877],[8.54713,52.54959],[8.54659,52.55033],[8.54753,52.55082],[8.5478,52.55123],[8.54726,52.55229],[8.54793,52.55287],[8.54847,52.55295],[8.54901,52.55254],[8.54901,52.55221],[8.54955,52.55221],[8.55171,52.55287],[8.55252,52.55385],[8.55373,52.55377],[8.55386,52.55393],[8.55467,52.55393],[8.55535,52.55344],[8.55615,52.5536],[8.55831,52.5536],[8.55831,52.55393],[8.55791,52.55426],[8.55831,52.55467],[8.55804,52.55524],[8.55818,52.55704],[8.5575,52.55737],[8.55669,52.55737],[8.55319,52.55663],[8.55184,52.55663],[8.55076,52.55688],[8.55009,52.55729],[8.55009,52.55754],[8.55049,52.55778],[8.55184,52.55778],[8.55265,52.55811],[8.55319,52.55885],[8.55319,52.55958],[8.55171,52.5604],[8.55144,52.56081],[8.5509,52.56081],[8.55076,52.56057],[8.55009,52.56032],[8.54834,52.5613],[8.49902,52.5613]],[[8.54147,52.55541],[8.54174,52.55541],[8.54214,52.55483],[8.54335,52.55426],[8.54295,52.55328],[8.5416,52.55237],[8.54079,52.55278],[8.54012,52.55278],[8.53985,52.55295],[8.54012,52.55319],[8.5416,52.55336],[8.54201,52.55369],[8.54201,52.55426],[8.5416,52.55442],[8.5412,52.55508],[8.54147,52.55541]],[[8.52894,52.54795],[8.52947,52.54779],[8.53015,52.54713],[8.52974,52.5468],[8.52988,52.54598],[8.52947,52.54574],[8.52853,52.54557],[8.52826,52.54574],[8.52853,52.54639],[8.52786,52.54697],[8.52867,52.54729],[8.52853,52.5477],[8.52894,52.54795]]]}},{"type":"Feature","properties":{"slice":"boden","kind":"hochmoor"},"geometry":{"type":"Polygon","coordinates":[[[8.64158,52.545],[8.64024,52.54475],[8.63862,52.54377],[8.63768,52.54353],[8.63619,52.54254],[8.63619,52.54164],[8.63579,52.54066],[8.63754,52.53943],[8.63808,52.53951],[8.63835,52.54033],[8.63929,52.54074],[8.63983,52.54148],[8.63997,52.54221],[8.64199,52.54402],[8.64199,52.54475],[8.64158,52.545]]]}},{"type":"Feature","properties":{"slice":"boden","kind":"hochmoor"},"geometry":{"type":"Polygon","coordinates":[[[9.00136,52.53984],[8.99839,52.53779],[8.99799,52.53713],[8.99893,52.53746],[9.00122,52.53943],[9.00284,52.53951],[9.0023,52.53984],[9.00136,52.53984]]]}},{"type":"Feature","properties":{"slice":"boden","kind":"hochmoor"},"geometry":{"type":"Polygon","coordinates":[[[8.73281,52.53492],[8.73213,52.53451],[8.73213,52.53377],[8.73173,52.53328],[8.73173,52.53295],[8.7324,52.53238],[8.73442,52.53123],[8.73496,52.53123],[8.73523,52.53148],[8.73685,52.5314],[8.73779,52.5318],[8.7382,52.53262],[8.73739,52.53303],[8.73618,52.53295],[8.73564,52.53353],[8.73442,52.5341],[8.73348,52.53492],[8.73281,52.53492]]]}},{"type":"Feature","properties":{"slice":"boden","kind":"hochmoor"},"geometry":{"type":"Polygon","coordinates":[[[8.58822,52.53099],[8.58674,52.53049],[8.58674,52.52984],[8.58728,52.52943],[8.58795,52.52935],[8.58957,52.52869],[8.59051,52.5282],[8.59051,52.52803],[8.59159,52.52762],[8.59308,52.52771],[8.59429,52.5282],[8.59456,52.52877],[8.59388,52.52926],[8.59375,52.53],[8.59348,52.53017],[8.59173,52.53025],[8.58957,52.53099],[8.58822,52.53099]]]}},{"type":"Feature","properties":{"slice":"boden","kind":"hochmoor"},"geometry":{"type":"Polygon","coordinates":[[[8.6626,52.54779],[8.66085,52.54729],[8.66018,52.54688],[8.65951,52.54623],[8.65951,52.54541],[8.65991,52.54492],[8.66018,52.54369],[8.66153,52.54254],[8.66193,52.54148],[8.66449,52.54074],[8.66503,52.54041],[8.66476,52.54008],[8.66341,52.54017],[8.66341,52.53984],[8.66463,52.53935],[8.66463,52.53877],[8.66422,52.53853],[8.6626,52.53836],[8.66234,52.5382],[8.6626,52.53771],[8.66382,52.53771],[8.66436,52.53738],[8.66436,52.53623],[8.66409,52.5359],[8.66476,52.53525],[8.66476,52.53476],[8.66368,52.53402],[8.66166,52.53328],[8.65951,52.53328],[8.6591,52.53312],[8.65735,52.5332],[8.65681,52.53246],[8.656,52.5323],[8.65479,52.53164],[8.65317,52.53156],[8.65317,52.5314],[8.65479,52.53041],[8.65654,52.52992],[8.65641,52.52935],[8.65695,52.52902],[8.65964,52.52902],[8.66018,52.52869],[8.66072,52.52779],[8.66314,52.52639],[8.66665,52.52639],[8.66759,52.52697],[8.66867,52.52705],[8.66934,52.52672],[8.67042,52.52557],[8.67271,52.52549],[8.67338,52.52574],[8.67338,52.52615],[8.6715,52.52746],[8.67136,52.52967],[8.67055,52.53041],[8.67029,52.53107],[8.67029,52.53205],[8.67123,52.53312],[8.67136,52.53377],[8.67055,52.53443],[8.67015,52.53615],[8.66934,52.53689],[8.66678,52.53738],[8.66597,52.53812],[8.66597,52.53885],[8.66624,52.53902],[8.66826,52.53926],[8.67109,52.54041],[8.67055,52.54246],[8.66934,52.54426],[8.66867,52.54459],[8.66786,52.54549],[8.66638,52.54639],[8.66597,52.54688],[8.66436,52.54762],[8.6626,52.54779]],[[8.6587,52.53271],[8.65924,52.53271],[8.65964,52.53246],[8.65977,52.53189],[8.66193,52.53082],[8.66166,52.53041],[8.66072,52.53058],[8.66004,52.5309],[8.65964,52.53148],[8.65843,52.5323],[8.6587,52.53271]]]}},{"type":"Feature","properties":{"slice":"boden","kind":"hochmoor"},"geometry":{"type":"Polygon","coordinates":[[[8.62986,52.5613],[8.6304,52.56098],[8.63309,52.56089],[8.63404,52.56032],[8.6339,52.55975],[8.63309,52.55901],[8.63256,52.55729],[8.63269,52.5559],[8.63188,52.55295],[8.63188,52.55237],[8.63256,52.55131],[8.6335,52.55074],[8.63633,52.55082],[8.63768,52.55123],[8.63997,52.55131],[8.64239,52.55106],[8.64387,52.55033],[8.64482,52.54959],[8.64549,52.54861],[8.64509,52.54631],[8.64441,52.54533],[8.64455,52.54475],[8.64509,52.54467],[8.6463,52.54525],[8.64724,52.54533],[8.64846,52.54475],[8.649,52.54418],[8.6498,52.54393],[8.64994,52.5432],[8.64926,52.54254],[8.64926,52.5418],[8.6498,52.54115],[8.65102,52.54049],[8.65115,52.54017],[8.65236,52.53926],[8.65277,52.53795],[8.65304,52.53779],[8.65277,52.5373],[8.65182,52.53771],[8.65075,52.53705],[8.6494,52.53656],[8.6494,52.53574],[8.649,52.53533],[8.6494,52.535],[8.65021,52.53492],[8.65048,52.53443],[8.649,52.53369],[8.64805,52.53369],[8.64724,52.53344],[8.6467,52.53344],[8.64563,52.53385],[8.64522,52.53385],[8.64482,52.53361],[8.64401,52.53369],[8.64347,52.53402],[8.6432,52.53451],[8.64105,52.53574],[8.63997,52.53558],[8.63781,52.53566],[8.637,52.53615],[8.63687,52.53648],[8.63619,52.53664],[8.63579,52.53689],[8.63579,52.53713],[8.63539,52.53721],[8.63471,52.53656],[8.63377,52.53361],[8.63134,52.53197],[8.63148,52.5314],[8.63215,52.53123],[8.63309,52.53058],[8.63336,52.52877],[8.63417,52.52779],[8.63404,52.52738],[8.63309,52.52689],[8.63296,52.52639],[8.63269,52.52623],[8.63202,52.52623],[8.63215,52.52582],[8.63148,52.52549],[8.63148,52.52516],[8.63188,52.525],[8.63309,52.52541],[8.63336,52.52598],[8.63377,52.52615],[8.63377,52.52656],[8.63444,52.52705],[8.63539,52.52721],[8.63619,52.52771],[8.637,52.52762],[8.63741,52.52779],[8.63781,52.52836],[8.63956,52.52869],[8.64145,52.52877],[8.64239,52.52861],[8.64482,52.52951],[8.64684,52.52984],[8.65007,52.53107],[8.65021,52.53123],[8.649,52.53123],[8.64859,52.53148],[8.64859,52.5318],[8.649,52.53205],[8.65142,52.53205],[8.65196,52.5323],[8.65236,52.53295],[8.65236,52.53369],[8.65209,52.53394],[8.65236,52.53467],[8.65304,52.53484],[8.65519,52.53426],[8.65627,52.53426],[8.65654,52.53476],[8.65775,52.53517],[8.65775,52.5368],[8.65802,52.5373],[8.6591,52.53779],[8.66072,52.53762],[8.66112,52.53787],[8.66099,52.53844],[8.66031,52.53844],[8.65964,52.5382],[8.65856,52.53828],[8.65829,52.53844],[8.65843,52.53976],[8.65748,52.54074],[8.65668,52.54107],[8.65492,52.54115],[8.65398,52.54156],[8.65304,52.54221],[8.65263,52.54303],[8.65115,52.54385],[8.65061,52.54459],[8.64953,52.54525],[8.64953,52.54607],[8.65088,52.54672],[8.65209,52.54779],[8.65209,52.54811],[8.65129,52.54893],[8.65129,52.55123],[8.64994,52.55287],[8.64926,52.55336],[8.64913,52.5541],[8.6494,52.55442],[8.649,52.55459],[8.649,52.55491],[8.64873,52.555],[8.64805,52.55442],[8.64738,52.55442],[8.64724,52.55459],[8.64603,52.55442],[8.64495,52.55573],[8.64226,52.55704],[8.64253,52.55737],[8.64374,52.55737],[8.64657,52.55688],[8.64697,52.55647],[8.64738,52.55647],[8.64819,52.55598],[8.64926,52.55795],[8.65061,52.55852],[8.65358,52.55836],[8.65479,52.55795],[8.6556,52.55795],[8.65695,52.55762],[8.65748,52.55704],[8.65735,52.55549],[8.65762,52.55328],[8.65856,52.55278],[8.66166,52.55287],[8.66193,52.5527],[8.66207,52.55164],[8.66247,52.55131],[8.66247,52.55082],[8.66193,52.55049],[8.66193,52.55024],[8.66287,52.54869],[8.66355,52.54828],[8.66503,52.5482],[8.66719,52.54721],[8.66799,52.54713],[8.67015,52.54648],[8.6719,52.54648],[8.67204,52.54664],[8.67406,52.54713],[8.67594,52.54705],[8.67662,52.54738],[8.67689,52.54787],[8.67756,52.54828],[8.67931,52.5482],[8.68012,52.54852],[8.68107,52.54852],[8.68389,52.54713],[8.68578,52.54664],[8.68619,52.54615],[8.68686,52.54582],[8.6874,52.54582],[8.68928,52.54443],[8.69009,52.54459],[8.68996,52.54525],[8.68955,52.54566],[8.6874,52.5468],[8.68686,52.54803],[8.68511,52.54861],[8.6843,52.5491],[8.68282,52.55049],[8.68133,52.55123],[8.68026,52.55262],[8.67931,52.55336],[8.67675,52.55385],[8.67554,52.55385],[8.67392,52.55328],[8.67271,52.55328],[8.67177,52.5536],[8.67123,52.55401],[8.67136,52.55475],[8.6719,52.55508],[8.67352,52.55508],[8.67473,52.55475],[8.67702,52.555],[8.67837,52.55565],[8.67864,52.55623],[8.67945,52.55663],[8.68012,52.55663],[8.6816,52.55614],[8.68268,52.55623],[8.68309,52.55655],[8.68309,52.55721],[8.68268,52.55803],[8.68322,52.55852],[8.68457,52.55893],[8.68565,52.55893],[8.68592,52.55876],[8.68551,52.55713],[8.68686,52.55598],[8.68928,52.55549],[8.69077,52.55549],[8.69117,52.55565],[8.69225,52.55565],[8.69252,52.55549],[8.69252,52.55524],[8.69198,52.55491],[8.69198,52.55459],[8.69225,52.55434],[8.6936,52.5541],[8.69427,52.55369],[8.69427,52.5527],[8.69494,52.55205],[8.69494,52.55156],[8.694,52.55],[8.69454,52.54967],[8.69535,52.54967],[8.69602,52.54983],[8.69656,52.55024],[8.69723,52.55221],[8.69737,52.55393],[8.69616,52.55475],[8.69602,52.55582],[8.69292,52.55795],[8.69171,52.55926],[8.6909,52.55975],[8.68942,52.56016],[8.68713,52.56032],[8.68214,52.5613],[8.63902,52.5613],[8.63889,52.56032],[8.63848,52.56008],[8.63741,52.56008],[8.63633,52.56057],[8.63633,52.5613],[8.62986,52.5613]]]}},{"type":"Feature","properties":{"slice":"boden","kind":"hochmoor"},"geometry":{"type":"Polygon","coordinates":[[[8.62771,52.55721],[8.62703,52.55704],[8.62717,52.55631],[8.6269,52.55532],[8.62555,52.55467],[8.62434,52.55319],[8.62434,52.55262],[8.62501,52.55196],[8.62528,52.55115],[8.62514,52.54934],[8.62434,52.54877],[8.62218,52.54811],[8.62137,52.5468],[8.62178,52.54574],[8.62272,52.54516],[8.62312,52.54459],[8.62299,52.54377],[8.62191,52.54254],[8.62205,52.53984],[8.62245,52.53902],[8.6238,52.53828],[8.6238,52.53795],[8.62272,52.53721],[8.62151,52.53697],[8.62043,52.53623],[8.62016,52.53517],[8.62097,52.53443],[8.62097,52.5341],[8.62029,52.53361],[8.61868,52.53295],[8.61706,52.53131],[8.61585,52.53066],[8.61544,52.53017],[8.61477,52.52894],[8.61504,52.52672],[8.6141,52.52566],[8.61652,52.52557],[8.62056,52.52492],[8.62258,52.525],[8.62407,52.52541],[8.62461,52.52574],[8.62649,52.52754],[8.62663,52.52869],[8.62582,52.52976],[8.62582,52.5309],[8.62609,52.5314],[8.62582,52.53328],[8.6269,52.53533],[8.6269,52.53639],[8.62649,52.53746],[8.62488,52.5382],[8.62488,52.53894],[8.62541,52.53951],[8.62555,52.54049],[8.62501,52.54139],[8.62434,52.5418],[8.6238,52.54254],[8.6238,52.54312],[8.62514,52.54492],[8.62649,52.54623],[8.62703,52.54738],[8.62771,52.54811],[8.62824,52.55041],[8.62946,52.55139],[8.62986,52.55221],[8.63053,52.55582],[8.63013,52.55582],[8.62959,52.55614],[8.62865,52.55713],[8.62771,52.55721]]]}},{"type":"Feature","properties":{"slice":"boden","kind":"hochmoor"},"geometry":{"type":"Polygon","coordinates":[[[8.28962,52.5613],[8.29003,52.56106],[8.28989,52.55983],[8.29111,52.56024],[8.29178,52.56073],[8.29245,52.56081],[8.2934,52.55991],[8.29448,52.55975],[8.29542,52.55909],[8.29555,52.55868],[8.29474,52.55786],[8.29259,52.5577],[8.29232,52.55754],[8.29205,52.55704],[8.29205,52.55606],[8.29245,52.55573],[8.29326,52.55573],[8.29407,52.55549],[8.29407,52.55491],[8.29367,52.55459],[8.29542,52.55377],[8.29636,52.55295],[8.29663,52.55164],[8.29744,52.55098],[8.29784,52.54975],[8.2996,52.54811],[8.30027,52.54566],[8.30027,52.54393],[8.29973,52.54271],[8.29892,52.54205],[8.29865,52.54148],[8.29663,52.54041],[8.29461,52.53836],[8.29353,52.53771],[8.29272,52.53754],[8.29205,52.53762],[8.29245,52.53721],[8.29245,52.5368],[8.29191,52.53599],[8.29165,52.53467],[8.29016,52.53377],[8.28868,52.53344],[8.28666,52.53271],[8.28585,52.53262],[8.2841,52.53164],[8.28423,52.53123],[8.28464,52.53099],[8.28558,52.5309],[8.28693,52.53033],[8.28828,52.53008],[8.28935,52.5291],[8.2903,52.52877],[8.29124,52.52853],[8.29421,52.52844],[8.29501,52.52828],[8.29542,52.52795],[8.29542,52.52705],[8.29515,52.52664],[8.29353,52.52582],[8.29353,52.52516],[8.29299,52.52475],[8.29151,52.52467],[8.29097,52.52492],[8.28868,52.52475],[8.28733,52.52426],[8.28733,52.52394],[8.28706,52.52377],[8.28679,52.52385],[8.28652,52.52328],[8.28868,52.52213],[8.29191,52.52131],[8.29259,52.52082],[8.29474,52.52033],[8.2969,52.51959],[8.29946,52.51934],[8.30108,52.51893],[8.3035,52.51893],[8.30472,52.51852],[8.30552,52.51852],[8.30647,52.5191],[8.30728,52.52033],[8.30768,52.52164],[8.30755,52.52402],[8.30674,52.52484],[8.30593,52.52525],[8.30296,52.52582],[8.30229,52.52623],[8.30229,52.52672],[8.30323,52.52713],[8.30485,52.52713],[8.30701,52.52672],[8.30849,52.52672],[8.30943,52.52713],[8.30984,52.52812],[8.30984,52.53131],[8.31024,52.53221],[8.31186,52.5341],[8.31267,52.53582],[8.31307,52.53607],[8.31415,52.53623],[8.31873,52.53918],[8.32102,52.53984],[8.32425,52.53984],[8.32722,52.53951],[8.32937,52.53853],[8.33005,52.53861],[8.33059,52.53894],[8.33059,52.53951],[8.33113,52.54049],[8.33234,52.54189],[8.33234,52.56032],[8.3314,52.56065],[8.33113,52.5613],[8.28962,52.5613]]]}},{"type":"Feature","properties":{"slice":"boden","kind":"hochmoor"},"geometry":{"type":"Polygon","coordinates":[[[8.5641,52.52492],[8.56357,52.52467],[8.56289,52.52394],[8.56154,52.52394],[8.56033,52.52435],[8.55966,52.52426],[8.55925,52.52402],[8.55912,52.52353],[8.55912,52.52287],[8.55939,52.52254],[8.55939,52.52164],[8.55912,52.52123],[8.5575,52.52057],[8.55602,52.52082],[8.55562,52.52082],[8.55535,52.52057],[8.55535,52.52008],[8.55562,52.51992],[8.55683,52.52025],[8.55831,52.51918],[8.55844,52.51861],[8.55952,52.5177],[8.55939,52.51688],[8.56222,52.51664],[8.56316,52.51721],[8.56397,52.51721],[8.56505,52.51754],[8.56545,52.51787],[8.56559,52.51852],[8.5668,52.5191],[8.56734,52.52049],[8.56707,52.5209],[8.5672,52.52172],[8.56518,52.52238],[8.56505,52.5232],[8.56572,52.52377],[8.56572,52.52443],[8.56505,52.52484],[8.5641,52.52492]]]}},{"type":"Feature","properties":{"slice":"boden","kind":"hochmoor"},"geometry":{"type":"Polygon","coordinates":[[[8.58405,52.51852],[8.58324,52.5182],[8.5831,52.51787],[8.58203,52.51721],[8.58216,52.51672],[8.58391,52.51557],[8.58459,52.51541],[8.58809,52.51541],[8.58903,52.51574],[8.58903,52.51656],[8.58755,52.51795],[8.58674,52.51828],[8.58539,52.51828],[8.58472,52.51852],[8.58405,52.51852]]]}},{"type":"Feature","properties":{"slice":"boden","kind":"hochmoor"},"geometry":{"type":"Polygon","coordinates":[[[8.57974,52.5159],[8.57866,52.51557],[8.57879,52.51475],[8.57839,52.51451],[8.57731,52.51492],[8.5761,52.51492],[8.57542,52.51467],[8.57475,52.51385],[8.57475,52.51237],[8.57596,52.51065],[8.57596,52.50901],[8.5765,52.50827],[8.57785,52.50721],[8.58027,52.50778],[8.5889,52.51073],[8.58863,52.51106],[8.58795,52.51106],[8.58728,52.51139],[8.58728,52.51172],[8.58809,52.51205],[8.58809,52.51254],[8.58742,52.51319],[8.58647,52.51369],[8.58553,52.51467],[8.58499,52.51483],[8.58297,52.51492],[8.58189,52.51549],[8.57974,52.5159]],[[8.57839,52.51],[8.57906,52.51],[8.57974,52.50967],[8.57947,52.50942],[8.5796,52.50885],[8.57906,52.5086],[8.57825,52.5086],[8.57731,52.50909],[8.57731,52.50934],[8.57785,52.5095],[8.57839,52.51]]]}},{"type":"Feature","properties":{"slice":"boden","kind":"hochmoor"},"geometry":{"type":"Polygon","coordinates":[[[8.5125,52.53992],[8.51142,52.53984],[8.51034,52.5391],[8.50845,52.53918],[8.50684,52.53853],[8.50657,52.53812],[8.50684,52.53558],[8.5063,52.53525],[8.50576,52.53426],[8.50522,52.53385],[8.50401,52.53369],[8.50333,52.5332],[8.50199,52.53279],[8.50077,52.53279],[8.50023,52.53295],[8.49902,52.53385],[8.49916,52.50926],[8.49673,52.50786],[8.497,52.50786],[8.49821,52.50696],[8.49889,52.50696],[8.50158,52.50754],[8.5032,52.50737],[8.5036,52.50704],[8.50374,52.50647],[8.50252,52.50483],[8.50239,52.50409],[8.50266,52.50393],[8.50495,52.50401],[8.50697,52.50343],[8.50778,52.50302],[8.50832,52.50204],[8.51034,52.50147],[8.51357,52.5022],[8.51452,52.5022],[8.51479,52.50204],[8.51492,52.5013],[8.51586,52.5013],[8.51681,52.50155],[8.51748,52.50212],[8.51789,52.50302],[8.5195,52.50376],[8.51896,52.50466],[8.5195,52.50499],[8.52112,52.50499],[8.52179,52.50548],[8.52206,52.50721],[8.52166,52.50721],[8.51964,52.50565],[8.51843,52.50557],[8.51816,52.50516],[8.51708,52.50466],[8.51613,52.50466],[8.51573,52.50516],[8.51384,52.50516],[8.5133,52.50565],[8.5129,52.50688],[8.5129,52.50827],[8.51344,52.50934],[8.51452,52.50975],[8.51533,52.50959],[8.516,52.50918],[8.51667,52.50803],[8.5191,52.50688],[8.51977,52.50688],[8.52031,52.50713],[8.52058,52.50836],[8.52099,52.50852],[8.52988,52.50589],[8.53217,52.50548],[8.53662,52.50417],[8.54537,52.50204],[8.54564,52.50204],[8.54537,52.50237],[8.54618,52.50253],[8.54686,52.5022],[8.54699,52.50163],[8.55144,52.50048],[8.55225,52.50065],[8.55238,52.50048],[8.55292,52.50048],[8.55332,52.50007],[8.55535,52.49966],[8.55481,52.50007],[8.55481,52.50089],[8.55548,52.50138],[8.55562,52.50196],[8.55737,52.50294],[8.5571,52.50335],[8.55642,52.50327],[8.55615,52.50343],[8.55615,52.50376],[8.55669,52.50425],[8.55642,52.50721],[8.55602,52.50745],[8.554,52.50762],[8.55359,52.50745],[8.55332,52.5068],[8.55265,52.5063],[8.55117,52.50622],[8.55049,52.50655],[8.55049,52.50696],[8.55103,52.50721],[8.55117,52.50778],[8.54996,52.50868],[8.54996,52.50926],[8.55036,52.50975],[8.55184,52.51065],[8.55306,52.51073],[8.55413,52.51024],[8.55494,52.51024],[8.55535,52.51049],[8.55535,52.51082],[8.55386,52.51106],[8.55319,52.51155],[8.55332,52.51205],[8.55508,52.51295],[8.55521,52.51352],[8.55359,52.51418],[8.55238,52.51541],[8.55117,52.51549],[8.55076,52.5159],[8.55076,52.51705],[8.55117,52.51754],[8.55319,52.51877],[8.55346,52.51992],[8.55265,52.52049],[8.55117,52.52082],[8.54874,52.52066],[8.54753,52.52074],[8.54713,52.52107],[8.54753,52.5218],[8.54753,52.52254],[8.54713,52.52279],[8.54551,52.52271],[8.54511,52.52295],[8.54484,52.52418],[8.54416,52.52484],[8.54416,52.52549],[8.54457,52.52615],[8.5443,52.5273],[8.54564,52.52853],[8.54551,52.52967],[8.54443,52.53],[8.54349,52.52992],[8.54214,52.53017],[8.54147,52.53066],[8.54093,52.53189],[8.53985,52.53246],[8.53837,52.53271],[8.5381,52.53287],[8.5381,52.53328],[8.53756,52.53353],[8.53662,52.53353],[8.53608,52.5341],[8.53513,52.53369],[8.53298,52.53361],[8.5323,52.53336],[8.53028,52.53312],[8.52772,52.53312],[8.52395,52.53344],[8.5226,52.53459],[8.51977,52.535],[8.51856,52.53607],[8.51708,52.53656],[8.51627,52.53705],[8.516,52.53762],[8.51506,52.53787],[8.51411,52.53861],[8.5129,52.53869],[8.51236,52.53918],[8.5125,52.53992]],[[8.51586,52.5359],[8.51748,52.53582],[8.51869,52.53517],[8.51869,52.53467],[8.51789,52.53443],[8.51721,52.53394],[8.5164,52.53394],[8.516,52.53418],[8.5156,52.53541],[8.51586,52.5359]],[[8.5222,52.53312],[8.5226,52.53287],[8.52341,52.53295],[8.52355,52.53312],[8.52462,52.53312],[8.52557,52.53254],[8.52732,52.53262],[8.52786,52.53238],[8.52772,52.53189],[8.52718,52.53164],[8.52543,52.53172],[8.52368,52.53041],[8.52247,52.53033],[8.52193,52.53066],[8.52193,52.53115],[8.52152,52.53148],[8.52179,52.53279],[8.5222,52.53312]],[[8.54106,52.50516],[8.54322,52.50401],[8.54322,52.50368],[8.54281,52.50343],[8.54201,52.50343],[8.54133,52.50384],[8.54066,52.50466],[8.54066,52.50491],[8.54106,52.50516]]]}},{"type":"Feature","properties":{"slice":"boden","kind":"hochmoor"},"geometry":{"type":"Polygon","coordinates":[[[8.92711,52.5613],[8.92779,52.56008],[8.93102,52.55721],[8.93196,52.55565],[8.93372,52.5545],[8.93412,52.55377],[8.93574,52.55246],[8.93641,52.55205],[8.93749,52.5518],[8.93938,52.55065],[8.94072,52.54852],[8.94072,52.54787],[8.93978,52.54557],[8.93911,52.54525],[8.9383,52.54516],[8.9383,52.54467],[8.93911,52.54426],[8.93924,52.54361],[8.93789,52.54271],[8.93803,52.5423],[8.93991,52.54148],[8.93991,52.54057],[8.94032,52.54025],[8.94032,52.53984],[8.93965,52.53951],[8.93911,52.53894],[8.93843,52.53877],[8.93816,52.53844],[8.93816,52.53738],[8.93708,52.53672],[8.93749,52.53492],[8.93695,52.53443],[8.93682,52.53328],[8.93547,52.53238],[8.93547,52.53189],[8.93614,52.53156],[8.93628,52.53123],[8.93479,52.52967],[8.93506,52.52828],[8.93439,52.52771],[8.93479,52.5268],[8.93412,52.52623],[8.93304,52.52418],[8.9321,52.5232],[8.92981,52.52205],[8.92779,52.52148],[8.92752,52.52098],[8.92698,52.52074],[8.9259,52.52074],[8.92388,52.52156],[8.92186,52.52197],[8.92159,52.52221],[8.92065,52.52246],[8.9197,52.52312],[8.91862,52.52328],[8.91795,52.52361],[8.9166,52.52369],[8.91499,52.52435],[8.91404,52.52443],[8.91229,52.52516],[8.91121,52.52516],[8.9104,52.52475],[8.91067,52.52394],[8.91216,52.52295],[8.91337,52.5218],[8.91297,52.52025],[8.91391,52.51934],[8.91391,52.51869],[8.91323,52.51779],[8.91323,52.5168],[8.9135,52.51639],[8.91472,52.51574],[8.91472,52.51426],[8.91795,52.51213],[8.91876,52.51196],[8.91957,52.51147],[8.91957,52.51098],[8.91903,52.51082],[8.91876,52.51049],[8.92011,52.51],[8.92024,52.50893],[8.91984,52.50877],[8.91984,52.50836],[8.92078,52.50803],[8.92118,52.50737],[8.92118,52.50548],[8.92186,52.50466],[8.92213,52.50368],[8.92199,52.50245],[8.92267,52.50196],[8.9224,52.50056],[8.9228,52.49999],[8.92348,52.49958],[8.92604,52.49958],[8.9294,52.50081],[8.93048,52.50097],[8.93291,52.50097],[8.93439,52.50147],[8.93695,52.50286],[8.93857,52.50286],[8.93965,52.50319],[8.94045,52.50376],[8.94086,52.50475],[8.94194,52.50516],[8.94274,52.50581],[8.94342,52.50598],[8.94423,52.50655],[8.94463,52.50729],[8.94584,52.50778],[8.94584,52.50811],[8.94679,52.50893],[8.9476,52.51073],[8.94813,52.51131],[8.95191,52.51377],[8.95177,52.51623],[8.95123,52.51639],[8.9511,52.51697],[8.95245,52.51902],[8.95258,52.51992],[8.95204,52.52066],[8.95137,52.52016],[8.95069,52.52033],[8.95056,52.5209],[8.94989,52.52066],[8.94948,52.52098],[8.94948,52.52131],[8.94894,52.52164],[8.94894,52.52213],[8.94948,52.52271],[8.94962,52.52435],[8.95002,52.52467],[8.95042,52.52574],[8.95339,52.52713],[8.95474,52.52902],[8.95514,52.52885],[8.95528,52.52853],[8.95555,52.52853],[8.95608,52.52902],[8.95703,52.52902],[8.95689,52.52926],[8.95581,52.52976],[8.95581,52.53049],[8.95608,52.53066],[8.95703,52.53066],[8.95703,52.5309],[8.95649,52.53123],[8.95662,52.5318],[8.95501,52.53246],[8.95447,52.53344],[8.95447,52.53435],[8.95501,52.53541],[8.95635,52.53648],[8.95689,52.5373],[8.95811,52.53795],[8.95824,52.53844],[8.95743,52.5391],[8.95662,52.5391],[8.95581,52.53943],[8.95487,52.54],[8.95474,52.54057],[8.95541,52.54098],[8.95528,52.54131],[8.95635,52.54262],[8.95851,52.54385],[8.96013,52.54434],[8.96174,52.54459],[8.96323,52.54525],[8.967,52.54557],[8.96713,52.54574],[8.96808,52.5459],[8.96794,52.54607],[8.96484,52.54598],[8.96026,52.54475],[8.95999,52.54492],[8.95999,52.54566],[8.95932,52.5468],[8.95932,52.54738],[8.96013,52.54787],[8.96161,52.54803],[8.96228,52.54844],[8.96255,52.5491],[8.96309,52.54951],[8.9643,52.54975],[8.96619,52.55065],[8.96821,52.55098],[8.96875,52.55123],[8.96889,52.55164],[8.96848,52.55221],[8.96862,52.55344],[8.97077,52.55549],[8.97171,52.55598],[8.97252,52.55696],[8.9732,52.55737],[8.97454,52.55778],[8.97441,52.55868],[8.97468,52.55885],[8.97603,52.55885],[8.97657,52.5586],[8.97764,52.55868],[8.97818,52.5586],[8.97845,52.55836],[8.97899,52.55844],[8.97872,52.55958],[8.97845,52.55975],[8.97764,52.55909],[8.97576,52.55942],[8.97387,52.55893],[8.97252,52.55795],[8.97064,52.55786],[8.97023,52.55762],[8.9701,52.55721],[8.96794,52.55598],[8.96835,52.55524],[8.96727,52.55418],[8.96686,52.55336],[8.96511,52.55254],[8.96296,52.55246],[8.96269,52.55221],[8.96188,52.55213],[8.96147,52.55156],[8.95972,52.55057],[8.95972,52.55041],[8.9604,52.55016],[8.9604,52.54967],[8.95986,52.54934],[8.95891,52.54918],[8.95811,52.54836],[8.95608,52.54811],[8.95393,52.54729],[8.95379,52.54705],[8.95433,52.54688],[8.95528,52.54713],[8.95581,52.54762],[8.95662,52.54762],[8.95703,52.54738],[8.95689,52.54688],[8.95635,52.54664],[8.95635,52.54623],[8.95568,52.54582],[8.95514,52.54582],[8.9546,52.54557],[8.95406,52.54648],[8.95299,52.54713],[8.95299,52.54885],[8.95406,52.54992],[8.95393,52.55082],[8.9542,52.55131],[8.95379,52.55172],[8.95393,52.55205],[8.95487,52.55254],[8.95514,52.55311],[8.95608,52.5536],[8.95662,52.55426],[8.95824,52.55483],[8.95811,52.55532],[8.95972,52.55762],[8.96134,52.5586],[8.96147,52.55901],[8.96215,52.55942],[8.96309,52.55967],[8.96444,52.5604],[8.96727,52.56065],[8.96889,52.56057],[8.96942,52.56073],[8.96929,52.56106],[8.96484,52.56081],[8.96376,52.56057],[8.96255,52.55983],[8.96094,52.55917],[8.96026,52.55827],[8.95851,52.55688],[8.9577,52.55704],[8.95784,52.55762],[8.95716,52.55803],[8.95649,52.55819],[8.95555,52.55803],[8.95501,52.55754],[8.95474,52.55639],[8.95555,52.55631],[8.95635,52.55565],[8.95676,52.55565],[8.95757,52.55516],[8.95743,52.55491],[8.95608,52.55459],[8.95555,52.555],[8.9546,52.55508],[8.95433,52.55483],[8.95366,52.55483],[8.95299,52.5545],[8.95245,52.5545],[8.95191,52.55491],[8.95204,52.55541],[8.95258,52.5559],[8.95258,52.55639],[8.95218,52.5568],[8.95218,52.5577],[8.95164,52.55762],[8.95137,52.55786],[8.95029,52.55786],[8.94989,52.55811],[8.94975,52.55876],[8.94908,52.5595],[8.94881,52.5613],[8.92711,52.5613]],[[8.96659,52.55237],[8.96754,52.55237],[8.96794,52.55213],[8.96794,52.55147],[8.9674,52.55115],[8.96606,52.5509],[8.96444,52.55008],[8.96282,52.54967],[8.96147,52.54836],[8.96026,52.5482],[8.95999,52.54844],[8.96094,52.54869],[8.96134,52.54902],[8.96107,52.54992],[8.96134,52.55008],[8.96134,52.55065],[8.96201,52.55131],[8.96255,52.55164],[8.96336,52.55172],[8.96403,52.55205],[8.96538,52.55196],[8.96659,52.55237]],[[8.95811,52.54754],[8.95851,52.54738],[8.95851,52.54688],[8.95932,52.54557],[8.95932,52.54484],[8.95622,52.54312],[8.95568,52.54246],[8.95501,52.54213],[8.9546,52.54246],[8.95474,52.54328],[8.95541,52.54385],[8.95555,52.54426],[8.95581,52.54443],[8.95649,52.54443],[8.95676,52.54467],[8.95662,52.54566],[8.95703,52.5459],[8.95757,52.54566],[8.95797,52.54574],[8.95757,52.54705],[8.95811,52.54754]],[[8.94908,52.5368],[8.95042,52.53664],[8.9511,52.53623],[8.95137,52.53574],[8.95137,52.53508],[8.95096,52.53467],[8.95096,52.53361],[8.95123,52.53344],[8.95096,52.53303],[8.95123,52.53238],[8.95096,52.53221],[8.95016,52.53254],[8.95016,52.53287],[8.94989,52.53295],[8.95002,52.53377],[8.94948,52.53369],[8.94908,52.53336],[8.94854,52.53402],[8.94867,52.53451],[8.94948,52.53484],[8.94948,52.53541],[8.95002,52.53574],[8.95002,52.5359],[8.94948,52.5359],[8.94894,52.53615],[8.94881,52.53664],[8.94908,52.5368]]]}},{"type":"Feature","properties":{"slice":"boden","kind":"hochmoor"},"geometry":{"type":"Polygon","coordinates":[[[8.94045,52.50089],[8.93884,52.49999],[8.93884,52.49966],[8.93951,52.49933],[8.94018,52.49933],[8.94086,52.49958],[8.94167,52.50024],[8.94167,52.50065],[8.94126,52.50089],[8.94045,52.50089]]]}},{"type":"Feature","properties":{"slice":"boden","kind":"hochmoor"},"geometry":{"type":"Polygon","coordinates":[[[8.29353,52.51918],[8.2907,52.51869],[8.28895,52.51746],[8.28882,52.51697],[8.28814,52.51631],[8.28626,52.51516],[8.2841,52.51442],[8.28248,52.51442],[8.28087,52.515],[8.27965,52.515],[8.2779,52.51385],[8.27709,52.51352],[8.27548,52.51328],[8.27278,52.51393],[8.27197,52.51442],[8.26739,52.51442],[8.26739,52.50754],[8.26914,52.50729],[8.27049,52.50688],[8.27103,52.50655],[8.27157,52.5054],[8.27224,52.50475],[8.27318,52.50425],[8.27386,52.50425],[8.27494,52.50466],[8.27521,52.5045],[8.27507,52.50409],[8.27548,52.50352],[8.27628,52.50319],[8.27871,52.50286],[8.27965,52.50188],[8.2814,52.50196],[8.28154,52.50179],[8.28464,52.5013],[8.28558,52.50089],[8.28693,52.50073],[8.28774,52.5004],[8.28841,52.5004],[8.29057,52.49917],[8.29191,52.49884],[8.29663,52.49925],[8.29852,52.50032],[8.29973,52.50048],[8.30202,52.50122],[8.30256,52.50196],[8.30337,52.5045],[8.3031,52.50622],[8.30364,52.5077],[8.30472,52.50852],[8.30633,52.51147],[8.30633,52.51344],[8.30714,52.51598],[8.30714,52.51738],[8.30633,52.51795],[8.30458,52.51787],[8.30404,52.51762],[8.30269,52.51754],[8.29973,52.51688],[8.29623,52.51688],[8.29501,52.5177],[8.29461,52.51828],[8.29448,52.5191],[8.29353,52.51918]]]}},{"type":"Feature","properties":{"slice":"boden","kind":"hochmoor"},"geometry":{"type":"Polygon","coordinates":[[[8.71812,52.49408],[8.71799,52.49392],[8.71731,52.49384],[8.71718,52.49351],[8.71785,52.49293],[8.71866,52.49293],[8.71906,52.49326],[8.71906,52.49375],[8.71866,52.49408],[8.71812,52.49408]]]}},{"type":"Feature","properties":{"slice":"boden","kind":"hochmoor"},"geometry":{"type":"Polygon","coordinates":[[[8.91229,52.49318],[8.91283,52.49277],[8.91323,52.49187],[8.91391,52.49154],[8.91916,52.49154],[8.92092,52.49195],[8.92145,52.49236],[8.92118,52.49252],[8.9166,52.49236],[8.91499,52.49261],[8.91391,52.49302],[8.91229,52.49318]]]}},{"type":"Feature","properties":{"slice":"boden","kind":"hochmoor"},"geometry":{"type":"Polygon","coordinates":[[[8.73416,52.49269],[8.73267,52.49252],[8.73254,52.49228],[8.73335,52.49228],[8.73402,52.4917],[8.73402,52.49138],[8.73429,52.49138],[8.73483,52.49236],[8.73416,52.49269]]]}},{"type":"Feature","properties":{"slice":"boden","kind":"hochmoor"},"geometry":{"type":"Polygon","coordinates":[[[8.96727,52.49572],[8.96633,52.49507],[8.96646,52.49375],[8.96511,52.49228],[8.96444,52.49039],[8.96444,52.49014],[8.96552,52.4899],[8.96579,52.49006],[8.96727,52.49392],[8.96794,52.49433],[8.96808,52.49466],[8.96902,52.4949],[8.96983,52.49441],[8.97104,52.49416],[8.97145,52.49433],[8.97171,52.49482],[8.97158,52.49523],[8.97104,52.49548],[8.96727,52.49572]]]}},{"type":"Feature","properties":{"slice":"boden","kind":"hochmoor"},"geometry":{"type":"Polygon","coordinates":[[[8.88022,52.49359],[8.8786,52.49302],[8.87766,52.49293],[8.87699,52.4931],[8.87658,52.49285],[8.87631,52.49244],[8.87658,52.4908],[8.87618,52.49023],[8.87618,52.48965],[8.87672,52.489],[8.87672,52.48744],[8.87739,52.48645],[8.87847,52.48604],[8.88009,52.48604],[8.88049,52.4858],[8.88049,52.48555],[8.88116,52.48547],[8.88197,52.48588],[8.88265,52.4876],[8.88453,52.48859],[8.88521,52.48932],[8.88548,52.48982],[8.88548,52.49105],[8.8844,52.49236],[8.88386,52.49244],[8.88278,52.4931],[8.8813,52.49359],[8.88022,52.49359]]]}},{"type":"Feature","properties":{"slice":"boden","kind":"hochmoor"},"geometry":{"type":"Polygon","coordinates":[[[8.26833,52.50557],[8.26793,52.50516],[8.26739,52.50516],[8.26739,52.48268],[8.2678,52.48284],[8.26995,52.48276],[8.27238,52.48194],[8.27588,52.4812],[8.27804,52.48095],[8.28302,52.4812],[8.28612,52.48186],[8.28733,52.48227],[8.2907,52.48407],[8.2938,52.48539],[8.29663,52.48703],[8.29798,52.48818],[8.29838,52.49064],[8.29946,52.49195],[8.3,52.49228],[8.30013,52.49302],[8.29986,52.49351],[8.29986,52.49457],[8.30067,52.49589],[8.30067,52.49663],[8.29865,52.49794],[8.29582,52.49843],[8.29394,52.4981],[8.29016,52.49818],[8.28922,52.49835],[8.2876,52.49917],[8.28693,52.49917],[8.28572,52.49835],[8.2837,52.49818],[8.28114,52.49966],[8.28006,52.49999],[8.27831,52.50048],[8.27615,52.5004],[8.27561,52.50056],[8.27062,52.50352],[8.26968,52.50458],[8.2686,52.50516],[8.2686,52.50557],[8.26833,52.50557]]]}},{"type":"Feature","properties":{"slice":"boden","kind":"hochmoor"},"geometry":{"type":"Polygon","coordinates":[[[8.94072,52.48637],[8.94032,52.48571],[8.94113,52.48489],[8.94113,52.4844],[8.94086,52.48424],[8.93991,52.48432],[8.93965,52.48399],[8.94126,52.48383],[8.94261,52.48301],[8.94288,52.48243],[8.94288,52.48087],[8.94557,52.47956],[8.948,52.4789],[8.94908,52.47841],[8.95123,52.47825],[8.95056,52.47866],[8.94638,52.47989],[8.94463,52.48071],[8.94396,52.48153],[8.94396,52.48243],[8.94369,52.48276],[8.94234,52.48342],[8.94194,52.48448],[8.94113,52.48522],[8.94099,52.48621],[8.94072,52.48637]]]}},{"type":"Feature","properties":{"slice":"boden","kind":"hochmoor"},"geometry":{"type":"Polygon","coordinates":[[[8.94018,52.4821],[8.93991,52.48161],[8.9414,52.48079],[8.94234,52.47956],[8.94328,52.47907],[8.94423,52.4789],[8.94652,52.478],[8.94638,52.47841],[8.94557,52.4789],[8.9449,52.47915],[8.94342,52.47931],[8.94234,52.47997],[8.94126,52.48153],[8.94045,52.4821],[8.94018,52.4821]]]}},{"type":"Feature","properties":{"slice":"boden","kind":"hochmoor"},"geometry":{"type":"Polygon","coordinates":[[[8.72755,52.47414],[8.72715,52.47381],[8.72715,52.47275],[8.72688,52.4725],[8.72688,52.47078],[8.72715,52.47061],[8.72809,52.47135],[8.72782,52.47267],[8.72809,52.47283],[8.72823,52.47365],[8.72755,52.47414]]]}},{"type":"Feature","properties":{"slice":"boden","kind":"hochmoor"},"geometry":{"type":"Polygon","coordinates":[[[8.72863,52.47037],[8.72796,52.46996],[8.72796,52.46946],[8.72836,52.46914],[8.7289,52.46905],[8.72971,52.46946],[8.72971,52.46996],[8.72863,52.47037]]]}},{"type":"Feature","properties":{"slice":"boden","kind":"hochmoor"},"geometry":{"type":"Polygon","coordinates":[[[8.90178,52.4954],[8.90057,52.49507],[8.89963,52.49449],[8.89936,52.49359],[8.89706,52.49269],[8.89666,52.49179],[8.89693,52.49072],[8.89774,52.48998],[8.89949,52.489],[8.90043,52.48809],[8.90057,52.48678],[8.90097,52.48629],[8.90259,52.48555],[8.90448,52.4858],[8.90569,52.4858],[8.9069,52.48555],[8.90973,52.48366],[8.91256,52.48292],[8.91418,52.48227],[8.91485,52.48178],[8.91485,52.48153],[8.91445,52.48136],[8.91485,52.48095],[8.91741,52.48087],[8.91795,52.48054],[8.91836,52.47981],[8.91957,52.47948],[8.92105,52.47833],[8.92118,52.47693],[8.92253,52.47537],[8.92267,52.47381],[8.92374,52.47291],[8.92374,52.47242],[8.92307,52.47209],[8.92118,52.47168],[8.92011,52.47111],[8.91943,52.47045],[8.91876,52.46881],[8.91795,52.46807],[8.91728,52.4679],[8.91593,52.4679],[8.91526,52.46831],[8.91431,52.46807],[8.91094,52.46807],[8.91094,52.46774],[8.91135,52.46741],[8.91391,52.46675],[8.91364,52.46643],[8.91297,52.46626],[8.91297,52.46585],[8.91377,52.46552],[8.91606,52.46544],[8.91741,52.46577],[8.91943,52.46585],[8.92024,52.4661],[8.92145,52.46684],[8.92294,52.46807],[8.92765,52.46889],[8.92846,52.46914],[8.9294,52.46979],[8.92967,52.47028],[8.92967,52.47152],[8.92913,52.47225],[8.92927,52.47291],[8.93021,52.47357],[8.93237,52.47431],[8.93318,52.47488],[8.93291,52.4757],[8.93372,52.47619],[8.93372,52.47677],[8.93277,52.47726],[8.93237,52.47808],[8.93345,52.4789],[8.93345,52.47956],[8.93277,52.48005],[8.93129,52.48022],[8.92994,52.48079],[8.92981,52.48194],[8.92913,52.48243],[8.92779,52.48268],[8.92887,52.48194],[8.92806,52.48136],[8.92684,52.48145],[8.92604,52.48186],[8.92509,52.48186],[8.92469,52.48194],[8.92442,52.48227],[8.92374,52.48227],[8.92348,52.48243],[8.92348,52.48301],[8.92374,52.48317],[8.92428,52.48317],[8.92482,52.4826],[8.9255,52.4826],[8.9259,52.48219],[8.92631,52.48243],[8.92698,52.48219],[8.92752,52.48284],[8.92657,52.48301],[8.92442,52.48432],[8.92186,52.48645],[8.91633,52.48818],[8.91418,52.48941],[8.91229,52.48998],[8.9034,52.49515],[8.90178,52.4954]]]}},{"type":"Feature","properties":{"slice":"boden","kind":"hochmoor"},"geometry":{"type":"Polygon","coordinates":[[[8.72068,52.46905],[8.72041,52.46848],[8.72095,52.46831],[8.72176,52.46766],[8.72176,52.46725],[8.72095,52.4661],[8.72095,52.46495],[8.72162,52.46437],[8.72311,52.46421],[8.72365,52.46454],[8.72365,52.46495],[8.72324,52.46536],[8.7223,52.46561],[8.72203,52.46602],[8.72216,52.46692],[8.72284,52.46774],[8.72284,52.46831],[8.72189,52.46897],[8.72068,52.46905]]]}},{"type":"Feature","properties":{"slice":"boden","kind":"hochmoor"},"geometry":{"type":"Polygon","coordinates":[[[8.32884,52.4876],[8.32749,52.48719],[8.32345,52.48686],[8.32264,52.48653],[8.32062,52.48448],[8.31913,52.48194],[8.31846,52.48136],[8.31657,52.48046],[8.31496,52.4794],[8.31374,52.47767],[8.31361,52.47562],[8.31469,52.47332],[8.31657,52.47102],[8.31738,52.46963],[8.32156,52.46536],[8.32277,52.4647],[8.32479,52.46405],[8.32749,52.46347],[8.33072,52.46331],[8.33234,52.46364],[8.33234,52.48383],[8.3322,52.48506],[8.33167,52.48539],[8.33113,52.48629],[8.32951,52.48752],[8.32884,52.4876]]]}},{"type":"Feature","properties":{"slice":"boden","kind":"hochmoor"},"geometry":{"type":"Polygon","coordinates":[[[8.73254,52.46684],[8.73267,52.46593],[8.73362,52.46413],[8.73375,52.46191],[8.73416,52.46101],[8.73523,52.46002],[8.73658,52.45994],[8.73725,52.45961],[8.73793,52.45961],[8.73793,52.45978],[8.73618,52.46068],[8.7351,52.46175],[8.73402,52.46544],[8.73362,52.4661],[8.73254,52.46684]]]}},{"type":"Feature","properties":{"slice":"boden","kind":"hochmoor"},"geometry":{"type":"Polygon","coordinates":[[[8.87887,52.47275],[8.88103,52.47135],[8.88143,52.47061],[8.88319,52.46963],[8.8844,52.46815],[8.88588,52.46766],[8.88723,52.46684],[8.88858,52.46552],[8.88979,52.4647],[8.89168,52.46405],[8.8941,52.46265],[8.89477,52.46109],[8.8945,52.45887],[8.89491,52.45846],[8.89518,52.45846],[8.89572,52.4592],[8.89653,52.45937],[8.89733,52.46002],[8.90057,52.46183],[8.90555,52.46347],[8.90677,52.46355],[8.90838,52.46331],[8.90973,52.4629],[8.9104,52.46249],[8.91135,52.46142],[8.91243,52.46142],[8.91256,52.46216],[8.91162,52.46314],[8.91081,52.46364],[8.90865,52.46396],[8.90825,52.46413],[8.90636,52.46421],[8.90219,52.46339],[8.89895,52.46347],[8.89787,52.46372],[8.89612,52.4647],[8.89464,52.46503],[8.89302,52.4661],[8.89168,52.46634],[8.88898,52.46733],[8.8879,52.46799],[8.88615,52.46971],[8.88386,52.47135],[8.88103,52.47234],[8.87887,52.47275]],[[8.90838,52.46396],[8.90933,52.46364],[8.91067,52.46347],[8.91121,52.46314],[8.91162,52.46249],[8.91216,52.46224],[8.91216,52.46199],[8.91148,52.46183],[8.91,52.46306],[8.90811,52.46372],[8.90838,52.46396]]]}},{"type":"Feature","properties":{"slice":"boden","kind":"hochmoor"},"geometry":{"type":"Polygon","coordinates":[[[8.94032,52.46675],[8.93991,52.46536],[8.94032,52.46478],[8.94086,52.46454],[8.9414,52.46364],[8.94072,52.46339],[8.94072,52.46273],[8.94032,52.46216],[8.9387,52.46109],[8.9383,52.4606],[8.9383,52.46002],[8.93938,52.45912],[8.93978,52.45937],[8.94059,52.4592],[8.94045,52.45781],[8.94113,52.45789],[8.94247,52.45928],[8.94396,52.46011],[8.94463,52.46027],[8.94598,52.46002],[8.94746,52.4592],[8.94867,52.4592],[8.94989,52.45961],[8.95096,52.46076],[8.9511,52.46249],[8.95029,52.46372],[8.94813,52.46478],[8.94827,52.46544],[8.94881,52.46585],[8.94881,52.46651],[8.94827,52.46675],[8.94719,52.46675],[8.94584,52.46626],[8.9449,52.46569],[8.94409,52.46569],[8.94288,52.46643],[8.94126,52.46675],[8.94032,52.46675]]]}},{"type":"Feature","properties":{"slice":"boden","kind":"hochmoor"},"geometry":{"type":"Polygon","coordinates":[[[8.9065,52.45584],[8.90515,52.45542],[8.89949,52.45567],[8.89949,52.45444],[8.9003,52.45395],[8.90138,52.45395],[8.90313,52.45428],[8.90475,52.45428],[8.90677,52.45395],[8.90879,52.45428],[8.90906,52.45452],[8.90879,52.45534],[8.90784,52.45575],[8.9065,52.45584]]]}},{"type":"Feature","properties":{"slice":"boden","kind":"hochmoor"},"geometry":{"type":"Polygon","coordinates":[[[9.10188,52.45485],[9.10161,52.45419],[9.10053,52.45255],[9.10255,52.45321],[9.10255,52.45354],[9.10202,52.45395],[9.10188,52.45485]]]}},{"type":"Feature","properties":{"slice":"boden","kind":"hochmoor"},"geometry":{"type":"Polygon","coordinates":[[[8.90003,52.45033],[8.89882,52.45001],[8.89855,52.44976],[8.89868,52.44894],[8.89936,52.44844],[8.90475,52.4482],[8.90528,52.44853],[8.90555,52.4491],[8.90515,52.44959],[8.90286,52.44984],[8.90124,52.45033],[8.90003,52.45033]]]}},{"type":"Feature","properties":{"slice":"boden","kind":"hochmoor"},"geometry":{"type":"Polygon","coordinates":[[[9.1353,52.45189],[9.13301,52.45157],[9.13139,52.45058],[9.13031,52.45058],[9.1295,52.45107],[9.12775,52.45107],[9.12721,52.45091],[9.12614,52.45009],[9.12344,52.44943],[9.12155,52.44918],[9.12075,52.44844],[9.12075,52.44771],[9.12115,52.44721],[9.12236,52.44656],[9.12425,52.44656],[9.12506,52.44672],[9.12735,52.44746],[9.1291,52.44762],[9.13166,52.4482],[9.13355,52.44927],[9.13557,52.44992],[9.13745,52.45025],[9.13853,52.45058],[9.13894,52.45091],[9.1388,52.45132],[9.13745,52.45181],[9.1353,52.45189]]]}},{"type":"Feature","properties":{"slice":"boden","kind":"hochmoor"},"geometry":{"type":"Polygon","coordinates":[[[8.83616,52.5613],[8.83724,52.56081],[8.83697,52.56008],[8.83791,52.55958],[8.83791,52.55909],[8.83764,52.55901],[8.83751,52.5586],[8.83885,52.55803],[8.83872,52.55778],[8.83912,52.55762],[8.83912,52.55704],[8.83724,52.55623],[8.83683,52.55483],[8.83575,52.55418],[8.83468,52.55393],[8.8336,52.55287],[8.83117,52.55196],[8.82983,52.5509],[8.82902,52.55065],[8.82619,52.54918],[8.82457,52.54852],[8.82309,52.5482],[8.82188,52.5482],[8.82026,52.54877],[8.81972,52.54918],[8.81985,52.55008],[8.81891,52.55041],[8.81797,52.55131],[8.81676,52.5518],[8.81433,52.5518],[8.81352,52.55205],[8.81137,52.55188],[8.80651,52.55188],[8.80544,52.55237],[8.80288,52.55287],[8.80139,52.55287],[8.80032,52.55213],[8.79991,52.55123],[8.79951,52.55074],[8.79897,52.55049],[8.79762,52.55057],[8.79668,52.55082],[8.79547,52.55082],[8.79398,52.55049],[8.79008,52.55082],[8.78765,52.55082],[8.78603,52.55057],[8.78496,52.55008],[8.78172,52.55049],[8.78118,52.5509],[8.78105,52.55139],[8.78159,52.55196],[8.78226,52.55229],[8.78266,52.55328],[8.78374,52.55401],[8.78563,52.55459],[8.78603,52.55508],[8.7859,52.55541],[8.78536,52.55508],[8.78374,52.55475],[8.78307,52.55442],[8.78239,52.55434],[8.78213,52.5545],[8.78226,52.55483],[8.78307,52.55532],[8.78361,52.55541],[8.78415,52.55598],[8.78576,52.55696],[8.78657,52.55803],[8.78657,52.55876],[8.78617,52.55967],[8.78455,52.5604],[8.78401,52.56032],[8.78401,52.55999],[8.78469,52.55975],[8.78549,52.55909],[8.78536,52.55803],[8.78482,52.5577],[8.78347,52.55745],[8.7832,52.55729],[8.78334,52.55688],[8.78307,52.55655],[8.78064,52.55532],[8.77943,52.55524],[8.77768,52.55582],[8.77674,52.55582],[8.77647,52.55557],[8.77674,52.55524],[8.77781,52.55532],[8.77808,52.55516],[8.77808,52.55491],[8.77727,52.55459],[8.77539,52.55459],[8.77431,52.55573],[8.77337,52.55623],[8.77121,52.55631],[8.77027,52.55663],[8.7669,52.55647],[8.76582,52.55721],[8.7642,52.55721],[8.76353,52.5568],[8.76353,52.55598],[8.76367,52.55549],[8.7642,52.55516],[8.7642,52.55442],[8.76474,52.55369],[8.76474,52.55295],[8.76447,52.5527],[8.76474,52.5518],[8.76447,52.55164],[8.76447,52.5509],[8.76488,52.55033],[8.76582,52.54983],[8.76582,52.54926],[8.76555,52.54877],[8.76501,52.54844],[8.76474,52.5477],[8.7642,52.54746],[8.76447,52.54664],[8.76272,52.545],[8.76286,52.54443],[8.76232,52.5441],[8.75908,52.5441],[8.75639,52.54312],[8.75585,52.54312],[8.75491,52.54353],[8.75437,52.54353],[8.75383,52.5432],[8.75315,52.5432],[8.75248,52.54385],[8.75167,52.54336],[8.74992,52.54287],[8.74979,52.54254],[8.75019,52.54254],[8.75059,52.5423],[8.74992,52.54115],[8.74925,52.54139],[8.74911,52.54205],[8.74817,52.54164],[8.74696,52.54164],[8.74642,52.54205],[8.74628,52.54279],[8.74655,52.54353],[8.74776,52.54418],[8.7483,52.54475],[8.74871,52.54582],[8.74965,52.54672],[8.75059,52.54828],[8.75086,52.54836],[8.751,52.54893],[8.75046,52.54918],[8.74884,52.54926],[8.74844,52.54951],[8.7483,52.55008],[8.74709,52.55082],[8.74696,52.55147],[8.74588,52.55205],[8.74574,52.55278],[8.74628,52.55319],[8.74615,52.5536],[8.74534,52.55393],[8.74507,52.5545],[8.74399,52.55491],[8.74291,52.55582],[8.73725,52.55721],[8.73631,52.55655],[8.73389,52.55614],[8.73281,52.55532],[8.73213,52.55532],[8.73186,52.55582],[8.73227,52.55655],[8.7316,52.55745],[8.7293,52.55795],[8.72661,52.55827],[8.72526,52.55754],[8.72365,52.55729],[8.72284,52.55663],[8.72162,52.55639],[8.72055,52.55557],[8.72041,52.55467],[8.72001,52.55434],[8.72028,52.55393],[8.72001,52.55311],[8.72028,52.55164],[8.72068,52.55074],[8.72162,52.55041],[8.72162,52.55016],[8.72135,52.55008],[8.72162,52.54902],[8.72203,52.54877],[8.72378,52.54852],[8.72432,52.5482],[8.72445,52.54762],[8.7258,52.54705],[8.7254,52.54631],[8.72661,52.54557],[8.72715,52.545],[8.72715,52.54336],[8.72769,52.54328],[8.72809,52.54353],[8.72836,52.5441],[8.72984,52.54475],[8.73052,52.54484],[8.73106,52.54459],[8.7316,52.54459],[8.732,52.54484],[8.73213,52.54582],[8.73267,52.54598],[8.73294,52.54582],[8.73281,52.54451],[8.73308,52.54344],[8.73456,52.54098],[8.73631,52.53902],[8.73752,52.53836],[8.7386,52.53812],[8.73968,52.53812],[8.74238,52.53885],[8.74386,52.53894],[8.74534,52.53844],[8.74709,52.53705],[8.74776,52.5332],[8.74736,52.53254],[8.74615,52.53164],[8.74615,52.53099],[8.7483,52.52894],[8.74911,52.52754],[8.75006,52.52656],[8.75033,52.52574],[8.75019,52.5241],[8.75046,52.52385],[8.75046,52.52328],[8.75006,52.52303],[8.74871,52.52303],[8.74871,52.52271],[8.74938,52.52238],[8.75073,52.52246],[8.75181,52.52205],[8.75221,52.52148],[8.75275,52.51951],[8.75518,52.51721],[8.75612,52.51598],[8.75639,52.51426],[8.75531,52.51188],[8.75558,52.51057],[8.75545,52.50967],[8.75625,52.50852],[8.75868,52.50663],[8.75976,52.5054],[8.75976,52.50442],[8.75949,52.50393],[8.75854,52.50352],[8.75706,52.50368],[8.75369,52.50565],[8.75181,52.50606],[8.74911,52.50762],[8.74615,52.5086],[8.74251,52.51098],[8.74022,52.51164],[8.73874,52.5127],[8.73766,52.51442],[8.73577,52.51524],[8.73416,52.51508],[8.73308,52.5136],[8.73106,52.51237],[8.7285,52.51032],[8.7285,52.50959],[8.72823,52.50926],[8.72701,52.50868],[8.7254,52.50877],[8.72432,52.50795],[8.72418,52.50696],[8.72445,52.50663],[8.72513,52.50622],[8.72701,52.50598],[8.72836,52.50516],[8.72877,52.5027],[8.73038,52.5022],[8.73213,52.50114],[8.73362,52.50097],[8.73416,52.50138],[8.73496,52.50163],[8.73766,52.50171],[8.73874,52.50204],[8.73901,52.50229],[8.74035,52.50253],[8.74278,52.50245],[8.74413,52.50155],[8.74615,52.50114],[8.74615,52.50065],[8.74561,52.5004],[8.74359,52.50065],[8.74035,52.49974],[8.73995,52.49942],[8.73941,52.49818],[8.73766,52.49712],[8.73658,52.49605],[8.73618,52.49351],[8.73564,52.49244],[8.73564,52.49195],[8.73631,52.49211],[8.73658,52.49187],[8.73618,52.49154],[8.73564,52.49154],[8.7351,52.49129],[8.73483,52.49064],[8.73389,52.48998],[8.73375,52.48891],[8.73429,52.48867],[8.73496,52.489],[8.73537,52.48867],[8.73604,52.48744],[8.73591,52.48571],[8.73685,52.4835],[8.73739,52.48292],[8.74049,52.48095],[8.74305,52.48079],[8.74628,52.48104],[8.74696,52.48079],[8.74871,52.48079],[8.74965,52.48104],[8.75059,52.48161],[8.75221,52.48333],[8.75315,52.48358],[8.75504,52.48366],[8.75612,52.48407],[8.75706,52.48473],[8.75787,52.48621],[8.75828,52.48621],[8.75881,52.48588],[8.75908,52.48539],[8.75895,52.48448],[8.76003,52.48383],[8.76097,52.48374],[8.76245,52.48457],[8.76299,52.48547],[8.76474,52.48604],[8.76447,52.48637],[8.76474,52.48694],[8.76596,52.48752],[8.76649,52.48801],[8.76609,52.48867],[8.76555,52.48883],[8.7638,52.48883],[8.76353,52.489],[8.76353,52.48949],[8.7642,52.4899],[8.76542,52.49006],[8.76676,52.48932],[8.76757,52.48842],[8.76771,52.48768],[8.76717,52.48735],[8.76623,52.48719],[8.76569,52.48678],[8.76569,52.4858],[8.76649,52.4826],[8.76636,52.48194],[8.76569,52.48112],[8.76582,52.48038],[8.76717,52.47907],[8.76959,52.47767],[8.77054,52.47669],[8.77256,52.47546],[8.77471,52.47283],[8.7762,52.47176],[8.77781,52.47094],[8.77876,52.46963],[8.77997,52.46585],[8.78145,52.46405],[8.78469,52.46216],[8.78603,52.46183],[8.78805,52.46093],[8.78873,52.46043],[8.78873,52.45961],[8.78967,52.45863],[8.79008,52.45846],[8.79142,52.45855],[8.79196,52.45838],[8.79479,52.45616],[8.79547,52.45534],[8.7956,52.45428],[8.79371,52.45132],[8.79331,52.44984],[8.79358,52.44902],[8.79439,52.44828],[8.79533,52.44688],[8.79614,52.44639],[8.79668,52.44573],[8.79695,52.44573],[8.79722,52.44606],[8.79708,52.44697],[8.79479,52.44984],[8.79466,52.45124],[8.79506,52.45189],[8.79573,52.45239],[8.79776,52.45239],[8.79937,52.45198],[8.80072,52.45132],[8.80261,52.45115],[8.80395,52.45173],[8.80422,52.4528],[8.80328,52.45419],[8.80207,52.45493],[8.80005,52.45567],[8.79762,52.45748],[8.7956,52.46101],[8.7956,52.46166],[8.79627,52.46199],[8.79735,52.46191],[8.79978,52.46019],[8.80153,52.45855],[8.80261,52.45789],[8.80328,52.45789],[8.80409,52.45855],[8.80382,52.4606],[8.80436,52.46134],[8.80503,52.46175],[8.80598,52.46199],[8.81002,52.46232],[8.81042,52.46265],[8.81042,52.46339],[8.80988,52.4638],[8.80827,52.46421],[8.80503,52.46634],[8.80328,52.46684],[8.80247,52.46741],[8.7987,52.46807],[8.79749,52.46873],[8.7952,52.46914],[8.79439,52.46979],[8.79412,52.47061],[8.79412,52.47127],[8.79493,52.47209],[8.79547,52.47225],[8.79789,52.47225],[8.79937,52.47201],[8.80086,52.47201],[8.8018,52.47234],[8.80261,52.47234],[8.80315,52.47267],[8.80382,52.47267],[8.80517,52.47176],[8.80719,52.47193],[8.80773,52.47168],[8.8084,52.47168],[8.80894,52.47242],[8.81029,52.47299],[8.81056,52.47381],[8.81042,52.47505],[8.81123,52.47611],[8.81271,52.47677],[8.81325,52.47734],[8.81487,52.47759],[8.81649,52.47849],[8.81608,52.4789],[8.81554,52.4789],[8.81527,52.47915],[8.81581,52.47948],[8.81689,52.47964],[8.81837,52.48046],[8.81864,52.48087],[8.81999,52.48153],[8.82228,52.48219],[8.82376,52.48227],[8.82444,52.48202],[8.82471,52.48112],[8.8243,52.48054],[8.82363,52.4803],[8.82228,52.47931],[8.82228,52.47857],[8.82268,52.478],[8.82295,52.47669],[8.82255,52.47578],[8.82255,52.47463],[8.82174,52.47357],[8.82188,52.47193],[8.82161,52.47061],[8.82107,52.47028],[8.81891,52.46996],[8.81864,52.46979],[8.81864,52.4693],[8.81918,52.46889],[8.82039,52.46864],[8.82228,52.46889],[8.82376,52.46881],[8.82444,52.46831],[8.82471,52.46684],[8.82511,52.46634],[8.82538,52.46634],[8.82551,52.46782],[8.82417,52.46996],[8.82417,52.47078],[8.82524,52.47225],[8.82498,52.47349],[8.8243,52.47439],[8.8243,52.47496],[8.82457,52.47529],[8.82457,52.47628],[8.82538,52.47693],[8.82538,52.47792],[8.82619,52.47841],[8.8274,52.47874],[8.82794,52.47915],[8.82875,52.47923],[8.82915,52.47948],[8.82875,52.48087],[8.82942,52.48136],[8.83077,52.48169],[8.83212,52.48169],[8.83252,52.48145],[8.83252,52.48038],[8.83293,52.48013],[8.83346,52.48013],[8.83602,52.48112],[8.83724,52.48202],[8.84007,52.48301],[8.84061,52.48333],[8.84128,52.48448],[8.84451,52.48604],[8.84505,52.48768],[8.84667,52.48875],[8.84856,52.48916],[8.85125,52.48916],[8.85502,52.48859],[8.85597,52.48875],[8.85624,52.48924],[8.85691,52.48949],[8.85691,52.48982],[8.85853,52.49047],[8.85866,52.49113],[8.85987,52.49187],[8.85947,52.4922],[8.85961,52.49449],[8.85893,52.49548],[8.85772,52.49654],[8.85772,52.49704],[8.85812,52.49745],[8.86136,52.4981],[8.86392,52.49761],[8.86432,52.49736],[8.86432,52.49638],[8.86324,52.49564],[8.86297,52.49507],[8.86311,52.49466],[8.86365,52.49433],[8.86338,52.49359],[8.86378,52.49359],[8.86419,52.49392],[8.86648,52.49433],[8.86715,52.49474],[8.86648,52.49581],[8.86661,52.49663],[8.86742,52.49777],[8.86823,52.49827],[8.86971,52.49868],[8.87025,52.49909],[8.87025,52.49983],[8.86971,52.50032],[8.86971,52.50089],[8.87012,52.5013],[8.87119,52.50179],[8.87133,52.5022],[8.87187,52.50253],[8.87295,52.50253],[8.87389,52.5022],[8.87443,52.50229],[8.87443,52.50286],[8.8751,52.50352],[8.87577,52.50335],[8.87618,52.50237],[8.87699,52.50319],[8.87739,52.50302],[8.87739,52.50245],[8.87793,52.50212],[8.8817,52.50278],[8.88251,52.50229],[8.88413,52.50245],[8.88494,52.50212],[8.88602,52.5022],[8.88736,52.50155],[8.88885,52.50163],[8.88992,52.50106],[8.89127,52.50114],[8.89235,52.50048],[8.89356,52.50065],[8.89653,52.50065],[8.89706,52.50081],[8.89801,52.50171],[8.89895,52.50212],[8.9007,52.50212],[8.90165,52.50188],[8.90286,52.50196],[8.90205,52.50253],[8.90124,52.50458],[8.89909,52.50672],[8.89868,52.50877],[8.89801,52.50918],[8.89747,52.50926],[8.89639,52.50918],[8.89545,52.50885],[8.8945,52.50885],[8.8937,52.50934],[8.89397,52.50983],[8.89531,52.50991],[8.89572,52.51024],[8.89733,52.51016],[8.8976,52.51032],[8.8976,52.51164],[8.89801,52.51229],[8.89801,52.51311],[8.89666,52.51418],[8.89626,52.515],[8.89653,52.51516],[8.89774,52.51516],[8.89855,52.51606],[8.89976,52.5159],[8.9007,52.51598],[8.90111,52.51623],[8.90111,52.51647],[8.90016,52.51672],[8.90043,52.51713],[8.90245,52.51697],[8.90299,52.51721],[8.90299,52.51746],[8.90259,52.5177],[8.9007,52.51779],[8.89882,52.51836],[8.8972,52.51844],[8.89666,52.51893],[8.89666,52.52016],[8.89518,52.52098],[8.89289,52.52164],[8.89275,52.52221],[8.89329,52.52262],[8.89491,52.52295],[8.89639,52.52295],[8.8972,52.52344],[8.8972,52.5241],[8.89653,52.52443],[8.89477,52.52443],[8.89316,52.52377],[8.89127,52.52336],[8.88844,52.5232],[8.88682,52.52344],[8.88561,52.52402],[8.8844,52.52525],[8.88292,52.52615],[8.88157,52.52664],[8.87928,52.5282],[8.87524,52.52976],[8.87389,52.53058],[8.87335,52.53123],[8.87321,52.53213],[8.87254,52.53287],[8.87227,52.5341],[8.86931,52.53599],[8.86877,52.53762],[8.86809,52.53795],[8.86675,52.53812],[8.86621,52.53844],[8.8654,52.53943],[8.86338,52.54057],[8.86217,52.5423],[8.86136,52.54279],[8.86041,52.54303],[8.85826,52.54467],[8.85758,52.5459],[8.85758,52.54803],[8.85718,52.54828],[8.85758,52.5491],[8.85664,52.54975],[8.85691,52.55024],[8.8561,52.55065],[8.8561,52.55123],[8.8557,52.55139],[8.8557,52.55164],[8.85502,52.5518],[8.85408,52.55131],[8.85327,52.55131],[8.85273,52.55164],[8.85314,52.55295],[8.85192,52.55385],[8.85192,52.55491],[8.85233,52.55549],[8.85422,52.55639],[8.85435,52.55729],[8.85287,52.55901],[8.85273,52.5604],[8.85219,52.56114],[8.85192,52.5613],[8.83616,52.5613]],[[8.72297,52.55344],[8.72391,52.55328],[8.72405,52.55311],[8.72459,52.55328],[8.72486,52.55278],[8.7254,52.55254],[8.7254,52.55221],[8.72472,52.55188],[8.72365,52.55188],[8.72311,52.55229],[8.72311,52.55303],[8.7227,52.55319],[8.72297,52.55344]],[[8.81352,52.55156],[8.81527,52.55139],[8.81676,52.55016],[8.81837,52.54942],[8.81864,52.54877],[8.81945,52.54828],[8.81945,52.54795],[8.81905,52.54762],[8.81716,52.54746],[8.81581,52.54705],[8.81393,52.54688],[8.81258,52.54648],[8.80921,52.5459],[8.80719,52.5459],[8.80517,52.54648],[8.80355,52.54631],[8.80247,52.54672],[8.80247,52.54746],[8.80301,52.54779],[8.80463,52.54811],[8.8053,52.54852],[8.80571,52.54926],[8.80517,52.54967],[8.80369,52.54951],[8.80328,52.54975],[8.8022,52.54992],[8.8018,52.55033],[8.80207,52.55082],[8.80315,52.55082],[8.8053,52.55041],[8.80719,52.55041],[8.80827,52.55082],[8.81177,52.55098],[8.81352,52.55156]],[[8.76299,52.5441],[8.7638,52.54426],[8.76474,52.54369],[8.76488,52.54271],[8.76528,52.5423],[8.76636,52.54221],[8.76703,52.54246],[8.76771,52.54246],[8.76798,52.5423],[8.76798,52.54205],[8.76717,52.54156],[8.76542,52.54115],[8.76434,52.54025],[8.76367,52.54025],[8.7634,52.54041],[8.76353,52.54107],[8.76393,52.54131],[8.76393,52.5418],[8.76299,52.54344],[8.76299,52.5441]],[[8.82605,52.54336],[8.82646,52.54336],[8.827,52.54287],[8.82794,52.54271],[8.82821,52.54254],[8.82821,52.54205],[8.82727,52.54115],[8.82754,52.54066],[8.8274,52.54],[8.827,52.53976],[8.82498,52.53951],[8.82444,52.54025],[8.82457,52.54049],[8.82619,52.54131],[8.82619,52.5418],[8.82538,52.54254],[8.82605,52.54336]],[[8.84222,52.54148],[8.84371,52.54139],[8.84519,52.54074],[8.8464,52.5382],[8.84963,52.53517],[8.84977,52.53426],[8.84936,52.53344],[8.84883,52.53312],[8.84721,52.53312],[8.846,52.53254],[8.84627,52.53164],[8.84613,52.53082],[8.84721,52.53017],[8.85017,52.52918],[8.85125,52.52828],[8.85219,52.52787],[8.85462,52.52787],[8.8557,52.52803],[8.85866,52.52951],[8.85974,52.52943],[8.86109,52.52902],[8.86149,52.52877],[8.86163,52.52812],[8.86243,52.52779],[8.86243,52.52754],[8.86163,52.52705],[8.86163,52.52656],[8.8619,52.52639],[8.86351,52.52639],[8.86419,52.52615],[8.86432,52.52451],[8.86486,52.52377],[8.86688,52.52213],[8.8689,52.52148],[8.86917,52.52115],[8.86917,52.52041],[8.8685,52.52],[8.86756,52.51975],[8.86473,52.51967],[8.86257,52.52016],[8.86095,52.52139],[8.85893,52.52164],[8.85651,52.52238],[8.85139,52.52631],[8.85044,52.52689],[8.8495,52.52705],[8.84909,52.5273],[8.84883,52.52795],[8.84505,52.52976],[8.84371,52.53017],[8.84182,52.53041],[8.84128,52.53066],[8.84007,52.53066],[8.83872,52.53025],[8.83805,52.53025],[8.83697,52.5309],[8.83643,52.53172],[8.83495,52.53303],[8.83387,52.53312],[8.83319,52.53287],[8.83212,52.53287],[8.83131,52.5332],[8.82996,52.53525],[8.82996,52.53664],[8.83063,52.53705],[8.83225,52.53705],[8.83333,52.53754],[8.83387,52.53902],[8.83481,52.53984],[8.8371,52.53992],[8.83845,52.54017],[8.84047,52.54107],[8.84222,52.54148]],[[8.7483,52.53992],[8.75019,52.53926],[8.75046,52.53877],[8.75006,52.53853],[8.74925,52.53844],[8.7479,52.5391],[8.7479,52.53959],[8.7483,52.53992]],[[8.7731,52.53721],[8.77444,52.53721],[8.77606,52.53689],[8.77687,52.53648],[8.77701,52.53418],[8.7766,52.53353],[8.77579,52.53312],[8.7731,52.53303],[8.77188,52.53353],[8.77121,52.53476],[8.77121,52.53599],[8.77175,52.53664],[8.7731,52.53721]],[[8.82282,52.5309],[8.82349,52.53041],[8.82498,52.53017],[8.82605,52.52926],[8.82673,52.52918],[8.82727,52.52885],[8.82767,52.52836],[8.82767,52.5259],[8.82875,52.52475],[8.8305,52.51992],[8.83023,52.51811],[8.82996,52.51779],[8.82848,52.51705],[8.82754,52.51713],[8.82713,52.51738],[8.82754,52.5182],[8.82754,52.51951],[8.82713,52.51975],[8.82511,52.52016],[8.82322,52.52016],[8.82241,52.52049],[8.82241,52.5209],[8.82605,52.52303],[8.82646,52.52377],[8.82646,52.52516],[8.82592,52.52656],[8.82417,52.52738],[8.82403,52.52803],[8.82363,52.52828],[8.82174,52.52844],[8.82066,52.5291],[8.8208,52.52992],[8.82228,52.53049],[8.82282,52.5309]],[[8.78415,52.52689],[8.78522,52.52689],[8.7859,52.52648],[8.78563,52.52566],[8.78509,52.52508],[8.78496,52.52385],[8.78576,52.52279],[8.78576,52.52197],[8.78617,52.52123],[8.78496,52.52066],[8.7832,52.52066],[8.78239,52.52033],[8.78159,52.52066],[8.78118,52.52139],[8.7801,52.52205],[8.77997,52.52303],[8.77889,52.5241],[8.77916,52.52574],[8.7793,52.52623],[8.77983,52.52656],[8.7828,52.52648],[8.78415,52.52689]],[[8.80342,52.52443],[8.80409,52.52443],[8.80476,52.5241],[8.80463,52.52336],[8.80557,52.52221],[8.8053,52.52148],[8.80449,52.52107],[8.80315,52.52107],[8.80207,52.52139],[8.80099,52.52246],[8.79978,52.52287],[8.79924,52.52328],[8.79924,52.52377],[8.79951,52.52394],[8.8018,52.52402],[8.80342,52.52443]],[[8.87955,52.50844],[8.88116,52.50844],[8.88251,52.50811],[8.88372,52.50729],[8.88399,52.50655],[8.88197,52.50507],[8.88143,52.50491],[8.87941,52.50499],[8.87901,52.50442],[8.87834,52.50417],[8.87726,52.50335],[8.87699,52.50352],[8.87699,52.50409],[8.87739,52.50466],[8.87753,52.50557],[8.87699,52.5063],[8.87712,52.50729],[8.87793,52.50803],[8.87955,52.50844]],[[8.85475,52.50491],[8.8561,52.50491],[8.85691,52.5045],[8.85691,52.50376],[8.85543,52.5027],[8.85516,52.50179],[8.85597,52.50106],[8.85718,52.50081],[8.85772,52.50048],[8.85772,52.50015],[8.85718,52.49974],[8.8557,52.49966],[8.85462,52.49909],[8.85341,52.49909],[8.85246,52.49868],[8.85166,52.49859],[8.85044,52.49868],[8.84977,52.49917],[8.84977,52.49966],[8.85031,52.50024],[8.85017,52.50229],[8.85085,52.50278],[8.85098,52.5036],[8.85206,52.50425],[8.85475,52.50491]]]}},{"type":"Feature","properties":{"slice":"boden","kind":"hochmoor"},"geometry":{"type":"Polygon","coordinates":[[[8.95393,52.45567],[8.95393,52.45501],[8.95312,52.45395],[8.95312,52.4528],[8.9542,52.45099],[8.95393,52.44976],[8.95447,52.44918],[8.95487,52.44803],[8.95379,52.44664],[8.95366,52.44072],[8.95406,52.44031],[8.95568,52.44015],[8.95635,52.4399],[8.95757,52.44031],[8.95851,52.44097],[8.95851,52.4413],[8.95743,52.44253],[8.95743,52.44327],[8.95811,52.44417],[8.95797,52.44615],[8.95945,52.44828],[8.95945,52.44943],[8.95864,52.45091],[8.95743,52.45173],[8.95622,52.45296],[8.95514,52.45362],[8.95514,52.45428],[8.95568,52.45477],[8.95555,52.45518],[8.95514,52.45542],[8.95393,52.45567]]]}},{"type":"Feature","properties":{"slice":"boden","kind":"hochmoor"},"geometry":{"type":"Polygon","coordinates":[[[9.11104,52.44253],[9.10983,52.44229],[9.10727,52.44229],[9.10606,52.44196],[9.10309,52.44171],[9.10215,52.44064],[9.1008,52.44015],[9.10714,52.43711],[9.10767,52.4367],[9.10808,52.43654],[9.10889,52.43662],[9.10997,52.43719],[9.11024,52.43785],[9.1101,52.43884],[9.11145,52.43941],[9.11293,52.43966],[9.1136,52.44007],[9.1136,52.44048],[9.11212,52.44048],[9.11158,52.44072],[9.11145,52.44114],[9.11212,52.44171],[9.11226,52.44212],[9.11185,52.44245],[9.11104,52.44253]]]}},{"type":"Feature","properties":{"slice":"boden","kind":"hochmoor"},"geometry":{"type":"Polygon","coordinates":[[[8.72405,52.44951],[8.72284,52.44861],[8.72095,52.445],[8.7196,52.44442],[8.71731,52.4422],[8.71664,52.44056],[8.71583,52.4399],[8.7161,52.43752],[8.71677,52.43703],[8.71812,52.43654],[8.71839,52.43555],[8.71906,52.4358],[8.71987,52.4367],[8.72095,52.43736],[8.72284,52.4376],[8.72607,52.43736],[8.72715,52.43703],[8.72796,52.43637],[8.72877,52.43604],[8.72957,52.43604],[8.73092,52.43654],[8.73213,52.4367],[8.73227,52.43711],[8.73146,52.43744],[8.73146,52.43801],[8.73079,52.43851],[8.73079,52.43933],[8.73106,52.43966],[8.73213,52.4404],[8.73442,52.44278],[8.73496,52.44286],[8.73523,52.4427],[8.73564,52.44163],[8.73672,52.44163],[8.73739,52.44187],[8.73779,52.44229],[8.73766,52.4427],[8.73591,52.44368],[8.73537,52.44483],[8.73537,52.44565],[8.73469,52.44639],[8.73335,52.44664],[8.73079,52.44664],[8.73011,52.44647],[8.7285,52.44664],[8.72567,52.4482],[8.72526,52.44918],[8.72472,52.44951],[8.72405,52.44951]]]}},{"type":"Feature","properties":{"slice":"boden","kind":"hochmoor"},"geometry":{"type":"Polygon","coordinates":[[[8.77054,52.43539],[8.76946,52.43481],[8.76946,52.43456],[8.76986,52.43423],[8.77067,52.43415],[8.77148,52.43366],[8.77188,52.433],[8.77188,52.43243],[8.77256,52.43226],[8.77337,52.43284],[8.77337,52.43333],[8.77215,52.43423],[8.77108,52.43432],[8.7704,52.43465],[8.77067,52.43506],[8.77054,52.43539]]]}},{"type":"Feature","properties":{"slice":"boden","kind":"hochmoor"},"geometry":{"type":"Polygon","coordinates":[[[8.87092,52.43432],[8.87052,52.43333],[8.86931,52.43276],[8.87092,52.43251],[8.87173,52.43202],[8.87362,52.43136],[8.87443,52.43087],[8.87483,52.43013],[8.87685,52.43021],[8.87739,52.43004],[8.87712,52.4307],[8.87658,52.4312],[8.87295,52.43292],[8.87092,52.43432]]]}},{"type":"Feature","properties":{"slice":"boden","kind":"hochmoor"},"geometry":{"type":"Polygon","coordinates":[[[8.77458,52.44015],[8.77377,52.44007],[8.77283,52.43966],[8.77283,52.43826],[8.77391,52.43769],[8.77552,52.43752],[8.77579,52.43736],[8.77593,52.4367],[8.77674,52.4367],[8.77727,52.43711],[8.77781,52.43711],[8.77822,52.43686],[8.77795,52.43596],[8.77849,52.43522],[8.77808,52.43423],[8.77916,52.43366],[8.77916,52.43259],[8.78064,52.43152],[8.78145,52.43136],[8.78239,52.43087],[8.78374,52.42881],[8.78415,52.42857],[8.78455,52.42857],[8.78496,52.42906],[8.78563,52.42906],[8.78657,52.42848],[8.78765,52.42816],[8.78859,52.42816],[8.79021,52.42857],[8.79075,52.42939],[8.78994,52.43095],[8.78954,52.43103],[8.78886,52.43046],[8.78778,52.43037],[8.78711,52.43013],[8.78644,52.43013],[8.78617,52.43029],[8.78644,52.43128],[8.78522,52.43152],[8.78455,52.43185],[8.78469,52.43267],[8.78428,52.43308],[8.78428,52.43415],[8.78293,52.43497],[8.78266,52.4358],[8.78159,52.43637],[8.78118,52.43711],[8.78051,52.43711],[8.7797,52.4367],[8.77943,52.43686],[8.7797,52.43727],[8.77808,52.43818],[8.77849,52.43949],[8.77781,52.4399],[8.77458,52.44015]]]}},{"type":"Feature","properties":{"slice":"boden","kind":"hochmoor"},"geometry":{"type":"Polygon","coordinates":[[[8.92361,52.43185],[8.92321,52.43078],[8.92159,52.43037],[8.91822,52.43013],[8.91674,52.43078],[8.91135,52.43046],[8.91189,52.42898],[8.91162,52.42816],[8.91175,52.42742],[8.91229,52.42709],[8.91431,52.42668],[8.91512,52.42577],[8.91593,52.42561],[8.91687,52.42602],[8.91741,52.42659],[8.91755,52.42742],[8.91809,52.42807],[8.91984,52.42898],[8.92415,52.42922],[8.92604,52.42881],[8.92765,52.42873],[8.929,52.42824],[8.92927,52.42939],[8.92873,52.43021],[8.92765,52.43021],[8.92644,52.43054],[8.92455,52.43054],[8.92415,52.43078],[8.92415,52.43169],[8.92401,52.43185],[8.92361,52.43185]]]}},{"type":"Feature","properties":{"slice":"boden","kind":"hochmoor"},"geometry":{"type":"Polygon","coordinates":[[[8.27817,52.4284],[8.27817,52.42692],[8.2779,52.42651],[8.27817,52.42536],[8.28033,52.42364],[8.28235,52.42298],[8.28181,52.42462],[8.28073,52.4252],[8.28073,52.42553],[8.28127,52.42594],[8.28127,52.42618],[8.28087,52.42635],[8.28114,52.42684],[8.28073,52.42758],[8.27992,52.42824],[8.27817,52.4284]]]}},{"type":"Feature","properties":{"slice":"boden","kind":"hochmoor"},"geometry":{"type":"Polygon","coordinates":[[[8.2872,52.4247],[8.28774,52.42405],[8.28801,52.42257],[8.28868,52.42134],[8.28922,52.42142],[8.28935,52.42232],[8.28962,52.42249],[8.29205,52.42265],[8.29218,52.42314],[8.29003,52.42355],[8.28922,52.42413],[8.28895,52.4247],[8.2872,52.4247]]]}},{"type":"Feature","properties":{"slice":"boden","kind":"hochmoor"},"geometry":{"type":"Polygon","coordinates":[[[8.78051,52.42191],[8.77997,52.42175],[8.7797,52.42134],[8.7793,52.42158],[8.77889,52.42158],[8.77849,52.42142],[8.77849,52.42117],[8.77889,52.42101],[8.78024,52.42125],[8.78159,52.42117],[8.78253,52.42166],[8.78239,52.42191],[8.78186,52.42158],[8.78051,52.42191]]]}},{"type":"Feature","properties":{"slice":"boden","kind":"hochmoor"},"geometry":{"type":"Polygon","coordinates":[[[8.28302,52.42207],[8.28275,52.42191],[8.28302,52.4215],[8.2841,52.42101],[8.28477,52.42027],[8.28531,52.42027],[8.28612,52.42084],[8.28599,52.42117],[8.28558,52.42142],[8.28437,52.42158],[8.28302,52.42207]]]}},{"type":"Feature","properties":{"slice":"boden","kind":"hochmoor"},"geometry":{"type":"Polygon","coordinates":[[[8.71098,52.42454],[8.70882,52.42388],[8.70734,52.42281],[8.70694,52.42232],[8.70626,52.41994],[8.70465,52.41829],[8.70478,52.41772],[8.70559,52.4169],[8.70734,52.41649],[8.7095,52.41682],[8.71044,52.41739],[8.71084,52.41813],[8.71165,52.42101],[8.71152,52.42339],[8.71098,52.42454]]]}},{"type":"Feature","properties":{"slice":"boden","kind":"hochmoor"},"geometry":{"type":"Polygon","coordinates":[[[8.29448,52.42207],[8.29367,52.42166],[8.29232,52.42175],[8.29191,52.42142],[8.29124,52.42142],[8.28989,52.42051],[8.29205,52.4192],[8.29232,52.41879],[8.29313,52.41829],[8.29488,52.41813],[8.29542,52.41788],[8.29596,52.41731],[8.29663,52.41583],[8.2973,52.41591],[8.29771,52.41616],[8.29784,52.41731],[8.29677,52.41895],[8.29474,52.41912],[8.29434,52.41936],[8.29434,52.42027],[8.29461,52.42068],[8.29501,52.42092],[8.29582,52.42092],[8.29663,52.4206],[8.29663,52.42092],[8.29542,52.42183],[8.29448,52.42207]]]}},{"type":"Feature","properties":{"slice":"boden","kind":"hochmoor"},"geometry":{"type":"Polygon","coordinates":[[[8.76501,52.41953],[8.76393,52.41936],[8.76434,52.41903],[8.76393,52.41805],[8.76407,52.4178],[8.76474,52.41755],[8.76474,52.41731],[8.76555,52.41706],[8.76528,52.41673],[8.76569,52.41657],[8.76569,52.41624],[8.76515,52.41608],[8.76515,52.41583],[8.76649,52.41558],[8.76609,52.41591],[8.76663,52.41608],[8.76717,52.41575],[8.76825,52.41558],[8.76838,52.41575],[8.76811,52.41591],[8.7669,52.41616],[8.76663,52.41649],[8.76569,52.4169],[8.76596,52.41714],[8.76569,52.41739],[8.76582,52.41797],[8.76501,52.41838],[8.76501,52.41953]]]}},{"type":"Feature","properties":{"slice":"boden","kind":"hochmoor"},"geometry":{"type":"Polygon","coordinates":[[[8.29906,52.42857],[8.29757,52.42816],[8.29744,52.42783],[8.29623,52.427],[8.29596,52.4247],[8.29623,52.42405],[8.2969,52.42421],[8.29717,52.42396],[8.29623,52.42364],[8.29569,52.42364],[8.29555,52.42331],[8.2969,52.42265],[8.29798,52.42158],[8.29879,52.42117],[8.29865,52.42068],[8.29946,52.42068],[8.30094,52.42027],[8.30175,52.41994],[8.30283,52.41912],[8.30404,52.41871],[8.30499,52.4192],[8.30539,52.41912],[8.30606,52.41821],[8.30701,52.41813],[8.30755,52.41788],[8.30755,52.41772],[8.30674,52.41739],[8.30216,52.41739],[8.30175,52.41723],[8.30162,52.41673],[8.30081,52.41649],[8.30027,52.41608],[8.30027,52.41558],[8.30081,52.41501],[8.30054,52.41287],[8.30216,52.41188],[8.3031,52.41172],[8.3035,52.41147],[8.3035,52.41123],[8.30377,52.41123],[8.30458,52.41188],[8.30606,52.41229],[8.30822,52.41345],[8.31253,52.4146],[8.31294,52.41484],[8.31294,52.41509],[8.31267,52.4155],[8.31132,52.41608],[8.31145,52.41731],[8.31038,52.41821],[8.31024,52.41862],[8.30984,52.41879],[8.30835,52.41871],[8.30782,52.41887],[8.30755,52.41903],[8.30755,52.41986],[8.30633,52.4206],[8.30364,52.42084],[8.30337,52.42101],[8.30337,52.4215],[8.30189,52.42232],[8.30162,52.42323],[8.30135,52.42339],[8.3004,52.42331],[8.29892,52.42281],[8.29811,52.42281],[8.29771,52.42306],[8.29798,52.42479],[8.29865,52.42544],[8.29798,52.42709],[8.29865,52.42758],[8.29973,52.42791],[8.3,52.42824],[8.29986,52.42848],[8.29906,52.42857]]]}},{"type":"Feature","properties":{"slice":"boden","kind":"hochmoor"},"geometry":{"type":"Polygon","coordinates":[[[8.81096,52.40892],[8.81042,52.4086],[8.81042,52.4081],[8.81083,52.40769],[8.81069,52.40728],[8.81137,52.40703],[8.8115,52.40769],[8.81204,52.4081],[8.81204,52.4086],[8.81177,52.40884],[8.81096,52.40892]]]}},{"type":"Feature","properties":{"slice":"boden","kind":"hochmoor"},"geometry":{"type":"Polygon","coordinates":[[[8.31011,52.40597],[8.30984,52.40564],[8.31064,52.40547],[8.31118,52.40506],[8.31267,52.40506],[8.3132,52.40572],[8.3132,52.40588],[8.31159,52.4058],[8.31011,52.40597]]]}},{"type":"Feature","properties":{"slice":"boden","kind":"hochmoor"},"geometry":{"type":"Polygon","coordinates":[[[8.89895,52.41903],[8.89882,52.41871],[8.89841,52.41854],[8.89841,52.41813],[8.89882,52.41797],[8.89922,52.41731],[8.89936,52.41566],[8.90016,52.41509],[8.90043,52.4146],[8.9003,52.41353],[8.90124,52.41246],[8.90165,52.41147],[8.90165,52.40999],[8.90299,52.40851],[8.90313,52.40802],[8.90272,52.40761],[8.90178,52.40777],[8.90111,52.40819],[8.90057,52.40827],[8.90016,52.40876],[8.89909,52.40934],[8.89841,52.40925],[8.89841,52.40876],[8.89895,52.4081],[8.90245,52.40613],[8.90434,52.40564],[8.90677,52.40457],[8.90731,52.40416],[8.90973,52.40399],[8.90852,52.40449],[8.90811,52.40506],[8.90704,52.40572],[8.90528,52.40613],[8.90367,52.40728],[8.90367,52.4086],[8.90286,52.4095],[8.90286,52.41049],[8.90259,52.41057],[8.90259,52.41082],[8.9034,52.41098],[8.90582,52.41073],[8.9065,52.41106],[8.9065,52.41139],[8.90515,52.41172],[8.90286,52.4118],[8.90245,52.41205],[8.90232,52.41279],[8.90178,52.41345],[8.90178,52.4146],[8.90124,52.41509],[8.90124,52.41616],[8.90097,52.4164],[8.90097,52.41714],[8.90151,52.41747],[8.90151,52.41797],[8.90016,52.41838],[8.89895,52.41903]]]}},{"type":"Feature","properties":{"slice":"boden","kind":"hochmoor"},"geometry":{"type":"Polygon","coordinates":[[[8.93493,52.40449],[8.93479,52.40399],[8.93426,52.40358],[8.93506,52.40309],[8.9352,52.40218],[8.93493,52.40161],[8.9352,52.40161],[8.93682,52.40194],[8.93695,52.40227],[8.93533,52.40432],[8.93493,52.40449]]]}},{"type":"Feature","properties":{"slice":"boden","kind":"hochmoor"},"geometry":{"type":"Polygon","coordinates":[[[8.28289,52.41755],[8.28235,52.41747],[8.281,52.41657],[8.28181,52.41583],[8.28154,52.41566],[8.28127,52.41583],[8.2806,52.41583],[8.28033,52.41558],[8.27952,52.4155],[8.27911,52.41517],[8.27804,52.41517],[8.27723,52.41558],[8.27453,52.41517],[8.27426,52.41534],[8.27197,52.41558],[8.27062,52.41591],[8.26941,52.41591],[8.26847,52.41558],[8.26793,52.41476],[8.2686,52.41377],[8.26968,52.41369],[8.27116,52.41328],[8.27211,52.41271],[8.27211,52.41221],[8.27197,52.41197],[8.27062,52.41131],[8.26901,52.41106],[8.2682,52.41049],[8.26793,52.40999],[8.2678,52.40934],[8.2682,52.40835],[8.26955,52.40736],[8.26995,52.40679],[8.26968,52.40629],[8.26914,52.40605],[8.26874,52.40555],[8.26766,52.40481],[8.26739,52.40481],[8.26739,52.40112],[8.2686,52.40103],[8.27143,52.40161],[8.27278,52.40161],[8.2748,52.40194],[8.2779,52.40186],[8.27911,52.40202],[8.28019,52.40251],[8.28046,52.40358],[8.28114,52.40399],[8.2845,52.40465],[8.28585,52.40539],[8.28612,52.40572],[8.28612,52.40654],[8.28652,52.40671],[8.28666,52.40712],[8.2876,52.40753],[8.28774,52.4081],[8.28693,52.4086],[8.28572,52.41008],[8.28518,52.41139],[8.28383,52.41213],[8.28329,52.41213],[8.28221,52.41131],[8.28194,52.41016],[8.28248,52.4095],[8.28248,52.4086],[8.2814,52.40786],[8.28114,52.40786],[8.28154,52.40753],[8.28114,52.40736],[8.281,52.40703],[8.28033,52.40687],[8.28006,52.40646],[8.27952,52.40646],[8.27925,52.40662],[8.27952,52.40687],[8.27938,52.40736],[8.27857,52.40745],[8.27831,52.40736],[8.27857,52.40712],[8.27844,52.40671],[8.2779,52.40654],[8.27723,52.40687],[8.27709,52.40736],[8.27655,52.40736],[8.27655,52.40695],[8.27696,52.40679],[8.27696,52.40621],[8.27736,52.4058],[8.27723,52.40514],[8.27763,52.40498],[8.27736,52.40465],[8.27534,52.40449],[8.27426,52.4049],[8.27413,52.40597],[8.2744,52.40613],[8.2748,52.40588],[8.27534,52.40605],[8.27642,52.40605],[8.27655,52.40638],[8.27575,52.40712],[8.27575,52.40745],[8.27507,52.40712],[8.2744,52.40745],[8.2744,52.40777],[8.2748,52.4081],[8.27359,52.40802],[8.27251,52.40851],[8.27265,52.40991],[8.27238,52.41024],[8.27238,52.41114],[8.27278,52.41139],[8.27278,52.41229],[8.27224,52.41246],[8.27265,52.41377],[8.27211,52.41427],[8.27211,52.41476],[8.27265,52.41501],[8.27494,52.41476],[8.27682,52.41419],[8.27804,52.41295],[8.27884,52.41279],[8.27979,52.41295],[8.2806,52.41336],[8.2806,52.41435],[8.281,52.41493],[8.28208,52.4155],[8.28302,52.41558],[8.2841,52.41591],[8.28437,52.41616],[8.28396,52.41723],[8.28289,52.41755]]]}},{"type":"Feature","properties":{"slice":"boden","kind":"hochmoor"},"geometry":{"type":"Polygon","coordinates":[[[8.33113,52.39832],[8.32978,52.39758],[8.32964,52.39684],[8.33032,52.39651],[8.3318,52.39643],[8.33193,52.39832],[8.33113,52.39832]]]}},{"type":"Feature","properties":{"slice":"boden","kind":"hochmoor"},"geometry":{"type":"Polygon","coordinates":[[[8.28585,52.4026],[8.28545,52.4021],[8.28491,52.40186],[8.28518,52.4012],[8.28491,52.40038],[8.28518,52.39857],[8.28491,52.39791],[8.2845,52.39766],[8.28464,52.39684],[8.28383,52.39635],[8.28383,52.3961],[8.2845,52.39577],[8.28545,52.39585],[8.28585,52.39635],[8.28585,52.39651],[8.28491,52.39692],[8.28491,52.39766],[8.28572,52.39881],[8.28545,52.40062],[8.28599,52.40144],[8.28639,52.40128],[8.28626,52.40029],[8.28693,52.39972],[8.28693,52.39939],[8.28626,52.39857],[8.28626,52.39774],[8.28693,52.397],[8.2876,52.39692],[8.28787,52.39709],[8.28706,52.39807],[8.28693,52.39865],[8.28733,52.39922],[8.28733,52.39972],[8.28666,52.40021],[8.28652,52.4007],[8.28652,52.40112],[8.28706,52.40144],[8.28706,52.40169],[8.28626,52.40177],[8.28585,52.40202],[8.28585,52.4026]]]}},{"type":"Feature","properties":{"slice":"boden","kind":"hochmoor"},"geometry":{"type":"Polygon","coordinates":[[[8.31873,52.39659],[8.31792,52.39602],[8.31738,52.39478],[8.31738,52.39429],[8.31779,52.39396],[8.31886,52.39413],[8.32008,52.39503],[8.32008,52.39561],[8.31954,52.39635],[8.31873,52.39659]]]}},{"type":"Feature","properties":{"slice":"boden","kind":"hochmoor"},"geometry":{"type":"Polygon","coordinates":[[[8.30202,52.3933],[8.30162,52.39281],[8.3004,52.39273],[8.3004,52.39248],[8.30108,52.39248],[8.30162,52.39215],[8.30121,52.39166],[8.30148,52.39125],[8.30189,52.39133],[8.30189,52.39166],[8.30229,52.39191],[8.30445,52.39248],[8.30445,52.39281],[8.30364,52.39281],[8.3035,52.39265],[8.30283,52.39256],[8.30256,52.39273],[8.30269,52.39314],[8.30202,52.3933]]]}},{"type":"Feature","properties":{"slice":"boden","kind":"hochmoor"},"geometry":{"type":"Polygon","coordinates":[[[8.30135,52.39108],[8.30121,52.39076],[8.30162,52.39002],[8.30243,52.38969],[8.3035,52.38952],[8.30364,52.39002],[8.3031,52.3901],[8.30283,52.39043],[8.30243,52.39034],[8.30135,52.39108]]]}},{"type":"Feature","properties":{"slice":"boden","kind":"hochmoor"},"geometry":{"type":"Polygon","coordinates":[[[8.31401,52.38862],[8.31361,52.38829],[8.31455,52.38804],[8.31482,52.38779],[8.31644,52.38812],[8.3163,52.38845],[8.31401,52.38862]]]}},{"type":"Feature","properties":{"slice":"boden","kind":"hochmoor"},"geometry":{"type":"Polygon","coordinates":[[[8.32331,52.38853],[8.32223,52.38829],[8.32021,52.38821],[8.31967,52.38796],[8.31967,52.38771],[8.31994,52.38755],[8.32089,52.38771],[8.3225,52.38755],[8.32358,52.38779],[8.32749,52.38771],[8.3283,52.38812],[8.32803,52.38853],[8.32668,52.38829],[8.32493,52.38853],[8.32331,52.38853]]]}},{"type":"Feature","properties":{"slice":"boden","kind":"hochmoor"},"geometry":{"type":"Polygon","coordinates":[[[8.28396,52.38599],[8.28383,52.38557],[8.28437,52.38508],[8.28491,52.38492],[8.28572,52.38492],[8.28599,52.38508],[8.28558,52.38557],[8.28396,52.38599]]]}},{"type":"Feature","properties":{"slice":"boden","kind":"hochmoor"},"geometry":{"type":"Polygon","coordinates":[[[8.29138,52.38607],[8.29084,52.38541],[8.28935,52.38549],[8.28895,52.38533],[8.28882,52.385],[8.28922,52.38475],[8.29016,52.38492],[8.29138,52.38492],[8.29165,52.38475],[8.29245,52.38492],[8.29421,52.38483],[8.29461,52.385],[8.29434,52.38549],[8.29286,52.38557],[8.29191,52.38607],[8.29138,52.38607]]]}},{"type":"Feature","properties":{"slice":"boden","kind":"hochmoor"},"geometry":{"type":"Polygon","coordinates":[[[8.29016,52.38418],[8.28774,52.38376],[8.2876,52.38352],[8.28989,52.38344],[8.29057,52.3836],[8.29084,52.38409],[8.29016,52.38418]]]}},{"type":"Feature","properties":{"slice":"boden","kind":"hochmoor"},"geometry":{"type":"Polygon","coordinates":[[[8.27682,52.38418],[8.27655,52.38401],[8.27669,52.38335],[8.27804,52.38253],[8.27871,52.38237],[8.27938,52.38245],[8.27952,52.38261],[8.27898,52.38294],[8.27844,52.38385],[8.27682,52.38418]]]}},{"type":"Feature","properties":{"slice":"boden","kind":"hochmoor"},"geometry":{"type":"Polygon","coordinates":[[[8.28262,52.38245],[8.28127,52.38179],[8.2806,52.38179],[8.28046,52.3813],[8.28221,52.38122],[8.28356,52.38146],[8.28383,52.38163],[8.28383,52.38204],[8.28329,52.38237],[8.28262,52.38245]]]}},{"type":"Feature","properties":{"slice":"boden","kind":"hochmoor"},"geometry":{"type":"Polygon","coordinates":[[[8.27965,52.37883],[8.27925,52.37809],[8.2779,52.37834],[8.27709,52.37825],[8.2775,52.37694],[8.27817,52.37661],[8.27992,52.37686],[8.28046,52.37636],[8.28033,52.37554],[8.2806,52.37529],[8.28127,52.37505],[8.28208,52.37513],[8.28275,52.37562],[8.28262,52.37677],[8.28289,52.37702],[8.28289,52.3776],[8.28181,52.37825],[8.2814,52.37825],[8.28046,52.37776],[8.28019,52.37793],[8.28033,52.37858],[8.28006,52.37883],[8.27965,52.37883]]]}},{"type":"Feature","properties":{"slice":"boden","kind":"hochmoor"},"geometry":{"type":"Polygon","coordinates":[[[8.26739,52.37899],[8.26739,52.37315],[8.2682,52.37315],[8.26928,52.3734],[8.26982,52.37389],[8.26968,52.37677],[8.26874,52.37735],[8.26833,52.37817],[8.26739,52.37899]]]}},{"type":"Feature","properties":{"slice":"boden","kind":"hochmoor"},"geometry":{"type":"Polygon","coordinates":[[[8.70209,52.3441],[8.70182,52.34386],[8.70168,52.34238],[8.69993,52.34139],[8.69899,52.34139],[8.69804,52.34196],[8.6971,52.34196],[8.69683,52.3418],[8.69629,52.34098],[8.69656,52.33941],[8.6975,52.33875],[8.69872,52.33842],[8.70006,52.33768],[8.70033,52.33702],[8.70101,52.33645],[8.70182,52.33637],[8.70236,52.33587],[8.7033,52.33571],[8.70397,52.33538],[8.70438,52.33423],[8.70667,52.33431],[8.70761,52.33381],[8.70815,52.33307],[8.70815,52.332],[8.70774,52.33143],[8.70586,52.33036],[8.71071,52.32986],[8.71111,52.32953],[8.71098,52.32896],[8.71017,52.32871],[8.70801,52.32863],[8.70438,52.32887],[8.70289,52.3292],[8.70074,52.32937],[8.69481,52.33159],[8.69023,52.33299],[8.68578,52.33513],[8.68511,52.3353],[8.68403,52.33604],[8.68282,52.33637],[8.68174,52.33694],[8.67864,52.33801],[8.67783,52.33801],[8.67729,52.33777],[8.67729,52.33727],[8.67797,52.33628],[8.67756,52.33373],[8.67608,52.33176],[8.675,52.33101],[8.67338,52.32937],[8.67325,52.32723],[8.67365,52.32665],[8.67379,52.32566],[8.67568,52.32352],[8.67891,52.32121],[8.67999,52.32072],[8.68511,52.31973],[8.69979,52.31965],[8.70249,52.31948],[8.70438,52.31957],[8.70572,52.3194],[8.70815,52.31874],[8.70855,52.31841],[8.713,52.31677],[8.71718,52.31611],[8.72432,52.31578],[8.72567,52.31545],[8.72904,52.31405],[8.73119,52.31355],[8.73389,52.31372],[8.73537,52.31364],[8.73618,52.31339],[8.73806,52.31339],[8.73901,52.31355],[8.74008,52.31397],[8.74089,52.31471],[8.74318,52.31586],[8.7475,52.31635],[8.74857,52.31685],[8.74884,52.31726],[8.74871,52.31784],[8.74655,52.31891],[8.74413,52.32113],[8.74076,52.32278],[8.73847,52.32327],[8.73456,52.32327],[8.73267,52.32368],[8.72998,52.32377],[8.72782,52.32451],[8.72674,52.32533],[8.72459,52.32821],[8.72351,52.32912],[8.72041,52.33052],[8.7192,52.33126],[8.71785,52.33332],[8.71448,52.33439],[8.71394,52.33554],[8.71462,52.33645],[8.71462,52.33686],[8.71381,52.33768],[8.71367,52.33859],[8.71421,52.33925],[8.71462,52.33941],[8.71462,52.33999],[8.71408,52.34015],[8.71179,52.34015],[8.71098,52.34065],[8.71057,52.34139],[8.71071,52.34271],[8.71017,52.34303],[8.70963,52.34303],[8.70936,52.34139],[8.70828,52.34056],[8.7068,52.33999],[8.70653,52.33834],[8.70613,52.33818],[8.70505,52.33908],[8.7033,52.33933],[8.70276,52.33966],[8.70289,52.34081],[8.70357,52.34139],[8.70357,52.34196],[8.70276,52.34279],[8.70276,52.34394],[8.70262,52.3441],[8.70209,52.3441]]]}},{"type":"Feature","properties":{"slice":"boden","kind":"niedermoor"},"geometry":{"type":"Polygon","coordinates":[[[8.60547,52.5613],[8.60547,52.56073],[8.60507,52.56048],[8.60332,52.56073],[8.60278,52.56032],[8.60291,52.55991],[8.60439,52.55991],[8.6048,52.56016],[8.60561,52.56024],[8.60615,52.56065],[8.60695,52.56065],[8.60709,52.56048],[8.60776,52.5604],[8.60871,52.56065],[8.60978,52.56122],[8.60871,52.5613],[8.6079,52.56098],[8.60695,52.56098],[8.60668,52.5613],[8.60547,52.5613]]]}},{"type":"Feature","properties":{"slice":"boden","kind":"niedermoor"},"geometry":{"type":"Polygon","coordinates":[[[9.14298,52.5613],[9.14109,52.56065],[9.13921,52.5604],[9.13772,52.56048],[9.13718,52.56073],[9.13557,52.56073],[9.13489,52.56057],[9.13422,52.56008],[9.13395,52.5595],[9.13395,52.5586],[9.13435,52.55811],[9.13476,52.55778],[9.13557,52.5577],[9.1353,52.55836],[9.13476,52.55876],[9.13476,52.5595],[9.1353,52.56016],[9.13584,52.5604],[9.13705,52.5604],[9.13921,52.55999],[9.13974,52.56016],[9.14109,52.56016],[9.14487,52.56114],[9.14648,52.56122],[9.14298,52.5613]]]}},{"type":"Feature","properties":{"slice":"boden","kind":"niedermoor"},"geometry":{"type":"Polygon","coordinates":[[[9.00109,52.5613],[9.00001,52.56081],[8.99799,52.56032],[8.99624,52.56024],[8.9953,52.55975],[8.9953,52.55844],[8.99597,52.55803],[8.99651,52.55713],[8.99637,52.55606],[8.99557,52.55557],[8.99624,52.55565],[8.99718,52.55639],[8.99705,52.55754],[8.99664,52.55819],[8.99583,52.55876],[8.99583,52.55958],[8.99678,52.55991],[8.99813,52.55991],[8.99947,52.56016],[9.00082,52.56089],[9.00217,52.56122],[9.00109,52.5613]]]}},{"type":"Feature","properties":{"slice":"boden","kind":"niedermoor"},"geometry":{"type":"Polygon","coordinates":[[[8.69562,52.5613],[8.69683,52.55917],[8.69953,52.55729],[8.7002,52.55704],[8.70209,52.55696],[8.70397,52.55598],[8.70505,52.55483],[8.70694,52.55549],[8.70667,52.55803],[8.70707,52.55844],[8.70801,52.55844],[8.70828,52.55876],[8.70707,52.55999],[8.70599,52.56073],[8.70572,52.5613],[8.69562,52.5613]]]}},{"type":"Feature","properties":{"slice":"boden","kind":"niedermoor"},"geometry":{"type":"Polygon","coordinates":[[[8.72014,52.55491],[8.71974,52.55459],[8.71785,52.55418],[8.71718,52.55418],[8.71637,52.55467],[8.71583,52.55467],[8.7157,52.55418],[8.71583,52.5536],[8.71623,52.55336],[8.71879,52.55287],[8.7196,52.55221],[8.71947,52.55139],[8.72041,52.55131],[8.72014,52.55156],[8.72014,52.55254],[8.71987,52.55287],[8.72014,52.55352],[8.71987,52.55442],[8.72028,52.55467],[8.72014,52.55491]]]}},{"type":"Feature","properties":{"slice":"boden","kind":"niedermoor"},"geometry":{"type":"Polygon","coordinates":[[[8.71826,52.5613],[8.71826,52.55868],[8.7192,52.55827],[8.72122,52.5586],[8.72189,52.55786],[8.72311,52.55778],[8.72351,52.55754],[8.72351,52.55729],[8.72513,52.55762],[8.72661,52.55836],[8.73119,52.5577],[8.73227,52.55696],[8.7324,52.55647],[8.732,52.55582],[8.73227,52.55541],[8.73294,52.55549],[8.73389,52.55623],[8.73523,52.55655],[8.73604,52.55655],[8.73699,52.55721],[8.73766,52.55729],[8.73995,52.55655],[8.74305,52.5559],[8.74386,52.55508],[8.74507,52.55467],[8.74547,52.55393],[8.74642,52.55352],[8.74588,52.55237],[8.74615,52.55188],[8.74709,52.55147],[8.7475,52.55057],[8.74844,52.55008],[8.74871,52.54942],[8.75059,52.54926],[8.75113,52.54893],[8.751,52.54836],[8.75046,52.54795],[8.74992,52.54688],[8.74884,52.54582],[8.7483,52.54451],[8.74655,52.54328],[8.74655,52.54205],[8.74709,52.54172],[8.7483,52.5418],[8.74965,52.54254],[8.74965,52.54279],[8.75006,52.54295],[8.74992,52.54361],[8.7514,52.54451],[8.75127,52.54566],[8.75181,52.5459],[8.75248,52.54582],[8.75302,52.54541],[8.75275,52.54369],[8.75315,52.54328],[8.75491,52.54361],[8.75585,52.5432],[8.75625,52.5432],[8.75908,52.54418],[8.76232,52.54418],[8.76272,52.54443],[8.76272,52.54525],[8.7642,52.54639],[8.76434,52.54697],[8.76407,52.54746],[8.76461,52.5477],[8.76488,52.54844],[8.76569,52.54934],[8.76569,52.54983],[8.76461,52.55041],[8.76434,52.5509],[8.76461,52.55369],[8.76407,52.55442],[8.76407,52.55516],[8.76353,52.55549],[8.7634,52.5568],[8.76407,52.55729],[8.76596,52.55729],[8.76623,52.55745],[8.76623,52.5577],[8.76542,52.55795],[8.7642,52.55876],[8.7638,52.5613],[8.75935,52.5613],[8.75949,52.5604],[8.76016,52.55958],[8.76124,52.55893],[8.7611,52.55844],[8.7603,52.55803],[8.7603,52.55672],[8.75989,52.55647],[8.75666,52.55623],[8.75477,52.55541],[8.75396,52.55459],[8.75396,52.5541],[8.75437,52.55377],[8.7541,52.55344],[8.75221,52.5536],[8.74965,52.55467],[8.74938,52.55467],[8.74938,52.55434],[8.74979,52.55385],[8.74925,52.55369],[8.74857,52.55393],[8.7483,52.5541],[8.74817,52.55573],[8.74601,52.5568],[8.7452,52.55811],[8.74386,52.55893],[8.74318,52.55901],[8.74278,52.55885],[8.74224,52.55811],[8.74184,52.55786],[8.74143,52.55786],[8.74089,52.55819],[8.74116,52.55876],[8.74089,52.55917],[8.74116,52.55926],[8.74116,52.5595],[8.74049,52.55967],[8.74062,52.55999],[8.73928,52.56008],[8.73847,52.56073],[8.73779,52.56073],[8.73699,52.5613],[8.71826,52.5613]],[[8.73321,52.56024],[8.73416,52.56008],[8.7351,52.55934],[8.73537,52.55811],[8.73618,52.55721],[8.73591,52.55672],[8.73537,52.55672],[8.73483,52.55713],[8.73402,52.55917],[8.73294,52.55991],[8.73321,52.56024]]]}},{"type":"Feature","properties":{"slice":"boden","kind":"niedermoor"},"geometry":{"type":"Polygon","coordinates":[[[9.13921,52.54336],[9.13853,52.54271],[9.13678,52.54189],[9.13678,52.54148],[9.13732,52.54148],[9.13772,52.5418],[9.13853,52.54197],[9.13907,52.5423],[9.13961,52.54303],[9.13961,52.54336],[9.13921,52.54336]]]}},{"type":"Feature","properties":{"slice":"boden","kind":"niedermoor"},"geometry":{"type":"Polygon","coordinates":[[[8.2934,52.55459],[8.29245,52.55393],[8.29245,52.55221],[8.29218,52.55188],[8.29232,52.55082],[8.29124,52.54983],[8.28962,52.54902],[8.28787,52.54869],[8.28706,52.54836],[8.28356,52.54828],[8.28343,52.54803],[8.28383,52.54787],[8.28383,52.54754],[8.28329,52.54721],[8.28208,52.54664],[8.28046,52.54639],[8.27938,52.5459],[8.2779,52.5459],[8.27534,52.54516],[8.2744,52.54508],[8.27345,52.54607],[8.27345,52.54705],[8.2748,52.5477],[8.2748,52.54836],[8.27359,52.54852],[8.27036,52.54828],[8.26739,52.54902],[8.26739,52.5482],[8.26928,52.54779],[8.27009,52.54779],[8.27076,52.54721],[8.2713,52.54721],[8.27184,52.54688],[8.27211,52.54697],[8.27278,52.54615],[8.27278,52.54566],[8.27251,52.54549],[8.27265,52.54475],[8.27211,52.54443],[8.27049,52.5441],[8.26739,52.54426],[8.26739,52.54328],[8.27049,52.54303],[8.27103,52.54328],[8.27143,52.54402],[8.27318,52.54443],[8.27467,52.54451],[8.27601,52.54508],[8.27723,52.54525],[8.27884,52.54525],[8.27992,52.54467],[8.281,52.54484],[8.28343,52.54484],[8.28531,52.54434],[8.28679,52.54426],[8.28909,52.54377],[8.28962,52.54328],[8.2903,52.54312],[8.28989,52.54279],[8.28909,52.54279],[8.28774,52.54336],[8.28572,52.54328],[8.2872,52.54205],[8.28882,52.54213],[8.28909,52.54197],[8.28895,52.54074],[8.29016,52.54033],[8.29016,52.54],[8.28922,52.53943],[8.2876,52.53918],[8.28733,52.53935],[8.2876,52.54008],[8.2872,52.54025],[8.28464,52.54098],[8.28262,52.54115],[8.28019,52.54205],[8.27884,52.54205],[8.2775,52.5418],[8.27709,52.54156],[8.27709,52.54131],[8.27831,52.54082],[8.28046,52.54098],[8.28073,52.54074],[8.28019,52.54057],[8.27992,52.54025],[8.28127,52.54025],[8.2837,52.53959],[8.2841,52.53918],[8.2841,52.53853],[8.28531,52.53812],[8.28774,52.53836],[8.28828,52.53812],[8.29259,52.53762],[8.2938,52.53795],[8.29636,52.54033],[8.29852,52.54156],[8.29865,52.54197],[8.29946,52.54254],[8.30013,52.54393],[8.30013,52.54566],[8.29946,52.54811],[8.29906,52.54869],[8.29811,52.54918],[8.29771,52.54967],[8.29744,52.55074],[8.2965,52.55164],[8.29623,52.55287],[8.29569,52.55344],[8.2934,52.55459]],[[8.29232,52.5468],[8.29326,52.5468],[8.2938,52.54648],[8.29501,52.54443],[8.29488,52.54369],[8.29353,52.54303],[8.29421,52.54205],[8.29421,52.54156],[8.29394,52.54139],[8.2934,52.54139],[8.29151,52.54246],[8.29097,52.54312],[8.29043,52.54467],[8.28841,52.54533],[8.28841,52.54574],[8.28868,52.5459],[8.29232,52.5468]]]}},{"type":"Feature","properties":{"slice":"boden","kind":"niedermoor"},"geometry":{"type":"Polygon","coordinates":[[[8.69548,52.54877],[8.694,52.54861],[8.69265,52.54779],[8.69265,52.54721],[8.69467,52.54607],[8.69467,52.545],[8.6936,52.54459],[8.69144,52.54475],[8.69063,52.54434],[8.68848,52.54377],[8.68645,52.54189],[8.6843,52.54049],[8.68403,52.53992],[8.68416,52.53844],[8.68565,52.53836],[8.68699,52.5373],[8.68686,52.53664],[8.68605,52.53582],[8.68605,52.535],[8.68686,52.53418],[8.68645,52.53394],[8.68363,52.53336],[8.68322,52.53303],[8.68336,52.5323],[8.68403,52.53189],[8.68457,52.53189],[8.68551,52.53221],[8.68645,52.53221],[8.68672,52.53205],[8.68807,52.5291],[8.68848,52.52902],[8.68928,52.52918],[8.68969,52.52894],[8.68969,52.52828],[8.68902,52.52689],[8.68942,52.5268],[8.68969,52.52697],[8.68982,52.52738],[8.6905,52.52795],[8.69131,52.52795],[8.69171,52.52771],[8.69171,52.5268],[8.69211,52.52656],[8.69306,52.52697],[8.69373,52.52771],[8.6936,52.52836],[8.69306,52.52853],[8.69158,52.52959],[8.69158,52.53115],[8.69279,52.53221],[8.69292,52.53295],[8.69265,52.53336],[8.6909,52.53418],[8.69063,52.53476],[8.69063,52.53558],[8.69117,52.53656],[8.69131,52.53779],[8.69225,52.53943],[8.69333,52.54025],[8.69427,52.54049],[8.69467,52.54082],[8.6967,52.5409],[8.69831,52.54017],[8.69966,52.53877],[8.70155,52.53828],[8.70222,52.53836],[8.70276,52.53869],[8.70249,52.54008],[8.70182,52.54041],[8.69979,52.54041],[8.6975,52.54189],[8.69737,52.54246],[8.69764,52.54295],[8.69912,52.54377],[8.69912,52.54418],[8.69872,52.54443],[8.69791,52.54443],[8.69723,52.54385],[8.69656,52.54385],[8.69616,52.5441],[8.69575,52.54459],[8.69602,52.54656],[8.69548,52.54738],[8.69575,52.54852],[8.69548,52.54877]]]}},{"type":"Feature","properties":{"slice":"boden","kind":"niedermoor"},"geometry":{"type":"Polygon","coordinates":[[[9.1384,52.53008],[9.13786,52.52943],[9.13759,52.52795],[9.13638,52.52672],[9.13624,52.52598],[9.13651,52.52598],[9.13799,52.52787],[9.13867,52.52984],[9.1384,52.53008]]]}},{"type":"Feature","properties":{"slice":"boden","kind":"niedermoor"},"geometry":{"type":"Polygon","coordinates":[[[8.2779,52.52926],[8.27777,52.52836],[8.27857,52.52787],[8.28006,52.52828],[8.28302,52.52787],[8.28491,52.52656],[8.28518,52.52623],[8.28518,52.52557],[8.28666,52.52451],[8.28706,52.52377],[8.2872,52.52426],[8.28774,52.52459],[8.28935,52.525],[8.2907,52.525],[8.28989,52.52574],[8.28989,52.52664],[8.29097,52.52705],[8.29097,52.52738],[8.29057,52.52771],[8.28747,52.52844],[8.28477,52.52828],[8.28154,52.52869],[8.28127,52.52885],[8.27965,52.52877],[8.2779,52.52926]]]}},{"type":"Feature","properties":{"slice":"boden","kind":"niedermoor"},"geometry":{"type":"Polygon","coordinates":[[[9.14123,52.53017],[9.14042,52.52984],[9.14028,52.5291],[9.14244,52.52787],[9.14244,52.5273],[9.14163,52.52672],[9.14001,52.52648],[9.13799,52.52557],[9.13692,52.52377],[9.13705,52.52197],[9.13665,52.52139],[9.13611,52.52107],[9.13382,52.52049],[9.13031,52.51803],[9.12789,52.51754],[9.12627,52.51697],[9.12519,52.51688],[9.12465,52.51672],[9.12465,52.51656],[9.12546,52.51647],[9.12721,52.5168],[9.12856,52.51721],[9.12937,52.5177],[9.13058,52.51795],[9.1322,52.51877],[9.13274,52.51951],[9.13395,52.52025],[9.13651,52.52098],[9.13705,52.52131],[9.13745,52.52205],[9.13732,52.52394],[9.13826,52.52525],[9.13948,52.52607],[9.14244,52.5268],[9.14298,52.52721],[9.14271,52.52812],[9.14069,52.5291],[9.14069,52.52967],[9.14136,52.53008],[9.14177,52.53008],[9.14123,52.53017]]]}},{"type":"Feature","properties":{"slice":"boden","kind":"niedermoor"},"geometry":{"type":"Polygon","coordinates":[[[9.11509,52.53058],[9.11495,52.53017],[9.11536,52.52959],[9.11819,52.52812],[9.11872,52.52738],[9.11886,52.52492],[9.11792,52.52394],[9.11792,52.5232],[9.1194,52.52213],[9.12075,52.52066],[9.12088,52.51893],[9.12021,52.51795],[9.11832,52.5168],[9.11751,52.51656],[9.1163,52.51639],[9.11199,52.51656],[9.11145,52.51639],[9.11131,52.5159],[9.11226,52.51541],[9.11751,52.51557],[9.11994,52.51615],[9.12209,52.51721],[9.12277,52.51779],[9.12358,52.51902],[9.12358,52.51992],[9.12317,52.52107],[9.12142,52.52254],[9.12061,52.52369],[9.12061,52.52443],[9.12115,52.52549],[9.12115,52.52656],[9.12061,52.52787],[9.11913,52.52926],[9.11603,52.53041],[9.11509,52.53058]]]}},{"type":"Feature","properties":{"slice":"boden","kind":"niedermoor"},"geometry":{"type":"Polygon","coordinates":[[[8.70478,52.5109],[8.70249,52.51032],[8.70249,52.50983],[8.70303,52.50975],[8.70384,52.51],[8.70518,52.51],[8.70559,52.51024],[8.70559,52.51082],[8.70478,52.5109]]]}},{"type":"Feature","properties":{"slice":"boden","kind":"niedermoor"},"geometry":{"type":"Polygon","coordinates":[[[8.66665,52.51114],[8.66638,52.51106],[8.66638,52.51065],[8.66799,52.51049],[8.66826,52.51032],[8.6684,52.50967],[8.66907,52.50959],[8.66921,52.51032],[8.66665,52.51114]]]}},{"type":"Feature","properties":{"slice":"boden","kind":"niedermoor"},"geometry":{"type":"Polygon","coordinates":[[[9.01093,52.51131],[9.01012,52.51073],[9.00985,52.50991],[9.00944,52.50967],[9.00891,52.50959],[9.00769,52.51],[9.00688,52.51],[9.00702,52.50959],[9.00769,52.50934],[9.00931,52.50934],[9.01025,52.50959],[9.01066,52.50983],[9.01066,52.51082],[9.01106,52.51114],[9.01093,52.51131]]]}},{"type":"Feature","properties":{"slice":"boden","kind":"niedermoor"},"geometry":{"type":"Polygon","coordinates":[[[8.599,52.50581],[8.59739,52.50548],[8.59725,52.50516],[8.59779,52.50491],[8.59954,52.50491],[8.60022,52.50507],[8.60022,52.50573],[8.599,52.50581]]]}},{"type":"Feature","properties":{"slice":"boden","kind":"niedermoor"},"geometry":{"type":"Polygon","coordinates":[[[8.72459,52.54729],[8.72459,52.54656],[8.72391,52.54623],[8.72216,52.54631],[8.72108,52.54672],[8.72001,52.54639],[8.7192,52.54582],[8.71785,52.54377],[8.7165,52.54279],[8.7161,52.54123],[8.7165,52.54139],[8.71691,52.54074],[8.71785,52.54074],[8.71812,52.54057],[8.71772,52.54017],[8.71879,52.53976],[8.71879,52.53861],[8.71799,52.53795],[8.71704,52.53795],[8.7165,52.53828],[8.7161,52.53943],[8.71529,52.53967],[8.71448,52.53902],[8.71421,52.53812],[8.71462,52.53762],[8.71529,52.53754],[8.71596,52.53721],[8.71596,52.53631],[8.71718,52.53459],[8.71691,52.53303],[8.71623,52.53205],[8.71516,52.5314],[8.71435,52.5314],[8.71408,52.53156],[8.71408,52.53303],[8.71367,52.5341],[8.713,52.53402],[8.71192,52.53336],[8.71179,52.53279],[8.71287,52.53164],[8.71354,52.53025],[8.71367,52.5291],[8.71192,52.52844],[8.71206,52.52779],[8.71111,52.52721],[8.71125,52.52516],[8.71098,52.52467],[8.71044,52.52426],[8.70909,52.52418],[8.70855,52.52394],[8.70828,52.52295],[8.70748,52.52238],[8.70734,52.52156],[8.70828,52.52123],[8.70855,52.52082],[8.70653,52.51984],[8.7064,52.5182],[8.70532,52.51762],[8.70492,52.51647],[8.70384,52.51606],[8.70343,52.51508],[8.70114,52.51369],[8.70087,52.51287],[8.69979,52.51221],[8.69979,52.51172],[8.70033,52.51139],[8.70141,52.51131],[8.70209,52.51188],[8.70289,52.51188],[8.70316,52.51205],[8.70316,52.51336],[8.70451,52.51385],[8.70667,52.51524],[8.70721,52.51524],[8.70761,52.515],[8.70761,52.51475],[8.70653,52.51393],[8.70774,52.51451],[8.70855,52.51533],[8.70896,52.51533],[8.70936,52.515],[8.70936,52.51418],[8.71044,52.51393],[8.71017,52.51328],[8.70909,52.51262],[8.70721,52.51196],[8.70721,52.51147],[8.70761,52.51123],[8.70882,52.51123],[8.70909,52.51098],[8.71004,52.51098],[8.71179,52.51155],[8.71435,52.51155],[8.71502,52.51172],[8.71664,52.51319],[8.71785,52.51393],[8.71879,52.51418],[8.72216,52.51451],[8.72351,52.51524],[8.72459,52.51639],[8.72553,52.51631],[8.72594,52.5159],[8.72701,52.51557],[8.72823,52.51574],[8.72984,52.51516],[8.73092,52.515],[8.73254,52.515],[8.73375,52.51533],[8.73591,52.51533],[8.73766,52.51459],[8.73914,52.51246],[8.73995,52.51188],[8.74103,52.51139],[8.74278,52.51098],[8.74642,52.5086],[8.74992,52.50737],[8.75208,52.50606],[8.75356,52.50581],[8.75693,52.50384],[8.75774,52.5036],[8.75854,52.5036],[8.75949,52.50417],[8.75962,52.5054],[8.75841,52.50672],[8.75598,52.5086],[8.75531,52.50959],[8.75545,52.51057],[8.75518,52.51188],[8.75612,52.51369],[8.75612,52.51565],[8.75545,52.51672],[8.75275,52.51926],[8.75181,52.52189],[8.75113,52.5223],[8.74898,52.52238],[8.74844,52.52287],[8.74871,52.52312],[8.75006,52.52312],[8.75033,52.52328],[8.75006,52.5241],[8.75019,52.52566],[8.74979,52.52672],[8.74871,52.52787],[8.74803,52.5291],[8.74655,52.53025],[8.74601,52.53099],[8.74601,52.53164],[8.74736,52.53271],[8.74763,52.5332],[8.74696,52.53705],[8.74494,52.53853],[8.74386,52.53885],[8.74197,52.53869],[8.73968,52.53803],[8.73806,52.53812],[8.73672,52.53861],[8.73483,52.54041],[8.73308,52.54312],[8.73267,52.54451],[8.73281,52.5459],[8.73227,52.5459],[8.73213,52.54484],[8.73173,52.54451],[8.73106,52.54451],[8.73052,52.54475],[8.72984,52.54467],[8.72836,52.54393],[8.72823,52.54353],[8.72769,52.5432],[8.72728,52.5432],[8.72701,52.54336],[8.72701,52.545],[8.72647,52.54557],[8.72526,52.54631],[8.72567,52.54705],[8.72526,52.54729],[8.72459,52.54729]],[[8.72122,52.53828],[8.72216,52.53828],[8.7227,52.53787],[8.72284,52.53738],[8.72391,52.53689],[8.72391,52.53615],[8.72311,52.53549],[8.72243,52.53566],[8.72216,52.53672],[8.72055,52.53746],[8.72055,52.53787],[8.72122,52.53828]],[[8.73267,52.535],[8.73375,52.53492],[8.73456,52.5341],[8.73577,52.53361],[8.73604,52.53312],[8.73739,52.53312],[8.7382,52.53279],[8.73833,52.53246],[8.73806,52.5323],[8.73806,52.53189],[8.73766,52.53164],[8.73685,52.53131],[8.73537,52.5314],[8.73496,52.53115],[8.73442,52.53115],[8.73186,52.53262],[8.7316,52.53336],[8.732,52.53385],[8.732,52.53451],[8.73267,52.535]],[[8.74197,52.53074],[8.74278,52.53066],[8.74318,52.53041],[8.74332,52.53],[8.74386,52.52976],[8.74399,52.52902],[8.74359,52.52877],[8.74238,52.52885],[8.74184,52.52967],[8.74089,52.52967],[8.74062,52.52984],[8.74076,52.53025],[8.74197,52.53074]],[[8.72055,52.52631],[8.72122,52.52631],[8.72189,52.52598],[8.72338,52.52598],[8.72378,52.52566],[8.72365,52.52484],[8.7223,52.52377],[8.72149,52.52369],[8.72082,52.52402],[8.72068,52.52484],[8.71987,52.52541],[8.71987,52.52582],[8.72055,52.52631]],[[8.72957,52.52295],[8.73038,52.52287],[8.73106,52.52246],[8.73119,52.52189],[8.73065,52.52139],[8.72957,52.52156],[8.7289,52.52213],[8.7289,52.52262],[8.72957,52.52295]],[[8.72243,52.52025],[8.72297,52.52008],[8.72297,52.51967],[8.7223,52.5191],[8.71933,52.51795],[8.71866,52.51795],[8.71812,52.51828],[8.71799,52.51926],[8.71839,52.51959],[8.71893,52.51975],[8.72122,52.51984],[8.72243,52.52025]]]}},{"type":"Feature","properties":{"slice":"boden","kind":"niedermoor"},"geometry":{"type":"Polygon","coordinates":[[[8.65802,52.50598],[8.65735,52.50565],[8.65735,52.50499],[8.65802,52.50442],[8.65775,52.50425],[8.65654,52.50425],[8.65587,52.50393],[8.65587,52.50302],[8.65668,52.50302],[8.65883,52.50343],[8.65991,52.50393],[8.65991,52.50442],[8.65924,52.50475],[8.65924,52.50581],[8.65802,52.50598]]]}},{"type":"Feature","properties":{"slice":"boden","kind":"niedermoor"},"geometry":{"type":"Polygon","coordinates":[[[8.53298,52.50188],[8.5315,52.50147],[8.53109,52.50106],[8.53379,52.50089],[8.53365,52.50163],[8.53298,52.50188]]]}},{"type":"Feature","properties":{"slice":"boden","kind":"niedermoor"},"geometry":{"type":"Polygon","coordinates":[[[8.65223,52.50417],[8.65223,52.50302],[8.65263,52.50163],[8.65358,52.50024],[8.65439,52.49991],[8.65506,52.5004],[8.65506,52.50073],[8.65412,52.50073],[8.65371,52.50097],[8.65371,52.50122],[8.65492,52.50179],[8.65506,52.5022],[8.65492,52.50245],[8.65371,52.50229],[8.65317,52.50261],[8.6529,52.50294],[8.65317,52.50409],[8.65223,52.50417]]]}},{"type":"Feature","properties":{"slice":"boden","kind":"niedermoor"},"geometry":{"type":"Polygon","coordinates":[[[8.67311,52.51836],[8.67285,52.5182],[8.67298,52.51746],[8.67231,52.51713],[8.67136,52.51721],[8.67029,52.5168],[8.66988,52.51606],[8.66867,52.51623],[8.66207,52.51606],[8.66085,52.51631],[8.65951,52.51746],[8.65883,52.51746],[8.65789,52.51672],[8.65681,52.51672],[8.65641,52.51688],[8.65412,52.5168],[8.65371,52.51721],[8.65317,52.51721],[8.65209,52.51647],[8.65115,52.51516],[8.65007,52.51451],[8.64926,52.51426],[8.64859,52.51369],[8.64846,52.51311],[8.64886,52.51254],[8.64926,52.51237],[8.64926,52.5118],[8.64819,52.51049],[8.64819,52.50991],[8.64873,52.50967],[8.64913,52.50909],[8.64832,52.50844],[8.6463,52.5077],[8.64549,52.50721],[8.64603,52.5054],[8.64495,52.50434],[8.64414,52.50147],[8.6428,52.50097],[8.63862,52.50114],[8.63687,52.50032],[8.63566,52.49999],[8.63485,52.49999],[8.63336,52.5004],[8.63202,52.50032],[8.63202,52.50015],[8.63377,52.49974],[8.63592,52.49966],[8.63741,52.49999],[8.63848,52.50048],[8.64401,52.50065],[8.64482,52.50163],[8.64522,52.50311],[8.64711,52.50507],[8.64711,52.50573],[8.64657,52.50639],[8.64657,52.50704],[8.64913,52.50836],[8.64967,52.50893],[8.64913,52.51],[8.64926,52.51082],[8.64994,52.51147],[8.6494,52.51336],[8.65021,52.5141],[8.65182,52.51492],[8.65223,52.51549],[8.65223,52.51598],[8.65277,52.51631],[8.65412,52.51639],[8.65492,52.51606],[8.65587,52.51647],[8.65816,52.51631],[8.65897,52.51656],[8.65964,52.51656],[8.66031,52.51615],[8.66031,52.5159],[8.66112,52.51565],[8.66678,52.51557],[8.66799,52.51582],[8.6688,52.51565],[8.6688,52.51541],[8.66773,52.51434],[8.66436,52.51205],[8.6618,52.5118],[8.66031,52.51131],[8.66004,52.5109],[8.66004,52.50991],[8.65937,52.50934],[8.6591,52.50877],[8.65883,52.5086],[8.65695,52.50852],[8.65775,52.50795],[8.65748,52.50704],[8.65748,52.50672],[8.65775,52.50663],[8.65897,52.50745],[8.66045,52.50778],[8.66058,52.50885],[8.66193,52.51049],[8.66341,52.51155],[8.66584,52.51237],[8.66719,52.51237],[8.66799,52.51196],[8.66853,52.51213],[8.66826,52.51262],[8.66773,52.51278],[8.66732,52.51319],[8.6684,52.51377],[8.6684,52.51401],[8.66907,52.51442],[8.67042,52.51418],[8.67123,52.51459],[8.67096,52.51565],[8.67365,52.51762],[8.67433,52.51738],[8.67473,52.51688],[8.67554,52.5168],[8.67662,52.51688],[8.6785,52.5177],[8.67675,52.51762],[8.67594,52.51811],[8.67446,52.51811],[8.67379,52.51836],[8.67311,52.51836]]]}},{"type":"Feature","properties":{"slice":"boden","kind":"niedermoor"},"geometry":{"type":"Polygon","coordinates":[[[8.62205,52.50319],[8.61989,52.50302],[8.61652,52.50311],[8.61558,52.50294],[8.61396,52.50245],[8.61046,52.50007],[8.60857,52.49983],[8.60736,52.50024],[8.60615,52.50024],[8.60574,52.49983],[8.60615,52.49966],[8.60655,52.49983],[8.60763,52.49983],[8.60911,52.4995],[8.61005,52.49958],[8.61127,52.49999],[8.61302,52.50114],[8.61558,52.50237],[8.61679,52.50253],[8.61706,52.50278],[8.61773,52.50278],[8.61827,52.50229],[8.61868,52.50229],[8.62083,52.50302],[8.62218,52.50294],[8.6238,52.50204],[8.62514,52.50204],[8.62622,52.50253],[8.62771,52.5027],[8.62865,52.50212],[8.62946,52.5004],[8.63013,52.50032],[8.62959,52.50188],[8.62865,52.50294],[8.62784,52.50311],[8.62676,52.50302],[8.62488,52.50245],[8.6238,52.50245],[8.62205,52.50319]]]}},{"type":"Feature","properties":{"slice":"boden","kind":"niedermoor"},"geometry":{"type":"Polygon","coordinates":[[[8.54861,52.5613],[8.54928,52.56106],[8.55009,52.5604],[8.55049,52.56048],[8.5509,52.56089],[8.55144,52.56089],[8.55332,52.55958],[8.55332,52.55885],[8.55292,52.55819],[8.55184,52.5577],[8.55063,52.5577],[8.55023,52.55754],[8.55036,52.55721],[8.55103,52.55688],[8.55319,52.55672],[8.55481,52.55696],[8.55602,52.55737],[8.5575,52.55745],[8.55818,52.55721],[8.55831,52.5568],[8.55898,52.55688],[8.55925,52.55672],[8.55952,52.55614],[8.56141,52.55614],[8.5633,52.55721],[8.5633,52.55762],[8.56249,52.5577],[8.56168,52.55696],[8.56101,52.55729],[8.56033,52.55737],[8.55993,52.55778],[8.5602,52.55934],[8.56101,52.55967],[8.56343,52.55975],[8.56424,52.55917],[8.56532,52.55909],[8.56613,52.5586],[8.5668,52.55852],[8.56801,52.55762],[8.56909,52.55737],[8.57138,52.55729],[8.573,52.55598],[8.573,52.55524],[8.57138,52.55459],[8.57057,52.55401],[8.56936,52.55426],[8.56828,52.55352],[8.56707,52.55328],[8.56693,52.55303],[8.56747,52.55262],[8.56747,52.55229],[8.56626,52.55164],[8.56437,52.55172],[8.5641,52.55188],[8.56383,52.55278],[8.56087,52.55459],[8.56006,52.55475],[8.55858,52.55475],[8.55818,52.5545],[8.55818,52.5541],[8.55844,52.55393],[8.55818,52.55344],[8.55615,52.55352],[8.55535,52.55336],[8.55467,52.55385],[8.554,52.55385],[8.55373,52.55369],[8.55252,52.55377],[8.55238,52.55336],[8.55171,52.55278],[8.54969,52.55213],[8.54915,52.55213],[8.54874,52.55278],[8.5482,52.55287],[8.5474,52.55229],[8.54793,52.55123],[8.54753,52.55065],[8.54672,52.55024],[8.54686,52.55008],[8.5478,52.55033],[8.54874,52.5509],[8.55009,52.5509],[8.55063,52.55115],[8.55144,52.55098],[8.55306,52.55106],[8.55346,52.55082],[8.55413,52.55082],[8.5544,52.55065],[8.5544,52.55016],[8.55386,52.54983],[8.55346,52.5491],[8.55238,52.54852],[8.55198,52.54852],[8.55171,52.54885],[8.55265,52.54942],[8.55265,52.54975],[8.55238,52.55008],[8.55184,52.55016],[8.55023,52.55],[8.54901,52.54967],[8.54847,52.54926],[8.54767,52.54918],[8.54726,52.54893],[8.54713,52.54844],[8.54672,52.5482],[8.54618,52.5482],[8.54591,52.54836],[8.54591,52.54877],[8.54551,52.54902],[8.54443,52.54902],[8.54389,52.54877],[8.54295,52.54869],[8.54254,52.54893],[8.54254,52.54934],[8.54214,52.54967],[8.54079,52.54951],[8.54025,52.54983],[8.53877,52.55008],[8.53783,52.55049],[8.53783,52.55065],[8.5385,52.5509],[8.5385,52.55115],[8.53769,52.55147],[8.53769,52.55213],[8.53837,52.55278],[8.54012,52.55295],[8.54079,52.55287],[8.54133,52.55246],[8.54174,52.55246],[8.54214,52.55303],[8.54295,52.55352],[8.54322,52.55426],[8.54214,52.55467],[8.54187,52.55524],[8.54147,52.55549],[8.54133,52.55508],[8.54214,52.55426],[8.54214,52.5536],[8.54106,52.55311],[8.53877,52.55303],[8.53837,52.55328],[8.53783,52.55328],[8.53715,52.55278],[8.53702,52.55147],[8.53635,52.55106],[8.53473,52.55074],[8.53419,52.55024],[8.53473,52.54918],[8.53365,52.54787],[8.53379,52.54566],[8.53284,52.54484],[8.53001,52.54369],[8.52934,52.5432],[8.52934,52.54279],[8.53082,52.54246],[8.53123,52.54189],[8.53015,52.54131],[8.53015,52.54025],[8.5292,52.53992],[8.52853,52.53992],[8.52745,52.54033],[8.52489,52.54017],[8.52368,52.54066],[8.52341,52.54131],[8.52368,52.54287],[8.52503,52.54467],[8.52543,52.54492],[8.52611,52.54492],[8.52611,52.54541],[8.52543,52.54623],[8.52557,52.54787],[8.52301,52.54975],[8.52233,52.55],[8.52072,52.55016],[8.52004,52.55049],[8.5191,52.55057],[8.51816,52.55106],[8.51789,52.55147],[8.51802,52.5527],[8.51681,52.55352],[8.51398,52.55418],[8.51021,52.55401],[8.50845,52.555],[8.50778,52.55516],[8.50616,52.55524],[8.50064,52.555],[8.49996,52.55541],[8.49902,52.55565],[8.49902,52.53402],[8.50077,52.53287],[8.50239,52.53295],[8.50401,52.53377],[8.50509,52.53394],[8.50562,52.53435],[8.50603,52.53517],[8.5067,52.53566],[8.50643,52.53746],[8.50657,52.53844],[8.50711,52.53885],[8.50805,52.53918],[8.51034,52.53918],[8.51142,52.53992],[8.51236,52.54008],[8.51263,52.53992],[8.51263,52.53894],[8.5129,52.53877],[8.51398,52.53877],[8.51533,52.53787],[8.51613,52.53771],[8.51654,52.53787],[8.51735,52.53894],[8.51816,52.53943],[8.51923,52.53984],[8.51991,52.53984],[8.52031,52.53959],[8.52031,52.53918],[8.51923,52.53861],[8.5191,52.5382],[8.52018,52.53812],[8.52099,52.53746],[8.52274,52.53754],[8.52381,52.53705],[8.52516,52.53779],[8.52705,52.53795],[8.52813,52.53754],[8.5284,52.5368],[8.5288,52.53648],[8.53001,52.53648],[8.53163,52.53721],[8.53257,52.53721],[8.53338,52.53697],[8.53446,52.53648],[8.53621,52.53525],[8.53648,52.53492],[8.53621,52.53435],[8.53648,52.53369],[8.53769,52.53361],[8.53823,52.53328],[8.53823,52.53287],[8.53958,52.53262],[8.54066,52.53221],[8.54133,52.53164],[8.54147,52.53099],[8.54201,52.53033],[8.54362,52.53],[8.54659,52.53],[8.54726,52.52951],[8.54726,52.52918],[8.54672,52.52885],[8.54686,52.52861],[8.54861,52.52877],[8.54942,52.52869],[8.55023,52.52803],[8.55023,52.52762],[8.54982,52.5273],[8.54874,52.52721],[8.5478,52.52746],[8.54686,52.5273],[8.54686,52.52689],[8.54834,52.52631],[8.5482,52.52598],[8.54726,52.52541],[8.54713,52.52484],[8.54915,52.52418],[8.55063,52.5241],[8.55117,52.52426],[8.55171,52.52467],[8.55157,52.52516],[8.55225,52.52541],[8.55279,52.52484],[8.55346,52.52459],[8.55764,52.52467],[8.55871,52.52443],[8.55912,52.5241],[8.55993,52.52443],[8.56047,52.52443],[8.56154,52.52402],[8.56289,52.52402],[8.5633,52.52459],[8.56397,52.52492],[8.5637,52.52607],[8.56424,52.52639],[8.5672,52.5273],[8.56815,52.5273],[8.56855,52.52705],[8.56855,52.52607],[8.56922,52.52516],[8.56882,52.52484],[8.56788,52.52459],[8.56586,52.52443],[8.56586,52.52377],[8.56518,52.52312],[8.56518,52.52254],[8.56572,52.52221],[8.56734,52.5218],[8.56734,52.52],[8.56828,52.51959],[8.56922,52.51967],[8.56949,52.51951],[8.56963,52.51893],[8.5703,52.51852],[8.5703,52.51828],[8.5699,52.51803],[8.56788,52.51803],[8.5672,52.51836],[8.5668,52.51885],[8.56653,52.51885],[8.56572,52.51852],[8.56559,52.51779],[8.56491,52.51738],[8.56397,52.51713],[8.56316,52.51713],[8.56235,52.51656],[8.55912,52.51688],[8.55871,52.51623],[8.5575,52.51557],[8.55494,52.51557],[8.554,52.5159],[8.55386,52.5168],[8.55494,52.51754],[8.55467,52.51803],[8.55346,52.51779],[8.55184,52.51787],[8.5509,52.51697],[8.55103,52.51574],[8.55157,52.51549],[8.55252,52.51549],[8.55359,52.51434],[8.55535,52.51352],[8.55508,52.51278],[8.55332,52.51188],[8.55332,52.51164],[8.55413,52.51106],[8.55521,52.51098],[8.55548,52.51082],[8.55548,52.51041],[8.55494,52.51016],[8.554,52.51016],[8.55292,52.51065],[8.55225,52.51065],[8.55063,52.50983],[8.55009,52.50918],[8.55009,52.50868],[8.5513,52.50778],[8.5513,52.50737],[8.55063,52.50688],[8.55063,52.50655],[8.5513,52.5063],[8.55252,52.50639],[8.55386,52.5077],[8.55615,52.50754],[8.55656,52.50729],[8.55683,52.50417],[8.55629,52.50376],[8.55629,52.50343],[8.5571,52.50343],[8.5575,52.50319],[8.5575,52.50294],[8.55588,52.50204],[8.55562,52.5013],[8.55494,52.50089],[8.55494,52.50007],[8.55629,52.49942],[8.55764,52.49917],[8.55804,52.5004],[8.55871,52.50097],[8.57125,52.50483],[8.57785,52.50713],[8.57596,52.50868],[8.57569,52.50934],[8.57569,52.51098],[8.57529,52.51123],[8.57461,52.51237],[8.57461,52.51385],[8.57502,52.51451],[8.57569,52.51492],[8.57731,52.515],[8.57839,52.51459],[8.57866,52.51467],[8.57852,52.51557],[8.57974,52.51598],[8.58122,52.51582],[8.58337,52.51492],[8.58512,52.51492],[8.58607,52.51442],[8.58647,52.51385],[8.58809,52.51278],[8.58822,52.51205],[8.58742,52.51164],[8.58742,52.51139],[8.58795,52.51114],[8.58863,52.51114],[8.58917,52.51082],[8.58984,52.51123],[8.59658,52.51328],[8.59564,52.5141],[8.5951,52.5141],[8.59456,52.51434],[8.59442,52.51459],[8.59469,52.51475],[8.59564,52.51475],[8.59604,52.51434],[8.59739,52.51369],[8.59752,52.51401],[8.59712,52.51434],[8.59712,52.51492],[8.59739,52.51508],[8.5982,52.515],[8.599,52.51451],[8.59914,52.5141],[8.6017,52.51508],[8.6052,52.51606],[8.60534,52.51639],[8.6048,52.51672],[8.60493,52.51762],[8.60426,52.51861],[8.60426,52.51967],[8.60534,52.52238],[8.60763,52.52385],[8.6079,52.52459],[8.60898,52.52541],[8.60965,52.52549],[8.611,52.525],[8.61234,52.525],[8.6145,52.52607],[8.6149,52.52672],[8.61463,52.52894],[8.61558,52.53058],[8.61693,52.53131],[8.61814,52.53271],[8.61935,52.53344],[8.6207,52.53394],[8.62083,52.53435],[8.62002,52.53517],[8.62002,52.53574],[8.62043,52.53639],[8.62124,52.53697],[8.62258,52.5373],[8.62366,52.53795],[8.62366,52.53828],[8.62218,52.5391],[8.62178,52.54049],[8.62178,52.54262],[8.62299,52.54418],[8.62285,52.54484],[8.62191,52.54541],[8.62124,52.54664],[8.62151,52.54746],[8.62205,52.54795],[8.62205,52.54836],[8.62178,52.54852],[8.62097,52.54852],[8.62056,52.54893],[8.61976,52.54787],[8.61679,52.54582],[8.61625,52.54508],[8.61639,52.54426],[8.61612,52.5441],[8.61396,52.54418],[8.61356,52.54402],[8.61356,52.54377],[8.61437,52.54344],[8.61437,52.54312],[8.61383,52.54271],[8.61275,52.54254],[8.6114,52.54303],[8.61194,52.54361],[8.61302,52.54361],[8.61302,52.54385],[8.61167,52.54434],[8.6114,52.545],[8.61032,52.54525],[8.61019,52.54484],[8.61059,52.54451],[8.61059,52.54377],[8.60965,52.54303],[8.60965,52.54197],[8.60898,52.54172],[8.60709,52.5418],[8.60615,52.54131],[8.6052,52.54115],[8.60466,52.54115],[8.60412,52.54156],[8.60412,52.54279],[8.60359,52.5432],[8.60156,52.5432],[8.60076,52.54369],[8.59846,52.54369],[8.59698,52.54393],[8.59564,52.54369],[8.59483,52.54312],[8.59496,52.54262],[8.59631,52.54205],[8.5959,52.54172],[8.59388,52.54156],[8.59227,52.54098],[8.59051,52.54098],[8.58998,52.54082],[8.58971,52.54049],[8.58876,52.54057],[8.58849,52.54074],[8.58836,52.54164],[8.58742,52.54262],[8.58795,52.5441],[8.58728,52.54467],[8.58782,52.54557],[8.58903,52.54639],[8.58863,52.54754],[8.58917,52.54787],[8.59011,52.54795],[8.59078,52.5477],[8.59132,52.54705],[8.592,52.54697],[8.59267,52.54729],[8.59294,52.54779],[8.59415,52.54762],[8.59523,52.54828],[8.59914,52.54877],[8.59914,52.54902],[8.59833,52.54951],[8.59833,52.55057],[8.59806,52.5509],[8.59685,52.55131],[8.59644,52.55164],[8.59698,52.55205],[8.59887,52.55205],[8.60008,52.55123],[8.60332,52.55098],[8.60399,52.55065],[8.6048,52.55057],[8.60466,52.55082],[8.60372,52.55115],[8.60103,52.55131],[8.60049,52.55147],[8.59968,52.55213],[8.59914,52.55213],[8.5986,52.55237],[8.59887,52.5527],[8.60062,52.55311],[8.60345,52.55262],[8.6048,52.55188],[8.60574,52.55057],[8.60682,52.55041],[8.60776,52.54983],[8.60857,52.54983],[8.60924,52.54942],[8.60951,52.54885],[8.61032,52.54885],[8.61127,52.54951],[8.61234,52.54983],[8.61356,52.55082],[8.61854,52.55057],[8.61962,52.55115],[8.62043,52.55098],[8.62083,52.54967],[8.62205,52.55049],[8.62285,52.55049],[8.6238,52.54983],[8.62514,52.54967],[8.62501,52.55164],[8.6242,52.55262],[8.6242,52.55328],[8.62488,52.55426],[8.62393,52.55475],[8.62407,52.55573],[8.62326,52.55639],[8.62312,52.55713],[8.62366,52.55745],[8.62434,52.55737],[8.62488,52.55704],[8.62501,52.55663],[8.62555,52.55655],[8.62676,52.55713],[8.62851,52.55729],[8.62905,52.55704],[8.62973,52.55614],[8.63053,52.5559],[8.63121,52.55631],[8.63242,52.55663],[8.63283,52.55876],[8.6339,52.56024],[8.63309,52.56081],[8.6304,52.56089],[8.62973,52.5613],[8.6207,52.5613],[8.6207,52.56098],[8.61976,52.56057],[8.61693,52.56057],[8.61558,52.5613],[8.61383,52.5613],[8.61437,52.56098],[8.6145,52.56024],[8.61396,52.55999],[8.61302,52.55999],[8.61221,52.55942],[8.61019,52.55893],[8.60938,52.55852],[8.60857,52.55852],[8.6083,52.55868],[8.6083,52.55917],[8.60898,52.55942],[8.60911,52.55983],[8.60844,52.55999],[8.60763,52.55975],[8.60709,52.55926],[8.60709,52.55893],[8.60749,52.5586],[8.60749,52.55811],[8.60722,52.55795],[8.60601,52.55786],[8.60466,52.55811],[8.60412,52.55786],[8.60278,52.55786],[8.6017,52.55745],[8.60116,52.55745],[8.60089,52.55762],[8.59981,52.55762],[8.59846,52.55844],[8.59793,52.55852],[8.59806,52.55827],[8.60062,52.55721],[8.60076,52.55655],[8.60035,52.55623],[8.59954,52.55606],[8.59873,52.55541],[8.59725,52.55508],[8.59631,52.55516],[8.59483,52.55614],[8.59483,52.55639],[8.59523,52.55663],[8.5959,52.55663],[8.59658,52.55704],[8.59658,52.55762],[8.59604,52.5577],[8.59564,52.55819],[8.5951,52.55803],[8.59469,52.55754],[8.59469,52.55704],[8.59415,52.55663],[8.59348,52.55672],[8.59267,52.55729],[8.592,52.55745],[8.59132,52.55803],[8.59078,52.55803],[8.59011,52.55762],[8.58984,52.55713],[8.58984,52.5559],[8.59011,52.55573],[8.59105,52.55573],[8.59146,52.55549],[8.59186,52.55549],[8.59281,52.5559],[8.59334,52.5559],[8.59402,52.55532],[8.59429,52.55401],[8.5951,52.55418],[8.59631,52.5536],[8.59658,52.55328],[8.59644,52.55246],[8.59577,52.55205],[8.5951,52.55205],[8.59442,52.55246],[8.59402,52.55377],[8.59281,52.5527],[8.59348,52.55221],[8.59308,52.5518],[8.59173,52.55156],[8.59065,52.55106],[8.58863,52.55082],[8.58769,52.55049],[8.58795,52.55008],[8.58876,52.55],[8.58957,52.54959],[8.58957,52.54918],[8.5889,52.54869],[8.58634,52.54828],[8.58593,52.54877],[8.58512,52.54877],[8.58405,52.54836],[8.58364,52.54779],[8.58391,52.54721],[8.58512,52.54705],[8.5858,52.54664],[8.58715,52.54656],[8.58755,52.54631],[8.58728,52.54566],[8.58647,52.54508],[8.58068,52.54369],[8.58,52.54369],[8.57974,52.54385],[8.58,52.54459],[8.5796,52.54492],[8.57879,52.54434],[8.57812,52.54443],[8.57744,52.54484],[8.5765,52.54484],[8.57623,52.54459],[8.57677,52.54418],[8.57879,52.54377],[8.57852,52.54328],[8.57677,52.54328],[8.57435,52.54353],[8.57367,52.54377],[8.57367,52.54451],[8.57448,52.54533],[8.57448,52.54607],[8.57367,52.54672],[8.5734,52.54754],[8.57286,52.54803],[8.573,52.54861],[8.57488,52.54934],[8.57691,52.54967],[8.57906,52.54967],[8.58014,52.54926],[8.58041,52.54852],[8.58095,52.54861],[8.58122,52.54902],[8.58095,52.54967],[8.57933,52.55016],[8.57893,52.55057],[8.58149,52.55147],[8.58445,52.55147],[8.58674,52.55057],[8.58728,52.55065],[8.58755,52.55106],[8.58715,52.55131],[8.58688,52.55221],[8.58566,52.55254],[8.58445,52.55254],[8.58364,52.55213],[8.5792,52.55172],[8.57812,52.55131],[8.57664,52.55106],[8.57583,52.55049],[8.57502,52.55065],[8.57502,52.55106],[8.57394,52.55098],[8.57367,52.55139],[8.57435,52.5518],[8.57637,52.55229],[8.5765,52.55262],[8.57717,52.55295],[8.57974,52.55295],[8.58068,52.55311],[8.58108,52.55278],[8.58216,52.55262],[8.58297,52.55287],[8.58378,52.55352],[8.58809,52.5536],[8.59025,52.55237],[8.59092,52.55246],[8.59119,52.5527],[8.59105,52.55303],[8.58984,52.55377],[8.58742,52.55434],[8.58499,52.55442],[8.58324,52.55385],[8.58176,52.55393],[8.58108,52.55442],[8.58081,52.55532],[8.58,52.55614],[8.58,52.55647],[8.58054,52.55672],[8.58108,52.55672],[8.58135,52.55696],[8.58122,52.55737],[8.58041,52.5577],[8.58081,52.55844],[8.58176,52.55893],[8.5827,52.55893],[8.58351,52.55999],[8.58539,52.56098],[8.58607,52.56081],[8.58607,52.56032],[8.58634,52.56016],[8.58674,52.56024],[8.58769,52.5613],[8.57623,52.5613],[8.5765,52.56048],[8.57758,52.56016],[8.57758,52.55958],[8.57691,52.55917],[8.57556,52.55934],[8.57502,52.55893],[8.57448,52.55901],[8.57367,52.55958],[8.57044,52.55975],[8.56936,52.56024],[8.56788,52.55983],[8.56532,52.56016],[8.56478,52.56048],[8.56424,52.5613],[8.54861,52.5613]],[[8.58,52.56073],[8.58095,52.56065],[8.58149,52.56032],[8.58162,52.55934],[8.58095,52.55868],[8.58,52.55819],[8.57839,52.55811],[8.57785,52.55844],[8.57798,52.55909],[8.57825,52.55917],[8.57893,52.56024],[8.58,52.56073]],[[8.61504,52.55983],[8.61571,52.55958],[8.61571,52.55934],[8.61612,52.55958],[8.61666,52.55958],[8.61693,52.55942],[8.61679,52.55885],[8.61625,52.5586],[8.61558,52.55876],[8.61463,52.55803],[8.61302,52.55754],[8.61207,52.55778],[8.61221,52.55672],[8.6118,52.55647],[8.61086,52.55647],[8.61032,52.5568],[8.61019,52.55729],[8.60938,52.55754],[8.60938,52.55778],[8.61032,52.55819],[8.61221,52.55852],[8.61315,52.55934],[8.61463,52.5595],[8.61504,52.55983]],[[8.6273,52.55975],[8.62865,52.55967],[8.62905,52.55942],[8.62892,52.55909],[8.62838,52.55876],[8.62676,52.55844],[8.62676,52.55827],[8.62555,52.5577],[8.62461,52.5577],[8.6238,52.55811],[8.62393,52.55868],[8.62474,52.55934],[8.62528,52.5595],[8.62663,52.55942],[8.6273,52.55975]],[[8.61881,52.55934],[8.61989,52.55934],[8.62056,52.55868],[8.62164,52.55819],[8.62232,52.55737],[8.62232,52.5568],[8.62097,52.55606],[8.62029,52.555],[8.61868,52.55401],[8.61814,52.55401],[8.61773,52.55377],[8.61787,52.55344],[8.61881,52.55352],[8.61922,52.55328],[8.61949,52.55287],[8.61949,52.55196],[8.61881,52.55164],[8.61814,52.55164],[8.61787,52.55205],[8.61719,52.55229],[8.61733,52.55287],[8.61706,52.55328],[8.61652,52.55328],[8.61598,52.55295],[8.61571,52.55237],[8.61517,52.55205],[8.61463,52.55205],[8.61437,52.55221],[8.61437,52.55278],[8.61477,52.55319],[8.61477,52.5536],[8.61437,52.55385],[8.61315,52.55369],[8.61261,52.55401],[8.61248,52.55483],[8.61288,52.55508],[8.61383,52.55508],[8.6145,52.55475],[8.61625,52.55491],[8.61652,52.55573],[8.61598,52.55623],[8.61544,52.55647],[8.61477,52.55598],[8.61423,52.55598],[8.61396,52.55623],[8.61504,52.55688],[8.61571,52.55655],[8.61639,52.5568],[8.61706,52.5568],[8.61868,52.55745],[8.61868,52.55811],[8.61787,52.55819],[8.6176,52.55868],[8.61881,52.55934]],[[8.60359,52.5559],[8.60453,52.5559],[8.60507,52.55557],[8.60534,52.55475],[8.6048,52.55442],[8.60251,52.55418],[8.6017,52.55467],[8.6017,52.55516],[8.60224,52.55557],[8.60359,52.5559]],[[8.56828,52.55074],[8.56869,52.55074],[8.56909,52.55049],[8.56949,52.55016],[8.56949,52.54983],[8.56869,52.54959],[8.5672,52.54951],[8.56653,52.55016],[8.5668,52.55033],[8.56747,52.55033],[8.56828,52.55074]],[[8.56491,52.55024],[8.56559,52.55008],[8.56505,52.54942],[8.56491,52.54861],[8.56424,52.5482],[8.56289,52.5482],[8.56249,52.54844],[8.56276,52.54934],[8.56316,52.54959],[8.5641,52.54975],[8.56491,52.55024]],[[8.55844,52.55008],[8.55912,52.55008],[8.55952,52.54983],[8.55966,52.54893],[8.55993,52.54877],[8.55952,52.54836],[8.55871,52.54811],[8.55791,52.54828],[8.55804,52.54967],[8.55844,52.55008]],[[8.56343,52.54787],[8.56599,52.54803],[8.5668,52.54762],[8.5668,52.54705],[8.56505,52.54639],[8.56491,52.54598],[8.56518,52.54566],[8.56559,52.54549],[8.56613,52.54549],[8.56666,52.54574],[8.56761,52.54566],[8.56842,52.545],[8.56936,52.54467],[8.56909,52.54418],[8.56707,52.54377],[8.5637,52.54541],[8.56289,52.54566],[8.56181,52.54566],[8.56168,52.545],[8.56087,52.54467],[8.55912,52.54451],[8.55871,52.54459],[8.55831,52.545],[8.55764,52.54492],[8.5571,52.54426],[8.5575,52.54385],[8.55831,52.54361],[8.55831,52.54344],[8.55777,52.5432],[8.55642,52.5432],[8.55494,52.54295],[8.55467,52.54262],[8.55481,52.5423],[8.5544,52.54197],[8.55386,52.54189],[8.55346,52.54213],[8.55346,52.54287],[8.55306,52.54312],[8.55225,52.54312],[8.55157,52.54279],[8.54901,52.54279],[8.54861,52.54254],[8.54861,52.54197],[8.54928,52.54156],[8.55117,52.54115],[8.55117,52.5409],[8.55049,52.54057],[8.54699,52.54041],[8.54578,52.54082],[8.54403,52.54057],[8.54322,52.5409],[8.54308,52.54172],[8.54349,52.54197],[8.54618,52.54213],[8.54726,52.54295],[8.54834,52.54303],[8.54888,52.54344],[8.55009,52.54344],[8.55144,52.54459],[8.55265,52.54484],[8.55346,52.54533],[8.55642,52.54566],[8.5575,52.54631],[8.55858,52.54664],[8.56074,52.54656],[8.56141,52.54713],[8.56208,52.54713],[8.56262,52.54672],[8.56303,52.54672],[8.56343,52.54688],[8.56303,52.54762],[8.56343,52.54787]],[[8.54497,52.54754],[8.54713,52.54762],[8.5474,52.54746],[8.5474,52.54721],[8.54699,52.54697],[8.54578,52.54672],[8.54511,52.54623],[8.54416,52.54623],[8.54376,52.54648],[8.54376,52.5468],[8.54497,52.54754]],[[8.56532,52.54377],[8.56613,52.54377],[8.56774,52.54287],[8.56774,52.54238],[8.56707,52.54205],[8.56693,52.54148],[8.56626,52.54115],[8.56532,52.54139],[8.56437,52.54131],[8.5641,52.54148],[8.5641,52.54205],[8.56464,52.54254],[8.56464,52.54312],[8.56532,52.54377]],[[8.56909,52.54344],[8.56976,52.54344],[8.57057,52.5432],[8.57138,52.54344],[8.57219,52.54344],[8.57327,52.54254],[8.57475,52.5423],[8.57515,52.54172],[8.57488,52.54156],[8.57232,52.54156],[8.57138,52.5418],[8.56909,52.54172],[8.56842,52.54205],[8.56801,52.54254],[8.56815,52.54312],[8.56909,52.54344]],[[8.55858,52.54254],[8.56114,52.54262],[8.56181,52.5423],[8.56276,52.5423],[8.56316,52.5418],[8.56087,52.54107],[8.55993,52.54107],[8.55844,52.54197],[8.55831,52.54238],[8.55858,52.54254]],[[8.61315,52.5423],[8.61625,52.54205],[8.61679,52.54172],[8.61693,52.54082],[8.61652,52.54057],[8.61571,52.54049],[8.61531,52.5409],[8.6149,52.54098],[8.61356,52.54033],[8.61329,52.54049],[8.61356,52.54074],[8.61329,52.54148],[8.6118,52.54148],[8.61113,52.54172],[8.6114,52.54221],[8.61315,52.5423]],[[8.55386,52.54156],[8.55602,52.54139],[8.5575,52.54057],[8.5575,52.54017],[8.55602,52.53951],[8.55508,52.53951],[8.55494,52.53967],[8.55225,52.53959],[8.55198,52.53976],[8.55211,52.54008],[8.55252,52.54033],[8.55346,52.54049],[8.55332,52.54074],[8.55252,52.54074],[8.55225,52.54123],[8.55265,52.54148],[8.55386,52.54156]],[[8.59469,52.54131],[8.59846,52.54148],[8.59968,52.54115],[8.60103,52.54017],[8.60103,52.53943],[8.60062,52.53918],[8.59941,52.5391],[8.59698,52.53992],[8.59631,52.53992],[8.59604,52.53959],[8.59631,52.53943],[8.59752,52.53951],[8.59914,52.53828],[8.60089,52.53754],[8.60089,52.5373],[8.60022,52.53713],[8.59846,52.53787],[8.59658,52.53803],[8.59604,52.53771],[8.59617,52.53705],[8.59644,52.53689],[8.59698,52.53697],[8.59698,52.53762],[8.59766,52.53787],[8.599,52.53738],[8.59981,52.5368],[8.60116,52.53689],[8.60143,52.53672],[8.60143,52.53607],[8.60251,52.53549],[8.60278,52.535],[8.60426,52.53443],[8.60534,52.53426],[8.60668,52.53303],[8.60655,52.53238],[8.60493,52.53172],[8.60251,52.53],[8.60143,52.52976],[8.59968,52.52976],[8.59806,52.53017],[8.59698,52.53082],[8.59564,52.53074],[8.59537,52.5309],[8.59604,52.5332],[8.59469,52.5341],[8.59402,52.53402],[8.59348,52.53369],[8.59308,52.53262],[8.59254,52.5323],[8.59227,52.53246],[8.59227,52.5332],[8.59186,52.53344],[8.59146,52.53508],[8.59146,52.53558],[8.592,52.53615],[8.59186,52.53656],[8.59159,52.53656],[8.59132,52.53607],[8.59092,52.53623],[8.59065,52.53738],[8.58998,52.53787],[8.58957,52.53861],[8.5889,52.53861],[8.58836,52.53828],[8.58742,52.53828],[8.5862,52.53885],[8.5862,52.5391],[8.58661,52.53935],[8.58742,52.53943],[8.58849,52.53984],[8.58984,52.53992],[8.59132,52.54066],[8.59281,52.54066],[8.59388,52.5409],[8.59469,52.54131]],[[8.61005,52.54131],[8.6114,52.54098],[8.61221,52.53976],[8.6118,52.53935],[8.61086,52.53926],[8.61113,52.53853],[8.61073,52.53828],[8.60938,52.5382],[8.60763,52.53943],[8.60763,52.53992],[8.60898,52.54098],[8.61005,52.54131]],[[8.57071,52.54082],[8.57192,52.54074],[8.57246,52.54041],[8.57246,52.54008],[8.57178,52.53976],[8.57057,52.53967],[8.56963,52.53935],[8.56815,52.53943],[8.56747,52.53967],[8.56747,52.54008],[8.56801,52.54049],[8.56963,52.54057],[8.57071,52.54082]],[[8.54012,52.54017],[8.5412,52.54008],[8.54201,52.53935],[8.54268,52.53902],[8.54416,52.53869],[8.54457,52.53844],[8.54457,52.5382],[8.54349,52.53779],[8.54174,52.53771],[8.54066,52.5368],[8.53972,52.53672],[8.53904,52.53705],[8.53891,52.53762],[8.53958,52.53828],[8.53918,52.53976],[8.54012,52.54017]],[[8.58014,52.54017],[8.58189,52.54017],[8.58337,52.53984],[8.58526,52.53853],[8.58755,52.53803],[8.58903,52.53713],[8.58944,52.53697],[8.59011,52.53705],[8.59038,52.53689],[8.59038,52.53615],[8.58971,52.53558],[8.58903,52.53541],[8.58674,52.53549],[8.58701,52.53508],[8.58822,52.53484],[8.58822,52.53467],[8.58755,52.53443],[8.58755,52.5341],[8.58809,52.53361],[8.58809,52.53279],[8.58755,52.53221],[8.5862,52.53156],[8.58405,52.53148],[8.58351,52.5323],[8.5831,52.53238],[8.5827,52.53205],[8.5827,52.53148],[8.58189,52.53099],[8.58243,52.53033],[8.58243,52.53],[8.58203,52.52976],[8.57866,52.53049],[8.57798,52.53082],[8.57785,52.53279],[8.57731,52.5332],[8.5761,52.53361],[8.57502,52.53369],[8.57394,52.53353],[8.57313,52.53443],[8.57313,52.53525],[8.57232,52.53484],[8.57098,52.53484],[8.57071,52.53426],[8.57098,52.5341],[8.57219,52.53402],[8.57273,52.53369],[8.57273,52.53328],[8.57152,52.53279],[8.57017,52.53287],[8.56855,52.53385],[8.56842,52.53467],[8.56801,52.53476],[8.56747,52.53459],[8.56707,52.53484],[8.56693,52.53525],[8.56613,52.53525],[8.56532,52.53459],[8.56464,52.53476],[8.56464,52.53517],[8.56505,52.53533],[8.56505,52.53558],[8.56451,52.53582],[8.56451,52.53615],[8.56586,52.53664],[8.56653,52.53746],[8.5672,52.53779],[8.56788,52.53787],[8.56896,52.53869],[8.57071,52.53869],[8.57165,52.5391],[8.573,52.53918],[8.57421,52.53984],[8.57583,52.53984],[8.57691,52.54008],[8.57947,52.53992],[8.58014,52.54017]],[[8.55238,52.53902],[8.55575,52.53885],[8.55615,52.53861],[8.55615,52.53787],[8.55535,52.53754],[8.55292,52.53746],[8.55265,52.53779],[8.55319,52.53795],[8.55319,52.53812],[8.55238,52.5382],[8.55198,52.53853],[8.55238,52.53902]],[[8.54861,52.53894],[8.54969,52.53885],[8.55009,52.53853],[8.55009,52.53803],[8.54969,52.53771],[8.54847,52.5373],[8.54767,52.5373],[8.54713,52.53771],[8.54726,52.53828],[8.54861,52.53894]],[[8.56208,52.53877],[8.5641,52.53877],[8.56491,52.53861],[8.56572,52.53812],[8.56572,52.53762],[8.56491,52.5373],[8.56464,52.53689],[8.5641,52.53664],[8.56181,52.53697],[8.56114,52.53746],[8.56114,52.53853],[8.56208,52.53877]],[[8.60776,52.53754],[8.61046,52.53787],[8.61194,52.53746],[8.61234,52.53721],[8.61234,52.53697],[8.61086,52.53607],[8.61005,52.53582],[8.60911,52.53582],[8.60736,52.53648],[8.60722,52.53705],[8.60776,52.53754]],[[8.5575,52.53697],[8.55871,52.53689],[8.55939,52.53656],[8.55966,52.53599],[8.55925,52.53566],[8.55844,52.53566],[8.55696,52.53607],[8.55696,52.53672],[8.5575,52.53697]],[[8.54376,52.53656],[8.54591,52.53656],[8.54632,52.53623],[8.54632,52.53582],[8.54497,52.53525],[8.54389,52.53517],[8.54322,52.53574],[8.54322,52.53623],[8.54376,52.53656]],[[8.55373,52.53541],[8.55548,52.53541],[8.55602,52.53517],[8.55602,52.53476],[8.55535,52.53435],[8.55373,52.53435],[8.55332,52.53459],[8.55332,52.53517],[8.55373,52.53541]],[[8.55871,52.53517],[8.5602,52.535],[8.56316,52.53508],[8.56357,52.53451],[8.56464,52.53426],[8.56518,52.53394],[8.56572,52.53295],[8.56842,52.53287],[8.56936,52.53238],[8.57003,52.53148],[8.57017,52.53074],[8.56855,52.52992],[8.56761,52.52984],[8.56707,52.52959],[8.56707,52.52877],[8.56666,52.52844],[8.56518,52.5282],[8.56383,52.52771],[8.56276,52.52771],[8.56141,52.52836],[8.55939,52.52795],[8.55791,52.52844],[8.55804,52.52885],[8.55844,52.5291],[8.56047,52.52926],[8.56357,52.53123],[8.5637,52.53197],[8.56397,52.53213],[8.56478,52.53213],[8.56613,52.53099],[8.56734,52.53107],[8.56734,52.5314],[8.56666,52.53205],[8.56451,52.53295],[8.56316,52.53279],[8.56235,52.53197],[8.56074,52.53172],[8.55939,52.53058],[8.55912,52.52992],[8.55737,52.5291],[8.55562,52.52902],[8.55521,52.52967],[8.5544,52.52967],[8.55332,52.52877],[8.55198,52.52885],[8.55144,52.52918],[8.55144,52.52959],[8.55171,52.52976],[8.55319,52.52976],[8.55359,52.52992],[8.55332,52.53025],[8.55265,52.53041],[8.5513,52.53041],[8.55103,52.52992],[8.55009,52.52959],[8.54888,52.52951],[8.54861,52.52967],[8.54888,52.53008],[8.54928,52.53008],[8.55023,52.53049],[8.54901,52.53107],[8.54874,52.5314],[8.54901,52.5318],[8.55076,52.53115],[8.55265,52.53115],[8.55521,52.53172],[8.55588,52.53213],[8.55588,52.53238],[8.55494,52.53246],[8.55467,52.53262],[8.55467,52.53312],[8.55508,52.53336],[8.55588,52.5332],[8.55737,52.53336],[8.55737,52.53361],[8.55602,52.53418],[8.55602,52.53467],[8.55642,52.53492],[8.55683,52.53492],[8.5571,52.53476],[8.5571,52.53418],[8.55777,52.5341],[8.55818,52.53426],[8.55831,52.53484],[8.55871,52.53517]],[[8.5513,52.53418],[8.55225,52.53418],[8.55279,52.53385],[8.55279,52.53336],[8.55211,52.53295],[8.5509,52.53295],[8.55063,52.53312],[8.55049,52.53377],[8.5513,52.53418]],[[8.54537,52.53279],[8.54645,52.53271],[8.54713,52.53197],[8.5482,52.53197],[8.54847,52.53172],[8.5478,52.5314],[8.54699,52.5314],[8.54511,52.5318],[8.54484,52.53197],[8.54484,52.53246],[8.54537,52.53279]],[[8.58809,52.53107],[8.58971,52.53107],[8.59105,52.53049],[8.59348,52.53025],[8.59388,52.53],[8.59415,52.52918],[8.59469,52.52885],[8.59456,52.52828],[8.59375,52.52779],[8.59267,52.52754],[8.59159,52.52754],[8.59078,52.52779],[8.58971,52.52853],[8.58674,52.52967],[8.58661,52.53058],[8.58809,52.53107]],[[8.57327,52.53082],[8.57583,52.53082],[8.57947,52.52992],[8.58095,52.52828],[8.58176,52.5282],[8.5827,52.52836],[8.5831,52.52812],[8.58351,52.52762],[8.58337,52.52713],[8.58256,52.5268],[8.58068,52.52672],[8.57852,52.5273],[8.57556,52.52754],[8.57461,52.52738],[8.57367,52.52697],[8.57246,52.52697],[8.57205,52.52746],[8.57246,52.52828],[8.57246,52.53],[8.57327,52.53082]],[[8.55562,52.5282],[8.5571,52.5282],[8.55777,52.52771],[8.55885,52.52762],[8.55966,52.5273],[8.56074,52.52631],[8.56087,52.52557],[8.5602,52.52541],[8.55952,52.52582],[8.55831,52.52582],[8.5575,52.52525],[8.55508,52.52516],[8.55467,52.52541],[8.55454,52.52607],[8.554,52.52664],[8.554,52.52738],[8.55481,52.52795],[8.55562,52.5282]],[[8.57583,52.52664],[8.57691,52.52664],[8.57798,52.52639],[8.57974,52.52639],[8.58041,52.5259],[8.58027,52.52459],[8.5796,52.52435],[8.57717,52.52492],[8.57677,52.52533],[8.57515,52.52598],[8.57515,52.52631],[8.57583,52.52664]],[[8.58378,52.5259],[8.58553,52.5259],[8.58593,52.52566],[8.58593,52.52525],[8.58553,52.52475],[8.58566,52.52394],[8.58526,52.52377],[8.58499,52.52312],[8.58459,52.52287],[8.58351,52.52295],[8.5831,52.52328],[8.5831,52.52369],[8.58243,52.52394],[8.5827,52.52435],[8.58391,52.52443],[8.58391,52.52467],[8.5831,52.52516],[8.58324,52.52557],[8.58378,52.5259]],[[8.57125,52.52557],[8.57273,52.52557],[8.57367,52.52525],[8.57448,52.52525],[8.5761,52.52394],[8.57866,52.52394],[8.5796,52.52369],[8.58027,52.52328],[8.58041,52.52287],[8.58,52.52254],[8.57879,52.52262],[8.57812,52.52238],[8.57812,52.52098],[8.57771,52.52074],[8.57569,52.52074],[8.57529,52.52057],[8.57515,52.52008],[8.57435,52.51992],[8.57394,52.52025],[8.57381,52.52098],[8.57273,52.52172],[8.57273,52.52246],[8.57165,52.52344],[8.57098,52.52344],[8.57017,52.52295],[8.56922,52.52295],[8.56896,52.52312],[8.56734,52.52303],[8.5668,52.52328],[8.56666,52.52385],[8.56707,52.5241],[8.56788,52.52435],[8.57003,52.52426],[8.57003,52.52475],[8.57044,52.525],[8.57084,52.525],[8.57125,52.52557]],[[8.56949,52.52189],[8.57057,52.52189],[8.57098,52.52164],[8.57084,52.52123],[8.57125,52.5209],[8.57125,52.52049],[8.57057,52.52016],[8.56909,52.52025],[8.56801,52.52082],[8.56801,52.52123],[8.56949,52.52189]],[[8.58391,52.51861],[8.58728,52.5182],[8.58876,52.51713],[8.5893,52.51639],[8.5893,52.51582],[8.58822,52.51533],[8.58445,52.51533],[8.58364,52.51557],[8.5831,52.51615],[8.58203,52.51664],[8.58189,52.51721],[8.58283,52.51779],[8.5831,52.51828],[8.58391,52.51861]],[[8.57367,52.51844],[8.57475,52.51844],[8.57556,52.51811],[8.57556,52.51721],[8.57461,52.51688],[8.57259,52.51705],[8.57192,52.5168],[8.57165,52.51697],[8.57192,52.5177],[8.57152,52.51795],[8.57178,52.51811],[8.57286,52.51811],[8.57367,52.51844]],[[8.59119,52.51631],[8.592,52.51631],[8.59267,52.5159],[8.59294,52.51516],[8.592,52.51475],[8.59092,52.51467],[8.59011,52.51508],[8.59011,52.51549],[8.59038,52.5159],[8.59119,52.51631]],[[8.56559,52.51606],[8.56693,52.51606],[8.56774,52.51565],[8.56882,52.51549],[8.56922,52.51508],[8.56761,52.51459],[8.56666,52.51467],[8.5664,52.51459],[8.5664,52.5141],[8.56613,52.51393],[8.56545,52.51393],[8.56518,52.5141],[8.56505,52.51565],[8.56559,52.51606]],[[8.58782,52.51467],[8.58822,52.51467],[8.5889,52.51434],[8.59078,52.51434],[8.59132,52.51393],[8.59119,52.51352],[8.59078,52.51328],[8.58863,52.51336],[8.58755,52.51418],[8.58782,52.51467]],[[8.55844,52.50877],[8.55939,52.50827],[8.56047,52.50811],[8.56087,52.5077],[8.56195,52.50745],[8.56195,52.50713],[8.56127,52.50655],[8.55912,52.50663],[8.55858,52.50639],[8.55777,52.50655],[8.55764,52.50721],[8.55844,52.5077],[8.55844,52.50811],[8.55818,52.50819],[8.55818,52.5086],[8.55844,52.50877]]]}},{"type":"Feature","properties":{"slice":"boden","kind":"niedermoor"},"geometry":{"type":"Polygon","coordinates":[[[9.06186,52.5613],[9.062,52.56065],[9.06267,52.56024],[9.06307,52.55942],[9.06375,52.55893],[9.06483,52.55754],[9.06402,52.5536],[9.06334,52.5527],[9.06227,52.55205],[9.06132,52.5518],[9.05876,52.5518],[9.05553,52.55262],[9.05283,52.55434],[9.05149,52.55467],[9.04973,52.55557],[9.04569,52.55565],[9.04448,52.55508],[9.043,52.55467],[9.04232,52.55426],[9.04219,52.55311],[9.04192,52.55278],[9.04205,52.5509],[9.04138,52.55008],[9.04138,52.54951],[9.04165,52.54951],[9.04232,52.55033],[9.04259,52.55147],[9.04246,52.5527],[9.04286,52.55393],[9.04461,52.55483],[9.04623,52.55524],[9.04731,52.55532],[9.04893,52.55516],[9.05081,52.55467],[9.0531,52.55369],[9.05539,52.55221],[9.05903,52.55147],[9.05957,52.55115],[9.05957,52.55074],[9.05768,52.54975],[9.05755,52.54926],[9.05661,52.54836],[9.05526,52.54754],[9.05432,52.54721],[9.05364,52.54664],[9.05364,52.54598],[9.05445,52.54525],[9.05445,52.54475],[9.05364,52.54434],[9.05256,52.5441],[9.05027,52.54221],[9.05041,52.54205],[9.05108,52.54213],[9.05162,52.54262],[9.05283,52.5432],[9.0531,52.54369],[9.05364,52.54402],[9.05458,52.5441],[9.05553,52.54451],[9.05647,52.54443],[9.05701,52.54402],[9.05741,52.54254],[9.05809,52.54148],[9.0589,52.54107],[9.0597,52.54098],[9.06038,52.54033],[9.06011,52.53943],[9.06024,52.53762],[9.05957,52.53721],[9.05944,52.5368],[9.0589,52.53656],[9.05809,52.53656],[9.05485,52.53754],[9.05283,52.53844],[9.05081,52.54],[9.04852,52.54082],[9.04758,52.54148],[9.0465,52.5418],[9.04286,52.5423],[9.03936,52.5423],[9.03815,52.54213],[9.0368,52.54164],[9.03424,52.54123],[9.0337,52.54074],[9.03154,52.53959],[9.03073,52.53877],[9.03046,52.53803],[9.031,52.53426],[9.0306,52.53402],[9.02831,52.53402],[9.02683,52.53435],[9.02534,52.53443],[9.02494,52.53476],[9.02521,52.53582],[9.02413,52.53672],[9.02332,52.53721],[9.02171,52.5373],[9.02144,52.53754],[9.02049,52.53762],[9.01928,52.53844],[9.01915,52.53926],[9.01995,52.54],[9.02265,52.54033],[9.0244,52.54107],[9.02386,52.54107],[9.02278,52.54066],[9.02117,52.54057],[9.01942,52.54017],[9.01861,52.53951],[9.01888,52.5382],[9.02022,52.53738],[9.0213,52.53705],[9.02265,52.53705],[9.02373,52.53672],[9.02481,52.53582],[9.02467,52.53467],[9.024,52.53426],[9.0209,52.53418],[9.02036,52.53451],[9.01982,52.53541],[9.01834,52.53558],[9.01659,52.53525],[9.01524,52.53451],[9.01497,52.53353],[9.01362,52.53271],[9.01322,52.53205],[9.01349,52.53099],[9.01335,52.52992],[9.0116,52.52918],[9.01052,52.52795],[9.01052,52.52697],[9.01079,52.52664],[9.01066,52.52418],[9.01133,52.52262],[9.01241,52.52156],[9.01241,52.52098],[9.01187,52.52],[9.01214,52.5191],[9.01187,52.51803],[9.01106,52.51754],[9.01012,52.51729],[9.00635,52.51721],[9.005,52.51697],[9.00338,52.5159],[9.00298,52.5136],[9.0019,52.51328],[8.99866,52.51278],[8.99826,52.51172],[8.99839,52.51065],[8.99947,52.51],[9.00015,52.50909],[9.00015,52.50868],[8.99961,52.50836],[8.99853,52.50811],[8.99597,52.50827],[8.99462,52.50786],[8.99408,52.50745],[8.99395,52.5068],[8.99462,52.50598],[8.99476,52.50499],[8.99449,52.5045],[8.99341,52.50393],[8.99301,52.50327],[8.99354,52.50204],[8.99354,52.50138],[8.99301,52.50065],[8.99314,52.49991],[8.99274,52.49966],[8.99179,52.49966],[8.99085,52.49942],[8.98977,52.499],[8.9895,52.49868],[8.99031,52.49868],[8.99166,52.49942],[8.99287,52.49925],[8.99368,52.49966],[8.99422,52.50147],[8.99381,52.50229],[8.99381,52.50302],[8.99489,52.50409],[8.99516,52.50516],[8.99503,52.50581],[8.99422,52.50672],[8.99449,52.50754],[8.99557,52.50795],[8.99947,52.50795],[9.00069,52.50852],[9.00055,52.50926],[8.9992,52.51073],[8.99934,52.51155],[9.00055,52.5127],[9.00149,52.51295],[9.00257,52.51295],[9.00325,52.51262],[9.00392,52.51082],[9.00392,52.50991],[9.00325,52.50918],[9.00096,52.50811],[8.99988,52.5068],[8.9992,52.50647],[8.99907,52.50606],[9.00028,52.50663],[9.00149,52.50803],[9.00405,52.50926],[9.00446,52.50983],[9.00446,52.51041],[9.00338,52.51262],[9.00338,52.51336],[9.00365,52.51369],[9.00392,52.51557],[9.00432,52.51615],[9.00513,52.51664],[9.00594,52.5168],[9.00998,52.51688],[9.01147,52.51738],[9.01214,52.51713],[9.01214,52.51574],[9.01173,52.51541],[9.01173,52.51483],[9.01268,52.5136],[9.01281,52.51246],[9.01106,52.51155],[9.0112,52.51131],[9.01295,52.51229],[9.01308,52.51295],[9.01349,52.51336],[9.01335,52.51385],[9.01254,52.51442],[9.01214,52.51508],[9.01214,52.51565],[9.01254,52.51631],[9.01214,52.5182],[9.01268,52.51836],[9.01322,52.51803],[9.01335,52.51606],[9.01483,52.51385],[9.01456,52.51155],[9.01403,52.51008],[9.01376,52.50991],[9.01376,52.50934],[9.01403,52.50918],[9.01497,52.50942],[9.01564,52.51065],[9.01632,52.51073],[9.01739,52.51049],[9.0182,52.51065],[9.0182,52.51098],[9.01739,52.51114],[9.01686,52.51147],[9.01659,52.51213],[9.01699,52.51278],[9.01847,52.51352],[9.02049,52.51377],[9.02211,52.51336],[9.02305,52.5127],[9.024,52.5127],[9.02413,52.51311],[9.02305,52.51352],[9.02063,52.51524],[9.01888,52.51574],[9.01766,52.51647],[9.0151,52.51926],[9.01443,52.52057],[9.01443,52.52098],[9.01497,52.52139],[9.01497,52.52254],[9.01645,52.52369],[9.01874,52.52418],[9.02265,52.52541],[9.02386,52.52557],[9.02925,52.52541],[9.03114,52.52435],[9.03249,52.52418],[9.03343,52.52361],[9.03451,52.52328],[9.03437,52.52279],[9.03302,52.52172],[9.03262,52.52107],[9.03168,52.51803],[9.03168,52.51664],[9.03276,52.51516],[9.03276,52.51434],[9.03168,52.51393],[9.03073,52.51319],[9.02993,52.51303],[9.02939,52.5127],[9.02898,52.5118],[9.0279,52.51131],[9.02764,52.51082],[9.02831,52.50975],[9.02817,52.50827],[9.02871,52.50795],[9.03006,52.50795],[9.02925,52.50877],[9.02925,52.51008],[9.02952,52.51114],[9.03006,52.51172],[9.03046,52.5127],[9.03114,52.51311],[9.03181,52.51328],[9.03276,52.51319],[9.03343,52.51377],[9.03397,52.51377],[9.03451,52.51344],[9.03518,52.51246],[9.03572,52.51229],[9.0368,52.51147],[9.03828,52.51139],[9.03909,52.5109],[9.04071,52.51073],[9.04124,52.51032],[9.04367,52.50991],[9.04421,52.50959],[9.04434,52.50926],[9.0438,52.50852],[9.04367,52.5077],[9.043,52.50745],[9.043,52.50647],[9.04246,52.50606],[9.04111,52.50557],[9.04111,52.50532],[9.04138,52.50532],[9.04192,52.50548],[9.04367,52.50672],[9.04421,52.50754],[9.04434,52.5086],[9.04529,52.50942],[9.04515,52.51],[9.0434,52.51016],[9.04192,52.5109],[9.04138,52.51147],[9.04138,52.51205],[9.04165,52.51221],[9.04354,52.51229],[9.04529,52.51262],[9.04825,52.51246],[9.05,52.5127],[9.05041,52.51295],[9.05041,52.51319],[9.04542,52.51295],[9.043,52.51303],[9.04124,52.51352],[9.03895,52.5136],[9.03734,52.51401],[9.03585,52.51516],[9.03532,52.5159],[9.03478,52.5177],[9.03437,52.51959],[9.03451,52.52025],[9.03572,52.5218],[9.03761,52.52287],[9.03788,52.52353],[9.03855,52.52385],[9.04017,52.5241],[9.04852,52.5241],[9.04987,52.52369],[9.05202,52.52369],[9.05283,52.52353],[9.05445,52.52287],[9.05593,52.52262],[9.05661,52.52221],[9.05755,52.52221],[9.05809,52.52189],[9.0589,52.51926],[9.06011,52.5177],[9.06159,52.51664],[9.0624,52.51475],[9.06415,52.51426],[9.06496,52.5136],[9.0655,52.51352],[9.06631,52.51287],[9.06658,52.51213],[9.06698,52.51196],[9.06712,52.51237],[9.06658,52.51319],[9.06429,52.51516],[9.06429,52.51598],[9.06348,52.51705],[9.06267,52.51746],[9.06227,52.5182],[9.06146,52.51861],[9.06105,52.5191],[9.06051,52.52189],[9.06051,52.52279],[9.06119,52.52336],[9.06119,52.52418],[9.06065,52.52541],[9.06159,52.52566],[9.06186,52.52598],[9.06119,52.52623],[9.06051,52.5268],[9.06038,52.52828],[9.05997,52.52877],[9.05997,52.5309],[9.06051,52.53189],[9.06051,52.53279],[9.06011,52.53328],[9.06011,52.53615],[9.06078,52.53779],[9.06092,52.53951],[9.06132,52.54033],[9.06375,52.5423],[9.06415,52.54213],[9.06415,52.54172],[9.06307,52.53812],[9.06321,52.53426],[9.06361,52.53353],[9.06442,52.53279],[9.06483,52.53156],[9.0655,52.53066],[9.06846,52.52894],[9.06846,52.52869],[9.06725,52.5282],[9.06631,52.52648],[9.06483,52.52492],[9.06469,52.52336],[9.06402,52.52279],[9.06402,52.52221],[9.06334,52.52156],[9.06334,52.52107],[9.06375,52.52107],[9.06415,52.52213],[9.06469,52.5223],[9.06496,52.52213],[9.06496,52.52148],[9.06523,52.52115],[9.06509,52.52016],[9.06536,52.51902],[9.06671,52.51705],[9.06698,52.51475],[9.06806,52.51377],[9.06806,52.51336],[9.06873,52.51336],[9.06873,52.51492],[9.06792,52.51598],[9.06752,52.51738],[9.06685,52.51795],[9.06577,52.51975],[9.06577,52.52189],[9.06536,52.52262],[9.0655,52.52377],[9.06617,52.52451],[9.06644,52.52615],[9.06739,52.52705],[9.06739,52.52771],[9.06927,52.52869],[9.07291,52.52844],[9.07776,52.52918],[9.07924,52.52918],[9.07951,52.52943],[9.07938,52.52959],[9.07857,52.52959],[9.07709,52.52918],[9.07345,52.52885],[9.07048,52.52885],[9.06927,52.52902],[9.0686,52.52959],[9.06685,52.53017],[9.0659,52.53082],[9.06496,52.53303],[9.06334,52.53492],[9.06334,52.53549],[9.06415,52.5368],[9.06563,52.53738],[9.06563,52.53861],[9.06617,52.53943],[9.06631,52.5409],[9.06698,52.54164],[9.06819,52.54426],[9.06914,52.54467],[9.06954,52.54541],[9.07062,52.54607],[9.07224,52.54648],[9.07291,52.54688],[9.07291,52.54729],[9.07224,52.54754],[9.07197,52.54795],[9.07197,52.54902],[9.07224,52.54926],[9.0721,52.55016],[9.07008,52.55123],[9.07008,52.55344],[9.07048,52.5536],[9.07197,52.55287],[9.07412,52.5527],[9.07453,52.55237],[9.07493,52.5509],[9.07614,52.55082],[9.07695,52.55123],[9.07803,52.55328],[9.07911,52.55401],[9.08261,52.55434],[9.08288,52.55442],[9.08288,52.55467],[9.08153,52.55516],[9.07722,52.55483],[9.07682,52.55475],[9.0752,52.55369],[9.07439,52.55344],[9.07331,52.55352],[9.0717,52.55426],[9.07062,52.55442],[9.07008,52.55483],[9.06941,52.55655],[9.06941,52.55893],[9.069,52.55983],[9.06927,52.5613],[9.06792,52.5613],[9.06792,52.56048],[9.06833,52.55991],[9.0686,52.55614],[9.069,52.55557],[9.06927,52.55139],[9.06981,52.55033],[9.07129,52.54967],[9.07143,52.54885],[9.07102,52.54836],[9.069,52.54738],[9.06752,52.54598],[9.06563,52.54541],[9.0655,52.54516],[9.06442,52.54467],[9.06388,52.54377],[9.06132,52.5418],[9.06078,52.54164],[9.05957,52.54172],[9.05836,52.54287],[9.05768,52.54459],[9.05674,52.54557],[9.05701,52.54828],[9.05768,52.54934],[9.05863,52.54992],[9.05944,52.55016],[9.06038,52.5509],[9.06267,52.55147],[9.06361,52.55205],[9.06456,52.55328],[9.06563,52.55565],[9.06523,52.55704],[9.06536,52.55795],[9.06415,52.55893],[9.06388,52.55999],[9.06294,52.5613],[9.06186,52.5613]],[[9.05539,52.54746],[9.0562,52.54729],[9.0562,52.54533],[9.05593,52.54516],[9.05526,52.54525],[9.05458,52.5459],[9.05458,52.54688],[9.05539,52.54746]],[[9.06671,52.54385],[9.06739,52.54369],[9.06739,52.5432],[9.06671,52.54205],[9.06604,52.54148],[9.0659,52.54041],[9.06509,52.54],[9.06456,52.54098],[9.06496,52.54262],[9.06536,52.5432],[9.06671,52.54385]],[[9.04003,52.54164],[9.04502,52.54156],[9.04556,52.54115],[9.04704,52.54074],[9.05068,52.53877],[9.05162,52.53844],[9.05283,52.53771],[9.05337,52.53713],[9.05728,52.53574],[9.05714,52.53525],[9.0562,52.53435],[9.0562,52.53262],[9.05714,52.53099],[9.05755,52.53074],[9.05755,52.53033],[9.05728,52.53017],[9.05526,52.53008],[9.05351,52.5291],[9.05216,52.52672],[9.05202,52.525],[9.05162,52.52475],[9.05068,52.52475],[9.05,52.52516],[9.04973,52.52656],[9.04919,52.52689],[9.04717,52.5273],[9.04636,52.52754],[9.04569,52.52803],[9.04434,52.52836],[9.04313,52.52918],[9.04219,52.53049],[9.04165,52.53082],[9.0399,52.53131],[9.03815,52.53246],[9.03491,52.5341],[9.03437,52.53459],[9.03383,52.53599],[9.03262,52.53689],[9.03249,52.53861],[9.03316,52.53959],[9.03505,52.54049],[9.03747,52.54123],[9.04003,52.54164]],[[9.05849,52.53541],[9.05917,52.53517],[9.05917,52.5323],[9.05876,52.53189],[9.05876,52.53131],[9.05822,52.53107],[9.05728,52.53246],[9.05728,52.53287],[9.05768,52.53303],[9.05782,52.53476],[9.05849,52.53541]],[[9.01766,52.53525],[9.01861,52.53525],[9.01928,52.53492],[9.02049,52.53344],[9.0178,52.53254],[9.01618,52.53148],[9.01551,52.53033],[9.01564,52.5273],[9.01456,52.52648],[9.01416,52.52648],[9.01376,52.5268],[9.01349,52.52787],[9.01376,52.52951],[9.01362,52.53172],[9.01416,52.53262],[9.01551,52.53336],[9.01591,52.53467],[9.01766,52.53525]],[[9.0337,52.53336],[9.03478,52.53328],[9.03585,52.53246],[9.03747,52.53213],[9.03828,52.53148],[9.04003,52.53066],[9.03963,52.53033],[9.03895,52.53025],[9.03788,52.52967],[9.0372,52.52836],[9.03626,52.52795],[9.03532,52.52795],[9.03505,52.52812],[9.03545,52.52861],[9.03545,52.52902],[9.03491,52.52984],[9.03464,52.52992],[9.03478,52.52943],[9.03437,52.52926],[9.03383,52.52976],[9.03383,52.53],[9.03424,52.53025],[9.0337,52.53049],[9.03329,52.53115],[9.03114,52.53254],[9.03141,52.53279],[9.03235,52.53279],[9.0337,52.53336]],[[9.02669,52.53279],[9.03006,52.53279],[9.03033,52.53262],[9.03033,52.5314],[9.03222,52.52951],[9.03208,52.52787],[9.03262,52.52754],[9.03249,52.52697],[9.03168,52.52664],[9.03033,52.52664],[9.02952,52.52689],[9.02966,52.52664],[9.0306,52.52648],[9.03208,52.52656],[9.03262,52.52672],[9.03316,52.52721],[9.03316,52.52746],[9.03262,52.52787],[9.03289,52.52902],[9.03276,52.52967],[9.031,52.53115],[9.03073,52.53189],[9.03114,52.53205],[9.03356,52.53033],[9.03356,52.52935],[9.03451,52.52795],[9.03437,52.52697],[9.03464,52.52672],[9.03505,52.52697],[9.03505,52.52746],[9.03545,52.52771],[9.03666,52.52795],[9.03693,52.52779],[9.03653,52.5273],[9.03666,52.52648],[9.03761,52.52648],[9.03734,52.52754],[9.03855,52.52836],[9.03855,52.52959],[9.03909,52.53],[9.04017,52.53017],[9.04071,52.52992],[9.04071,52.52959],[9.04165,52.5291],[9.04205,52.52853],[9.04354,52.52812],[9.04421,52.52762],[9.04717,52.5268],[9.04758,52.52648],[9.04758,52.52607],[9.04704,52.52574],[9.04515,52.52549],[9.04246,52.52541],[9.04017,52.52508],[9.03815,52.52508],[9.03505,52.52402],[9.03383,52.52402],[9.03289,52.52475],[9.03046,52.52574],[9.02885,52.52582],[9.02817,52.52615],[9.02737,52.52623],[9.02251,52.52615],[9.02049,52.5259],[9.01847,52.52533],[9.0178,52.52533],[9.01686,52.52623],[9.01686,52.52656],[9.01753,52.52779],[9.01712,52.52902],[9.01793,52.53008],[9.01968,52.53115],[9.02063,52.5314],[9.02184,52.53205],[9.02332,52.53246],[9.02669,52.53279]],[[9.05701,52.52992],[9.05809,52.52967],[9.05836,52.52894],[9.05836,52.52836],[9.05795,52.52779],[9.05809,52.5268],[9.05782,52.52574],[9.05809,52.525],[9.05809,52.52312],[9.05755,52.52271],[9.05661,52.52271],[9.05553,52.52336],[9.05391,52.52353],[9.05351,52.52385],[9.0531,52.52385],[9.0527,52.5241],[9.05283,52.52598],[9.0531,52.52615],[9.05324,52.52771],[9.05378,52.52869],[9.05458,52.52935],[9.05701,52.52992]],[[9.01268,52.52918],[9.01308,52.52902],[9.01295,52.52754],[9.01349,52.52648],[9.01362,52.525],[9.01349,52.52279],[9.01281,52.52221],[9.01241,52.52221],[9.0116,52.5232],[9.01106,52.52525],[9.01133,52.52566],[9.01133,52.52803],[9.01268,52.52918]],[[9.06253,52.51697],[9.06321,52.5168],[9.06321,52.51647],[9.06388,52.51565],[9.06388,52.51516],[9.06429,52.51492],[9.06402,52.51459],[9.06334,52.51483],[9.06227,52.5159],[9.06227,52.5168],[9.06253,52.51697]],[[9.01443,52.51631],[9.01524,52.51647],[9.01605,52.5159],[9.01739,52.51549],[9.01739,52.51524],[9.01686,52.51483],[9.01578,52.51475],[9.01483,52.51524],[9.01443,52.51565],[9.01443,52.51631]]]}},{"type":"Feature","properties":{"slice":"boden","kind":"niedermoor"},"geometry":{"type":"Polygon","coordinates":[[[8.69575,52.51205],[8.69387,52.51188],[8.69387,52.51164],[8.69481,52.51106],[8.69481,52.51073],[8.69427,52.51032],[8.69521,52.51016],[8.69791,52.50918],[8.69818,52.50901],[8.69818,52.50827],[8.69858,52.50885],[8.69912,52.50909],[8.69953,52.50909],[8.70006,52.50877],[8.7006,52.50688],[8.70047,52.50466],[8.70087,52.50434],[8.70182,52.50409],[8.70209,52.50352],[8.70276,52.50319],[8.70316,52.50261],[8.70492,52.50261],[8.70761,52.50204],[8.7095,52.50245],[8.71031,52.50286],[8.71233,52.50343],[8.71529,52.50319],[8.71704,52.50368],[8.71799,52.50376],[8.71839,52.50352],[8.71839,52.50311],[8.71758,52.50237],[8.7165,52.50245],[8.71529,52.50179],[8.71421,52.50188],[8.71192,52.5004],[8.71004,52.50056],[8.70882,52.5004],[8.70923,52.50007],[8.70963,52.50007],[8.71004,52.49966],[8.71111,52.49974],[8.71219,52.49917],[8.7157,52.49884],[8.71691,52.49818],[8.71826,52.4981],[8.71947,52.49695],[8.72068,52.49687],[8.72149,52.49663],[8.72284,52.49663],[8.72365,52.49687],[8.72378,52.4972],[8.72338,52.49745],[8.72082,52.49736],[8.72001,52.49761],[8.71933,52.49802],[8.71879,52.49876],[8.71772,52.499],[8.71664,52.499],[8.71623,52.49925],[8.71623,52.49983],[8.71677,52.50007],[8.71758,52.50007],[8.71758,52.50065],[8.71799,52.50089],[8.71906,52.50097],[8.7196,52.50073],[8.71974,52.50032],[8.72135,52.49958],[8.72176,52.49958],[8.72243,52.49991],[8.72499,52.49966],[8.72607,52.50015],[8.72647,52.50204],[8.72701,52.50237],[8.72863,52.50278],[8.72836,52.50491],[8.72809,52.50524],[8.72674,52.50598],[8.72486,52.50622],[8.72405,52.50696],[8.72405,52.50778],[8.72459,52.50836],[8.7254,52.50877],[8.72526,52.50926],[8.72594,52.50975],[8.7258,52.50991],[8.72526,52.50991],[8.72338,52.50934],[8.72162,52.50836],[8.72041,52.50803],[8.7192,52.50795],[8.71704,52.50836],[8.71596,52.50836],[8.71556,52.50786],[8.71516,52.5063],[8.71435,52.50565],[8.71367,52.50548],[8.713,52.50557],[8.71233,52.50598],[8.71219,52.50647],[8.71165,52.50655],[8.71031,52.50598],[8.70707,52.50524],[8.70518,52.50384],[8.7037,52.50376],[8.70236,52.50425],[8.70195,52.50491],[8.70209,52.50557],[8.70087,52.50589],[8.70114,52.50639],[8.70209,52.50639],[8.70168,52.50745],[8.70222,52.50844],[8.70155,52.50877],[8.70047,52.50877],[8.69993,52.50909],[8.69979,52.51065],[8.69926,52.51155],[8.69858,52.51172],[8.69697,52.51139],[8.69575,52.51205]],[[8.71394,52.50089],[8.71448,52.50073],[8.71435,52.50024],[8.71516,52.50032],[8.71543,52.50015],[8.71556,52.49933],[8.71502,52.49909],[8.71367,52.49925],[8.7126,52.49991],[8.71367,52.50048],[8.71394,52.50089]]]}},{"type":"Feature","properties":{"slice":"boden","kind":"niedermoor"},"geometry":{"type":"Polygon","coordinates":[[[8.35013,52.49466],[8.34959,52.49433],[8.34878,52.49433],[8.34662,52.49375],[8.3446,52.49351],[8.34595,52.49293],[8.34635,52.49228],[8.34689,52.49195],[8.34837,52.49195],[8.34905,52.4922],[8.34986,52.4931],[8.35053,52.49441],[8.35053,52.49466],[8.35013,52.49466]]]}},{"type":"Feature","properties":{"slice":"boden","kind":"niedermoor"},"geometry":{"type":"Polygon","coordinates":[[[8.39136,52.48629],[8.39001,52.48596],[8.38961,52.48539],[8.38974,52.48498],[8.39176,52.48522],[8.39203,52.48612],[8.39136,52.48629]]]}},{"type":"Feature","properties":{"slice":"boden","kind":"niedermoor"},"geometry":{"type":"Polygon","coordinates":[[[8.42572,52.48637],[8.42558,52.48563],[8.42626,52.48473],[8.42734,52.48473],[8.42761,52.48547],[8.4272,52.48604],[8.42639,52.48637],[8.42572,52.48637]]]}},{"type":"Feature","properties":{"slice":"boden","kind":"niedermoor"},"geometry":{"type":"Polygon","coordinates":[[[8.69912,52.48867],[8.69885,52.4876],[8.70006,52.48727],[8.70047,52.48686],[8.7002,52.48596],[8.69899,52.48539],[8.69926,52.48432],[8.70006,52.48374],[8.70074,52.48424],[8.70222,52.4844],[8.70222,52.48465],[8.70289,52.48498],[8.70289,52.48547],[8.70262,52.48571],[8.70249,52.4867],[8.70155,52.48694],[8.70114,52.48727],[8.70114,52.48752],[8.70155,52.48777],[8.70141,52.48826],[8.70101,52.48834],[8.70087,52.48818],[8.70047,52.48818],[8.69979,52.48867],[8.69912,52.48867]]]}},{"type":"Feature","properties":{"slice":"boden","kind":"niedermoor"},"geometry":{"type":"Polygon","coordinates":[[[9.10094,52.50171],[9.09999,52.50155],[9.10013,52.50073],[9.10121,52.50032],[9.10336,52.49876],[9.10323,52.49777],[9.10188,52.49679],[9.10148,52.49622],[9.10161,52.49449],[9.10242,52.49375],[9.10242,52.49343],[9.10417,52.49277],[9.10821,52.49055],[9.11185,52.48662],[9.11239,52.4867],[9.11266,52.48653],[9.11239,52.48629],[9.11199,52.48645],[9.11172,52.48637],[9.11199,52.48621],[9.11185,52.48563],[9.10997,52.48481],[9.10889,52.48498],[9.10794,52.48489],[9.10767,52.48514],[9.10794,52.4853],[9.10889,52.48522],[9.10997,52.48539],[9.11064,52.48563],[9.10929,52.48539],[9.10646,52.48539],[9.10552,52.48514],[9.10538,52.48448],[9.10592,52.48374],[9.10485,52.48333],[9.10525,52.48325],[9.10754,52.48366],[9.11253,52.48539],[9.11387,52.48637],[9.11468,52.48744],[9.11482,52.48818],[9.11455,52.48891],[9.11374,52.48957],[9.11347,52.49039],[9.11253,52.49072],[9.11145,52.49162],[9.10916,52.49252],[9.10552,52.49351],[9.10323,52.49507],[9.10309,52.49564],[9.10458,52.49646],[9.10525,52.49728],[9.10498,52.499],[9.10444,52.49974],[9.10363,52.50024],[9.10215,52.50073],[9.10121,52.5013],[9.10094,52.50171]]]}},{"type":"Feature","properties":{"slice":"boden","kind":"niedermoor"},"geometry":{"type":"Polygon","coordinates":[[[8.34622,52.48768],[8.34541,52.48727],[8.34527,52.48629],[8.34447,52.48522],[8.34514,52.4844],[8.34662,52.48366],[8.34743,52.48366],[8.3481,52.48391],[8.34999,52.48391],[8.35134,52.48358],[8.35296,52.48219],[8.35296,52.48153],[8.35242,52.48079],[8.35242,52.4803],[8.35282,52.48005],[8.35349,52.47997],[8.35471,52.48013],[8.35579,52.4812],[8.35605,52.48301],[8.35579,52.48383],[8.35457,52.48506],[8.35228,52.48686],[8.35093,52.4876],[8.35013,52.48768],[8.34945,52.48735],[8.34824,52.48727],[8.3473,52.4876],[8.34622,52.48768]]]}},{"type":"Feature","properties":{"slice":"boden","kind":"niedermoor"},"geometry":{"type":"Polygon","coordinates":[[[8.98775,52.49663],[8.98748,52.49548],[8.98505,52.49425],[8.98505,52.494],[8.98411,52.49334],[8.98384,52.49261],[8.98303,52.49211],[8.98223,52.49203],[8.98101,52.49105],[8.98101,52.4899],[8.98169,52.48924],[8.98249,52.48883],[8.98276,52.48834],[8.98384,52.48777],[8.98452,52.48645],[8.98546,52.48555],[8.98559,52.48465],[8.98505,52.48407],[8.98492,52.48342],[8.98519,52.48292],[8.98654,52.4821],[8.98654,52.48104],[8.98586,52.48038],[8.98505,52.47997],[8.98371,52.47964],[8.98223,52.4789],[8.98209,52.47808],[8.98249,52.47734],[8.9829,52.47743],[8.98303,52.4789],[8.98371,52.47931],[8.98532,52.47972],[8.98627,52.48022],[8.98708,52.48104],[8.98721,52.48186],[8.98546,52.48333],[8.98613,52.48465],[8.98586,52.48571],[8.98452,52.48703],[8.98384,52.48834],[8.98196,52.48949],[8.98142,52.49055],[8.98169,52.49113],[8.98249,52.49129],[8.98263,52.49154],[8.98438,52.49252],[8.98559,52.494],[8.98748,52.49474],[8.98842,52.49613],[8.98842,52.49638],[8.98775,52.49663]]]}},{"type":"Feature","properties":{"slice":"boden","kind":"niedermoor"},"geometry":{"type":"Polygon","coordinates":[[[8.51762,52.47841],[8.51721,52.47792],[8.51789,52.47759],[8.51856,52.47677],[8.51977,52.47677],[8.52018,52.47726],[8.52018,52.47784],[8.51923,52.47833],[8.51762,52.47841]]]}},{"type":"Feature","properties":{"slice":"boden","kind":"niedermoor"},"geometry":{"type":"Polygon","coordinates":[[[9.16791,52.55917],[9.16629,52.55827],[9.164,52.55827],[9.1636,52.55754],[9.16279,52.55721],[9.16211,52.55631],[9.16077,52.55663],[9.16036,52.55639],[9.16023,52.55565],[9.15928,52.55541],[9.15861,52.55475],[9.15726,52.55442],[9.15726,52.55401],[9.15767,52.55401],[9.15888,52.55467],[9.15996,52.55475],[9.1605,52.55434],[9.1605,52.55344],[9.16023,52.55311],[9.15942,52.5527],[9.1574,52.55213],[9.15699,52.5518],[9.15457,52.55131],[9.15389,52.55098],[9.15282,52.54992],[9.1512,52.5491],[9.15052,52.5491],[9.14999,52.54942],[9.15012,52.55057],[9.14958,52.55082],[9.14931,52.55139],[9.14689,52.55049],[9.14581,52.54975],[9.14487,52.54975],[9.14365,52.55016],[9.14136,52.55008],[9.14055,52.55049],[9.14001,52.55115],[9.14028,52.55139],[9.14163,52.55147],[9.14284,52.5518],[9.1446,52.5518],[9.14648,52.55213],[9.14918,52.55221],[9.14918,52.55287],[9.14338,52.55229],[9.14069,52.55172],[9.13921,52.55172],[9.13543,52.5527],[9.13341,52.55369],[9.13368,52.55418],[9.13435,52.55418],[9.13705,52.55491],[9.13894,52.55483],[9.14001,52.5545],[9.14163,52.55442],[9.14244,52.5541],[9.14648,52.55393],[9.14581,52.5545],[9.14352,52.5545],[9.14284,52.55475],[9.14513,52.5559],[9.14635,52.55623],[9.14662,52.55639],[9.14648,52.55663],[9.14567,52.55647],[9.14311,52.55508],[9.14204,52.55475],[9.14001,52.55483],[9.13894,52.55516],[9.13678,52.55516],[9.13409,52.55434],[9.1326,52.55434],[9.13206,52.55459],[9.13072,52.55459],[9.13004,52.55475],[9.1295,52.55508],[9.12856,52.55647],[9.12802,52.55647],[9.12775,52.55614],[9.12856,52.55541],[9.12937,52.55418],[9.12937,52.55311],[9.12897,52.55262],[9.12923,52.55213],[9.1291,52.55164],[9.12816,52.55115],[9.12694,52.55106],[9.12533,52.55156],[9.12411,52.55221],[9.12277,52.55221],[9.12075,52.55115],[9.12048,52.55074],[9.11926,52.54992],[9.11832,52.54861],[9.11832,52.54721],[9.11765,52.54656],[9.11792,52.54623],[9.11778,52.545],[9.11832,52.54434],[9.11819,52.54336],[9.11778,52.54279],[9.11792,52.54213],[9.11832,52.54221],[9.11859,52.54279],[9.11872,52.545],[9.11845,52.54533],[9.11845,52.54664],[9.11899,52.54729],[9.11899,52.54893],[9.11967,52.54983],[9.12088,52.5509],[9.12277,52.5518],[9.12492,52.55156],[9.12573,52.55115],[9.12614,52.55024],[9.126,52.54942],[9.12452,52.5477],[9.1229,52.54656],[9.12128,52.54459],[9.12115,52.54369],[9.12075,52.54312],[9.12115,52.54017],[9.12034,52.53877],[9.11899,52.53762],[9.11845,52.5368],[9.11845,52.53566],[9.11872,52.53533],[9.11899,52.53697],[9.12155,52.54],[9.12169,52.54107],[9.12115,52.54221],[9.12115,52.5432],[9.12182,52.54484],[9.12411,52.54721],[9.12573,52.54836],[9.1264,52.54942],[9.12654,52.55057],[9.12694,52.55082],[9.12937,52.55049],[9.13099,52.55057],[9.13193,52.55115],[9.13193,52.55147],[9.13058,52.55237],[9.13058,52.55295],[9.13166,52.55385],[9.1326,52.55385],[9.13435,52.55262],[9.13557,52.55213],[9.13894,52.55164],[9.13974,52.55115],[9.14015,52.55033],[9.14109,52.54975],[9.14325,52.54975],[9.1446,52.54934],[9.14594,52.54934],[9.1485,52.55098],[9.14918,52.55098],[9.14958,52.55065],[9.14972,52.5491],[9.15052,52.54861],[9.15174,52.54869],[9.15295,52.54942],[9.15376,52.55049],[9.15511,52.55123],[9.15672,52.55156],[9.1574,52.55131],[9.1574,52.5509],[9.15659,52.54983],[9.15659,52.54926],[9.15511,52.54713],[9.15524,52.54533],[9.1547,52.54459],[9.1543,52.54246],[9.15376,52.54148],[9.15282,52.54115],[9.14958,52.54189],[9.1485,52.54189],[9.14769,52.54139],[9.14769,52.54025],[9.14702,52.53967],[9.14702,52.53943],[9.14756,52.53943],[9.14783,52.53967],[9.14796,52.54107],[9.14904,52.54172],[9.14972,52.54164],[9.15079,52.54115],[9.1516,52.54107],[9.15335,52.54107],[9.15403,52.54139],[9.15457,52.54213],[9.15484,52.54377],[9.15551,52.54484],[9.15578,52.54607],[9.15618,52.54631],[9.15672,52.54607],[9.15686,52.54475],[9.15726,52.54451],[9.15834,52.54443],[9.15874,52.54418],[9.15861,52.54353],[9.15726,52.54221],[9.15713,52.54107],[9.15416,52.54025],[9.15295,52.53951],[9.15201,52.53935],[9.15147,52.53894],[9.15174,52.53787],[9.15106,52.53746],[9.15039,52.53721],[9.14864,52.5373],[9.14796,52.53689],[9.14729,52.53533],[9.14635,52.5341],[9.14621,52.53344],[9.14702,52.53279],[9.1481,52.53262],[9.14945,52.53189],[9.14891,52.53172],[9.14689,52.53246],[9.14554,52.53246],[9.14513,52.53262],[9.14392,52.53254],[9.14298,52.53189],[9.14325,52.53041],[9.14298,52.53025],[9.14217,52.53025],[9.14217,52.53008],[9.14325,52.53008],[9.14379,52.53033],[9.14338,52.53156],[9.14446,52.5323],[9.14621,52.5323],[9.14864,52.53156],[9.14945,52.53156],[9.14972,52.53172],[9.14985,52.53205],[9.14958,52.53221],[9.14904,52.5323],[9.14837,52.53279],[9.14743,52.53287],[9.14689,52.5332],[9.14689,52.53385],[9.14769,52.53492],[9.14783,52.53574],[9.14823,52.53631],[9.14985,52.53705],[9.15187,52.53721],[9.15214,52.53705],[9.15228,52.53435],[9.15133,52.53328],[9.1512,52.53246],[9.15066,52.5318],[9.15066,52.53148],[9.15093,52.53156],[9.15282,52.53492],[9.15255,52.53705],[9.15295,52.53762],[9.15295,52.53844],[9.15255,52.53869],[9.15255,52.5391],[9.15538,52.54049],[9.15686,52.54066],[9.15713,52.54049],[9.15713,52.53992],[9.15618,52.53926],[9.15618,52.53902],[9.15645,52.53894],[9.15726,52.53959],[9.15794,52.54057],[9.15767,52.54156],[9.1578,52.54238],[9.15915,52.54336],[9.15969,52.54459],[9.1605,52.545],[9.16144,52.545],[9.16238,52.54467],[9.16292,52.54418],[9.16265,52.54328],[9.1613,52.54262],[9.16103,52.54156],[9.15807,52.53976],[9.1578,52.5382],[9.15821,52.53754],[9.15821,52.53672],[9.15659,52.5359],[9.15551,52.53467],[9.15551,52.53328],[9.15524,52.53312],[9.15538,52.5318],[9.15511,52.5314],[9.1547,52.53115],[9.15376,52.53099],[9.15268,52.53],[9.15147,52.52992],[9.15012,52.53017],[9.14904,52.53017],[9.14783,52.52984],[9.14729,52.52951],[9.14689,52.52877],[9.14743,52.52828],[9.14743,52.52779],[9.14621,52.5273],[9.14608,52.5268],[9.14513,52.52607],[9.14406,52.52426],[9.14082,52.52279],[9.13974,52.52197],[9.13948,52.52156],[9.13974,52.5191],[9.13894,52.51803],[9.13732,52.51721],[9.13557,52.51713],[9.13422,52.51672],[9.13274,52.51565],[9.13179,52.51434],[9.13099,52.51401],[9.12923,52.51393],[9.12843,52.51287],[9.12748,52.51278],[9.12654,52.51303],[9.12142,52.51098],[9.12155,52.51082],[9.12209,52.5109],[9.12398,52.51172],[9.12506,52.51196],[9.1264,52.51278],[9.12681,52.51278],[9.12708,52.51246],[9.12573,52.5118],[9.12519,52.51098],[9.12384,52.51],[9.12398,52.50975],[9.12452,52.50983],[9.12533,52.51041],[9.12627,52.5118],[9.12735,52.51237],[9.12856,52.5127],[9.1295,52.51377],[9.13058,52.51377],[9.13166,52.51401],[9.13233,52.51442],[9.13287,52.51541],[9.13435,52.51647],[9.13718,52.51705],[9.13813,52.51705],[9.1388,52.51656],[9.13921,52.51664],[9.13934,52.5177],[9.14001,52.51852],[9.14055,52.51992],[9.14015,52.52189],[9.14109,52.52262],[9.1446,52.5241],[9.1454,52.52582],[9.14648,52.52713],[9.14689,52.52738],[9.14729,52.52738],[9.14796,52.52787],[9.14796,52.52844],[9.14729,52.52885],[9.14729,52.52918],[9.14769,52.52943],[9.14864,52.52976],[9.15093,52.52951],[9.15228,52.52959],[9.15295,52.52992],[9.15349,52.52976],[9.15241,52.52877],[9.15214,52.52779],[9.15079,52.52639],[9.15052,52.52525],[9.14931,52.52467],[9.14877,52.52402],[9.14796,52.52361],[9.14796,52.52336],[9.14837,52.52328],[9.14918,52.52369],[9.15012,52.52484],[9.15133,52.52549],[9.15147,52.52656],[9.15228,52.52746],[9.15268,52.52844],[9.15497,52.53058],[9.15645,52.5314],[9.1578,52.53172],[9.15915,52.53164],[9.15996,52.53123],[9.16036,52.53172],[9.1613,52.53221],[9.16171,52.53295],[9.16252,52.53353],[9.1636,52.53385],[9.1644,52.53385],[9.16481,52.53361],[9.16467,52.53303],[9.16602,52.53221],[9.16602,52.5318],[9.16413,52.53049],[9.16292,52.53008],[9.16184,52.53008],[9.16063,52.52984],[9.15847,52.52918],[9.1574,52.52861],[9.15618,52.5268],[9.15551,52.52639],[9.15443,52.52615],[9.15389,52.52574],[9.15376,52.52484],[9.15403,52.5241],[9.15282,52.52295],[9.15241,52.52189],[9.15026,52.52115],[9.14999,52.52082],[9.14999,52.52008],[9.14945,52.51959],[9.14756,52.51943],[9.14662,52.51885],[9.14648,52.51828],[9.14702,52.51754],[9.14702,52.51672],[9.14608,52.51606],[9.14567,52.51549],[9.14567,52.51475],[9.14648,52.51352],[9.14648,52.51278],[9.14594,52.5118],[9.14527,52.51155],[9.14163,52.51155],[9.14096,52.51139],[9.14042,52.51114],[9.13921,52.50991],[9.13692,52.5086],[9.13557,52.50819],[9.13516,52.50778],[9.13678,52.50811],[9.1388,52.50942],[9.14015,52.50983],[9.14163,52.51073],[9.14392,52.51082],[9.145,52.51123],[9.14567,52.51123],[9.14594,52.51106],[9.14581,52.51073],[9.14244,52.50959],[9.13799,52.50672],[9.13597,52.50614],[9.13382,52.50606],[9.13112,52.5068],[9.12964,52.5068],[9.12856,52.50729],[9.12438,52.50721],[9.12304,52.50647],[9.12223,52.5063],[9.12101,52.50532],[9.11899,52.50475],[9.11819,52.50425],[9.11751,52.50319],[9.11751,52.50204],[9.11805,52.50081],[9.11805,52.50032],[9.11751,52.49966],[9.11751,52.499],[9.11778,52.499],[9.11859,52.50032],[9.11859,52.50122],[9.11792,52.50253],[9.11792,52.50319],[9.11819,52.50376],[9.11899,52.5045],[9.11994,52.50475],[9.12088,52.50475],[9.12115,52.50458],[9.12209,52.50466],[9.12331,52.50573],[9.12425,52.50614],[9.1256,52.50598],[9.12721,52.50614],[9.12748,52.50589],[9.12843,52.50581],[9.12923,52.50606],[9.13031,52.50606],[9.13072,52.50589],[9.13287,52.50573],[9.13382,52.50524],[9.13368,52.50475],[9.13247,52.50434],[9.13045,52.50442],[9.12964,52.50417],[9.1287,52.50417],[9.12735,52.50466],[9.12667,52.5045],[9.12667,52.50425],[9.12735,52.50393],[9.12843,52.50393],[9.12897,52.50376],[9.13179,52.50384],[9.13206,52.50368],[9.13193,52.50147],[9.13018,52.50015],[9.12573,52.49974],[9.12209,52.49966],[9.12088,52.49942],[9.11967,52.49942],[9.11953,52.49917],[9.11994,52.499],[9.12088,52.499],[9.1229,52.49942],[9.12398,52.4995],[9.12425,52.49933],[9.12398,52.499],[9.12344,52.49892],[9.12263,52.49843],[9.12263,52.49745],[9.12223,52.4972],[9.12155,52.49736],[9.12088,52.49736],[9.12061,52.4972],[9.12061,52.49695],[9.12101,52.49679],[9.12169,52.49687],[9.12277,52.49671],[9.12317,52.49695],[9.12331,52.49777],[9.12371,52.49835],[9.12506,52.49917],[9.12802,52.49966],[9.12991,52.49966],[9.13018,52.4995],[9.13018,52.499],[9.12964,52.49843],[9.13004,52.49753],[9.13004,52.49679],[9.12883,52.49548],[9.1295,52.49195],[9.13031,52.49064],[9.1326,52.489],[9.13435,52.48727],[9.13409,52.48637],[9.13247,52.48539],[9.1322,52.48481],[9.13139,52.48424],[9.13247,52.48415],[9.13314,52.48489],[9.13449,52.48563],[9.13503,52.48629],[9.13597,52.48629],[9.13692,52.48596],[9.13759,52.48522],[9.1384,52.48481],[9.13948,52.48473],[9.14163,52.48514],[9.14284,52.48489],[9.14365,52.48317],[9.14446,52.48243],[9.1446,52.48178],[9.14621,52.47972],[9.14594,52.47784],[9.14487,52.47734],[9.14257,52.47702],[9.14109,52.47628],[9.14015,52.47628],[9.13759,52.4771],[9.1384,52.47554],[9.13907,52.47521],[9.14028,52.47529],[9.14244,52.47603],[9.14406,52.47611],[9.14621,52.4771],[9.14837,52.4771],[9.14904,52.47685],[9.15106,52.47677],[9.15133,52.47636],[9.15012,52.47578],[9.15012,52.47546],[9.15133,52.47529],[9.15187,52.47554],[9.15187,52.47587],[9.15282,52.47628],[9.15322,52.47628],[9.15376,52.47587],[9.1543,52.47587],[9.15416,52.47636],[9.15578,52.47702],[9.15565,52.47784],[9.15416,52.47825],[9.14877,52.47759],[9.14769,52.47767],[9.14716,52.47825],[9.14729,52.47915],[9.14702,52.48022],[9.14648,52.48071],[9.14635,52.48178],[9.145,52.48276],[9.14379,52.48432],[9.14338,52.48571],[9.14217,52.4858],[9.13974,52.4853],[9.13907,52.48539],[9.13813,52.48637],[9.13584,52.48703],[9.13503,52.48752],[9.13341,52.49031],[9.13341,52.49088],[9.13409,52.49179],[9.13409,52.49367],[9.13462,52.49408],[9.13624,52.49441],[9.13745,52.49515],[9.13772,52.49654],[9.13745,52.49687],[9.13584,52.4972],[9.13503,52.49769],[9.13476,52.49868],[9.13584,52.50007],[9.13772,52.50163],[9.13813,52.5022],[9.13826,52.50327],[9.13921,52.50409],[9.14015,52.50434],[9.14123,52.50434],[9.14298,52.50368],[9.14433,52.50368],[9.14554,52.50401],[9.14743,52.50491],[9.14837,52.50507],[9.15322,52.50507],[9.15416,52.50532],[9.15578,52.50614],[9.15659,52.5063],[9.15928,52.5063],[9.16023,52.50655],[9.16117,52.50713],[9.16103,52.50745],[9.15942,52.50819],[9.15753,52.51041],[9.15565,52.51123],[9.15551,52.51172],[9.15645,52.51229],[9.15659,52.5127],[9.15767,52.51328],[9.15847,52.51459],[9.15982,52.51549],[9.15969,52.51656],[9.15901,52.51705],[9.15807,52.51729],[9.15713,52.51803],[9.15713,52.51934],[9.15753,52.52008],[9.15861,52.52057],[9.15901,52.52172],[9.15955,52.52213],[9.15969,52.52377],[9.16036,52.52459],[9.16144,52.52533],[9.16157,52.52623],[9.16117,52.52779],[9.16265,52.52902],[9.16508,52.53008],[9.16575,52.53008],[9.16629,52.52959],[9.16616,52.52853],[9.16454,52.52689],[9.1644,52.5259],[9.16386,52.52516],[9.16279,52.52467],[9.16211,52.52402],[9.16184,52.52271],[9.16077,52.52164],[9.1605,52.52057],[9.16319,52.51795],[9.16333,52.51672],[9.16427,52.51508],[9.16494,52.51229],[9.16656,52.51098],[9.16723,52.51098],[9.1675,52.51082],[9.16737,52.5095],[9.16804,52.50901],[9.16804,52.51188],[9.1675,52.51188],[9.1671,52.51221],[9.1671,52.51418],[9.16683,52.51475],[9.16723,52.51664],[9.16804,52.5177],[9.16804,52.51852],[9.1671,52.51795],[9.16642,52.51713],[9.16548,52.5168],[9.16494,52.51721],[9.16494,52.51779],[9.16427,52.51885],[9.1644,52.52],[9.16494,52.52049],[9.16602,52.52049],[9.1671,52.51992],[9.16804,52.52008],[9.16804,52.53566],[9.16764,52.53558],[9.16737,52.53574],[9.16737,52.53664],[9.16804,52.53746],[9.16791,52.55917]],[[9.12991,52.55287],[9.13031,52.5527],[9.13031,52.55221],[9.13139,52.55123],[9.13139,52.55106],[9.13058,52.55074],[9.1291,52.55082],[9.12883,52.55098],[9.12883,52.55123],[9.12937,52.55156],[9.12964,52.5527],[9.12991,52.55287]],[[9.15888,52.55024],[9.15969,52.55024],[9.1605,52.54975],[9.1605,52.54942],[9.15982,52.54893],[9.15982,52.54852],[9.16063,52.54754],[9.16063,52.54672],[9.15915,52.545],[9.15861,52.54467],[9.1574,52.54459],[9.15713,52.54475],[9.15713,52.54557],[9.15767,52.54648],[9.15807,52.54664],[9.15767,52.54746],[9.15767,52.54885],[9.15834,52.54992],[9.15888,52.55024]],[[9.16292,52.54328],[9.16346,52.54328],[9.16386,52.54303],[9.16373,52.54254],[9.164,52.54213],[9.16333,52.54197],[9.16346,52.54123],[9.16319,52.54115],[9.16319,52.54049],[9.16252,52.54008],[9.16184,52.54],[9.16144,52.54025],[9.16144,52.54074],[9.16198,52.54148],[9.16184,52.54254],[9.16292,52.54328]],[[9.16063,52.53894],[9.16144,52.53869],[9.16157,52.53812],[9.16063,52.5373],[9.16009,52.53631],[9.1605,52.53443],[9.15982,52.53295],[9.15942,52.53262],[9.15861,52.53246],[9.15807,52.53213],[9.1574,52.53213],[9.15699,52.53238],[9.15686,52.53344],[9.15632,52.5341],[9.15672,52.53549],[9.1574,52.53582],[9.1578,52.53631],[9.15861,52.53631],[9.15861,52.53746],[9.15901,52.53779],[9.15982,52.53795],[9.16023,52.53869],[9.16063,52.53894]],[[9.16413,52.53861],[9.16481,52.53844],[9.16481,52.53803],[9.16427,52.53738],[9.16427,52.53689],[9.16508,52.53631],[9.16508,52.53607],[9.16467,52.53582],[9.16481,52.53517],[9.16386,52.53467],[9.16386,52.53435],[9.16346,52.5341],[9.16252,52.53394],[9.16184,52.53344],[9.16144,52.53344],[9.16117,52.53361],[9.16144,52.53508],[9.1605,52.53599],[9.16063,52.53656],[9.1613,52.53754],[9.16306,52.53844],[9.16333,52.53803],[9.16265,52.53721],[9.16252,52.53689],[9.16265,52.53672],[9.16333,52.53746],[9.1636,52.5382],[9.16413,52.53861]],[[9.16144,52.52967],[9.16184,52.52967],[9.16211,52.52926],[9.1609,52.52844],[9.16009,52.52754],[9.16009,52.5268],[9.16077,52.52607],[9.16077,52.52541],[9.15969,52.52484],[9.15874,52.52369],[9.15888,52.52312],[9.15834,52.52238],[9.1578,52.52066],[9.15645,52.52016],[9.15618,52.51959],[9.15632,52.5177],[9.15511,52.51418],[9.15416,52.51344],[9.15106,52.5127],[9.14999,52.51205],[9.14837,52.51213],[9.14729,52.51172],[9.14675,52.51172],[9.14648,52.51221],[9.14702,52.51295],[9.14702,52.51336],[9.14621,52.51467],[9.14621,52.51549],[9.14756,52.51664],[9.14716,52.51869],[9.1481,52.51918],[9.14958,52.51926],[9.15026,52.51967],[9.15093,52.5209],[9.15308,52.52189],[9.15349,52.52295],[9.15484,52.52394],[9.15484,52.52451],[9.1543,52.52541],[9.15511,52.52598],[9.15618,52.52639],[9.15767,52.5282],[9.15901,52.52902],[9.15982,52.52926],[9.1605,52.52926],[9.16144,52.52967]],[[9.16467,52.525],[9.16548,52.52459],[9.16535,52.52361],[9.16427,52.52221],[9.16346,52.52189],[9.16319,52.52205],[9.16306,52.52353],[9.16373,52.52459],[9.16467,52.525]],[[9.15713,52.51656],[9.1578,52.51656],[9.15807,52.51639],[9.15807,52.51565],[9.15767,52.51492],[9.15632,52.51401],[9.15605,52.51418],[9.15645,52.51508],[9.15632,52.51606],[9.15713,52.51656]],[[9.14716,52.51082],[9.14796,52.51082],[9.14877,52.51049],[9.14891,52.50975],[9.14864,52.50934],[9.14756,52.50868],[9.14527,52.50827],[9.14406,52.50778],[9.14257,52.50606],[9.13961,52.50573],[9.13826,52.5054],[9.13786,52.50491],[9.13678,52.50442],[9.13665,52.50401],[9.13557,52.50352],[9.13557,52.50171],[9.13516,52.50097],[9.13395,52.50024],[9.13368,52.49868],[9.1326,52.49818],[9.13139,52.4981],[9.13112,52.49827],[9.13112,52.49876],[9.13206,52.49933],[9.13274,52.50065],[9.1326,52.50204],[9.13287,52.50286],[9.13435,52.50417],[9.13462,52.50466],[9.1353,52.50507],[9.13705,52.50548],[9.1384,52.5063],[9.13894,52.50688],[9.14069,52.5077],[9.14257,52.50893],[9.14716,52.51082]],[[9.15349,52.50967],[9.15457,52.50967],[9.15484,52.5095],[9.15672,52.50959],[9.15699,52.50942],[9.15699,52.50786],[9.15726,52.50713],[9.15686,52.50688],[9.15457,52.50655],[9.15403,52.50614],[9.15308,52.50581],[9.15174,52.50565],[9.14837,52.50565],[9.14743,52.5054],[9.14702,52.50565],[9.14716,52.50614],[9.14796,52.5068],[9.14864,52.50696],[9.14931,52.50811],[9.15012,52.50852],[9.15147,52.50877],[9.15228,52.50934],[9.15349,52.50967]],[[9.14608,52.50778],[9.14729,52.50819],[9.14756,52.50786],[9.14608,52.50704],[9.14487,52.50655],[9.14406,52.50672],[9.14419,52.50713],[9.14487,52.50762],[9.14608,52.50778]],[[9.14567,52.50565],[9.14608,52.50548],[9.14608,52.50524],[9.14554,52.50483],[9.14352,52.50434],[9.14271,52.50434],[9.14244,52.5045],[9.14311,52.50516],[9.14513,52.5054],[9.14567,52.50565]],[[9.13355,52.49794],[9.13409,52.49777],[9.13409,52.49745],[9.13341,52.49589],[9.13355,52.49457],[9.13314,52.49359],[9.13301,52.49187],[9.13247,52.49064],[9.13179,52.49047],[9.13126,52.49097],[9.13112,52.49228],[9.13045,52.49302],[9.13045,52.49474],[9.13126,52.49654],[9.13166,52.49695],[9.13355,52.49794]]]}},{"type":"Feature","properties":{"slice":"boden","kind":"niedermoor"},"geometry":{"type":"Polygon","coordinates":[[[9.1671,52.50598],[9.16494,52.50548],[9.16386,52.50491],[9.1609,52.5045],[9.15955,52.5045],[9.1574,52.50401],[9.15389,52.50393],[9.15106,52.50327],[9.15052,52.5027],[9.14931,52.50196],[9.14864,52.50081],[9.14743,52.49958],[9.14513,52.4981],[9.14217,52.49704],[9.1419,52.49654],[9.14177,52.49474],[9.14001,52.49416],[9.13732,52.49277],[9.13745,52.49261],[9.13813,52.49261],[9.14028,52.49359],[9.14231,52.494],[9.14608,52.49564],[9.14635,52.49622],[9.14689,52.49663],[9.14743,52.49646],[9.14756,52.49597],[9.1481,52.49556],[9.14945,52.49531],[9.14985,52.49507],[9.14999,52.49482],[9.14972,52.49466],[9.14662,52.49482],[9.14581,52.49457],[9.14513,52.49384],[9.1454,52.49318],[9.14581,52.49302],[9.14675,52.49318],[9.14918,52.49318],[9.15093,52.49252],[9.15282,52.49113],[9.15362,52.49014],[9.15416,52.48982],[9.15484,52.48973],[9.15551,52.48916],[9.15645,52.48891],[9.15659,52.48809],[9.1574,52.48719],[9.1574,52.48662],[9.15713,52.48645],[9.15726,52.48539],[9.15847,52.48498],[9.16063,52.48473],[9.1613,52.48432],[9.1613,52.48366],[9.16023,52.48309],[9.16117,52.48194],[9.16144,52.4812],[9.1613,52.48071],[9.16009,52.47989],[9.15767,52.47874],[9.1578,52.478],[9.15901,52.47759],[9.15982,52.47702],[9.15982,52.47636],[9.15888,52.47513],[9.15915,52.47463],[9.15982,52.47463],[9.16009,52.4748],[9.1609,52.47619],[9.16265,52.47767],[9.16265,52.47833],[9.16346,52.47907],[9.16764,52.47898],[9.16804,52.47915],[9.16804,52.48022],[9.16737,52.48046],[9.16764,52.48079],[9.16804,52.48079],[9.16804,52.48662],[9.16764,52.48653],[9.16737,52.4867],[9.16737,52.48711],[9.16804,52.4876],[9.16804,52.489],[9.16696,52.48735],[9.16616,52.48694],[9.16508,52.48694],[9.16454,52.48744],[9.1644,52.48826],[9.16386,52.48908],[9.16413,52.49014],[9.16548,52.49154],[9.16616,52.49187],[9.1675,52.49179],[9.16804,52.49211],[9.16804,52.49343],[9.16777,52.49343],[9.16602,52.49228],[9.16494,52.49195],[9.1644,52.49154],[9.16427,52.49097],[9.1636,52.49055],[9.16265,52.49039],[9.16238,52.48998],[9.16238,52.48883],[9.16319,52.48752],[9.16427,52.4867],[9.16427,52.48498],[9.16562,52.48301],[9.16548,52.48227],[9.16521,52.4821],[9.164,52.48227],[9.16346,52.48268],[9.16319,52.48481],[9.16252,52.48514],[9.1609,52.48522],[9.15982,52.4858],[9.15861,52.48768],[9.15888,52.48826],[9.15955,52.48867],[9.15955,52.48924],[9.16157,52.49064],[9.16279,52.49441],[9.1636,52.4949],[9.164,52.49556],[9.164,52.49622],[9.16198,52.49802],[9.16198,52.4995],[9.16265,52.50138],[9.1636,52.50245],[9.16494,52.50327],[9.16562,52.50327],[9.16589,52.50311],[9.16589,52.50229],[9.16629,52.50212],[9.16589,52.50114],[9.16642,52.50073],[9.16656,52.49974],[9.16696,52.49942],[9.16804,52.49909],[9.16804,52.50598],[9.1671,52.50598]],[[9.15578,52.50327],[9.15753,52.50327],[9.15807,52.50294],[9.15821,52.50253],[9.16023,52.5013],[9.16103,52.50122],[9.16157,52.50073],[9.16117,52.49942],[9.1613,52.49794],[9.16184,52.49712],[9.16292,52.4963],[9.16306,52.49564],[9.16279,52.49507],[9.16198,52.49441],[9.16184,52.49326],[9.16103,52.49195],[9.16077,52.49097],[9.15996,52.49039],[9.15942,52.49072],[9.15928,52.49146],[9.15861,52.49244],[9.15632,52.49384],[9.15565,52.49482],[9.15389,52.49613],[9.15295,52.4981],[9.15268,52.50056],[9.15282,52.50097],[9.15322,52.50114],[9.15322,52.50188],[9.1543,52.50294],[9.15578,52.50327]],[[9.15282,52.49482],[9.15416,52.49474],[9.15605,52.4931],[9.15888,52.49162],[9.15888,52.49121],[9.15834,52.4908],[9.15699,52.49072],[9.15618,52.49138],[9.15524,52.49146],[9.15443,52.49211],[9.15349,52.49228],[9.15255,52.49285],[9.15214,52.49367],[9.15214,52.49441],[9.15282,52.49482]],[[9.14675,52.49449],[9.1485,52.49449],[9.14931,52.49433],[9.14999,52.49392],[9.14999,52.49367],[9.14972,52.49351],[9.14796,52.49375],[9.14594,52.49359],[9.14567,52.49375],[9.14581,52.49408],[9.14675,52.49449]]]}},{"type":"Feature","properties":{"slice":"boden","kind":"niedermoor"},"geometry":{"type":"Polygon","coordinates":[[[8.53123,52.48735],[8.52974,52.48629],[8.5292,52.48547],[8.52853,52.48506],[8.52516,52.48506],[8.52476,52.48481],[8.52489,52.48407],[8.52584,52.48317],[8.52705,52.4826],[8.52974,52.48194],[8.52974,52.48145],[8.52786,52.48013],[8.52678,52.47898],[8.52664,52.47808],[8.52745,52.47743],[8.52867,52.47718],[8.53042,52.47644],[8.5315,52.47644],[8.53217,52.47677],[8.53244,52.4766],[8.53203,52.47578],[8.5323,52.47537],[8.53325,52.47546],[8.53352,52.47587],[8.53338,52.47644],[8.53473,52.47702],[8.53567,52.4771],[8.53621,52.47677],[8.53756,52.47652],[8.53837,52.47595],[8.53837,52.47488],[8.53769,52.47431],[8.53648,52.47414],[8.53594,52.4739],[8.53594,52.47332],[8.53675,52.47291],[8.53796,52.47267],[8.53823,52.47275],[8.5385,52.47357],[8.53904,52.47381],[8.53985,52.47291],[8.54012,52.47275],[8.54079,52.47275],[8.54106,52.47398],[8.54214,52.47463],[8.54349,52.47513],[8.54713,52.4757],[8.54726,52.47628],[8.54578,52.4766],[8.54416,52.47652],[8.54308,52.47628],[8.54214,52.47562],[8.5416,52.47562],[8.54106,52.47595],[8.54079,52.47677],[8.53998,52.47734],[8.53972,52.47833],[8.53945,52.47849],[8.53715,52.47857],[8.53662,52.4789],[8.53635,52.47931],[8.53648,52.48087],[8.53621,52.4812],[8.53365,52.48169],[8.53109,52.48194],[8.53042,52.48227],[8.52961,52.48391],[8.5288,52.48473],[8.52907,52.48489],[8.52988,52.48489],[8.53042,52.48457],[8.53096,52.48366],[8.53177,52.48333],[8.5323,52.48342],[8.53177,52.48415],[8.53177,52.48457],[8.53257,52.48547],[8.53163,52.48522],[8.53096,52.48539],[8.53109,52.48588],[8.53217,52.48645],[8.53217,52.4867],[8.53123,52.48735]],[[8.52947,52.48095],[8.5319,52.48087],[8.53271,52.48054],[8.53284,52.48005],[8.5323,52.47972],[8.53069,52.47981],[8.5292,52.48054],[8.52947,52.48095]]]}},{"type":"Feature","properties":{"slice":"boden","kind":"niedermoor"},"geometry":{"type":"Polygon","coordinates":[[[8.47207,52.46873],[8.47032,52.46848],[8.46951,52.46799],[8.46803,52.46799],[8.46789,52.46774],[8.46978,52.46766],[8.47167,52.46807],[8.47261,52.46807],[8.47288,52.46848],[8.47275,52.46864],[8.47207,52.46873]]]}},{"type":"Feature","properties":{"slice":"boden","kind":"niedermoor"},"geometry":{"type":"Polygon","coordinates":[[[9.0081,52.46955],[9.00756,52.46758],[9.00688,52.46659],[9.00608,52.46593],[9.00554,52.46462],[9.00567,52.46396],[9.00621,52.46372],[9.00661,52.46281],[9.00715,52.46298],[9.00769,52.46651],[9.00891,52.46799],[9.00837,52.46864],[9.0081,52.46955]]]}},{"type":"Feature","properties":{"slice":"boden","kind":"niedermoor"},"geometry":{"type":"Polygon","coordinates":[[[8.30674,52.45608],[8.3066,52.45592],[8.30633,52.456],[8.30552,52.45575],[8.30552,52.4551],[8.30687,52.4546],[8.30782,52.45403],[8.30862,52.45395],[8.30889,52.45444],[8.30822,52.45534],[8.30674,52.45608]]]}},{"type":"Feature","properties":{"slice":"boden","kind":"niedermoor"},"geometry":{"type":"Polygon","coordinates":[[[9.07601,52.45485],[9.07412,52.4546],[9.07372,52.45428],[9.07372,52.45354],[9.07426,52.45304],[9.07493,52.45304],[9.07601,52.45345],[9.07601,52.45485]]]}},{"type":"Feature","properties":{"slice":"boden","kind":"niedermoor"},"geometry":{"type":"Polygon","coordinates":[[[8.44148,52.49859],[8.44027,52.49769],[8.43839,52.49736],[8.43744,52.49695],[8.4365,52.49679],[8.43582,52.49638],[8.43326,52.49548],[8.43151,52.49449],[8.43057,52.49351],[8.4299,52.49121],[8.42882,52.49047],[8.42882,52.48908],[8.42936,52.48842],[8.4299,52.48818],[8.43097,52.48818],[8.43138,52.48834],[8.43232,52.48826],[8.433,52.48768],[8.43326,52.48703],[8.43367,52.48686],[8.43434,52.48694],[8.43609,52.48809],[8.43825,52.48809],[8.43892,52.48826],[8.4396,52.48891],[8.44095,52.489],[8.44162,52.48867],[8.44324,52.48694],[8.44391,52.48686],[8.44526,52.48719],[8.44607,52.48678],[8.44607,52.48612],[8.44445,52.48457],[8.44445,52.48243],[8.44351,52.4821],[8.44283,52.4821],[8.44243,52.48186],[8.44175,52.48095],[8.44175,52.48054],[8.44216,52.47956],[8.44351,52.47816],[8.44566,52.47702],[8.4458,52.47652],[8.44647,52.47603],[8.44728,52.47587],[8.44822,52.47603],[8.44916,52.4766],[8.44984,52.47759],[8.45065,52.47808],[8.45173,52.47841],[8.45307,52.47833],[8.45388,52.47792],[8.45496,52.47767],[8.45725,52.47767],[8.45792,52.478],[8.45981,52.47784],[8.46075,52.47702],[8.46277,52.47636],[8.46318,52.47562],[8.46533,52.47381],[8.46574,52.47332],[8.46587,52.47127],[8.46628,52.47094],[8.46924,52.47086],[8.46938,52.47135],[8.4683,52.47193],[8.4683,52.47225],[8.46924,52.47283],[8.47059,52.47267],[8.47126,52.47217],[8.47126,52.47086],[8.4718,52.47086],[8.47221,52.47119],[8.47288,52.47094],[8.47261,52.47053],[8.47167,52.47053],[8.4714,52.47028],[8.47194,52.46971],[8.47248,52.46955],[8.47369,52.46955],[8.47517,52.47004],[8.47598,52.47004],[8.47638,52.46979],[8.47638,52.46955],[8.4749,52.46905],[8.47517,52.46864],[8.4776,52.46831],[8.47908,52.46848],[8.47948,52.46823],[8.47921,52.46782],[8.47787,52.46782],[8.47625,52.46807],[8.47611,52.46782],[8.47652,52.46766],[8.47625,52.46741],[8.47584,52.46741],[8.47558,52.46766],[8.4745,52.46766],[8.47504,52.46692],[8.47598,52.46643],[8.47814,52.46593],[8.48016,52.46602],[8.4807,52.46667],[8.48016,52.46643],[8.47975,52.46659],[8.48016,52.46692],[8.48016,52.46741],[8.47962,52.46815],[8.47989,52.46831],[8.48137,52.46831],[8.48204,52.46733],[8.48555,52.46626],[8.48662,52.46569],[8.48636,52.46437],[8.48474,52.4629],[8.48474,52.46265],[8.48514,52.4624],[8.48662,52.46232],[8.4873,52.46249],[8.48811,52.46298],[8.4908,52.46265],[8.49175,52.46224],[8.49228,52.46249],[8.49323,52.46249],[8.49471,52.46175],[8.49565,52.46175],[8.4974,52.46142],[8.49835,52.46109],[8.49902,52.4606],[8.50023,52.46043],[8.50131,52.46002],[8.5032,52.45871],[8.50293,52.45838],[8.50226,52.45822],[8.50226,52.45797],[8.50522,52.45707],[8.5063,52.45625],[8.50589,52.45608],[8.50441,52.4569],[8.50199,52.45756],[8.50131,52.45748],[8.50145,52.45682],[8.50387,52.45616],[8.50549,52.45526],[8.50724,52.4546],[8.50872,52.45362],[8.50926,52.4528],[8.51182,52.4528],[8.51155,52.45354],[8.51182,52.4537],[8.5133,52.4537],[8.51371,52.45403],[8.51425,52.45386],[8.51546,52.45403],[8.51573,52.45386],[8.51573,52.45444],[8.51425,52.45428],[8.51398,52.45411],[8.5133,52.45411],[8.51304,52.45428],[8.5129,52.45452],[8.51452,52.45526],[8.51627,52.45534],[8.51762,52.45493],[8.51869,52.45518],[8.51883,52.45551],[8.51789,52.45567],[8.51735,52.456],[8.51735,52.45641],[8.51789,52.45674],[8.51923,52.45707],[8.5191,52.45764],[8.51816,52.45748],[8.51762,52.45715],[8.51667,52.45715],[8.51492,52.45641],[8.51317,52.45633],[8.5129,52.45649],[8.51277,52.4574],[8.51196,52.45756],[8.51007,52.45863],[8.50845,52.46027],[8.50562,52.4606],[8.50333,52.46134],[8.50145,52.46158],[8.50104,52.46191],[8.49916,52.46224],[8.49889,52.46224],[8.49889,52.46175],[8.49862,52.46158],[8.4974,52.46175],[8.49538,52.46273],[8.49525,52.46306],[8.49336,52.46429],[8.49282,52.46487],[8.49094,52.46577],[8.49094,52.46667],[8.49121,52.46684],[8.49094,52.46799],[8.49148,52.46848],[8.49228,52.46848],[8.49242,52.46881],[8.49363,52.46971],[8.4935,52.47061],[8.49255,52.47094],[8.49323,52.4725],[8.49323,52.47578],[8.49404,52.47595],[8.49606,52.47505],[8.49754,52.47505],[8.49916,52.47562],[8.49929,52.47595],[8.49889,52.47693],[8.49943,52.47743],[8.50091,52.47751],[8.50266,52.47702],[8.5032,52.47702],[8.5036,52.47726],[8.5036,52.47759],[8.50306,52.47816],[8.50145,52.47882],[8.50118,52.47981],[8.50037,52.4803],[8.50037,52.48063],[8.50279,52.48145],[8.5032,52.48169],[8.5032,52.48202],[8.50212,52.48243],[8.5001,52.48268],[8.49848,52.48407],[8.49862,52.48596],[8.49794,52.48735],[8.49875,52.48793],[8.49875,52.48826],[8.49767,52.489],[8.49767,52.49006],[8.49862,52.49064],[8.49875,52.49179],[8.49794,52.49236],[8.49794,52.49392],[8.49754,52.49523],[8.49565,52.49589],[8.49457,52.49581],[8.49377,52.49613],[8.4939,52.49663],[8.49525,52.49736],[8.49525,52.49794],[8.49498,52.4981],[8.49431,52.4981],[8.4935,52.49761],[8.49215,52.49769],[8.49121,52.4981],[8.49013,52.49794],[8.48878,52.49687],[8.48959,52.4963],[8.48959,52.49605],[8.48918,52.49581],[8.48824,52.49597],[8.4873,52.49654],[8.48743,52.49777],[8.48662,52.49827],[8.48622,52.49818],[8.48568,52.49761],[8.48487,52.49794],[8.48393,52.49794],[8.48204,52.49835],[8.47908,52.4981],[8.47814,52.49769],[8.4776,52.49589],[8.47665,52.4954],[8.47571,52.49523],[8.4718,52.49572],[8.46938,52.4963],[8.4683,52.49712],[8.46803,52.49851],[8.44148,52.49859]],[[8.48029,52.49769],[8.48083,52.49769],[8.48191,52.49712],[8.48191,52.49613],[8.4815,52.49589],[8.48097,52.49605],[8.4811,52.49646],[8.4807,52.49679],[8.47962,52.49671],[8.47921,52.49695],[8.48029,52.49769]],[[8.4904,52.49745],[8.49107,52.49745],[8.49148,52.4972],[8.49175,52.49646],[8.49242,52.49605],[8.49242,52.49581],[8.49121,52.49556],[8.49134,52.49499],[8.4908,52.49449],[8.48986,52.49441],[8.48865,52.49474],[8.48824,52.49515],[8.48878,52.49556],[8.49026,52.4954],[8.49026,52.49581],[8.4908,52.4963],[8.4908,52.49663],[8.49013,52.49704],[8.4904,52.49745]],[[8.48245,52.49515],[8.4842,52.49482],[8.48541,52.49433],[8.48541,52.49359],[8.48487,52.4931],[8.48433,52.49302],[8.48379,52.49326],[8.48379,52.494],[8.48218,52.49474],[8.48245,52.49515]],[[8.47463,52.49433],[8.47733,52.49425],[8.47881,52.49359],[8.47921,52.49244],[8.47989,52.49179],[8.48043,52.49006],[8.48123,52.48949],[8.48218,52.48932],[8.48272,52.489],[8.48285,52.48867],[8.48258,52.4885],[8.48164,52.48826],[8.48002,52.4885],[8.47854,52.48957],[8.47854,52.48982],[8.47746,52.49088],[8.47517,52.49195],[8.47409,52.49359],[8.47409,52.49408],[8.47463,52.49433]],[[8.48595,52.4931],[8.48689,52.49302],[8.48716,52.49269],[8.48676,52.49236],[8.48555,52.49236],[8.48555,52.49211],[8.48582,52.49203],[8.48555,52.4917],[8.4846,52.49187],[8.48379,52.49236],[8.4842,52.49293],[8.48568,52.49293],[8.48595,52.4931]],[[8.48703,52.49187],[8.48811,52.49187],[8.48905,52.49129],[8.49053,52.49113],[8.49107,52.4908],[8.49107,52.48998],[8.49053,52.48965],[8.48945,52.48941],[8.48811,52.48941],[8.4873,52.48965],[8.48649,52.49014],[8.48622,52.4908],[8.48622,52.49146],[8.48703,52.49187]],[[8.48245,52.49121],[8.48299,52.49121],[8.4842,52.49072],[8.48528,52.49072],[8.48568,52.49047],[8.48568,52.49014],[8.48501,52.48982],[8.48379,52.48982],[8.48258,52.49014],[8.48191,52.49047],[8.48204,52.49097],[8.48245,52.49121]],[[8.4908,52.48932],[8.49242,52.489],[8.49323,52.48859],[8.49282,52.48785],[8.49188,52.48785],[8.4908,52.48809],[8.48999,52.48859],[8.48999,52.48883],[8.4908,52.48932]],[[8.49525,52.48842],[8.49592,52.48834],[8.49646,52.48801],[8.4966,52.48694],[8.49646,52.48653],[8.49606,52.48629],[8.49538,52.48629],[8.49471,52.48653],[8.49457,52.48785],[8.49525,52.48842]],[[8.49228,52.48563],[8.49431,52.48522],[8.49592,52.4844],[8.49592,52.48407],[8.49525,52.48342],[8.49525,52.48219],[8.49471,52.48194],[8.49377,52.48219],[8.49309,52.48317],[8.49282,52.48317],[8.49175,52.48391],[8.49148,52.48514],[8.49228,52.48563]],[[8.4935,52.48161],[8.49579,52.48161],[8.49619,52.48136],[8.49619,52.48112],[8.49525,52.48071],[8.49336,52.48079],[8.49296,52.48104],[8.49296,52.48136],[8.4935,52.48161]],[[8.47908,52.48128],[8.4807,52.4812],[8.4811,52.48087],[8.48123,52.47997],[8.48204,52.48013],[8.48204,52.48079],[8.48245,52.48095],[8.48326,52.48005],[8.48487,52.47907],[8.48541,52.47849],[8.48609,52.47833],[8.48703,52.47874],[8.48757,52.478],[8.48838,52.47767],[8.48838,52.47734],[8.48595,52.47644],[8.48474,52.47644],[8.48379,52.47685],[8.48366,52.47849],[8.48245,52.47866],[8.48123,52.47907],[8.48056,52.47907],[8.48016,52.47882],[8.47975,52.47882],[8.47948,52.47898],[8.47948,52.4794],[8.47921,52.4794],[8.47894,52.47857],[8.47948,52.478],[8.47894,52.47784],[8.47706,52.47882],[8.47504,52.47956],[8.47504,52.47981],[8.47558,52.48013],[8.47787,52.48005],[8.47814,52.48022],[8.47787,52.48087],[8.47908,52.48128]],[[8.48299,52.47086],[8.48353,52.47086],[8.48393,52.47061],[8.48514,52.46922],[8.48514,52.46856],[8.48447,52.46815],[8.48299,52.46807],[8.48191,52.46848],[8.48258,52.47053],[8.48299,52.47086]]]}},{"type":"Feature","properties":{"slice":"boden","kind":"niedermoor"},"geometry":{"type":"Polygon","coordinates":[[[9.13045,52.4757],[9.13004,52.47496],[9.12923,52.47447],[9.12789,52.47422],[9.12748,52.47398],[9.12627,52.47406],[9.12519,52.47455],[9.12371,52.47455],[9.12384,52.47365],[9.12438,52.4734],[9.12735,52.47349],[9.12816,52.47308],[9.12856,52.4725],[9.12923,52.47225],[9.13072,52.47242],[9.13193,52.47324],[9.13435,52.47308],[9.13692,52.47193],[9.13745,52.47143],[9.13759,52.47094],[9.13718,52.4707],[9.13516,52.47078],[9.13409,52.47037],[9.1326,52.47037],[9.13166,52.47078],[9.13085,52.47086],[9.12923,52.4707],[9.12775,52.4702],[9.12627,52.46914],[9.12546,52.46889],[9.1256,52.46873],[9.12627,52.46897],[9.12843,52.47028],[9.12937,52.47053],[9.13099,52.47061],[9.13233,52.47012],[9.13233,52.46971],[9.13206,52.46955],[9.13233,52.46831],[9.13153,52.46799],[9.13153,52.46766],[9.13206,52.46717],[9.13206,52.46626],[9.13139,52.46528],[9.13139,52.46437],[9.13045,52.46364],[9.13045,52.4629],[9.13004,52.46216],[9.13004,52.46002],[9.12923,52.45969],[9.12789,52.45986],[9.12667,52.45969],[9.12438,52.45731],[9.1229,52.45641],[9.12277,52.45584],[9.1229,52.45551],[9.12358,52.45534],[9.12492,52.45682],[9.1264,52.45682],[9.12802,52.45797],[9.1291,52.45813],[9.12964,52.45855],[9.13099,52.45838],[9.13287,52.45641],[9.1326,52.45469],[9.13233,52.45452],[9.13112,52.45452],[9.12991,52.45411],[9.12883,52.45436],[9.12775,52.45436],[9.12708,52.45403],[9.12694,52.45362],[9.12735,52.45304],[9.12789,52.4528],[9.12897,52.45272],[9.13031,52.45296],[9.13112,52.45263],[9.13112,52.4514],[9.13004,52.45115],[9.12991,52.45091],[9.13031,52.45066],[9.13139,52.45066],[9.13274,52.4514],[9.13341,52.45255],[9.13395,52.45288],[9.13489,52.45288],[9.13611,52.45255],[9.13786,52.45255],[9.13867,52.4523],[9.13974,52.4523],[9.13988,52.45255],[9.13934,52.45296],[9.13974,52.45362],[9.13921,52.45386],[9.13894,52.45452],[9.14015,52.45501],[9.14015,52.45575],[9.14055,52.45592],[9.14028,52.45625],[9.13813,52.45608],[9.13759,52.45567],[9.13732,52.45436],[9.13651,52.45395],[9.13503,52.45403],[9.13449,52.45436],[9.13449,52.45493],[9.1357,52.45567],[9.13611,52.45649],[9.13516,52.45723],[9.13462,52.45715],[9.13422,52.45657],[9.13382,52.45657],[9.13328,52.4569],[9.13328,52.45748],[9.13206,52.45797],[9.13166,52.45887],[9.13058,52.45978],[9.13072,52.46249],[9.13166,52.46372],[9.13153,52.46462],[9.13206,52.46495],[9.1326,52.46569],[9.13328,52.46552],[9.13287,52.46396],[9.13341,52.46339],[9.13341,52.46306],[9.13301,52.4629],[9.13314,52.46232],[9.13287,52.46208],[9.13355,52.46183],[9.13328,52.4615],[9.13409,52.46117],[9.13382,52.46076],[9.13301,52.46068],[9.13301,52.46035],[9.13395,52.46002],[9.13395,52.45961],[9.13489,52.46011],[9.13678,52.45928],[9.13665,52.45896],[9.13732,52.45896],[9.13759,52.45937],[9.13651,52.45969],[9.13557,52.46027],[9.13584,52.46076],[9.13638,52.46076],[9.13692,52.46101],[9.13624,52.46142],[9.13611,52.46224],[9.13745,52.46273],[9.14001,52.46265],[9.14028,52.4629],[9.14136,52.46314],[9.14109,52.46339],[9.13853,52.46339],[9.13732,52.46388],[9.13489,52.46405],[9.13435,52.46437],[9.13449,52.46544],[9.13328,52.46626],[9.13328,52.46659],[9.13476,52.46725],[9.13867,52.46749],[9.13961,52.4679],[9.14055,52.46807],[9.14284,52.46799],[9.14513,52.46725],[9.14621,52.46725],[9.14783,52.46766],[9.14877,52.46717],[9.14864,52.46643],[9.14823,52.46618],[9.14769,52.46618],[9.14716,52.46552],[9.14621,52.46569],[9.14567,52.46544],[9.14635,52.46478],[9.14769,52.4647],[9.14904,52.46536],[9.14958,52.46618],[9.15012,52.46634],[9.15026,52.46708],[9.14999,52.46733],[9.15026,52.46749],[9.1512,52.46733],[9.15255,52.46741],[9.15282,52.467],[9.15322,52.467],[9.15376,52.46667],[9.15362,52.46626],[9.15282,52.46593],[9.15282,52.46511],[9.15322,52.46454],[9.15255,52.46421],[9.15268,52.46396],[9.15335,52.46396],[9.15403,52.46429],[9.15511,52.46593],[9.15632,52.46585],[9.15645,52.4661],[9.15538,52.46651],[9.15497,52.46717],[9.15349,52.46807],[9.15268,52.46897],[9.1512,52.46971],[9.14729,52.46971],[9.14594,52.46987],[9.14298,52.46914],[9.14123,52.46922],[9.13974,52.46971],[9.13974,52.4702],[9.14055,52.47078],[9.14136,52.47078],[9.14204,52.47053],[9.14325,52.47053],[9.14487,52.47111],[9.14689,52.47299],[9.14675,52.47381],[9.14594,52.47447],[9.14433,52.4748],[9.14055,52.47488],[9.13799,52.47472],[9.13678,52.47414],[9.13597,52.47406],[9.1357,52.47422],[9.13597,52.47537],[9.13557,52.47554],[9.13449,52.47554],[9.13355,52.47463],[9.13085,52.47447],[9.13058,52.47463],[9.13058,52.47513],[9.13099,52.4757],[9.13045,52.4757]],[[9.13516,52.4702],[9.13624,52.47012],[9.13651,52.46987],[9.13705,52.46979],[9.13732,52.46946],[9.1353,52.4684],[9.13382,52.46831],[9.13314,52.46873],[9.13287,52.46955],[9.13328,52.46979],[9.13449,52.46987],[9.13516,52.4702]],[[9.14433,52.46856],[9.14554,52.46831],[9.14662,52.46856],[9.14729,52.46823],[9.14729,52.4679],[9.14635,52.46758],[9.1454,52.46758],[9.14392,52.46815],[9.14433,52.46856]]]}},{"type":"Feature","properties":{"slice":"boden","kind":"niedermoor"},"geometry":{"type":"Polygon","coordinates":[[[8.51357,52.45255],[8.51304,52.45214],[8.5125,52.45214],[8.51209,52.45239],[8.5098,52.4523],[8.50926,52.45181],[8.5094,52.45074],[8.51034,52.45058],[8.51115,52.45115],[8.51182,52.45115],[8.51236,52.45074],[8.51304,52.45083],[8.5133,52.45107],[8.51277,52.45148],[8.51277,52.45173],[8.51317,52.45206],[8.51371,52.45206],[8.51357,52.45255]]]}},{"type":"Feature","properties":{"slice":"boden","kind":"niedermoor"},"geometry":{"type":"Polygon","coordinates":[[[8.93991,52.45928],[8.93816,52.45772],[8.93776,52.45616],[8.93668,52.45493],[8.93277,52.45296],[8.92994,52.45066],[8.92779,52.44943],[8.92644,52.4491],[8.92509,52.4491],[8.92361,52.44935],[8.9224,52.44976],[8.92078,52.45066],[8.91903,52.45066],[8.91862,52.45099],[8.91862,52.45181],[8.91795,52.45222],[8.91687,52.45214],[8.91553,52.4514],[8.91526,52.45099],[8.91526,52.4491],[8.91579,52.44869],[8.91687,52.44844],[8.91755,52.44853],[8.91876,52.44959],[8.91984,52.44976],[8.92092,52.44935],[8.92213,52.44828],[8.92401,52.44803],[8.92455,52.44771],[8.9255,52.44615],[8.92563,52.445],[8.92536,52.44458],[8.92428,52.44393],[8.92428,52.44327],[8.92469,52.44327],[8.92536,52.4436],[8.92563,52.44343],[8.92563,52.44294],[8.92644,52.44286],[8.92752,52.44319],[8.92833,52.44368],[8.92833,52.44434],[8.92779,52.44458],[8.92711,52.4445],[8.92684,52.44467],[8.92752,52.44516],[8.92765,52.44606],[8.92752,52.44631],[8.92657,52.44672],[8.92657,52.44697],[8.92684,52.44713],[8.92765,52.44713],[8.9286,52.4468],[8.92887,52.44705],[8.9286,52.44779],[8.92887,52.44795],[8.929,52.44869],[8.93143,52.44992],[8.93506,52.45313],[8.93628,52.45378],[8.93803,52.45403],[8.93857,52.45444],[8.9387,52.45518],[8.93911,52.45542],[8.94086,52.45526],[8.93965,52.45616],[8.93965,52.4569],[8.94045,52.45813],[8.94045,52.45928],[8.93991,52.45928]]]}},{"type":"Feature","properties":{"slice":"boden","kind":"niedermoor"},"geometry":{"type":"Polygon","coordinates":[[[8.68403,52.44064],[8.68376,52.44048],[8.68376,52.43974],[8.68403,52.43941],[8.68551,52.43949],[8.68726,52.4399],[8.68713,52.44023],[8.68551,52.4399],[8.68484,52.44056],[8.68403,52.44064]]]}},{"type":"Feature","properties":{"slice":"boden","kind":"niedermoor"},"geometry":{"type":"Polygon","coordinates":[[[8.61693,52.44204],[8.61639,52.44187],[8.61625,52.44048],[8.61517,52.439],[8.61531,52.43834],[8.61585,52.43834],[8.61639,52.43859],[8.61666,52.43966],[8.61787,52.44072],[8.618,52.44138],[8.6176,52.44187],[8.61693,52.44204]]]}},{"type":"Feature","properties":{"slice":"boden","kind":"niedermoor"},"geometry":{"type":"Polygon","coordinates":[[[8.52732,52.43727],[8.52678,52.43695],[8.52678,52.43563],[8.52745,52.43506],[8.52745,52.43415],[8.52826,52.4335],[8.52961,52.43317],[8.53055,52.43317],[8.53311,52.43358],[8.53379,52.43317],[8.53419,52.43317],[8.53419,52.4335],[8.53298,52.43481],[8.53284,52.43604],[8.53257,52.43637],[8.53177,52.43662],[8.53082,52.43662],[8.53028,52.43629],[8.52961,52.43629],[8.5284,52.43695],[8.5284,52.43711],[8.52732,52.43727]]]}},{"type":"Feature","properties":{"slice":"boden","kind":"niedermoor"},"geometry":{"type":"Polygon","coordinates":[[[8.54079,52.43908],[8.53864,52.43777],[8.53877,52.43703],[8.54012,52.4367],[8.54133,52.43596],[8.54133,52.43555],[8.54052,52.43522],[8.53972,52.4335],[8.53877,52.43292],[8.53877,52.43251],[8.53945,52.43226],[8.53972,52.43235],[8.53972,52.43284],[8.54039,52.43333],[8.54106,52.43448],[8.54147,52.43473],[8.54241,52.43473],[8.54322,52.43497],[8.54443,52.43596],[8.54497,52.43678],[8.54497,52.43769],[8.54457,52.43851],[8.54362,52.43884],[8.54079,52.43908]]]}},{"type":"Feature","properties":{"slice":"boden","kind":"niedermoor"},"geometry":{"type":"Polygon","coordinates":[[[9.06186,52.43473],[9.06092,52.43432],[9.05984,52.43317],[9.0597,52.43226],[9.05997,52.43218],[9.06092,52.43251],[9.06092,52.43267],[9.06186,52.43317],[9.06213,52.43374],[9.06307,52.43423],[9.06294,52.43473],[9.06186,52.43473]]]}},{"type":"Feature","properties":{"slice":"boden","kind":"niedermoor"},"geometry":{"type":"Polygon","coordinates":[[[8.69373,52.43407],[8.69198,52.43235],[8.69158,52.43087],[8.69184,52.42963],[8.69131,52.42947],[8.69117,52.42922],[8.69158,52.42922],[8.69333,52.42857],[8.69521,52.4284],[8.69575,52.42873],[8.69589,52.42963],[8.69656,52.4307],[8.69629,52.43136],[8.69454,52.43317],[8.69427,52.43407],[8.69373,52.43407]]]}},{"type":"Feature","properties":{"slice":"boden","kind":"niedermoor"},"geometry":{"type":"Polygon","coordinates":[[[8.5133,52.4321],[8.51101,52.43136],[8.50967,52.43046],[8.50967,52.42955],[8.51115,52.42881],[8.51128,52.42848],[8.51115,52.42816],[8.50994,52.42733],[8.50994,52.42668],[8.51061,52.4261],[8.51223,52.42635],[8.5129,52.42692],[8.51425,52.42742],[8.51816,52.42774],[8.51937,52.42766],[8.51991,52.42783],[8.52045,52.4284],[8.52045,52.43128],[8.51991,52.43193],[8.51883,52.4321],[8.51721,52.43161],[8.51613,52.43152],[8.5133,52.4321]]]}},{"type":"Feature","properties":{"slice":"boden","kind":"niedermoor"},"geometry":{"type":"Polygon","coordinates":[[[9.1675,52.42807],[9.16656,52.42758],[9.16562,52.42758],[9.16535,52.42783],[9.16454,52.42791],[9.16386,52.42774],[9.16306,52.42717],[9.16292,52.42651],[9.16333,52.42627],[9.16575,52.42618],[9.16656,52.42594],[9.16656,52.42544],[9.16602,52.42503],[9.16373,52.42438],[9.1636,52.42396],[9.16386,52.4238],[9.1644,52.4238],[9.16696,52.42462],[9.16804,52.42454],[9.16804,52.42807],[9.1675,52.42807]]]}},{"type":"Feature","properties":{"slice":"boden","kind":"niedermoor"},"geometry":{"type":"Polygon","coordinates":[[[9.06253,52.42495],[9.062,52.4247],[9.06078,52.4247],[9.06065,52.42413],[9.06132,52.42372],[9.06159,52.42306],[9.06442,52.42216],[9.06429,52.42429],[9.06321,52.42495],[9.06253,52.42495]]]}},{"type":"Feature","properties":{"slice":"boden","kind":"niedermoor"},"geometry":{"type":"Polygon","coordinates":[[[9.16467,52.46815],[9.16225,52.46774],[9.1613,52.46741],[9.15821,52.46733],[9.15794,52.46692],[9.15726,52.46667],[9.15726,52.46618],[9.15821,52.4661],[9.15942,52.46675],[9.15996,52.46684],[9.16023,52.46667],[9.16009,52.4661],[9.15915,52.46561],[9.1574,52.4652],[9.15645,52.46454],[9.15565,52.46429],[9.15578,52.46396],[9.15753,52.46396],[9.15807,52.46355],[9.15915,52.46331],[9.15982,52.46281],[9.15955,52.46208],[9.15982,52.46043],[9.15901,52.45937],[9.15821,52.45904],[9.15389,52.45904],[9.15228,52.45846],[9.15093,52.45846],[9.15039,52.45871],[9.14945,52.45871],[9.1485,52.45805],[9.14635,52.45797],[9.14594,52.45772],[9.14487,52.45764],[9.14406,52.45657],[9.145,52.45575],[9.14621,52.45567],[9.14783,52.45633],[9.1485,52.45633],[9.14891,52.45608],[9.14891,52.45584],[9.14756,52.45534],[9.14648,52.45469],[9.14487,52.45452],[9.14311,52.45395],[9.14244,52.45354],[9.1415,52.45206],[9.14069,52.45157],[9.13907,52.45115],[9.13907,52.45091],[9.13961,52.45091],[9.1415,52.4514],[9.14271,52.45304],[9.14513,52.45403],[9.1481,52.4546],[9.14891,52.45501],[9.15052,52.45542],[9.15147,52.45534],[9.15214,52.45477],[9.15268,52.45321],[9.15187,52.45181],[9.15187,52.45042],[9.1512,52.44992],[9.1512,52.44877],[9.14972,52.44795],[9.14918,52.44656],[9.14864,52.44631],[9.14891,52.44598],[9.14958,52.4459],[9.15012,52.44549],[9.14972,52.44393],[9.14904,52.4436],[9.14823,52.44368],[9.14716,52.44335],[9.14581,52.44352],[9.14513,52.44335],[9.14473,52.44302],[9.14473,52.44278],[9.14513,52.44253],[9.14675,52.44245],[9.14716,52.44261],[9.14837,52.44261],[9.14891,52.44229],[9.14945,52.4404],[9.14931,52.43949],[9.14837,52.43859],[9.14716,52.43834],[9.14554,52.43752],[9.14513,52.43678],[9.14513,52.43612],[9.14365,52.43497],[9.14217,52.43456],[9.14136,52.43456],[9.14015,52.43497],[9.13934,52.43497],[9.1388,52.4353],[9.1388,52.4376],[9.13799,52.4381],[9.13799,52.43851],[9.13867,52.43884],[9.13961,52.43884],[9.14015,52.43916],[9.14096,52.43916],[9.14136,52.43884],[9.14096,52.43752],[9.1415,52.43752],[9.14257,52.43875],[9.14244,52.4399],[9.14028,52.4413],[9.13988,52.44179],[9.1388,52.44155],[9.13611,52.4399],[9.13489,52.43949],[9.13341,52.43933],[9.13233,52.43875],[9.13179,52.43818],[9.13058,52.4381],[9.13004,52.43842],[9.12897,52.43842],[9.12708,52.4376],[9.12573,52.43744],[9.12465,52.43695],[9.12128,52.43703],[9.12048,52.43744],[9.11913,52.43777],[9.11859,52.4381],[9.11832,52.43859],[9.11751,52.43892],[9.11738,52.44007],[9.11589,52.44048],[9.11589,52.44081],[9.1163,52.44105],[9.11765,52.44114],[9.11778,52.44212],[9.11751,52.44245],[9.11697,52.44253],[9.11441,52.44155],[9.11226,52.44179],[9.11172,52.4413],[9.11172,52.44072],[9.11212,52.44056],[9.11347,52.44064],[9.11374,52.44048],[9.11374,52.44007],[9.1132,52.43966],[9.11118,52.43925],[9.11037,52.43892],[9.11024,52.43859],[9.11104,52.43785],[9.11131,52.43727],[9.11226,52.43678],[9.11536,52.4367],[9.11684,52.43629],[9.11792,52.43571],[9.11819,52.43506],[9.11792,52.43489],[9.11333,52.43473],[9.11158,52.43506],[9.1101,52.43563],[9.1105,52.43539],[9.11037,52.43423],[9.11118,52.43399],[9.11212,52.43259],[9.11199,52.43218],[9.11131,52.43161],[9.11131,52.43103],[9.11212,52.43054],[9.11185,52.4298],[9.11118,52.42914],[9.11131,52.42857],[9.1128,52.42857],[9.1132,52.42873],[9.11306,52.42931],[9.11333,52.42947],[9.11428,52.42947],[9.11536,52.42914],[9.11643,52.42824],[9.11778,52.42783],[9.12506,52.42766],[9.12627,52.42799],[9.12721,52.42857],[9.12829,52.42881],[9.13058,52.42889],[9.13166,52.42914],[9.13301,52.42906],[9.13382,52.42881],[9.13772,52.42898],[9.13867,52.42832],[9.1388,52.42766],[9.1384,52.42742],[9.13476,52.42742],[9.13328,52.42717],[9.13287,52.42676],[9.13328,52.42659],[9.13705,52.42659],[9.13867,52.42635],[9.13921,52.42618],[9.14096,52.42495],[9.14298,52.42446],[9.14352,52.42413],[9.14311,52.4238],[9.14136,52.42421],[9.14015,52.42421],[9.13489,52.42339],[9.13355,52.42339],[9.13206,52.42372],[9.13045,52.42364],[9.1287,52.42298],[9.12533,52.42232],[9.12384,52.42166],[9.12398,52.42117],[9.12587,52.42207],[9.1291,52.42273],[9.13072,52.42298],[9.1326,52.42298],[9.13341,52.42273],[9.13409,52.42273],[9.13449,52.42298],[9.13543,52.42298],[9.13867,52.42347],[9.14015,52.42339],[9.14082,52.42314],[9.14231,52.42298],[9.14311,52.4224],[9.14311,52.42158],[9.14338,52.42134],[9.14446,52.42134],[9.14527,52.42166],[9.14527,52.42199],[9.14419,52.4224],[9.14419,52.42281],[9.14473,52.42306],[9.14958,52.42306],[9.14999,52.42281],[9.15012,52.42207],[9.15066,52.42183],[9.15228,52.42199],[9.15228,52.42249],[9.15066,52.42306],[9.15079,52.42405],[9.15052,52.42438],[9.14985,52.42438],[9.14945,52.42396],[9.14877,52.4238],[9.14621,52.42372],[9.145,52.42405],[9.14433,52.42446],[9.14419,52.4252],[9.14487,52.42569],[9.14621,52.42569],[9.14689,52.4261],[9.14823,52.42627],[9.1481,52.42651],[9.14567,52.42643],[9.14554,52.42659],[9.1446,52.42659],[9.14311,52.42544],[9.1419,52.42544],[9.14109,52.42577],[9.14028,52.42643],[9.14028,52.427],[9.13867,52.42906],[9.1388,52.43029],[9.13934,52.4307],[9.14001,52.4307],[9.14055,52.43037],[9.14082,52.42988],[9.1415,52.42996],[9.14204,52.43029],[9.14257,52.43029],[9.14392,52.4298],[9.14446,52.42947],[9.14487,52.42873],[9.14567,52.4284],[9.14769,52.4284],[9.14823,52.42865],[9.1485,52.42906],[9.14945,52.42931],[9.15187,52.42922],[9.15376,52.42963],[9.15645,52.42955],[9.1578,52.42996],[9.15807,52.43029],[9.15686,52.43046],[9.15578,52.43013],[9.15322,52.43013],[9.14743,52.42972],[9.14567,52.43062],[9.14433,52.43054],[9.14298,52.43087],[9.14298,52.43128],[9.14379,52.43185],[9.14379,52.43226],[9.14338,52.43267],[9.14284,52.43284],[9.14177,52.43284],[9.14123,52.43226],[9.14028,52.43218],[9.13988,52.43243],[9.13988,52.43292],[9.14096,52.43341],[9.14433,52.43391],[9.14513,52.43456],[9.14648,52.43637],[9.14945,52.4381],[9.14999,52.43826],[9.15147,52.43818],[9.15255,52.43834],[9.15403,52.43777],[9.15538,52.43793],[9.15551,52.43826],[9.15511,52.43851],[9.1543,52.43859],[9.15349,52.439],[9.15214,52.43908],[9.15079,52.43949],[9.15052,52.43999],[9.15066,52.44122],[9.15026,52.44187],[9.15093,52.44237],[9.15187,52.44237],[9.15416,52.44196],[9.15497,52.44163],[9.15524,52.44114],[9.15699,52.44105],[9.15861,52.44056],[9.16077,52.44048],[9.16252,52.44089],[9.16494,52.44081],[9.16629,52.44007],[9.16683,52.44007],[9.16737,52.43949],[9.16804,52.43941],[9.16804,52.44335],[9.16723,52.44294],[9.16589,52.44261],[9.16481,52.44179],[9.16198,52.44179],[9.1613,52.44155],[9.16009,52.44155],[9.15942,52.44187],[9.1574,52.44171],[9.15591,52.44245],[9.15376,52.4427],[9.15268,52.44327],[9.15241,52.44368],[9.15241,52.4445],[9.15133,52.44582],[9.15147,52.4468],[9.15228,52.44754],[9.15308,52.44886],[9.15308,52.45124],[9.15362,52.45239],[9.15349,52.45452],[9.15376,52.45469],[9.15497,52.45444],[9.15645,52.45444],[9.15699,52.45411],[9.15834,52.45395],[9.16157,52.45288],[9.16319,52.45288],[9.16427,52.45354],[9.16508,52.45362],[9.16696,52.4528],[9.16804,52.45255],[9.16791,52.45386],[9.16427,52.45452],[9.16373,52.45452],[9.16306,52.45419],[9.16225,52.45436],[9.16063,52.45419],[9.16023,52.45436],[9.15726,52.4546],[9.15672,52.45485],[9.15605,52.45559],[9.15443,52.45534],[9.15349,52.45567],[9.15241,52.45674],[9.15255,52.45756],[9.15349,52.45789],[9.15484,52.45781],[9.15645,52.45805],[9.15807,52.45781],[9.15847,52.45756],[9.15955,52.45756],[9.16036,52.45789],[9.16103,52.45846],[9.16184,52.45863],[9.164,52.45994],[9.16508,52.45994],[9.16548,52.46019],[9.16669,52.46011],[9.16696,52.46035],[9.16804,52.46068],[9.16804,52.46191],[9.16764,52.46183],[9.16737,52.46199],[9.16764,52.4629],[9.16804,52.46306],[9.16791,52.4661],[9.16737,52.4652],[9.1675,52.46487],[9.16696,52.46429],[9.1671,52.46396],[9.16683,52.46388],[9.16669,52.46347],[9.16669,52.46257],[9.16629,52.46232],[9.16629,52.46199],[9.16575,52.46142],[9.1644,52.46076],[9.16319,52.46043],[9.16252,52.45994],[9.16171,52.45986],[9.16063,52.45945],[9.15996,52.45969],[9.16023,52.46035],[9.15996,52.46216],[9.16036,52.46265],[9.16036,52.46347],[9.15969,52.46396],[9.15861,52.46437],[9.15861,52.46487],[9.15982,52.4652],[9.16103,52.46602],[9.16548,52.46585],[9.16629,52.46651],[9.16629,52.46725],[9.16535,52.46807],[9.16467,52.46815]],[[9.12223,52.43662],[9.12317,52.43654],[9.12411,52.43596],[9.12492,52.43596],[9.1256,52.43621],[9.12735,52.43612],[9.12775,52.43645],[9.12883,52.43645],[9.13058,52.43555],[9.13179,52.43539],[9.13328,52.43547],[9.13435,52.43514],[9.13624,52.43514],[9.13732,52.43465],[9.13759,52.43432],[9.13745,52.43374],[9.13611,52.43284],[9.13489,52.43243],[9.13435,52.43193],[9.13328,52.43144],[9.13274,52.43062],[9.1322,52.43029],[9.13112,52.43021],[9.13045,52.43046],[9.12991,52.43169],[9.1295,52.43185],[9.126,52.43218],[9.12519,52.43152],[9.12465,52.43144],[9.12438,52.43169],[9.12371,52.43169],[9.12317,52.43193],[9.1229,52.43226],[9.1229,52.43308],[9.12331,52.43341],[9.12331,52.43432],[9.12196,52.43604],[9.12196,52.43645],[9.12223,52.43662]]]}},{"type":"Feature","properties":{"slice":"boden","kind":"niedermoor"},"geometry":{"type":"Polygon","coordinates":[[[9.11172,52.42207],[9.1105,52.42175],[9.11131,52.42142],[9.11172,52.42092],[9.11428,52.42101],[9.11441,52.42142],[9.11509,52.42175],[9.11643,52.4215],[9.11643,52.42166],[9.11589,52.42183],[9.11172,52.42207]]]}},{"type":"Feature","properties":{"slice":"boden","kind":"niedermoor"},"geometry":{"type":"Polygon","coordinates":[[[9.16791,52.42347],[9.16723,52.42298],[9.16737,52.4224],[9.16669,52.42183],[9.1644,52.42117],[9.16306,52.42109],[9.16306,52.42068],[9.16346,52.42051],[9.16521,52.42051],[9.16589,52.42076],[9.16804,52.42084],[9.16791,52.42347]]]}},{"type":"Feature","properties":{"slice":"boden","kind":"niedermoor"},"geometry":{"type":"Polygon","coordinates":[[[8.58405,52.44229],[8.58351,52.44179],[8.58364,52.43999],[8.58283,52.43834],[8.58445,52.43645],[8.58418,52.43539],[8.58297,52.43456],[8.58216,52.43473],[8.58108,52.43456],[8.58122,52.43415],[8.58216,52.43358],[8.58216,52.433],[8.58176,52.43267],[8.5792,52.433],[8.57785,52.433],[8.57677,52.43267],[8.57664,52.43202],[8.57691,52.43128],[8.57515,52.42972],[8.57515,52.42881],[8.57556,52.42848],[8.57596,52.42848],[8.57677,52.42922],[8.57839,52.42955],[8.58081,52.42939],[8.58135,52.42906],[8.58364,52.42914],[8.58432,52.42881],[8.58486,52.42783],[8.58472,52.427],[8.58418,52.42635],[8.5827,52.42569],[8.58216,52.42438],[8.58486,52.42125],[8.58486,52.42018],[8.58391,52.41936],[8.58391,52.41903],[8.58445,52.41903],[8.58539,52.41936],[8.58755,52.42068],[8.58809,52.42134],[8.58822,52.4229],[8.58863,52.42331],[8.59025,52.42413],[8.59065,52.42512],[8.59065,52.42635],[8.59186,52.42758],[8.59213,52.42881],[8.59348,52.43004],[8.59348,52.43152],[8.59537,52.43333],[8.59631,52.43456],[8.59698,52.43645],[8.59658,52.43695],[8.59685,52.43892],[8.59631,52.43982],[8.59658,52.44097],[8.59644,52.44171],[8.59537,52.44155],[8.59469,52.44114],[8.59334,52.44072],[8.59294,52.4404],[8.5924,52.43941],[8.5924,52.43892],[8.59321,52.43851],[8.59294,52.4376],[8.5924,52.43727],[8.59173,52.43727],[8.59132,52.43752],[8.58984,52.43736],[8.58903,52.43686],[8.58876,52.43654],[8.5889,52.43629],[8.58836,52.43612],[8.58782,52.43654],[8.58782,52.43777],[8.58849,52.43859],[8.58957,52.43925],[8.58984,52.4399],[8.58647,52.44171],[8.58553,52.44179],[8.58486,52.44229],[8.58405,52.44229]],[[8.58957,52.4358],[8.59038,52.4358],[8.59092,52.43522],[8.59105,52.4335],[8.59038,52.43317],[8.5893,52.43317],[8.58849,52.43374],[8.58849,52.43423],[8.58903,52.43465],[8.58903,52.43539],[8.58957,52.4358]]]}},{"type":"Feature","properties":{"slice":"boden","kind":"niedermoor"},"geometry":{"type":"Polygon","coordinates":[[[8.99327,52.42733],[8.99058,52.42717],[8.98977,52.42659],[8.98883,52.42651],[8.98883,52.42635],[8.98829,52.42618],[8.98802,52.42536],[8.98762,52.42503],[8.98681,52.42487],[8.9864,52.42454],[8.98532,52.42454],[8.98479,52.42421],[8.98479,52.42323],[8.98384,52.42232],[8.98384,52.42183],[8.9833,52.4215],[8.98249,52.4215],[8.98074,52.42109],[8.97993,52.42109],[8.9798,52.42125],[8.97913,52.42117],[8.97872,52.42035],[8.97872,52.41928],[8.97913,52.41895],[8.97993,52.41895],[8.98128,52.41936],[8.98357,52.42117],[8.98452,52.42142],[8.98546,52.42142],[8.98532,52.42207],[8.98559,52.42224],[8.98681,52.42224],[8.98815,52.42265],[8.9895,52.42257],[8.99004,52.42232],[8.99098,52.42232],[8.99166,52.4229],[8.9922,52.4229],[8.9926,52.42265],[8.9926,52.42232],[8.99651,52.4224],[8.99624,52.4238],[8.99503,52.42421],[8.99449,52.42585],[8.99354,52.42717],[8.99327,52.42733]]]}},{"type":"Feature","properties":{"slice":"boden","kind":"niedermoor"},"geometry":{"type":"Polygon","coordinates":[[[8.70788,52.4252],[8.7064,52.42372],[8.70451,52.42076],[8.70451,52.41945],[8.70492,52.41879],[8.70613,52.41994],[8.7068,52.42232],[8.70721,52.42281],[8.70882,52.42396],[8.71017,52.42438],[8.70869,52.4252],[8.70788,52.4252]]]}},{"type":"Feature","properties":{"slice":"boden","kind":"niedermoor"},"geometry":{"type":"Polygon","coordinates":[[[9.05782,52.50836],[9.05647,52.50811],[9.05499,52.50745],[9.05405,52.50729],[9.05243,52.50581],[9.05014,52.50434],[9.04919,52.50343],[9.04906,52.50278],[9.04812,52.50196],[9.04717,52.50155],[9.04542,52.50032],[9.04044,52.49884],[9.03828,52.49884],[9.03761,52.49868],[9.03316,52.49876],[9.03154,52.49974],[9.03046,52.50007],[9.02993,52.50081],[9.02777,52.5013],[9.02521,52.50319],[9.02198,52.50458],[9.01578,52.50688],[9.0112,52.50762],[9.00864,52.50762],[9.00594,52.50688],[9.00446,52.50672],[9.00311,52.50589],[9.00082,52.5054],[9.00069,52.5045],[8.99988,52.50384],[8.99705,52.50302],[8.99705,52.50286],[8.99866,52.50294],[9.00069,52.50409],[9.00122,52.50516],[9.00163,52.5054],[9.0023,52.50524],[9.00136,52.50393],[9.00122,52.50302],[9.00069,52.50229],[9.00055,52.50106],[9.00082,52.49827],[9.00136,52.49753],[9.00284,52.4963],[9.00352,52.49474],[9.00352,52.49351],[9.00325,52.49318],[9.00338,52.49195],[9.0023,52.49031],[9.00176,52.48883],[9.00176,52.48801],[9.00217,52.4876],[9.00257,52.48612],[9.00378,52.48571],[9.00486,52.48481],[9.00527,52.48301],[9.00473,52.48276],[9.00405,52.48292],[9.00257,52.48292],[8.99988,52.48235],[8.99583,52.48079],[8.99449,52.47989],[8.99395,52.47923],[8.99139,52.47554],[8.99031,52.47267],[8.99031,52.47234],[8.99071,52.47201],[8.99044,52.47045],[8.99152,52.46889],[8.99193,52.46758],[8.99193,52.46511],[8.99098,52.46405],[8.98977,52.46347],[8.98896,52.46331],[8.98788,52.46339],[8.98586,52.46446],[8.98519,52.46536],[8.98438,52.46585],[8.98182,52.46643],[8.97967,52.46651],[8.9771,52.46634],[8.97508,52.46577],[8.97374,52.46462],[8.97306,52.46306],[8.97347,52.46068],[8.97401,52.46043],[8.97428,52.46314],[8.97508,52.46478],[8.97603,52.46561],[8.97737,52.46585],[8.98007,52.46577],[8.9829,52.4652],[8.98559,52.46347],[8.98532,52.46331],[8.98371,52.46331],[8.98263,52.46306],[8.98182,52.46314],[8.98047,52.46298],[8.97818,52.46224],[8.97657,52.46134],[8.97576,52.4606],[8.97535,52.45994],[8.97522,52.45896],[8.97562,52.45887],[8.97603,52.46019],[8.97724,52.46125],[8.98034,52.4624],[8.98249,52.46273],[8.98505,52.46273],[8.98694,52.46257],[8.98775,52.46232],[8.98694,52.4606],[8.98694,52.45953],[8.98721,52.45953],[8.98802,52.46208],[8.98896,52.46273],[8.99139,52.46364],[8.99233,52.46446],[8.99287,52.46561],[8.99287,52.467],[8.9922,52.46864],[8.9922,52.47004],[8.9926,52.47037],[8.99314,52.47037],[8.99368,52.47004],[8.99408,52.46922],[8.99516,52.46807],[8.99583,52.46643],[8.99583,52.46577],[8.99678,52.46487],[8.99772,52.46298],[8.99759,52.4606],[8.99637,52.45879],[8.99624,52.45764],[8.99462,52.45625],[8.99395,52.45625],[8.99341,52.45666],[8.99247,52.45657],[8.99139,52.45616],[8.99018,52.45526],[8.98923,52.45493],[8.9864,52.45428],[8.98398,52.45395],[8.98236,52.45345],[8.98034,52.45345],[8.97643,52.45296],[8.97387,52.4523],[8.97104,52.45066],[8.9701,52.45042],[8.96875,52.44943],[8.96767,52.4491],[8.967,52.44869],[8.96673,52.44803],[8.96538,52.44721],[8.96471,52.44606],[8.96296,52.44401],[8.96282,52.44105],[8.96309,52.44064],[8.96444,52.4399],[8.96484,52.43925],[8.96484,52.43834],[8.96403,52.43752],[8.96376,52.4358],[8.96376,52.43489],[8.9643,52.43399],[8.96417,52.43292],[8.96525,52.43128],[8.96727,52.42972],[8.9674,52.42931],[8.96686,52.42889],[8.96579,52.42865],[8.96417,52.42783],[8.96094,52.42569],[8.96053,52.4252],[8.95999,52.42339],[8.95864,52.42257],[8.95635,52.42043],[8.95703,52.41977],[8.95689,52.41903],[8.95716,52.41764],[8.95743,52.41764],[8.9573,52.41871],[8.95757,52.41879],[8.9573,52.41986],[8.95743,52.42051],[8.95918,52.42199],[8.9604,52.42347],[8.96134,52.42396],[8.96188,52.42544],[8.96511,52.42766],[8.96619,52.42799],[8.96713,52.42857],[8.96781,52.42865],[8.96835,52.4284],[8.96942,52.42668],[8.96983,52.42668],[8.96996,52.42651],[8.97239,52.42692],[8.97252,52.42742],[8.9732,52.42758],[8.97347,52.42733],[8.97306,52.42709],[8.97306,52.42659],[8.97347,52.42618],[8.9736,52.42553],[8.97441,52.42495],[8.97562,52.4247],[8.97508,52.42421],[8.97522,52.42405],[8.9763,52.42405],[8.97724,52.42421],[8.97791,52.42454],[8.97805,52.42528],[8.97764,52.42553],[8.97764,52.42709],[8.97899,52.42783],[8.9802,52.42799],[8.98074,52.42873],[8.98115,52.42889],[8.98155,52.42848],[8.98169,52.42783],[8.98142,52.42766],[8.98088,52.42774],[8.98061,52.4275],[8.97953,52.4275],[8.97886,52.427],[8.97886,52.42651],[8.9794,52.42618],[8.97899,52.42577],[8.9794,52.42503],[8.97926,52.42438],[8.9798,52.42405],[8.97967,52.42355],[8.97993,52.42347],[8.97993,52.42257],[8.98047,52.42257],[8.98061,52.42298],[8.98142,52.42314],[8.98142,52.42364],[8.98182,52.42388],[8.98155,52.42454],[8.98425,52.4252],[8.98492,52.42602],[8.98532,52.42577],[8.98573,52.42577],[8.98681,52.42709],[8.98896,52.42816],[8.98991,52.4284],[8.99152,52.4284],[8.99287,52.42816],[8.9926,52.42889],[8.98977,52.42906],[8.9895,52.42922],[8.98977,52.42947],[8.98964,52.43013],[8.98923,52.43029],[8.98869,52.43013],[8.98883,52.42963],[8.98842,52.42931],[8.98573,52.42824],[8.98465,52.42742],[8.98303,52.42684],[8.98263,52.42717],[8.98263,52.42799],[8.98223,52.42889],[8.98142,52.42931],[8.98317,52.43054],[8.98492,52.4312],[8.98613,52.43202],[8.98721,52.43235],[8.98613,52.43317],[8.98654,52.43358],[8.98748,52.43374],[8.9891,52.4335],[8.99112,52.43382],[8.99125,52.43407],[8.99031,52.43621],[8.98815,52.43588],[8.98708,52.43555],[8.98667,52.43522],[8.986,52.4353],[8.98559,52.43506],[8.98371,52.43497],[8.98303,52.43415],[8.98249,52.4344],[8.98223,52.43497],[8.98155,52.43473],[8.97751,52.43415],[8.97724,52.43432],[8.97737,52.43473],[8.97859,52.4358],[8.97967,52.43719],[8.97993,52.43785],[8.97993,52.43933],[8.97967,52.43999],[8.97737,52.44245],[8.97616,52.44327],[8.97522,52.4436],[8.97374,52.44385],[8.97252,52.44376],[8.96902,52.44278],[8.96646,52.4404],[8.96592,52.44007],[8.96538,52.44007],[8.96484,52.4404],[8.96525,52.44196],[8.96498,52.44426],[8.96686,52.44606],[8.96808,52.44672],[8.96862,52.4468],[8.97077,52.44828],[8.97333,52.44927],[8.97953,52.45115],[8.98735,52.45198],[8.98829,52.45173],[8.99018,52.45173],[8.99125,52.45091],[8.9922,52.45058],[8.99098,52.45165],[8.99112,52.45272],[8.99193,52.45288],[8.99233,52.45337],[8.99476,52.45436],[8.99664,52.45452],[8.99691,52.45469],[8.99745,52.456],[8.99853,52.45707],[8.99988,52.45904],[9.00055,52.46068],[9.00055,52.46314],[9.00015,52.46536],[8.9992,52.46741],[8.99893,52.46749],[8.99893,52.46799],[8.99732,52.47061],[8.99651,52.47316],[8.99651,52.47513],[8.99678,52.47611],[8.99839,52.47841],[8.99947,52.4794],[9.00082,52.48022],[9.00271,52.48087],[9.00405,52.48112],[9.00729,52.48104],[9.00864,52.48079],[9.00958,52.48022],[9.00985,52.47931],[9.0116,52.47833],[9.01227,52.47718],[9.01295,52.47677],[9.01322,52.47866],[9.01389,52.47956],[9.01537,52.48038],[9.01807,52.48104],[9.01807,52.48128],[9.01605,52.48145],[9.01416,52.48194],[9.00998,52.48194],[9.00796,52.48251],[9.00661,52.4826],[9.00567,52.48309],[9.0054,52.48374],[9.0054,52.48506],[9.00405,52.48653],[9.00365,52.48744],[9.00378,52.4885],[9.00419,52.48875],[9.00459,52.48859],[9.00486,52.48785],[9.00473,52.4908],[9.005,52.49097],[9.00567,52.4908],[9.00621,52.48957],[9.00729,52.489],[9.00823,52.48653],[9.00864,52.48612],[9.00944,52.4858],[9.00985,52.4858],[9.00985,52.48604],[9.00958,52.4867],[9.00877,52.48735],[9.00877,52.48875],[9.00796,52.48932],[9.00756,52.49072],[9.00648,52.49162],[9.00648,52.49187],[9.00688,52.49203],[9.00796,52.49097],[9.00877,52.49055],[9.00958,52.49047],[9.01173,52.4908],[9.01281,52.49047],[9.01308,52.49014],[9.01362,52.48998],[9.0143,52.49006],[9.01456,52.49039],[9.012,52.4917],[9.00971,52.49203],[9.0081,52.49252],[9.00661,52.49375],[9.00567,52.49613],[9.00365,52.49802],[9.00338,52.499],[9.00338,52.50261],[9.00473,52.50442],[9.00661,52.50548],[9.00931,52.50622],[9.01173,52.50655],[9.01308,52.50655],[9.01443,52.5063],[9.01793,52.50516],[9.01888,52.50434],[9.02144,52.50352],[9.02332,52.50261],[9.02467,52.50163],[9.02575,52.50056],[9.02575,52.50032],[9.02467,52.50007],[9.02292,52.50007],[9.02157,52.50065],[9.02009,52.50097],[9.0147,52.50114],[9.01308,52.50089],[9.0112,52.50024],[9.0112,52.50007],[9.0147,52.50097],[9.01753,52.50097],[9.02009,52.50073],[9.02184,52.50015],[9.02157,52.49991],[9.01807,52.49991],[9.01834,52.49966],[9.02656,52.49966],[9.02885,52.49884],[9.02777,52.4981],[9.02777,52.49761],[9.02817,52.49712],[9.02804,52.49638],[9.02683,52.49548],[9.02588,52.49548],[9.02561,52.49572],[9.0244,52.49589],[9.02373,52.49663],[9.02292,52.49695],[9.02251,52.49777],[9.0213,52.49818],[9.01982,52.49818],[9.01793,52.49728],[9.01793,52.49704],[9.01861,52.49704],[9.01942,52.49753],[9.02063,52.49761],[9.0209,52.49736],[9.0213,52.49736],[9.02171,52.49695],[9.0213,52.49671],[9.02022,52.49671],[9.01968,52.49654],[9.01834,52.49564],[9.01753,52.49416],[9.0178,52.49252],[9.01901,52.49146],[9.01995,52.49146],[9.02103,52.49179],[9.02184,52.4917],[9.02211,52.49146],[9.02278,52.49146],[9.02332,52.4917],[9.02346,52.49211],[9.02265,52.49252],[9.02184,52.49236],[9.0209,52.49244],[9.02063,52.49261],[9.02063,52.4931],[9.02184,52.49367],[9.02238,52.49449],[9.02319,52.49482],[9.02602,52.49482],[9.02696,52.49499],[9.02817,52.49548],[9.02885,52.49548],[9.02925,52.49515],[9.02939,52.49441],[9.03006,52.49375],[9.03006,52.49269],[9.03046,52.49269],[9.03073,52.49302],[9.0306,52.49433],[9.02993,52.49515],[9.02898,52.49572],[9.02925,52.49663],[9.02898,52.49802],[9.02952,52.49843],[9.03114,52.49851],[9.03343,52.4981],[9.03774,52.49818],[9.03855,52.49835],[9.0403,52.49835],[9.04219,52.49876],[9.04596,52.49999],[9.04758,52.50097],[9.04919,52.50212],[9.05122,52.50417],[9.05229,52.50475],[9.05364,52.50606],[9.0558,52.50745],[9.05795,52.50795],[9.06078,52.50795],[9.06186,52.5077],[9.0624,52.50737],[9.06307,52.50754],[9.06307,52.50795],[9.0628,52.50811],[9.06146,52.50811],[9.06078,52.50836],[9.05782,52.50836]],[[9.02764,52.50065],[9.02844,52.50081],[9.02898,52.50048],[9.02979,52.50032],[9.03046,52.49991],[9.0306,52.49942],[9.03033,52.49925],[9.02858,52.49942],[9.02764,52.50007],[9.02764,52.50065]],[[8.97643,52.44089],[8.97697,52.44089],[8.97751,52.44056],[8.97859,52.43867],[8.97832,52.43752],[8.97737,52.43654],[8.97657,52.43604],[8.97603,52.43621],[8.97643,52.43695],[8.97643,52.43884],[8.97589,52.44015],[8.97589,52.44056],[8.97643,52.44089]]]}},{"type":"Feature","properties":{"slice":"boden","kind":"niedermoor"},"geometry":{"type":"Polygon","coordinates":[[[9.03235,52.41813],[9.03195,52.41731],[9.03114,52.41665],[9.031,52.41591],[9.03154,52.4164],[9.03208,52.4164],[9.03276,52.41739],[9.03235,52.41813]]]}},{"type":"Feature","properties":{"slice":"boden","kind":"niedermoor"},"geometry":{"type":"Polygon","coordinates":[[[8.99327,52.41838],[8.99287,52.4178],[8.99287,52.41698],[8.9922,52.41501],[8.9953,52.41509],[8.99583,52.41493],[8.99839,52.41509],[8.99786,52.4155],[8.99813,52.41566],[8.99813,52.41608],[8.99772,52.41624],[8.99759,52.41698],[8.9961,52.41714],[8.9957,52.4169],[8.99476,52.41673],[8.99449,52.4169],[8.99476,52.41821],[8.99327,52.41838]]]}},{"type":"Feature","properties":{"slice":"boden","kind":"niedermoor"},"geometry":{"type":"Polygon","coordinates":[[[9.03087,52.41534],[9.03046,52.41402],[9.03073,52.41345],[9.03141,52.41312],[9.03181,52.41336],[9.03141,52.41419],[9.03154,52.41525],[9.03087,52.41534]]]}},{"type":"Feature","properties":{"slice":"boden","kind":"niedermoor"},"geometry":{"type":"Polygon","coordinates":[[[8.99772,52.41402],[8.99718,52.41336],[8.99624,52.41295],[8.99664,52.41164],[8.99732,52.41164],[8.99839,52.41197],[8.99839,52.41229],[8.99799,52.41229],[8.99786,52.41213],[8.99745,52.41229],[8.99772,52.41254],[8.99799,52.41246],[8.99813,52.41262],[8.99853,52.41262],[8.99839,52.41402],[8.99772,52.41402]]]}},{"type":"Feature","properties":{"slice":"boden","kind":"niedermoor"},"geometry":{"type":"Polygon","coordinates":[[[8.99098,52.41451],[8.99004,52.4141],[8.98896,52.4141],[8.9895,52.41345],[8.98923,52.4132],[8.98869,52.41312],[8.98896,52.41197],[8.9895,52.4118],[8.99004,52.41197],[8.99098,52.41197],[8.99125,52.4118],[8.99233,52.41188],[8.99274,52.41147],[8.99314,52.41147],[8.99314,52.41246],[8.99247,52.41271],[8.99301,52.4132],[8.99193,52.41303],[8.99152,52.41328],[8.99152,52.41377],[8.99085,52.4141],[8.99098,52.41451]]]}},{"type":"Feature","properties":{"slice":"boden","kind":"niedermoor"},"geometry":{"type":"Polygon","coordinates":[[[8.31859,52.41082],[8.31833,52.41032],[8.31886,52.4095],[8.31981,52.40942],[8.32075,52.40966],[8.32116,52.40942],[8.32291,52.40942],[8.32304,52.40958],[8.32304,52.41008],[8.3225,52.4104],[8.31859,52.41082]]]}},{"type":"Feature","properties":{"slice":"boden","kind":"niedermoor"},"geometry":{"type":"Polygon","coordinates":[[[8.99139,52.41147],[8.99031,52.41098],[8.98964,52.4109],[8.99031,52.40884],[8.99098,52.40892],[8.99206,52.40942],[8.99179,52.41032],[8.99206,52.4104],[8.9922,52.41106],[8.99206,52.41147],[8.99139,52.41147]]]}},{"type":"Feature","properties":{"slice":"boden","kind":"niedermoor"},"geometry":{"type":"Polygon","coordinates":[[[9.05149,52.40917],[9.04852,52.40909],[9.04812,52.40884],[9.04839,52.40827],[9.05,52.40835],[9.05135,52.40868],[9.05162,52.40892],[9.05149,52.40917]]]}},{"type":"Feature","properties":{"slice":"boden","kind":"niedermoor"},"geometry":{"type":"Polygon","coordinates":[[[8.70748,52.4118],[8.70815,52.41016],[8.7095,52.40975],[8.71044,52.40917],[8.71111,52.40819],[8.71084,52.40925],[8.70896,52.41016],[8.70855,52.41106],[8.70748,52.4118]]]}},{"type":"Feature","properties":{"slice":"boden","kind":"niedermoor"},"geometry":{"type":"Polygon","coordinates":[[[8.98573,52.41764],[8.98425,52.41673],[8.98317,52.41575],[8.98276,52.41484],[8.98223,52.41443],[8.98115,52.41419],[8.97953,52.41427],[8.97926,52.4141],[8.97832,52.41188],[8.97845,52.41024],[8.97953,52.4086],[8.98061,52.40868],[8.98088,52.40851],[8.98101,52.40753],[8.98249,52.40761],[8.98276,52.40712],[8.98384,52.40687],[8.98425,52.40654],[8.98492,52.40654],[8.98559,52.40687],[8.98735,52.40679],[8.98788,52.40703],[8.98869,52.40695],[8.98937,52.40712],[8.98842,52.41016],[8.98775,52.41016],[8.98708,52.40991],[8.98479,52.40983],[8.98438,52.41008],[8.98438,52.4104],[8.9833,52.4109],[8.9833,52.41131],[8.98438,52.41164],[8.98411,52.41254],[8.98411,52.41476],[8.98438,52.41493],[8.98559,52.41493],[8.98573,52.41517],[8.98627,52.41698],[8.98627,52.41747],[8.98573,52.41764]]]}},{"type":"Feature","properties":{"slice":"boden","kind":"niedermoor"},"geometry":{"type":"Polygon","coordinates":[[[8.95837,52.44089],[8.95743,52.44015],[8.95595,52.43966],[8.95568,52.43867],[8.95501,52.43826],[8.95501,52.43719],[8.95366,52.43629],[8.95339,52.43588],[8.95245,52.43539],[8.95016,52.43539],[8.9476,52.43506],[8.94517,52.43506],[8.94328,52.4353],[8.9383,52.4353],[8.93641,52.43547],[8.93506,52.43588],[8.93412,52.4367],[8.93223,52.43777],[8.93183,52.43826],[8.93075,52.43892],[8.93035,52.43892],[8.93035,52.43842],[8.93304,52.43645],[8.93372,52.4353],[8.93372,52.43473],[8.93304,52.43432],[8.93021,52.43325],[8.92994,52.43267],[8.92994,52.43144],[8.92887,52.43054],[8.92887,52.42996],[8.9294,52.42939],[8.9294,52.42865],[8.929,52.42824],[8.92954,52.42758],[8.9294,52.42659],[8.93102,52.4247],[8.9325,52.42339],[8.93318,52.42199],[8.93399,52.42117],[8.93345,52.41945],[8.93196,52.41772],[8.93075,52.41755],[8.92846,52.41764],[8.92536,52.41895],[8.92253,52.41903],[8.92024,52.41936],[8.91768,52.42068],[8.9166,52.42166],[8.91579,52.42191],[8.91553,52.42175],[8.91566,52.42109],[8.91741,52.42002],[8.91714,52.41969],[8.91526,52.41936],[8.91323,52.41797],[8.91229,52.41764],[8.91014,52.41739],[8.90731,52.41747],[8.90609,52.41714],[8.90555,52.41682],[8.90528,52.41649],[8.90555,52.41608],[8.90717,52.41616],[8.90892,52.41665],[8.91027,52.41657],[8.91121,52.41624],[8.9127,52.41624],[8.91472,52.41723],[8.91593,52.41846],[8.91862,52.41912],[8.91957,52.41903],[8.92159,52.41838],[8.92536,52.41829],[8.92684,52.41788],[8.92684,52.41706],[8.92496,52.41599],[8.92401,52.41517],[8.9193,52.41476],[8.91836,52.41443],[8.91836,52.41394],[8.91903,52.41369],[8.92065,52.41369],[8.92186,52.41394],[8.92428,52.41394],[8.92482,52.41353],[8.92469,52.41213],[8.92415,52.41147],[8.92267,52.41073],[8.92213,52.40991],[8.92105,52.40934],[8.92092,52.40901],[8.92038,52.40876],[8.91849,52.4086],[8.91782,52.4081],[8.91768,52.4072],[8.91674,52.40695],[8.91593,52.40638],[8.91593,52.4058],[8.91633,52.40555],[8.91836,52.40555],[8.92092,52.40342],[8.92361,52.40186],[8.92563,52.40169],[8.92631,52.40144],[8.92684,52.40144],[8.92711,52.40177],[8.93035,52.40153],[8.92967,52.40194],[8.92738,52.40218],[8.92496,52.40309],[8.92051,52.40613],[8.92038,52.40695],[8.92118,52.40827],[8.92307,52.40925],[8.9259,52.41139],[8.92657,52.41139],[8.92711,52.41106],[8.92738,52.41057],[8.93021,52.40876],[8.93102,52.40786],[8.93223,52.40547],[8.93345,52.40383],[8.93399,52.40366],[8.93479,52.40424],[8.93452,52.40523],[8.9317,52.40901],[8.93062,52.40991],[8.92887,52.41098],[8.9286,52.41098],[8.92684,52.41221],[8.92631,52.4132],[8.92631,52.41419],[8.92698,52.41575],[8.92873,52.41665],[8.93116,52.41665],[8.93237,52.41706],[8.93304,52.41706],[8.93655,52.41501],[8.93924,52.41435],[8.94018,52.41435],[8.93951,52.41468],[8.93816,52.41493],[8.93682,52.41558],[8.93533,52.41591],[8.93358,52.41706],[8.93412,52.41813],[8.93682,52.42027],[8.93722,52.42166],[8.93722,52.4229],[8.93695,52.42339],[8.93587,52.42413],[8.9356,52.42569],[8.93345,52.4275],[8.93291,52.42824],[8.93277,52.43046],[8.93304,52.43103],[8.93426,52.43169],[8.93439,52.43202],[8.93547,52.43251],[8.93614,52.43251],[8.93708,52.43284],[8.94086,52.43276],[8.9414,52.43243],[8.94167,52.43152],[8.94247,52.43062],[8.94692,52.427],[8.9476,52.42594],[8.94786,52.4247],[8.94827,52.42413],[8.94894,52.42396],[8.94908,52.42594],[8.9484,52.42651],[8.948,52.4275],[8.94611,52.42873],[8.94584,52.42947],[8.94598,52.43062],[8.94692,52.43136],[8.95164,52.43333],[8.95312,52.43448],[8.95487,52.43473],[8.95608,52.4353],[8.95891,52.43621],[8.9604,52.43711],[8.96067,52.43793],[8.96134,52.43875],[8.96134,52.43916],[8.95932,52.44031],[8.95878,52.44089],[8.95837,52.44089]],[[8.9577,52.44007],[8.95811,52.4399],[8.95824,52.439],[8.95905,52.43818],[8.95918,52.43744],[8.95797,52.43645],[8.95689,52.43604],[8.95581,52.43596],[8.95555,52.43645],[8.95595,52.43736],[8.95635,52.4376],[8.95622,52.43875],[8.9577,52.44007]]]}},{"type":"Feature","properties":{"slice":"boden","kind":"niedermoor"},"geometry":{"type":"Polygon","coordinates":[[[8.99085,52.42027],[8.98721,52.41994],[8.98492,52.41928],[8.9829,52.41846],[8.97859,52.41583],[8.97684,52.41402],[8.9763,52.41262],[8.97616,52.41131],[8.9767,52.40925],[8.98034,52.40531],[8.98155,52.40449],[8.98505,52.40128],[8.98586,52.40005],[8.98613,52.39865],[8.98708,52.39865],[8.98694,52.40013],[8.98654,52.40079],[8.98546,52.40218],[8.98398,52.40325],[8.98344,52.40399],[8.98196,52.4049],[8.97791,52.40909],[8.97724,52.41073],[8.97737,52.41262],[8.97791,52.41386],[8.97899,52.41509],[8.98425,52.41838],[8.9864,52.41829],[8.98735,52.41871],[8.98735,52.4192],[8.98815,52.41953],[8.99071,52.41969],[8.99853,52.41969],[8.99853,52.42027],[8.99085,52.42027]]]}},{"type":"Feature","properties":{"slice":"boden","kind":"niedermoor"},"geometry":{"type":"Polygon","coordinates":[[[8.87214,52.40029],[8.87214,52.39988],[8.87402,52.39955],[8.87551,52.39865],[8.87658,52.39865],[8.87591,52.39931],[8.87429,52.40013],[8.87375,52.40029],[8.87214,52.40029]]]}},{"type":"Feature","properties":{"slice":"boden","kind":"niedermoor"},"geometry":{"type":"Polygon","coordinates":[[[8.86311,52.40054],[8.86163,52.40021],[8.86055,52.39964],[8.86028,52.39922],[8.86055,52.39865],[8.8685,52.39865],[8.86809,52.39955],[8.86729,52.40005],[8.86526,52.40054],[8.86311,52.40054]]]}},{"type":"Feature","properties":{"slice":"boden","kind":"niedermoor"},"geometry":{"type":"Polygon","coordinates":[[[8.74547,52.40243],[8.7448,52.40194],[8.7448,52.40136],[8.74534,52.40046],[8.74494,52.39865],[8.74696,52.39865],[8.74723,52.40144],[8.74696,52.40194],[8.74628,52.40235],[8.74547,52.40243]]]}},{"type":"Feature","properties":{"slice":"boden","kind":"niedermoor"},"geometry":{"type":"Polygon","coordinates":[[[9.16804,52.41723],[9.16548,52.41665],[9.16386,52.41591],[9.16252,52.41558],[9.16198,52.41517],[9.1609,52.41517],[9.15969,52.41591],[9.15821,52.41649],[9.15645,52.4169],[9.15241,52.41665],[9.15147,52.41624],[9.15147,52.41591],[9.15174,52.41583],[9.15605,52.41608],[9.15807,52.41575],[9.15928,52.41509],[9.15928,52.41443],[9.15969,52.41419],[9.16103,52.41394],[9.16211,52.41336],[9.16211,52.41246],[9.16157,52.41172],[9.15834,52.40917],[9.15753,52.40745],[9.15551,52.40613],[9.15443,52.40457],[9.15349,52.40399],[9.15282,52.40383],[9.15147,52.40301],[9.15093,52.40243],[9.14972,52.40186],[9.14729,52.40186],[9.14608,52.40251],[9.14473,52.40292],[9.14231,52.40301],[9.14109,52.40284],[9.14082,52.40301],[9.14082,52.40325],[9.14123,52.40342],[9.14109,52.40424],[9.14042,52.40498],[9.13921,52.40555],[9.13867,52.40621],[9.13867,52.40703],[9.13894,52.40745],[9.1388,52.40892],[9.13826,52.40942],[9.13638,52.40966],[9.13597,52.40991],[9.13584,52.41073],[9.13462,52.41139],[9.13489,52.41254],[9.13611,52.41394],[9.13732,52.41484],[9.13934,52.41542],[9.14109,52.41542],[9.14217,52.41517],[9.14311,52.41517],[9.14392,52.41542],[9.14675,52.41534],[9.14756,52.41591],[9.14783,52.4169],[9.14756,52.4169],[9.14716,52.4164],[9.14648,52.41608],[9.14338,52.41591],[9.13772,52.41591],[9.13665,52.41608],[9.13449,52.41682],[9.13314,52.4169],[9.13314,52.41673],[9.13368,52.41657],[9.1353,52.41632],[9.13611,52.41566],[9.13597,52.41493],[9.13489,52.4141],[9.13314,52.41361],[9.13179,52.41369],[9.13004,52.41427],[9.12721,52.41402],[9.13018,52.41369],[9.13193,52.4132],[9.13382,52.4132],[9.13409,52.41271],[9.13328,52.41147],[9.13274,52.41114],[9.1322,52.41114],[9.13166,52.41172],[9.13099,52.41164],[9.13045,52.41024],[9.12923,52.40851],[9.12587,52.40654],[9.12425,52.40613],[9.12371,52.40498],[9.12452,52.40514],[9.1256,52.40572],[9.12735,52.40629],[9.13045,52.40827],[9.13112,52.40892],[9.13126,52.4095],[9.13193,52.40999],[9.13314,52.40991],[9.13395,52.40917],[9.13476,52.40917],[9.13543,52.40884],[9.13543,52.40827],[9.13489,52.40786],[9.13476,52.40703],[9.13557,52.40646],[9.13651,52.40629],[9.13799,52.40531],[9.13799,52.40432],[9.1388,52.40391],[9.13921,52.40309],[9.14015,52.40268],[9.14015,52.40218],[9.13974,52.40153],[9.13894,52.40112],[9.13772,52.40103],[9.13584,52.40029],[9.13516,52.40029],[9.13368,52.39972],[9.13193,52.39947],[9.13153,52.39931],[9.13112,52.39865],[9.15484,52.39865],[9.15511,52.39955],[9.15618,52.40112],[9.15726,52.40177],[9.15996,52.40276],[9.1609,52.40342],[9.1609,52.40383],[9.15901,52.40597],[9.15861,52.40679],[9.15847,52.40786],[9.15915,52.40868],[9.16103,52.41008],[9.16333,52.4109],[9.16427,52.41106],[9.16804,52.41106],[9.16804,52.41164],[9.16723,52.4118],[9.16804,52.41221],[9.16804,52.41271],[9.16575,52.41188],[9.16252,52.41114],[9.16198,52.41131],[9.16198,52.41156],[9.16386,52.41262],[9.16386,52.41484],[9.16427,52.41534],[9.16656,52.41649],[9.16804,52.41649],[9.16804,52.41723]]]}},{"type":"Feature","properties":{"slice":"boden","kind":"niedermoor"},"geometry":{"type":"Polygon","coordinates":[[[8.97872,52.5613],[8.97872,52.55958],[8.97886,52.55885],[8.97926,52.55844],[8.97913,52.55811],[8.97832,52.55762],[8.97306,52.55557],[8.97212,52.55467],[8.97212,52.5536],[8.97279,52.55303],[8.97468,52.55278],[8.9767,52.55295],[8.9771,52.5527],[8.9771,52.55213],[8.97657,52.5518],[8.97549,52.55156],[8.97374,52.55033],[8.97333,52.5491],[8.97252,52.54811],[8.97252,52.54762],[8.97306,52.54705],[8.97293,52.54656],[8.97198,52.54623],[8.97118,52.54566],[8.9705,52.54566],[8.96996,52.54598],[8.96862,52.54598],[8.96713,52.54566],[8.96619,52.54508],[8.96565,52.54434],[8.96498,52.54393],[8.96471,52.5432],[8.96417,52.54295],[8.9643,52.54262],[8.96511,52.54271],[8.96552,52.5432],[8.96619,52.54344],[8.96659,52.54303],[8.96646,52.5423],[8.96565,52.5418],[8.96484,52.54164],[8.96161,52.54156],[8.96026,52.54107],[8.95918,52.54017],[8.95905,52.53902],[8.95972,52.53771],[8.96094,52.53664],[8.96309,52.53615],[8.96309,52.53492],[8.96255,52.53443],[8.95959,52.53426],[8.95851,52.53369],[8.95784,52.53148],[8.95689,52.53041],[8.95689,52.52943],[8.95716,52.52902],[8.95689,52.52885],[8.95608,52.52894],[8.95581,52.52877],[8.95555,52.52853],[8.95541,52.52762],[8.95487,52.52697],[8.95299,52.52582],[8.95272,52.52508],[8.95231,52.52484],[8.95258,52.52418],[8.95123,52.52312],[8.95029,52.52148],[8.94975,52.52098],[8.94975,52.52074],[8.95056,52.5209],[8.95096,52.52025],[8.9515,52.52033],[8.9515,52.52049],[8.95231,52.52082],[8.95231,52.52115],[8.95164,52.52148],[8.9515,52.52221],[8.95177,52.52279],[8.95325,52.52435],[8.95352,52.52557],[8.95528,52.52631],[8.95716,52.52844],[8.95811,52.52828],[8.95878,52.52762],[8.95864,52.52557],[8.9577,52.52459],[8.95662,52.52402],[8.95581,52.52254],[8.9546,52.52148],[8.95285,52.51762],[8.95191,52.51631],[8.95204,52.51377],[8.948,52.51106],[8.94746,52.50975],[8.94692,52.50926],[8.94679,52.50868],[8.94598,52.50811],[8.94598,52.5077],[8.9453,52.50737],[8.9449,52.50737],[8.94423,52.50639],[8.94328,52.50581],[8.94261,52.50565],[8.9418,52.50499],[8.94099,52.50475],[8.94045,52.5036],[8.93951,52.50302],[8.9387,52.50278],[8.93682,52.5027],[8.93479,52.50155],[8.93304,52.50089],[8.92981,52.50081],[8.92604,52.4995],[8.92321,52.4995],[8.92348,52.49859],[8.92401,52.49827],[8.92428,52.49777],[8.92401,52.49638],[8.92428,52.49622],[8.92442,52.49523],[8.92428,52.49416],[8.92321,52.49293],[8.92159,52.49244],[8.92078,52.49179],[8.9193,52.49146],[8.9135,52.49154],[8.91283,52.4922],[8.91256,52.49285],[8.91189,52.49326],[8.91135,52.49408],[8.91054,52.49449],[8.90892,52.49638],[8.90825,52.49671],[8.90731,52.49687],[8.90555,52.49827],[8.9065,52.50007],[8.9065,52.50081],[8.90609,52.50106],[8.90448,52.50081],[8.90299,52.50188],[8.90151,52.50179],[8.9007,52.50204],[8.89909,52.50204],[8.89801,52.50155],[8.89774,52.50114],[8.89693,52.50065],[8.89235,52.5004],[8.89127,52.50106],[8.88992,52.50097],[8.88871,52.50155],[8.88736,52.50147],[8.88602,52.50212],[8.88494,52.50204],[8.88413,52.50237],[8.88251,52.5022],[8.8817,52.5027],[8.87834,52.50212],[8.87766,52.50147],[8.87685,52.50147],[8.87631,52.50179],[8.87564,52.50327],[8.8751,52.50343],[8.87497,52.50302],[8.87456,52.50286],[8.8747,52.50237],[8.87443,52.5022],[8.87389,52.50212],[8.87281,52.50245],[8.87187,52.50245],[8.87133,52.50179],[8.87012,52.50114],[8.86985,52.5004],[8.87038,52.49991],[8.87038,52.499],[8.86958,52.49851],[8.86796,52.49802],[8.86688,52.49687],[8.86661,52.49581],[8.86729,52.49499],[8.86715,52.49457],[8.86648,52.49425],[8.86446,52.49392],[8.86392,52.49351],[8.86338,52.49351],[8.86284,52.4931],[8.86122,52.49261],[8.86028,52.49211],[8.85974,52.49154],[8.85866,52.49097],[8.85866,52.49047],[8.85704,52.48973],[8.85704,52.48949],[8.85637,52.48924],[8.85597,52.48867],[8.85489,52.4885],[8.85112,52.48908],[8.84856,52.48908],[8.84694,52.48875],[8.84532,52.48777],[8.84465,52.48596],[8.84141,52.48448],[8.84088,52.48342],[8.83993,52.48284],[8.83751,52.48202],[8.83575,52.48087],[8.83346,52.48005],[8.83293,52.48005],[8.83239,52.48038],[8.83225,52.48153],[8.83077,52.48161],[8.82942,52.48128],[8.82888,52.48087],[8.82888,52.48038],[8.82929,52.48005],[8.82915,52.47931],[8.82794,52.47907],[8.82727,52.47857],[8.82619,52.47833],[8.82551,52.47784],[8.82551,52.47685],[8.82484,52.47652],[8.82471,52.47529],[8.82444,52.47496],[8.82444,52.47447],[8.82538,52.47283],[8.82538,52.47217],[8.8243,52.47078],[8.8243,52.47004],[8.82565,52.46782],[8.82565,52.46643],[8.82524,52.46626],[8.82511,52.46421],[8.82538,52.46347],[8.82605,52.46281],[8.82605,52.46232],[8.82457,52.46125],[8.8239,52.46117],[8.82349,52.46093],[8.82322,52.45986],[8.82349,52.45937],[8.82403,52.45904],[8.82619,52.45846],[8.82727,52.45674],[8.82875,52.45584],[8.82942,52.45493],[8.82888,52.45428],[8.82902,52.45206],[8.82861,52.45074],[8.82942,52.44992],[8.82942,52.44803],[8.8309,52.44656],[8.8309,52.44573],[8.83023,52.44524],[8.82929,52.44491],[8.82929,52.44442],[8.8301,52.44368],[8.8301,52.44261],[8.82902,52.44072],[8.82915,52.43999],[8.8309,52.43826],[8.83279,52.43588],[8.83387,52.43522],[8.83495,52.43506],[8.83616,52.43539],[8.83683,52.43539],[8.83818,52.43497],[8.83899,52.43448],[8.84074,52.43407],[8.84155,52.43407],[8.84317,52.43448],[8.84505,52.43448],[8.846,52.43423],[8.84694,52.43366],[8.84721,52.43325],[8.84707,52.43243],[8.84842,52.43095],[8.84869,52.43029],[8.84842,52.42898],[8.84856,52.42807],[8.84963,52.42684],[8.85085,52.42618],[8.85139,52.42602],[8.8526,52.42602],[8.85287,52.42618],[8.85327,52.42898],[8.85381,52.42972],[8.85435,52.43004],[8.85543,52.43004],[8.85678,52.42972],[8.85826,52.42906],[8.8592,52.42799],[8.86041,52.42774],[8.86217,52.42709],[8.86351,52.427],[8.86432,52.42668],[8.86459,52.42627],[8.86459,52.42495],[8.86405,52.42372],[8.86405,52.42183],[8.86365,52.42109],[8.86365,52.42002],[8.86459,52.41953],[8.86486,52.41854],[8.86459,52.41838],[8.86365,52.41838],[8.86324,52.41813],[8.86324,52.41739],[8.86392,52.4169],[8.86432,52.4169],[8.86486,52.41731],[8.86567,52.41755],[8.86634,52.41755],[8.86675,52.41731],[8.86675,52.41673],[8.86621,52.41624],[8.86621,52.41566],[8.86702,52.41501],[8.86702,52.41377],[8.86782,52.41229],[8.86782,52.41131],[8.86594,52.40975],[8.86526,52.40769],[8.86432,52.40712],[8.86324,52.40712],[8.86095,52.4081],[8.86041,52.40901],[8.85866,52.41065],[8.85826,52.4118],[8.85785,52.41509],[8.85664,52.41723],[8.8561,52.41747],[8.85516,52.41747],[8.85462,52.41821],[8.85246,52.41928],[8.85044,52.42084],[8.8499,52.42101],[8.84842,52.42084],[8.84734,52.41986],[8.84613,52.41961],[8.84559,52.41854],[8.84465,52.41805],[8.84222,52.41731],[8.84101,52.41739],[8.84034,52.41797],[8.84007,52.41862],[8.8398,52.42117],[8.83832,52.42331],[8.83751,52.4238],[8.83629,52.42388],[8.83198,52.42479],[8.83063,52.42561],[8.82983,52.42594],[8.82875,52.4261],[8.82834,52.42668],[8.82673,52.42733],[8.82551,52.42824],[8.82188,52.42931],[8.82066,52.43029],[8.81945,52.43087],[8.81918,52.43202],[8.81797,52.43226],[8.81703,52.43292],[8.81608,52.43423],[8.81608,52.43506],[8.81676,52.43547],[8.81918,52.4358],[8.82012,52.43621],[8.8208,52.43588],[8.82107,52.4353],[8.82161,52.43506],[8.82255,52.43506],[8.82403,52.43555],[8.82444,52.43596],[8.82444,52.43662],[8.82349,52.43711],[8.82336,52.43744],[8.82228,52.43826],[8.82147,52.43851],[8.81972,52.43859],[8.81905,52.43826],[8.81851,52.43711],[8.81756,52.43654],[8.81568,52.43596],[8.81433,52.43596],[8.81285,52.43645],[8.81083,52.4376],[8.80975,52.43785],[8.80813,52.43777],[8.80665,52.43744],[8.80571,52.43703],[8.80355,52.4367],[8.80274,52.43711],[8.8022,52.43801],[8.80005,52.43884],[8.79978,52.43949],[8.7991,52.43982],[8.7983,52.44064],[8.79803,52.44237],[8.79708,52.44516],[8.79614,52.44623],[8.79506,52.44697],[8.79331,52.44927],[8.79317,52.45017],[8.79344,52.45107],[8.79547,52.45428],[8.7952,52.45551],[8.79385,52.4569],[8.79169,52.45838],[8.78994,52.45838],[8.78927,52.45879],[8.78859,52.45961],[8.78873,52.46019],[8.78846,52.46052],[8.78698,52.46134],[8.78442,52.46216],[8.78105,52.46421],[8.77983,52.46585],[8.77903,52.46864],[8.77781,52.47078],[8.77431,52.47299],[8.77256,52.47529],[8.77027,52.47677],[8.76959,52.47751],[8.76717,52.4789],[8.76569,52.48038],[8.76555,52.4812],[8.76623,52.48194],[8.76636,52.4826],[8.76555,52.48612],[8.76474,52.48604],[8.7638,52.48547],[8.76286,52.48424],[8.7611,52.48309],[8.75962,52.4826],[8.75706,52.48268],[8.75558,52.48227],[8.75423,52.48145],[8.75315,52.48136],[8.75194,52.48054],[8.751,52.48022],[8.7479,52.48022],[8.74709,52.48071],[8.74615,52.48095],[8.74184,52.48071],[8.73995,52.48104],[8.73928,52.48178],[8.73712,52.48301],[8.73631,52.48415],[8.73591,52.48563],[8.7351,52.48653],[8.73469,52.48859],[8.73402,52.48859],[8.73362,52.48883],[8.73335,52.48834],[8.73348,52.48711],[8.73523,52.48301],[8.73604,52.48251],[8.73631,52.48153],[8.73766,52.48046],[8.73806,52.47972],[8.73941,52.47923],[8.73981,52.47849],[8.74049,52.47808],[8.74143,52.47603],[8.74359,52.47463],[8.74453,52.47332],[8.7452,52.4734],[8.74628,52.4739],[8.7452,52.47472],[8.7452,52.47496],[8.74574,52.47529],[8.74709,52.47521],[8.74776,52.47472],[8.74871,52.47439],[8.74898,52.4739],[8.74952,52.47357],[8.74952,52.47275],[8.74911,52.4725],[8.74911,52.47209],[8.74979,52.47193],[8.75046,52.47152],[8.75059,52.47119],[8.75006,52.47094],[8.74884,52.47094],[8.74844,52.47078],[8.74844,52.47053],[8.74884,52.47037],[8.74857,52.46971],[8.75019,52.46938],[8.751,52.47012],[8.75154,52.47004],[8.75194,52.46971],[8.75221,52.46897],[8.75248,52.46889],[8.75248,52.46774],[8.75275,52.46717],[8.75329,52.46667],[8.75437,52.46626],[8.75477,52.46577],[8.75491,52.46462],[8.75598,52.46355],[8.75639,52.46273],[8.75639,52.46199],[8.75504,52.46101],[8.75504,52.46019],[8.75706,52.45855],[8.7572,52.45715],[8.75814,52.45633],[8.75814,52.4551],[8.76016,52.45272],[8.76057,52.45181],[8.76124,52.45107],[8.76353,52.45001],[8.76393,52.44935],[8.76447,52.44943],[8.76461,52.45017],[8.76191,52.45198],[8.7611,52.4528],[8.75949,52.45657],[8.75854,52.45789],[8.75868,52.45896],[8.75935,52.45953],[8.76016,52.46101],[8.76057,52.46117],[8.76097,52.46175],[8.7611,52.46388],[8.76057,52.46437],[8.7603,52.46503],[8.75976,52.46536],[8.75706,52.46577],[8.75666,52.4661],[8.75679,52.46667],[8.7576,52.46717],[8.7576,52.46799],[8.75841,52.46873],[8.75854,52.46946],[8.76003,52.47028],[8.76003,52.47102],[8.75962,52.47143],[8.7572,52.47234],[8.75666,52.47324],[8.75572,52.47349],[8.75369,52.47332],[8.75167,52.47398],[8.7514,52.47472],[8.75208,52.47554],[8.75154,52.47619],[8.751,52.47644],[8.75059,52.47718],[8.75086,52.47734],[8.75275,52.47726],[8.7545,52.47825],[8.75464,52.47898],[8.75315,52.48005],[8.75342,52.48038],[8.75396,52.48038],[8.75545,52.4794],[8.75585,52.47825],[8.75787,52.47792],[8.75935,52.47734],[8.75908,52.4771],[8.75814,52.47734],[8.75652,52.47734],[8.75612,52.4771],[8.75612,52.47685],[8.75639,52.47669],[8.75774,52.47669],[8.75881,52.47619],[8.76003,52.47546],[8.76043,52.47455],[8.76097,52.47422],[8.76191,52.47439],[8.76259,52.47414],[8.76299,52.4734],[8.7638,52.47275],[8.76447,52.47275],[8.76501,52.47299],[8.76501,52.47406],[8.76555,52.47447],[8.76825,52.47447],[8.77013,52.47357],[8.77067,52.47258],[8.77121,52.46914],[8.77094,52.46873],[8.76946,52.46782],[8.76784,52.46741],[8.76757,52.46692],[8.76825,52.46659],[8.76973,52.46684],[8.77121,52.46684],[8.77175,52.46651],[8.77229,52.46651],[8.7731,52.467],[8.77404,52.46708],[8.77485,52.46651],[8.77539,52.46651],[8.7762,52.4661],[8.77593,52.46577],[8.77485,52.46602],[8.77444,52.46569],[8.77391,52.46569],[8.77364,52.46544],[8.77391,52.46478],[8.77364,52.46265],[8.77391,52.46249],[8.77579,52.46265],[8.7766,52.46224],[8.77674,52.46183],[8.7766,52.46158],[8.77471,52.4606],[8.77431,52.45879],[8.77391,52.45822],[8.77296,52.45756],[8.77283,52.45682],[8.77431,52.456],[8.77471,52.45542],[8.7766,52.45386],[8.77835,52.45345],[8.77983,52.45263],[8.78024,52.45222],[8.78051,52.45115],[8.78172,52.45066],[8.78172,52.45009],[8.78064,52.44968],[8.78064,52.44951],[8.78159,52.44959],[8.78199,52.44935],[8.78172,52.44861],[8.78199,52.44795],[8.78361,52.44771],[8.78428,52.44738],[8.78509,52.44639],[8.7859,52.44582],[8.78603,52.44508],[8.78698,52.44467],[8.78698,52.44393],[8.78792,52.4436],[8.78913,52.4427],[8.79048,52.44253],[8.79088,52.4422],[8.79088,52.44187],[8.78967,52.44048],[8.78981,52.43941],[8.79088,52.439],[8.79331,52.43925],[8.79425,52.43826],[8.79573,52.43736],[8.79654,52.43719],[8.79708,52.43686],[8.79735,52.43448],[8.79641,52.43374],[8.79452,52.43284],[8.79412,52.43226],[8.79398,52.43136],[8.79277,52.43013],[8.79196,52.4298],[8.79075,52.42988],[8.79075,52.42881],[8.78994,52.42848],[8.78981,52.42824],[8.79075,52.42791],[8.79102,52.42742],[8.78805,52.42651],[8.78563,52.42495],[8.78415,52.42364],[8.77876,52.42298],[8.77714,52.42339],[8.77593,52.42429],[8.77471,52.42487],[8.77431,52.42553],[8.77377,52.42585],[8.77377,52.42684],[8.7735,52.42709],[8.77148,52.42717],[8.77094,52.4275],[8.77067,52.42824],[8.77067,52.43243],[8.76986,52.43358],[8.76892,52.43399],[8.76906,52.43629],[8.76879,52.43678],[8.76825,52.43719],[8.76757,52.43719],[8.76676,52.43686],[8.76676,52.43555],[8.76717,52.43506],[8.76717,52.43226],[8.76959,52.43037],[8.76932,52.42725],[8.76986,52.42651],[8.77067,52.42602],[8.77202,52.42569],[8.77296,52.42503],[8.7731,52.42454],[8.77283,52.42413],[8.7731,52.42396],[8.77377,52.42396],[8.77418,52.42372],[8.77418,52.42306],[8.77364,52.4229],[8.7735,52.42257],[8.77471,52.42232],[8.77539,52.42191],[8.77539,52.42109],[8.77485,52.4206],[8.77485,52.4201],[8.77525,52.41977],[8.7762,52.41986],[8.77633,52.42027],[8.77606,52.42092],[8.77687,52.42158],[8.77835,52.42191],[8.78064,52.42281],[8.78415,52.42298],[8.78509,52.42249],[8.78536,52.42043],[8.78617,52.41961],[8.78617,52.41879],[8.78509,52.41632],[8.7863,52.41566],[8.78684,52.41386],[8.78738,52.4132],[8.78752,52.41139],[8.78805,52.41057],[8.789,52.41016],[8.79021,52.41024],[8.79102,52.41065],[8.79169,52.41139],[8.79169,52.41213],[8.79048,52.41303],[8.78954,52.41336],[8.78886,52.41435],[8.78752,52.41517],[8.78657,52.41624],[8.78644,52.4178],[8.78684,52.41871],[8.78738,52.41887],[8.78778,52.41854],[8.78832,52.41854],[8.78846,52.41895],[8.78671,52.42043],[8.7863,52.42347],[8.78967,52.42503],[8.79115,52.42495],[8.79264,52.42429],[8.79358,52.42438],[8.79439,52.42479],[8.79466,52.42462],[8.79493,52.42355],[8.79587,52.42265],[8.7956,52.42134],[8.79695,52.4192],[8.7983,52.41772],[8.79883,52.41772],[8.79924,52.41747],[8.79951,52.41649],[8.80059,52.41616],[8.80059,52.41583],[8.80005,52.41558],[8.80005,52.41525],[8.80126,52.41534],[8.80193,52.41599],[8.80288,52.41542],[8.80301,52.41443],[8.8022,52.41377],[8.80086,52.4132],[8.80059,52.41254],[8.80126,52.4118],[8.80315,52.41106],[8.80382,52.41057],[8.80382,52.41032],[8.80436,52.40991],[8.80463,52.40876],[8.80625,52.40745],[8.80651,52.40687],[8.80638,52.40605],[8.8049,52.40457],[8.80409,52.40309],[8.80301,52.40268],[8.79856,52.40284],[8.79722,52.40309],[8.7952,52.40292],[8.79277,52.40416],[8.79061,52.40424],[8.79035,52.40407],[8.78752,52.40407],[8.78469,52.40498],[8.78374,52.40555],[8.78293,52.40638],[8.78051,52.40712],[8.77957,52.40777],[8.77903,52.40876],[8.77727,52.40975],[8.77647,52.40983],[8.77471,52.40925],[8.77377,52.40925],[8.77242,52.40975],[8.77188,52.40975],[8.77094,52.40942],[8.77,52.40942],[8.76932,52.40999],[8.76919,52.41114],[8.76784,52.41205],[8.76447,52.41205],[8.76164,52.41295],[8.76084,52.41361],[8.76043,52.4155],[8.75962,52.4164],[8.75922,52.41797],[8.75733,52.41986],[8.75666,52.42027],[8.75545,52.42166],[8.75531,52.42339],[8.75572,52.42364],[8.75652,52.42372],[8.75693,52.42413],[8.75706,52.427],[8.75747,52.42766],[8.75652,52.42783],[8.75585,52.42832],[8.75625,52.42914],[8.75491,52.4298],[8.7541,52.43177],[8.75275,52.43292],[8.75275,52.43415],[8.75167,52.43506],[8.7514,52.43563],[8.75208,52.43612],[8.75329,52.43612],[8.75437,52.43637],[8.75625,52.4376],[8.75747,52.43769],[8.75976,52.43719],[8.76218,52.43719],[8.76286,52.43736],[8.76326,52.43777],[8.7642,52.43818],[8.7642,52.43851],[8.7638,52.43884],[8.76151,52.43933],[8.76003,52.43925],[8.75962,52.43941],[8.75787,52.43941],[8.75585,52.4404],[8.7545,52.44064],[8.75356,52.44105],[8.75329,52.44146],[8.75329,52.4427],[8.75289,52.44352],[8.75302,52.4445],[8.75248,52.44483],[8.75248,52.44516],[8.75208,52.44549],[8.75208,52.44656],[8.75086,52.44738],[8.74925,52.44803],[8.74857,52.44894],[8.74871,52.44984],[8.75086,52.45107],[8.75086,52.45263],[8.74979,52.45304],[8.74884,52.45378],[8.74669,52.4546],[8.74588,52.4546],[8.74574,52.45419],[8.74615,52.45395],[8.74709,52.45378],[8.74776,52.45337],[8.7479,52.45288],[8.74763,52.45272],[8.74696,52.45272],[8.74669,52.45288],[8.74561,52.45288],[8.74534,52.45272],[8.74399,52.4528],[8.74332,52.45345],[8.74318,52.45436],[8.74238,52.45493],[8.74197,52.45641],[8.7413,52.45699],[8.73995,52.45756],[8.73941,52.45879],[8.73806,52.45953],[8.73725,52.45953],[8.73645,52.45986],[8.73523,52.45994],[8.73456,52.46035],[8.73362,52.46183],[8.73348,52.46405],[8.7324,52.46634],[8.7324,52.46758],[8.73186,52.46897],[8.73186,52.47037],[8.73079,52.47201],[8.73038,52.47373],[8.72998,52.47439],[8.72998,52.47611],[8.73038,52.47685],[8.73025,52.47775],[8.72984,52.47849],[8.72904,52.47898],[8.72782,52.47907],[8.72755,52.47923],[8.72769,52.47989],[8.7285,52.48022],[8.72863,52.48104],[8.72917,52.48136],[8.72917,52.48178],[8.72796,52.48243],[8.72715,52.48325],[8.72621,52.48522],[8.72567,52.4853],[8.72526,52.48514],[8.72486,52.48539],[8.72486,52.48604],[8.72418,52.4867],[8.72338,52.48686],[8.72243,52.48678],[8.72203,52.48662],[8.72176,52.48604],[8.72135,52.4858],[8.72055,52.4858],[8.72014,52.48604],[8.71933,52.48719],[8.71947,52.48842],[8.71866,52.4908],[8.71866,52.49285],[8.71826,52.49285],[8.71812,52.4917],[8.71758,52.49121],[8.71623,52.49113],[8.71462,52.49129],[8.71421,52.49113],[8.71462,52.49064],[8.71435,52.49031],[8.71381,52.49031],[8.71313,52.49088],[8.71071,52.49039],[8.71057,52.49023],[8.71084,52.49006],[8.71125,52.49023],[8.71192,52.49023],[8.71219,52.49006],[8.71152,52.48957],[8.71057,52.48965],[8.70896,52.49031],[8.70815,52.49039],[8.70761,52.49097],[8.70694,52.49129],[8.70694,52.4922],[8.70774,52.49269],[8.70748,52.49293],[8.70923,52.49367],[8.71084,52.49384],[8.71152,52.49408],[8.71125,52.49449],[8.71004,52.49474],[8.70936,52.49515],[8.70896,52.49572],[8.70896,52.49646],[8.70977,52.49679],[8.71084,52.49679],[8.71125,52.49638],[8.71246,52.4963],[8.713,52.49581],[8.71367,52.49572],[8.71408,52.49589],[8.71421,52.49622],[8.71394,52.49646],[8.71327,52.49654],[8.71273,52.49712],[8.713,52.49728],[8.71381,52.49728],[8.71489,52.49695],[8.71489,52.49745],[8.71448,52.49761],[8.71138,52.49769],[8.71098,52.49745],[8.7095,52.4972],[8.70559,52.49695],[8.70411,52.49736],[8.7033,52.49786],[8.70316,52.49835],[8.70357,52.49868],[8.70343,52.49925],[8.70316,52.49942],[8.70276,52.49917],[8.70209,52.49933],[8.70209,52.49892],[8.70262,52.49835],[8.70262,52.49761],[8.70209,52.49745],[8.70182,52.49695],[8.70087,52.49293],[8.69993,52.49047],[8.70087,52.49055],[8.70222,52.49129],[8.70222,52.4917],[8.70182,52.49195],[8.70182,52.49236],[8.70209,52.49252],[8.70518,52.49244],[8.70599,52.49203],[8.70599,52.4917],[8.70559,52.49146],[8.70492,52.49146],[8.70492,52.49129],[8.70532,52.49097],[8.70586,52.49097],[8.7064,52.49072],[8.7064,52.49047],[8.70532,52.49006],[8.70613,52.4899],[8.70667,52.48949],[8.70721,52.48973],[8.70828,52.48973],[8.70855,52.48924],[8.70721,52.48883],[8.70653,52.48793],[8.70451,52.48801],[8.70438,52.48777],[8.7064,52.48785],[8.70667,52.48735],[8.70707,52.48735],[8.70734,52.48752],[8.70828,52.48752],[8.70788,52.48777],[8.70815,52.48818],[8.70909,52.48818],[8.7095,52.48793],[8.7095,52.4876],[8.70855,52.48711],[8.7064,52.48694],[8.70586,52.4867],[8.70572,52.48621],[8.70532,52.48596],[8.70438,52.48596],[8.7037,52.48563],[8.70424,52.48514],[8.70518,52.48514],[8.70559,52.48457],[8.7064,52.48424],[8.7064,52.48399],[8.70694,52.48366],[8.70761,52.48374],[8.70815,52.4835],[8.70801,52.48301],[8.70748,52.48268],[8.7064,52.48243],[8.7064,52.48219],[8.70761,52.48136],[8.70734,52.48112],[8.7068,52.48112],[8.70613,52.48145],[8.70492,52.48145],[8.70451,52.48169],[8.70451,52.48227],[8.70559,52.48276],[8.70559,52.48317],[8.70599,52.48333],[8.70599,52.48358],[8.70532,52.48366],[8.70451,52.48325],[8.70343,52.48333],[8.70249,52.48374],[8.70195,52.48374],[8.70155,52.4835],[8.70303,52.48284],[8.70545,52.48046],[8.70734,52.47907],[8.70909,52.47652],[8.70869,52.47496],[8.70882,52.4739],[8.70936,52.47184],[8.71084,52.46831],[8.71084,52.46799],[8.71004,52.46733],[8.71004,52.46692],[8.71098,52.46634],[8.71098,52.46224],[8.71004,52.4606],[8.7064,52.4583],[8.70505,52.45641],[8.70492,52.45584],[8.70424,52.45551],[8.70343,52.4546],[8.70343,52.45222],[8.70316,52.45189],[8.70316,52.45099],[8.70384,52.45001],[8.70397,52.44927],[8.7033,52.44688],[8.70303,52.44647],[8.70101,52.44516],[8.7006,52.44376],[8.7002,52.44327],[8.69845,52.44237],[8.69831,52.44187],[8.69939,52.4413],[8.7006,52.44122],[8.70168,52.44089],[8.70222,52.4404],[8.70262,52.43949],[8.70438,52.43851],[8.70478,52.43801],[8.70478,52.43736],[8.70411,52.4367],[8.70411,52.43637],[8.70653,52.43547],[8.70801,52.43547],[8.70936,52.43522],[8.71219,52.43308],[8.71408,52.43276],[8.71543,52.43218],[8.7165,52.43111],[8.71691,52.43021],[8.71677,52.42865],[8.71543,52.42668],[8.71408,52.42569],[8.71408,52.42479],[8.71313,52.42429],[8.71152,52.42388],[8.71179,52.42092],[8.71071,52.41755],[8.7099,52.4169],[8.70869,52.41649],[8.70721,52.4164],[8.70586,52.41673],[8.70599,52.41599],[8.70559,52.41501],[8.70909,52.41558],[8.71219,52.41673],[8.713,52.41723],[8.71408,52.41879],[8.71435,52.41977],[8.71435,52.4206],[8.71367,52.42191],[8.71367,52.42281],[8.71421,52.42314],[8.71475,52.42314],[8.71516,52.4229],[8.71556,52.42207],[8.71556,52.42101],[8.7165,52.4206],[8.71677,52.42002],[8.71758,52.41961],[8.71772,52.4192],[8.71893,52.41854],[8.72014,52.41714],[8.72014,52.4164],[8.7196,52.41566],[8.7196,52.41534],[8.72014,52.41501],[8.72014,52.41476],[8.71879,52.41312],[8.71893,52.41254],[8.71933,52.41229],[8.71933,52.41147],[8.71785,52.41032],[8.71664,52.41008],[8.71664,52.4095],[8.71745,52.40892],[8.71745,52.4081],[8.71718,52.40777],[8.71731,52.40646],[8.71879,52.40523],[8.71974,52.40481],[8.72028,52.40407],[8.71947,52.40391],[8.71812,52.4044],[8.71731,52.40498],[8.71421,52.40613],[8.71246,52.40629],[8.71165,52.40679],[8.71111,52.40777],[8.71111,52.40695],[8.70936,52.40375],[8.70828,52.40029],[8.70761,52.39906],[8.70828,52.39922],[8.70909,52.39972],[8.70963,52.40038],[8.71031,52.40235],[8.71031,52.40465],[8.71057,52.40523],[8.71138,52.40588],[8.71273,52.40605],[8.71475,52.40555],[8.71583,52.40481],[8.71758,52.40432],[8.7192,52.40342],[8.72135,52.40301],[8.7223,52.40243],[8.72378,52.40194],[8.72391,52.4012],[8.72365,52.40087],[8.72243,52.40005],[8.72068,52.39922],[8.72028,52.39865],[8.72176,52.39865],[8.72499,52.40087],[8.7258,52.40054],[8.72823,52.39865],[8.73038,52.39865],[8.72971,52.39947],[8.7289,52.39988],[8.72823,52.39996],[8.72769,52.40046],[8.72836,52.40136],[8.72755,52.40235],[8.72634,52.40292],[8.72513,52.40292],[8.72459,52.40309],[8.72338,52.40407],[8.7223,52.40547],[8.72135,52.40621],[8.71987,52.40695],[8.71879,52.40851],[8.71879,52.40934],[8.72028,52.41032],[8.72149,52.4104],[8.7223,52.40991],[8.72338,52.40876],[8.7258,52.40786],[8.72688,52.40786],[8.72755,52.4081],[8.72904,52.40802],[8.72971,52.40827],[8.72984,52.40876],[8.72957,52.40901],[8.72823,52.40868],[8.72688,52.4086],[8.72567,52.40876],[8.72472,52.40917],[8.72445,52.40999],[8.72378,52.4104],[8.72365,52.41073],[8.72418,52.41106],[8.72472,52.41082],[8.7254,52.41082],[8.72607,52.41114],[8.72607,52.41139],[8.72378,52.41164],[8.72338,52.41197],[8.72338,52.41229],[8.72472,52.41336],[8.72701,52.41336],[8.72836,52.41476],[8.7285,52.41534],[8.72796,52.41575],[8.72728,52.41558],[8.72634,52.41558],[8.72607,52.41575],[8.72607,52.41632],[8.72715,52.41714],[8.72782,52.41755],[8.72877,52.41755],[8.73011,52.41665],[8.73052,52.41665],[8.73106,52.4169],[8.73119,52.41747],[8.73173,52.41772],[8.73321,52.41772],[8.7351,52.41706],[8.73604,52.4164],[8.73874,52.41624],[8.74022,52.41558],[8.74157,52.41295],[8.74318,52.4118],[8.74453,52.41032],[8.74453,52.40917],[8.74588,52.40851],[8.74615,52.40794],[8.7475,52.40736],[8.7475,52.40687],[8.74709,52.40646],[8.74871,52.40613],[8.74952,52.40539],[8.75019,52.40268],[8.75033,52.40021],[8.75073,52.39914],[8.75113,52.39881],[8.75181,52.39898],[8.75235,52.39988],[8.75235,52.4026],[8.75208,52.40342],[8.75086,52.40638],[8.75006,52.40736],[8.75006,52.40802],[8.74992,52.40819],[8.74925,52.40819],[8.74884,52.4086],[8.74898,52.40901],[8.75019,52.41008],[8.75033,52.41082],[8.75006,52.41098],[8.74938,52.41098],[8.74857,52.41049],[8.74776,52.4104],[8.74682,52.41106],[8.74534,52.41114],[8.74494,52.41131],[8.74413,52.41188],[8.74318,52.4132],[8.74251,52.41353],[8.74184,52.41451],[8.74184,52.41517],[8.74251,52.41566],[8.74426,52.41583],[8.74507,52.41624],[8.74534,52.41706],[8.74507,52.41755],[8.74453,52.41788],[8.74332,52.41772],[8.74318,52.41673],[8.74251,52.41624],[8.74116,52.41616],[8.73968,52.41673],[8.73901,52.41723],[8.73604,52.41813],[8.73483,52.41912],[8.73416,52.41912],[8.73375,52.41879],[8.73321,52.41879],[8.73186,52.41961],[8.73106,52.41969],[8.73025,52.41928],[8.72984,52.41879],[8.72917,52.41854],[8.7289,52.41895],[8.72984,52.41977],[8.73011,52.42101],[8.732,52.42249],[8.73416,52.42257],[8.73523,52.42224],[8.73685,52.42224],[8.73685,52.4224],[8.73564,52.42265],[8.73416,52.42331],[8.73079,52.42388],[8.72796,52.42388],[8.72769,52.42372],[8.72782,52.42331],[8.72836,52.42323],[8.72957,52.42347],[8.72984,52.42306],[8.72823,52.42257],[8.72688,52.42166],[8.72634,52.4215],[8.72445,52.42142],[8.72324,52.42101],[8.72216,52.42027],[8.72216,52.41986],[8.72297,52.41961],[8.72284,52.41936],[8.72176,52.41879],[8.72095,52.41895],[8.72055,52.42027],[8.72135,52.42092],[8.72135,52.42191],[8.72001,52.42429],[8.72001,52.42503],[8.72028,52.42536],[8.72014,52.42659],[8.72055,52.42717],[8.72135,52.42766],[8.7223,52.42783],[8.72365,52.42742],[8.72526,52.42733],[8.72688,52.42676],[8.72809,52.42676],[8.72917,52.42709],[8.73038,52.42807],[8.73267,52.42816],[8.73442,52.42873],[8.73658,52.43029],[8.73685,52.43095],[8.73672,52.43177],[8.7351,52.43235],[8.73375,52.43235],[8.732,52.43177],[8.73038,52.43095],[8.72957,52.43087],[8.72796,52.43029],[8.72445,52.43037],[8.7223,52.43021],[8.72162,52.43037],[8.72108,52.43078],[8.72082,52.43177],[8.71987,52.43317],[8.71866,52.43423],[8.71812,52.43637],[8.71785,52.43662],[8.71691,52.43686],[8.71596,52.43752],[8.7157,52.43999],[8.71529,52.44031],[8.71462,52.4404],[8.71421,52.44064],[8.71367,52.44163],[8.71165,52.44302],[8.71152,52.44458],[8.71098,52.44524],[8.71098,52.44615],[8.7099,52.4473],[8.70909,52.44779],[8.70815,52.44803],[8.7068,52.44902],[8.7068,52.45017],[8.70626,52.45099],[8.70626,52.45165],[8.7068,52.45206],[8.70801,52.4523],[8.70896,52.45272],[8.70882,52.45354],[8.70977,52.45428],[8.71057,52.45542],[8.71031,52.4569],[8.71165,52.45764],[8.71233,52.45863],[8.71233,52.46027],[8.71165,52.46117],[8.71233,52.46191],[8.71233,52.46298],[8.71125,52.46405],[8.71138,52.46708],[8.71206,52.46914],[8.71031,52.47316],[8.71098,52.47373],[8.71125,52.47472],[8.71313,52.47554],[8.71313,52.47578],[8.71394,52.47652],[8.7161,52.47652],[8.71677,52.47611],[8.71704,52.47537],[8.71637,52.47505],[8.71502,52.47521],[8.71489,52.47496],[8.71758,52.47398],[8.71826,52.47349],[8.71826,52.47061],[8.71785,52.47012],[8.71731,52.46987],[8.71731,52.46963],[8.71785,52.4693],[8.71772,52.46881],[8.71879,52.46823],[8.71879,52.46782],[8.71947,52.46774],[8.72041,52.46864],[8.72041,52.46914],[8.7196,52.46971],[8.7196,52.47078],[8.72055,52.47168],[8.72135,52.47316],[8.72135,52.47439],[8.72082,52.47505],[8.72082,52.47578],[8.72311,52.47669],[8.72365,52.47775],[8.72351,52.47874],[8.72405,52.47898],[8.72486,52.47882],[8.72634,52.47816],[8.7289,52.47628],[8.7289,52.47546],[8.72917,52.47505],[8.72904,52.47308],[8.72998,52.47209],[8.73079,52.47053],[8.73065,52.46922],[8.73092,52.46782],[8.7285,52.46577],[8.72836,52.46528],[8.72877,52.46487],[8.7285,52.46339],[8.72917,52.46249],[8.72917,52.4615],[8.73133,52.45904],[8.73173,52.45822],[8.73254,52.45764],[8.73335,52.45526],[8.73416,52.45469],[8.73564,52.45477],[8.73699,52.45444],[8.73833,52.45436],[8.73914,52.45395],[8.73914,52.45313],[8.73995,52.45263],[8.74008,52.45124],[8.74103,52.45025],[8.74278,52.44943],[8.7444,52.4482],[8.74628,52.44779],[8.74763,52.4468],[8.7479,52.44565],[8.74844,52.44475],[8.7483,52.44376],[8.74871,52.44253],[8.74925,52.4422],[8.75046,52.44237],[8.75113,52.44204],[8.75127,52.44089],[8.75033,52.43916],[8.75019,52.43744],[8.74979,52.43629],[8.74911,52.43489],[8.74857,52.43456],[8.74857,52.43341],[8.74925,52.43308],[8.75073,52.43292],[8.75127,52.43251],[8.75154,52.43136],[8.75127,52.4307],[8.75086,52.43046],[8.75033,52.43046],[8.75006,52.4307],[8.74938,52.43078],[8.74911,52.43037],[8.74952,52.42996],[8.75073,52.42955],[8.75194,52.42873],[8.75262,52.42783],[8.75289,52.42618],[8.75154,52.42495],[8.75006,52.42396],[8.75033,52.42281],[8.74979,52.42199],[8.74979,52.4215],[8.75006,52.42109],[8.75086,52.42068],[8.75235,52.42035],[8.75545,52.41928],[8.75639,52.41862],[8.75652,52.41772],[8.75693,52.41714],[8.75787,52.41657],[8.75814,52.41558],[8.75747,52.41386],[8.75774,52.41369],[8.75868,52.41369],[8.75922,52.41336],[8.75935,52.41164],[8.75962,52.41131],[8.76205,52.4104],[8.76326,52.40892],[8.76326,52.40827],[8.76286,52.40761],[8.76137,52.40679],[8.76084,52.40605],[8.7607,52.40514],[8.76137,52.40391],[8.76137,52.40342],[8.7603,52.40284],[8.76016,52.40235],[8.76232,52.4021],[8.7638,52.40103],[8.76515,52.39931],[8.76623,52.39865],[8.76771,52.39865],[8.76771,52.39881],[8.76569,52.40038],[8.76447,52.40177],[8.76259,52.4026],[8.76205,52.40334],[8.76191,52.40555],[8.76232,52.4058],[8.76353,52.40572],[8.76461,52.40473],[8.76515,52.40465],[8.76596,52.40399],[8.76798,52.40342],[8.76946,52.4035],[8.77013,52.40391],[8.77027,52.40424],[8.77148,52.4049],[8.7731,52.40473],[8.77404,52.40424],[8.77566,52.40186],[8.77781,52.40103],[8.77983,52.39898],[8.78037,52.39865],[8.78213,52.39865],[8.78199,52.3989],[8.77889,52.40062],[8.77822,52.40161],[8.7762,52.40251],[8.77539,52.40391],[8.77431,52.40498],[8.77067,52.40687],[8.7704,52.40745],[8.77094,52.40769],[8.77215,52.40753],[8.77418,52.40638],[8.77633,52.40605],[8.77701,52.40621],[8.77606,52.40712],[8.77606,52.40753],[8.77633,52.40769],[8.77714,52.40769],[8.77768,52.40728],[8.77903,52.40712],[8.77943,52.40687],[8.77943,52.40613],[8.77889,52.40564],[8.77876,52.40457],[8.77943,52.40383],[8.78024,52.40383],[8.78159,52.40498],[8.78307,52.40506],[8.78455,52.40416],[8.78644,52.40366],[8.78684,52.40334],[8.78671,52.40194],[8.78698,52.40161],[8.78859,52.40103],[8.78927,52.40038],[8.78913,52.39931],[8.78873,52.39865],[8.79102,52.39865],[8.79061,52.39955],[8.79075,52.40046],[8.7925,52.40186],[8.79425,52.40235],[8.79627,52.40235],[8.79668,52.40251],[8.79897,52.40202],[8.80059,52.40202],[8.80126,52.40161],[8.80112,52.40128],[8.79978,52.40054],[8.79991,52.39931],[8.79951,52.39865],[8.80934,52.39865],[8.80881,52.39906],[8.80638,52.39996],[8.80557,52.40054],[8.80476,52.4007],[8.80422,52.4012],[8.80422,52.40177],[8.8049,52.40251],[8.80584,52.40309],[8.80732,52.40514],[8.80854,52.40572],[8.8111,52.40555],[8.81164,52.40523],[8.81204,52.40416],[8.81271,52.40383],[8.81258,52.4026],[8.81312,52.40218],[8.81325,52.40169],[8.81244,52.40103],[8.8115,52.40087],[8.8115,52.40062],[8.81244,52.40054],[8.81325,52.40079],[8.81406,52.40079],[8.81446,52.40054],[8.8146,52.39947],[8.81703,52.3998],[8.81878,52.39865],[8.82188,52.39865],[8.82282,52.3998],[8.82282,52.40038],[8.82241,52.40054],[8.81985,52.40062],[8.81905,52.40112],[8.81743,52.40268],[8.81446,52.40424],[8.81339,52.40588],[8.81298,52.40605],[8.81164,52.40605],[8.81029,52.40662],[8.80854,52.40654],[8.80813,52.40679],[8.80813,52.40761],[8.80705,52.40868],[8.80665,52.40999],[8.80517,52.41106],[8.80544,52.41213],[8.80571,52.41246],[8.80651,52.41279],[8.80732,52.41262],[8.8084,52.41172],[8.80867,52.41123],[8.80961,52.4109],[8.80988,52.41098],[8.80988,52.41221],[8.81056,52.41254],[8.81177,52.41238],[8.81352,52.41098],[8.815,52.41049],[8.81608,52.40958],[8.81743,52.40909],[8.81824,52.40794],[8.82093,52.40679],[8.82093,52.40621],[8.82039,52.4058],[8.8208,52.40506],[8.81999,52.40465],[8.81999,52.40424],[8.82026,52.40416],[8.8212,52.40416],[8.82201,52.40465],[8.82524,52.40449],[8.82632,52.4049],[8.82605,52.4058],[8.82457,52.40687],[8.82255,52.40712],[8.82026,52.4081],[8.8208,52.4086],[8.82201,52.4086],[8.82241,52.40835],[8.82336,52.40827],[8.8239,52.40794],[8.82511,52.40794],[8.82511,52.4086],[8.82565,52.40884],[8.82673,52.40868],[8.8278,52.40868],[8.82834,52.40884],[8.83037,52.40876],[8.83171,52.40761],[8.83144,52.40646],[8.83171,52.40629],[8.83185,52.40473],[8.83266,52.40358],[8.83306,52.40334],[8.83373,52.40334],[8.83414,52.4035],[8.83468,52.40416],[8.83468,52.40514],[8.83441,52.40597],[8.83306,52.40769],[8.83306,52.40901],[8.83346,52.40966],[8.83454,52.41016],[8.83629,52.41024],[8.83791,52.40942],[8.83899,52.40909],[8.84047,52.40909],[8.84236,52.40876],[8.84317,52.40827],[8.8433,52.40671],[8.84397,52.40613],[8.84384,52.40481],[8.84249,52.40375],[8.84263,52.4026],[8.84317,52.40194],[8.84317,52.40112],[8.84276,52.40095],[8.84263,52.40054],[8.84384,52.39996],[8.84424,52.39931],[8.84519,52.39865],[8.84788,52.39865],[8.84653,52.39939],[8.846,52.4012],[8.84546,52.40177],[8.84424,52.40243],[8.84411,52.40317],[8.84451,52.40342],[8.84667,52.40366],[8.84761,52.40457],[8.84923,52.40473],[8.85004,52.40432],[8.85246,52.40399],[8.85422,52.40301],[8.85502,52.40309],[8.85341,52.40679],[8.85246,52.40761],[8.85246,52.40794],[8.85341,52.40892],[8.85314,52.40999],[8.85287,52.41016],[8.85206,52.41016],[8.85179,52.40991],[8.85071,52.40958],[8.84896,52.40942],[8.84384,52.40966],[8.84209,52.41016],[8.83966,52.41032],[8.83845,52.41073],[8.83724,52.4109],[8.8367,52.41139],[8.83656,52.41221],[8.83697,52.41295],[8.83764,52.41336],[8.84061,52.41394],[8.84101,52.41419],[8.84128,52.41476],[8.84303,52.4155],[8.84317,52.41616],[8.84357,52.4164],[8.84424,52.41632],[8.84451,52.41608],[8.84519,52.41608],[8.84573,52.41649],[8.8464,52.41649],[8.84667,52.41673],[8.84653,52.41739],[8.84748,52.41788],[8.84761,52.41862],[8.84842,52.41936],[8.84923,52.41936],[8.84977,52.41903],[8.85098,52.41879],[8.85448,52.41632],[8.85529,52.4146],[8.85691,52.4132],[8.85691,52.41065],[8.85826,52.40925],[8.86028,52.40786],[8.86041,52.40597],[8.86122,52.40531],[8.8623,52.40506],[8.86338,52.40539],[8.865,52.40539],[8.86634,52.4049],[8.86756,52.40407],[8.86971,52.40334],[8.87052,52.40325],[8.87241,52.40342],[8.87658,52.40473],[8.87604,52.40621],[8.87537,52.40679],[8.87146,52.4072],[8.87012,52.40835],[8.86998,52.40901],[8.87119,52.40966],[8.87106,52.41032],[8.87052,52.41082],[8.87052,52.41164],[8.87133,52.41287],[8.87133,52.41369],[8.87106,52.41427],[8.87025,52.41501],[8.87012,52.41558],[8.8689,52.41682],[8.86796,52.41879],[8.86553,52.41994],[8.865,52.4206],[8.865,52.42117],[8.86648,52.42216],[8.86621,52.42405],[8.86702,52.42487],[8.86688,52.42618],[8.86782,52.42692],[8.86931,52.42684],[8.87025,52.42725],[8.87173,52.42733],[8.87281,52.42684],[8.87348,52.42618],[8.87497,52.42627],[8.8782,52.42733],[8.87914,52.42799],[8.87914,52.42865],[8.87753,52.42947],[8.87739,52.42996],[8.87685,52.43013],[8.8751,52.43013],[8.87416,52.42963],[8.87416,52.42865],[8.87375,52.4284],[8.87146,52.42857],[8.86998,52.42832],[8.8689,52.42857],[8.86769,52.42922],[8.86607,52.42963],[8.86365,52.42972],[8.8623,52.42947],[8.86068,52.42955],[8.85961,52.42988],[8.85893,52.43046],[8.85772,52.43095],[8.85462,52.43111],[8.85354,52.43144],[8.8526,52.43218],[8.85246,52.43317],[8.85314,52.43415],[8.85435,52.43481],[8.85516,52.43555],[8.85516,52.43662],[8.85422,52.43703],[8.85327,52.43703],[8.85233,52.4367],[8.85098,52.43695],[8.8499,52.43563],[8.84936,52.4353],[8.84842,52.43514],[8.84707,52.43547],[8.84411,52.43793],[8.84357,52.43859],[8.84344,52.43949],[8.84263,52.44048],[8.84276,52.44114],[8.84371,52.44261],[8.84371,52.44417],[8.8429,52.44631],[8.84114,52.44721],[8.83966,52.44721],[8.83724,52.44647],[8.83589,52.44656],[8.83481,52.44688],[8.83306,52.44812],[8.83266,52.4528],[8.83319,52.45329],[8.83333,52.45411],[8.83293,52.4546],[8.83293,52.45526],[8.83454,52.45625],[8.83535,52.45772],[8.83522,52.45805],[8.83468,52.4583],[8.83346,52.4583],[8.83279,52.45805],[8.83225,52.45805],[8.83171,52.4583],[8.83077,52.45978],[8.82983,52.46035],[8.82915,52.46117],[8.82861,52.46232],[8.82902,52.46331],[8.8309,52.46413],[8.83144,52.46396],[8.83131,52.46281],[8.83185,52.46249],[8.83266,52.4624],[8.83306,52.46265],[8.83319,52.46347],[8.83441,52.46462],[8.83387,52.46561],[8.83454,52.46577],[8.83481,52.46618],[8.83427,52.467],[8.83373,52.46725],[8.83266,52.46831],[8.83239,52.4693],[8.83279,52.46987],[8.83427,52.47094],[8.83495,52.47193],[8.83508,52.47258],[8.83495,52.47324],[8.83373,52.47422],[8.834,52.47611],[8.83373,52.47644],[8.83346,52.47882],[8.83414,52.4794],[8.83589,52.47948],[8.83845,52.47808],[8.8398,52.47808],[8.84249,52.47857],[8.84344,52.47849],[8.84411,52.47792],[8.84424,52.4771],[8.84397,52.47693],[8.84317,52.47693],[8.84195,52.47718],[8.84074,52.4766],[8.84034,52.47603],[8.84034,52.47505],[8.84061,52.47472],[8.84141,52.47439],[8.8429,52.47439],[8.84478,52.47488],[8.84653,52.4748],[8.84788,52.47406],[8.84936,52.47217],[8.84923,52.47053],[8.84869,52.46971],[8.84775,52.46914],[8.84788,52.46856],[8.84761,52.4684],[8.846,52.46848],[8.84492,52.46774],[8.84451,52.46774],[8.84384,52.46807],[8.84344,52.46881],[8.84344,52.47028],[8.84263,52.47102],[8.84209,52.47102],[8.84222,52.47045],[8.84276,52.46996],[8.84263,52.46848],[8.8429,52.46774],[8.84505,52.46684],[8.84505,52.46618],[8.84344,52.4652],[8.84371,52.46347],[8.84317,52.46216],[8.84411,52.46101],[8.84411,52.46011],[8.84532,52.45904],[8.84559,52.45805],[8.84613,52.45756],[8.84694,52.45756],[8.84748,52.45781],[8.84721,52.45879],[8.8468,52.45904],[8.84653,52.46093],[8.84707,52.46273],[8.84775,52.46322],[8.84775,52.46437],[8.84883,52.46536],[8.84896,52.46618],[8.85098,52.46733],[8.85246,52.46774],[8.8526,52.46831],[8.85219,52.46864],[8.85219,52.46946],[8.8526,52.46979],[8.853,52.46987],[8.85435,52.46955],[8.85516,52.46955],[8.85556,52.46987],[8.85556,52.47045],[8.85475,52.47176],[8.85475,52.47324],[8.85395,52.47398],[8.85395,52.47521],[8.85422,52.47554],[8.85475,52.47587],[8.85651,52.47619],[8.85799,52.47677],[8.8623,52.47726],[8.86324,52.47702],[8.86419,52.47636],[8.86594,52.47414],[8.86702,52.47349],[8.86742,52.47299],[8.86742,52.47234],[8.86675,52.47201],[8.86553,52.47201],[8.86203,52.47143],[8.86028,52.47086],[8.85839,52.46971],[8.85745,52.46831],[8.85691,52.46618],[8.85583,52.46413],[8.85408,52.46183],[8.85287,52.46101],[8.85287,52.46035],[8.85368,52.45978],[8.85422,52.45969],[8.85529,52.45912],[8.85583,52.45805],[8.85678,52.45797],[8.85731,52.45822],[8.85745,52.45896],[8.8561,52.46019],[8.85637,52.46101],[8.85624,52.46191],[8.85704,52.46265],[8.85691,52.4638],[8.85718,52.46421],[8.85799,52.46478],[8.8588,52.46495],[8.86068,52.46487],[8.86203,52.46437],[8.86405,52.46257],[8.86553,52.46216],[8.86621,52.46142],[8.86648,52.4606],[8.86634,52.45838],[8.86661,52.45797],[8.86661,52.45608],[8.86594,52.4551],[8.86446,52.45411],[8.86446,52.45313],[8.8654,52.45148],[8.8654,52.44869],[8.865,52.44721],[8.86432,52.44615],[8.86432,52.44549],[8.86486,52.44491],[8.86486,52.44401],[8.86392,52.44311],[8.86392,52.44229],[8.86446,52.44146],[8.86742,52.43933],[8.86809,52.43834],[8.86823,52.43752],[8.86796,52.43686],[8.86823,52.43612],[8.86702,52.43497],[8.86688,52.43382],[8.86769,52.43317],[8.86877,52.43284],[8.86931,52.43284],[8.87025,52.43325],[8.87079,52.43456],[8.86931,52.43629],[8.86931,52.43736],[8.86863,52.43875],[8.86863,52.44048],[8.86769,52.44146],[8.86742,52.4436],[8.86769,52.44475],[8.86648,52.44615],[8.86648,52.44754],[8.86729,52.4505],[8.86634,52.45214],[8.86634,52.45272],[8.86688,52.45313],[8.86742,52.45321],[8.8685,52.45378],[8.86958,52.45386],[8.87065,52.4537],[8.872,52.45403],[8.87268,52.45477],[8.87241,52.45584],[8.87065,52.45887],[8.87052,52.45986],[8.86985,52.46035],[8.86971,52.46101],[8.86836,52.46134],[8.8685,52.46183],[8.86998,52.46257],[8.87038,52.46322],[8.87038,52.46421],[8.86985,52.46536],[8.86998,52.46626],[8.87052,52.46692],[8.87348,52.46864],[8.87362,52.4693],[8.87308,52.46963],[8.87308,52.47012],[8.87362,52.47037],[8.87416,52.47037],[8.87537,52.46996],[8.87753,52.46987],[8.87955,52.4693],[8.88063,52.46864],[8.88103,52.46807],[8.88238,52.46733],[8.88305,52.46651],[8.88332,52.46495],[8.88319,52.46347],[8.88224,52.46183],[8.88197,52.45896],[8.88049,52.45649],[8.8813,52.4546],[8.88116,52.45321],[8.88143,52.45214],[8.88197,52.4514],[8.88494,52.45083],[8.88682,52.44959],[8.88804,52.44812],[8.88871,52.44656],[8.89033,52.44524],[8.89087,52.4445],[8.89141,52.44023],[8.8906,52.43867],[8.8879,52.43703],[8.88615,52.43662],[8.88399,52.43678],[8.88224,52.4367],[8.8817,52.43645],[8.88157,52.43612],[8.88197,52.43588],[8.88386,52.43596],[8.88534,52.4358],[8.88602,52.43555],[8.88602,52.43506],[8.88507,52.43407],[8.88521,52.43341],[8.88682,52.43185],[8.88804,52.4312],[8.88858,52.43054],[8.88925,52.42848],[8.89006,52.4275],[8.89033,52.42602],[8.89073,52.42528],[8.89275,52.42347],[8.89343,52.42224],[8.89437,52.42134],[8.89437,52.42092],[8.89302,52.42027],[8.89208,52.41928],[8.89248,52.41821],[8.89221,52.4164],[8.89019,52.41501],[8.88858,52.41336],[8.88804,52.4132],[8.88682,52.41328],[8.88561,52.41402],[8.88453,52.41501],[8.88319,52.41575],[8.88251,52.41591],[8.88036,52.41558],[8.88009,52.41542],[8.88009,52.41493],[8.88076,52.41443],[8.8813,52.41336],[8.88184,52.4132],[8.88399,52.41328],[8.88467,52.41303],[8.88534,52.41262],[8.88588,52.41172],[8.88723,52.41123],[8.88844,52.41024],[8.88844,52.40975],[8.88885,52.40934],[8.88871,52.40884],[8.88696,52.40794],[8.8848,52.40802],[8.88453,52.40769],[8.88494,52.40745],[8.88494,52.40646],[8.88615,52.4058],[8.88682,52.40449],[8.88682,52.40358],[8.88602,52.40268],[8.88588,52.40186],[8.88548,52.40144],[8.88548,52.40079],[8.88669,52.40029],[8.88682,52.39955],[8.88804,52.39914],[8.88804,52.39865],[8.88965,52.39865],[8.88925,52.39988],[8.88979,52.40013],[8.89033,52.40013],[8.89019,52.40136],[8.89154,52.40251],[8.89154,52.40292],[8.89087,52.40342],[8.89019,52.4035],[8.88965,52.40383],[8.88965,52.40457],[8.89046,52.40523],[8.89154,52.40514],[8.89221,52.40572],[8.89221,52.40629],[8.89127,52.4081],[8.89114,52.40892],[8.89168,52.40991],[8.89289,52.41049],[8.89289,52.41082],[8.89235,52.41106],[8.89046,52.41098],[8.88979,52.41114],[8.88911,52.41156],[8.88898,52.41229],[8.89019,52.41287],[8.89114,52.4146],[8.89302,52.41558],[8.89343,52.41731],[8.89397,52.41813],[8.89477,52.41854],[8.89585,52.41854],[8.89626,52.41829],[8.8976,52.41829],[8.89841,52.41854],[8.89882,52.41887],[8.89868,52.41994],[8.89828,52.42043],[8.89747,52.42092],[8.89693,52.42175],[8.89572,52.42257],[8.89477,52.42413],[8.89221,52.42635],[8.89194,52.42758],[8.89194,52.43054],[8.89114,52.43169],[8.89087,52.4335],[8.89006,52.43423],[8.88992,52.43489],[8.89006,52.43514],[8.89208,52.43629],[8.89302,52.43736],[8.8941,52.43966],[8.89437,52.4413],[8.89599,52.44311],[8.89626,52.4436],[8.89612,52.44417],[8.89653,52.44475],[8.89747,52.44475],[8.89787,52.44458],[8.89895,52.44483],[8.89949,52.44524],[8.89989,52.44524],[8.90057,52.44434],[8.90178,52.44426],[8.90205,52.44409],[8.90232,52.44335],[8.9034,52.44286],[8.90434,52.44196],[8.90515,52.44072],[8.90609,52.44023],[8.90771,52.44031],[8.90987,52.44072],[8.91054,52.44171],[8.91216,52.44155],[8.9131,52.44187],[8.91431,52.44187],[8.91499,52.4422],[8.91485,52.44302],[8.91445,52.44327],[8.9135,52.44343],[8.9131,52.44376],[8.9135,52.44565],[8.9131,52.44672],[8.91256,52.44721],[8.91283,52.44853],[8.91216,52.4491],[8.91148,52.44918],[8.91094,52.44951],[8.91094,52.45017],[8.91148,52.45124],[8.91297,52.45198],[8.91297,52.4528],[8.91189,52.4537],[8.91108,52.45584],[8.91054,52.45625],[8.90973,52.45649],[8.90865,52.45649],[8.90704,52.456],[8.90838,52.45567],[8.90906,52.45526],[8.90919,52.45452],[8.90865,52.45411],[8.90677,52.45386],[8.90461,52.45419],[8.90313,52.45419],[8.90138,52.45386],[8.90003,52.45395],[8.89949,52.45428],[8.89922,52.45477],[8.89936,52.45567],[8.8972,52.456],[8.89612,52.45657],[8.89558,52.45781],[8.89437,52.45887],[8.89464,52.46109],[8.89437,52.46208],[8.89383,52.46273],[8.89181,52.46388],[8.88992,52.46454],[8.88831,52.46561],[8.88696,52.46692],[8.88602,52.46749],[8.88413,52.46823],[8.88292,52.46971],[8.88116,52.4707],[8.88076,52.47143],[8.87982,52.47193],[8.87982,52.47209],[8.87793,52.47308],[8.87551,52.47316],[8.87483,52.47332],[8.87173,52.47332],[8.87052,52.47357],[8.86931,52.47422],[8.8689,52.47472],[8.86904,52.47537],[8.86944,52.4757],[8.87092,52.47595],[8.87106,52.47743],[8.87025,52.47923],[8.86931,52.48013],[8.86904,52.4812],[8.86836,52.48194],[8.86675,52.48309],[8.86621,52.48309],[8.8654,52.48243],[8.86513,52.48145],[8.86432,52.48095],[8.86338,52.48071],[8.86203,52.48071],[8.86055,52.48145],[8.86001,52.48219],[8.85987,52.48424],[8.86082,52.48571],[8.86068,52.48645],[8.85987,52.48752],[8.86001,52.48924],[8.86109,52.48998],[8.86392,52.49031],[8.86769,52.4917],[8.86944,52.4917],[8.87065,52.49097],[8.87227,52.49055],[8.87281,52.49023],[8.87362,52.48883],[8.87429,52.48826],[8.87456,52.48727],[8.87443,52.48678],[8.87375,52.48612],[8.87402,52.48506],[8.87604,52.48432],[8.87726,52.48432],[8.8786,52.48457],[8.88022,52.48522],[8.88036,52.48571],[8.88009,52.48596],[8.87807,52.48604],[8.87699,52.4867],[8.87658,52.48744],[8.87658,52.489],[8.87604,52.48965],[8.87604,52.49031],[8.87645,52.49088],[8.87618,52.49252],[8.87645,52.49293],[8.87699,52.49318],[8.8782,52.49302],[8.87982,52.49359],[8.88076,52.49367],[8.88063,52.49408],[8.87941,52.4949],[8.87941,52.49556],[8.88009,52.49646],[8.88103,52.49712],[8.88305,52.49786],[8.88494,52.499],[8.88507,52.49933],[8.88642,52.49991],[8.88925,52.49991],[8.89221,52.49884],[8.89531,52.49868],[8.89585,52.49835],[8.8968,52.49687],[8.89801,52.49613],[8.89895,52.49589],[8.90151,52.49613],[8.90259,52.4954],[8.90326,52.49531],[8.90502,52.49441],[8.9127,52.4899],[8.91404,52.48957],[8.91674,52.48809],[8.91822,52.4876],[8.91943,52.48744],[8.92172,52.48662],[8.92294,52.48588],[8.92401,52.48473],[8.92631,52.48325],[8.92913,52.48251],[8.92981,52.48219],[8.92994,52.48104],[8.93035,52.48063],[8.93277,52.48013],[8.93345,52.47981],[8.93358,52.4789],[8.9325,52.47808],[8.93291,52.47726],[8.93385,52.47677],[8.93385,52.47619],[8.93304,52.4757],[8.93331,52.47488],[8.93277,52.47439],[8.93102,52.47381],[8.92954,52.47308],[8.92927,52.47258],[8.9294,52.47201],[8.92981,52.47135],[8.93156,52.47012],[8.93237,52.46873],[8.93358,52.46758],[8.9356,52.46643],[8.93749,52.46577],[8.94059,52.46355],[8.94113,52.46355],[8.94126,52.4638],[8.93978,52.46536],[8.94018,52.46675],[8.93857,52.46733],[8.93708,52.46815],[8.93493,52.46848],[8.93412,52.46889],[8.93291,52.47045],[8.93156,52.47168],[8.93102,52.47258],[8.93156,52.47275],[8.93264,52.47217],[8.93345,52.47201],[8.93479,52.47209],[8.93533,52.47168],[8.9356,52.47094],[8.93655,52.47037],[8.93749,52.47028],[8.93776,52.47045],[8.93789,52.47127],[8.93749,52.47193],[8.93735,52.4734],[8.93682,52.47496],[8.93708,52.47587],[8.93789,52.47652],[8.93843,52.47734],[8.93843,52.47849],[8.93749,52.47981],[8.93749,52.48079],[8.93857,52.48161],[8.93991,52.48169],[8.94005,52.48186],[8.94018,52.48243],[8.93951,52.48415],[8.93991,52.4844],[8.94018,52.48588],[8.94126,52.48711],[8.9418,52.48744],[8.94261,52.48735],[8.9445,52.48653],[8.94638,52.4853],[8.94692,52.48465],[8.94706,52.4826],[8.94935,52.47972],[8.95069,52.47857],[8.95325,52.47792],[8.95379,52.47726],[8.95406,52.47619],[8.9546,52.47537],[8.95581,52.47488],[8.95581,52.47431],[8.95433,52.47308],[8.95406,52.47184],[8.95433,52.47143],[8.95541,52.47078],[8.95824,52.47012],[8.95878,52.46963],[8.95878,52.46922],[8.95837,52.46905],[8.95811,52.4684],[8.95878,52.46741],[8.95905,52.46643],[8.95878,52.4629],[8.95891,52.4606],[8.95945,52.4592],[8.9604,52.45846],[8.9608,52.45846],[8.96094,52.45871],[8.95986,52.45953],[8.95918,52.46101],[8.95905,52.4638],[8.95945,52.46528],[8.95918,52.46864],[8.95945,52.46905],[8.96053,52.46963],[8.96094,52.4707],[8.96174,52.47152],[8.96215,52.47496],[8.96269,52.47521],[8.9635,52.47505],[8.9635,52.47316],[8.96376,52.47242],[8.96457,52.47176],[8.96498,52.47176],[8.96498,52.47193],[8.96417,52.47299],[8.96417,52.47505],[8.96484,52.47554],[8.96713,52.47636],[8.96781,52.47702],[8.96848,52.47702],[8.9705,52.47644],[8.97239,52.47505],[8.97428,52.47422],[8.97468,52.47373],[8.97481,52.47299],[8.97441,52.47217],[8.97293,52.47143],[8.97306,52.47111],[8.97279,52.47094],[8.96983,52.47086],[8.96848,52.47028],[8.96767,52.46971],[8.96673,52.46831],[8.96606,52.46667],[8.96376,52.46478],[8.96309,52.46355],[8.96282,52.46134],[8.96201,52.45994],[8.96201,52.45904],[8.96228,52.45863],[8.96376,52.45789],[8.96376,52.45756],[8.96296,52.45707],[8.96013,52.45641],[8.95635,52.45633],[8.95581,52.45657],[8.95581,52.45764],[8.95487,52.45863],[8.95487,52.45961],[8.95635,52.46101],[8.95689,52.46208],[8.95689,52.46298],[8.95568,52.46446],[8.95555,52.46577],[8.95622,52.46684],[8.9573,52.46749],[8.95716,52.46782],[8.95555,52.46717],[8.9546,52.46602],[8.95487,52.46446],[8.95595,52.46298],[8.95595,52.46208],[8.95541,52.46084],[8.95447,52.46027],[8.95366,52.45945],[8.95393,52.45846],[8.95447,52.45781],[8.95514,52.45748],[8.95514,52.45699],[8.95393,52.45616],[8.95393,52.45575],[8.95474,52.45551],[8.95541,52.45551],[8.95837,52.45592],[8.95864,52.45559],[8.9577,52.45518],[8.95743,52.45452],[8.95945,52.45403],[8.96013,52.45362],[8.96013,52.45222],[8.9612,52.45132],[8.96161,52.4514],[8.96053,52.45255],[8.96053,52.45395],[8.96174,52.45485],[8.96296,52.45518],[8.96417,52.45584],[8.96498,52.45682],[8.96673,52.45822],[8.96727,52.45805],[8.96713,52.45559],[8.96673,52.45493],[8.967,52.4546],[8.96754,52.4546],[8.96794,52.45501],[8.96767,52.45682],[8.96781,52.45805],[8.96996,52.46019],[8.97131,52.46281],[8.97104,52.46462],[8.96835,52.46881],[8.96862,52.46987],[8.96889,52.4702],[8.96969,52.47053],[8.97239,52.47045],[8.9732,52.47061],[8.9736,52.47037],[8.97387,52.47078],[8.97508,52.47143],[8.97562,52.47234],[8.97549,52.47406],[8.97468,52.47546],[8.97212,52.47636],[8.97104,52.47718],[8.97104,52.47808],[8.97185,52.47874],[8.97185,52.4794],[8.97293,52.48005],[8.97252,52.48136],[8.97171,52.48194],[8.97158,52.48251],[8.97212,52.48268],[8.97414,52.4821],[8.9763,52.48178],[8.9767,52.48153],[8.97724,52.48063],[8.97697,52.47981],[8.97603,52.47898],[8.97481,52.47833],[8.97401,52.47743],[8.97387,52.47636],[8.97414,52.47619],[8.97441,52.47743],[8.97737,52.47948],[8.97778,52.47997],[8.97778,52.48112],[8.97697,52.48169],[8.96983,52.4835],[8.96996,52.48457],[8.97091,52.48522],[8.97212,52.48563],[8.97387,52.48555],[8.97428,52.4858],[8.97428,52.48612],[8.97468,52.48637],[8.97508,52.48637],[8.97535,52.48621],[8.97535,52.4844],[8.97562,52.48424],[8.97791,52.48424],[8.97926,52.48342],[8.97953,52.48194],[8.97913,52.4812],[8.97913,52.47997],[8.97967,52.47849],[8.97967,52.47702],[8.97913,52.47628],[8.97859,52.47595],[8.9763,52.47562],[8.9763,52.47546],[8.97764,52.4757],[8.97818,52.47554],[8.97859,52.47414],[8.97899,52.47422],[8.97872,52.47537],[8.97913,52.47595],[8.97993,52.47636],[8.98007,52.47784],[8.98007,52.47882],[8.97953,52.47964],[8.97953,52.48079],[8.9802,52.48235],[8.9802,52.48292],[8.97967,52.48333],[8.97926,52.48407],[8.97832,52.48465],[8.9763,52.48465],[8.97603,52.48481],[8.9763,52.48621],[8.97549,52.4867],[8.97522,52.48768],[8.97454,52.48818],[8.97454,52.48891],[8.97535,52.48998],[8.97549,52.49105],[8.97684,52.49285],[8.97684,52.49359],[8.97643,52.49416],[8.9767,52.49466],[8.97764,52.49416],[8.97778,52.49384],[8.97764,52.49236],[8.97791,52.49162],[8.97859,52.49129],[8.97913,52.49129],[8.97926,52.49146],[8.97845,52.49236],[8.97832,52.49302],[8.97859,52.494],[8.97818,52.49466],[8.97724,52.49507],[8.97643,52.49597],[8.97535,52.49605],[8.97495,52.49654],[8.97535,52.49695],[8.9763,52.49663],[8.97724,52.49663],[8.97751,52.49679],[8.97737,52.4972],[8.97684,52.4972],[8.97562,52.49769],[8.97562,52.49818],[8.97603,52.49876],[8.9771,52.49942],[8.97764,52.50065],[8.97764,52.50147],[8.97535,52.50302],[8.97549,52.5054],[8.97522,52.50589],[8.97347,52.50622],[8.97266,52.50688],[8.97266,52.50745],[8.97306,52.5077],[8.97374,52.5077],[8.97454,52.50713],[8.97481,52.50721],[8.97468,52.50795],[8.97562,52.50852],[8.97603,52.50901],[8.97616,52.50975],[8.97603,52.51237],[8.97468,52.51344],[8.97428,52.5141],[8.97441,52.51475],[8.97495,52.515],[8.97589,52.51508],[8.97589,52.51524],[8.97454,52.51533],[8.97374,52.51492],[8.97333,52.51524],[8.9767,52.51721],[8.9767,52.51787],[8.97603,52.51861],[8.97508,52.51893],[8.9732,52.5191],[8.97252,52.51959],[8.97225,52.52172],[8.97279,52.52287],[8.97266,52.52443],[8.9736,52.52508],[8.97441,52.52541],[8.97535,52.52549],[8.97603,52.52582],[8.97616,52.52664],[8.97589,52.52738],[8.97616,52.52779],[8.97697,52.52828],[8.97791,52.52844],[8.97899,52.5291],[8.97953,52.52992],[8.97913,52.53312],[8.97953,52.53344],[8.98128,52.53385],[8.98182,52.53418],[8.98303,52.53639],[8.98357,52.53672],[8.98465,52.53697],[8.98775,52.53713],[8.9891,52.53787],[8.98923,52.53869],[8.98815,52.53935],[8.98775,52.54],[8.98775,52.54049],[8.98829,52.54123],[8.9891,52.54172],[8.99031,52.54197],[8.99341,52.54303],[8.99449,52.54303],[8.99476,52.54287],[8.99462,52.54254],[8.99327,52.54172],[8.99274,52.54115],[8.99274,52.54082],[8.99327,52.54057],[8.99327,52.54033],[8.99193,52.53902],[8.99139,52.53664],[8.99071,52.5359],[8.98964,52.53566],[8.98991,52.535],[8.98964,52.53303],[8.99071,52.5314],[8.99044,52.53123],[8.98937,52.5314],[8.98708,52.53131],[8.98681,52.53074],[8.98721,52.53049],[8.98721,52.52992],[8.98654,52.52951],[8.98546,52.52935],[8.98411,52.52877],[8.98384,52.5282],[8.98344,52.52795],[8.98263,52.52787],[8.98155,52.52746],[8.98155,52.52713],[8.98303,52.5268],[8.98384,52.52631],[8.98398,52.52566],[8.98317,52.52492],[8.98317,52.52443],[8.98546,52.52312],[8.98505,52.52271],[8.98384,52.52262],[8.98276,52.52205],[8.98344,52.52008],[8.98465,52.51943],[8.98492,52.51902],[8.98492,52.5182],[8.98465,52.51779],[8.98344,52.51697],[8.9829,52.5159],[8.9829,52.51516],[8.98492,52.51295],[8.98546,52.51188],[8.98546,52.51106],[8.98465,52.51024],[8.98465,52.50991],[8.98384,52.50942],[8.98398,52.50901],[8.98452,52.50885],[8.98438,52.50836],[8.98249,52.50737],[8.98209,52.50639],[8.98142,52.50606],[8.98061,52.50598],[8.97967,52.50499],[8.97967,52.50393],[8.98061,52.50179],[8.98074,52.50048],[8.98101,52.5004],[8.98142,52.50073],[8.98128,52.50163],[8.98101,52.50188],[8.98101,52.50278],[8.98169,52.50311],[8.98263,52.50319],[8.98263,52.50335],[8.98236,52.50352],[8.98169,52.50335],[8.98074,52.50335],[8.98047,52.50352],[8.98034,52.50475],[8.98061,52.50532],[8.98115,52.50565],[8.98236,52.50589],[8.98344,52.50754],[8.98465,52.50786],[8.98519,52.50737],[8.98505,52.50647],[8.98303,52.5054],[8.98317,52.50458],[8.98384,52.50434],[8.98371,52.50516],[8.98559,52.5063],[8.98613,52.50721],[8.986,52.50811],[8.98519,52.50893],[8.98519,52.50967],[8.986,52.51057],[8.98627,52.51155],[8.98573,52.51221],[8.98546,52.51344],[8.98411,52.51442],[8.98411,52.51524],[8.98384,52.51565],[8.98425,52.51688],[8.98546,52.5177],[8.98559,52.51926],[8.98317,52.52164],[8.98357,52.52221],[8.98559,52.52262],[8.986,52.52344],[8.98505,52.52418],[8.98384,52.52459],[8.98384,52.52508],[8.98452,52.52574],[8.98452,52.52648],[8.9833,52.52713],[8.9833,52.5273],[8.98357,52.52746],[8.98425,52.5273],[8.98465,52.52738],[8.98465,52.5282],[8.98492,52.52853],[8.98775,52.52984],[8.98788,52.53041],[8.98829,52.53074],[8.9891,52.5309],[8.99085,52.5309],[8.99139,52.53131],[8.99112,52.53197],[8.99018,52.53303],[8.99004,52.53517],[8.99112,52.53566],[8.99193,52.53672],[8.99233,52.53836],[8.99368,52.54],[8.99354,52.54123],[8.99381,52.54164],[8.99422,52.54189],[8.99637,52.5418],[8.99759,52.54205],[8.99799,52.5418],[8.99839,52.54107],[8.99961,52.54107],[9.00001,52.5418],[9.00082,52.54221],[9.00096,52.54254],[9.00149,52.54287],[9.0023,52.54303],[9.00459,52.54426],[9.00567,52.54582],[9.00635,52.54631],[9.00513,52.54574],[9.00486,52.54508],[9.00432,52.54467],[9.00405,52.54467],[9.0019,52.54336],[9.00082,52.54312],[9.00001,52.54271],[8.99974,52.5432],[9.00028,52.54385],[9.00069,52.54508],[9.00217,52.5459],[9.00446,52.54623],[9.00608,52.5468],[9.0081,52.54828],[9.0085,52.54811],[9.00837,52.54746],[9.00661,52.54648],[9.00864,52.54713],[9.00891,52.5477],[9.00823,52.54893],[9.00823,52.55082],[9.0085,52.55139],[9.00891,52.55164],[9.00971,52.55172],[9.01012,52.55156],[9.01106,52.55156],[9.01187,52.55106],[9.01335,52.55106],[9.01443,52.55139],[9.01551,52.55139],[9.01659,52.55164],[9.01955,52.55369],[9.02022,52.55369],[9.02103,52.5541],[9.02144,52.55475],[9.02144,52.55582],[9.02117,52.55623],[9.01915,52.55754],[9.01901,52.55827],[9.01995,52.55885],[9.02144,52.55926],[9.02278,52.55926],[9.02319,52.55901],[9.02332,52.55795],[9.02386,52.55754],[9.02467,52.55745],[9.02534,52.55696],[9.02507,52.55532],[9.02373,52.55442],[9.02319,52.5536],[9.02332,52.55287],[9.02386,52.55254],[9.02427,52.55254],[9.02494,52.55205],[9.02481,52.55008],[9.02575,52.54934],[9.02575,52.54861],[9.02534,52.54787],[9.02386,52.54639],[9.02049,52.5441],[9.01915,52.54287],[9.01807,52.54131],[9.01591,52.54017],[9.01456,52.53762],[9.01227,52.53631],[9.0116,52.53418],[9.01039,52.53369],[9.00635,52.53303],[9.00554,52.53262],[9.00459,52.53107],[9.0023,52.52902],[9.00176,52.52771],[9.00028,52.52598],[8.99988,52.52467],[8.9992,52.52369],[8.99934,52.52279],[8.99839,52.52156],[8.99705,52.52066],[8.99637,52.51852],[8.9957,52.51811],[8.99341,52.51787],[8.99247,52.51721],[8.9922,52.51615],[8.9926,52.51549],[8.9926,52.51492],[8.99193,52.51434],[8.99085,52.51418],[8.99004,52.51377],[8.99031,52.51123],[8.9895,52.50967],[8.98815,52.50885],[8.98829,52.5086],[8.98856,52.5086],[8.99031,52.50967],[8.99044,52.5109],[8.99071,52.51106],[8.99125,52.51073],[8.99152,52.50942],[8.99206,52.50934],[8.99233,52.50959],[8.99139,52.51336],[8.99327,52.51467],[8.99327,52.51549],[8.99287,52.51623],[8.99301,52.51697],[8.99395,52.51754],[8.99597,52.51754],[8.99651,52.51738],[8.99718,52.51754],[8.99786,52.52066],[8.99853,52.52156],[8.9992,52.52197],[8.99988,52.52197],[9.00028,52.52172],[9.00042,52.52123],[9.00122,52.52049],[9.00122,52.52016],[8.99988,52.51943],[8.99947,52.51672],[8.99799,52.51533],[8.99732,52.51426],[8.99624,52.5136],[8.99624,52.51328],[8.99691,52.51336],[8.99759,52.51393],[8.99893,52.51541],[8.99893,52.51582],[8.9992,52.5159],[8.99934,52.51631],[9.00015,52.51688],[9.00042,52.51918],[9.00055,52.51943],[9.00176,52.52],[9.0019,52.52066],[9.00122,52.52164],[8.99974,52.52279],[8.99974,52.52353],[9.00122,52.52598],[9.00176,52.52582],[9.00257,52.52459],[9.00311,52.52435],[9.00365,52.52435],[9.00365,52.52467],[9.00284,52.52516],[9.00203,52.52607],[9.00203,52.52738],[9.00365,52.52976],[9.00567,52.53156],[9.00594,52.53205],[9.00702,52.53279],[9.01025,52.53328],[9.012,52.53394],[9.01335,52.53639],[9.01456,52.53705],[9.01551,52.53803],[9.01632,52.53992],[9.01847,52.54123],[9.02103,52.54393],[9.02481,52.54631],[9.02629,52.54803],[9.02669,52.54787],[9.0271,52.54648],[9.0271,52.54541],[9.02656,52.54467],[9.02575,52.5441],[9.02373,52.54344],[9.02157,52.54238],[9.02063,52.54172],[9.02022,52.5409],[9.02049,52.54082],[9.0209,52.54098],[9.02171,52.54189],[9.02305,52.54271],[9.02575,52.54369],[9.0271,52.54451],[9.0275,52.54533],[9.02817,52.5459],[9.02817,52.54631],[9.02777,52.54648],[9.02723,52.54713],[9.0271,52.54869],[9.02534,52.54992],[9.02521,52.55065],[9.02561,52.5509],[9.02602,52.5509],[9.02656,52.55057],[9.02683,52.55],[9.02912,52.5482],[9.02952,52.54754],[9.02952,52.54615],[9.02885,52.54492],[9.02669,52.54353],[9.02548,52.54197],[9.0244,52.54107],[9.02534,52.54148],[9.02723,52.54353],[9.02885,52.54459],[9.02966,52.54574],[9.03006,52.54729],[9.02979,52.54836],[9.02777,52.54967],[9.02669,52.55115],[9.02588,52.55156],[9.02548,52.55229],[9.02386,52.55336],[9.02386,52.5541],[9.02507,52.55475],[9.02561,52.55541],[9.02575,52.55713],[9.02507,52.5577],[9.02386,52.55811],[9.02373,52.55885],[9.024,52.55901],[9.02561,52.55901],[9.02683,52.56024],[9.02656,52.5613],[9.02521,52.5613],[9.02521,52.56098],[9.02575,52.5604],[9.02575,52.55983],[9.02534,52.55958],[9.02265,52.55999],[9.02009,52.55999],[9.01861,52.55942],[9.01793,52.55893],[9.01793,52.55762],[9.01847,52.55721],[9.02022,52.55663],[9.02036,52.55623],[9.0209,52.55606],[9.02103,52.55516],[9.02063,52.55442],[9.01928,52.5541],[9.01659,52.55196],[9.01376,52.55147],[9.01241,52.55147],[9.01066,52.55213],[9.00864,52.55213],[9.00729,52.55115],[9.00661,52.54967],[9.00621,52.54934],[9.00648,52.54787],[9.00594,52.54729],[9.00473,52.54656],[9.00405,52.54639],[9.00176,52.54648],[9.00122,52.54631],[9.00055,52.54582],[9.00015,52.54508],[8.99974,52.54492],[8.99947,52.54418],[8.99907,52.54393],[8.99826,52.54393],[8.99718,52.54328],[8.9961,52.5432],[8.99462,52.54344],[8.99314,52.54344],[8.98991,52.54246],[8.98802,52.54213],[8.986,52.54025],[8.98398,52.53976],[8.98236,52.53959],[8.98088,52.53894],[8.97913,52.53738],[8.97737,52.53639],[8.97603,52.53394],[8.97508,52.53353],[8.97158,52.53271],[8.97104,52.53238],[8.97023,52.53115],[8.96889,52.53099],[8.96794,52.53058],[8.96794,52.52894],[8.96767,52.52844],[8.96673,52.52762],[8.96403,52.52598],[8.9635,52.52533],[8.96376,52.52426],[8.96538,52.52262],[8.96525,52.52164],[8.96336,52.52033],[8.96296,52.51967],[8.96242,52.51934],[8.96174,52.51934],[8.9608,52.52],[8.96026,52.52],[8.95959,52.5191],[8.95905,52.51877],[8.95864,52.51877],[8.95837,52.51893],[8.95851,52.51975],[8.95999,52.52115],[8.96107,52.52148],[8.96188,52.52213],[8.96188,52.52369],[8.96134,52.52525],[8.96201,52.52607],[8.96242,52.52623],[8.96296,52.52713],[8.96376,52.52754],[8.96336,52.52926],[8.9635,52.53008],[8.9643,52.53058],[8.96565,52.53082],[8.9674,52.53238],[8.96929,52.53451],[8.97252,52.53599],[8.97495,52.53771],[8.97522,52.53894],[8.97441,52.53976],[8.97454,52.54057],[8.97724,52.54197],[8.98061,52.54262],[8.98155,52.54336],[8.98169,52.5441],[8.98061,52.545],[8.9771,52.54525],[8.97603,52.54549],[8.97535,52.5459],[8.97549,52.54705],[8.97643,52.54746],[8.97859,52.54721],[8.97993,52.54746],[8.98223,52.54754],[8.98371,52.54828],[8.98438,52.54918],[8.98425,52.54975],[8.9833,52.55041],[8.98142,52.55074],[8.98074,52.55123],[8.98088,52.55172],[8.98169,52.55221],[8.98317,52.55237],[8.98559,52.55147],[8.98681,52.55147],[8.98869,52.5518],[8.98991,52.55213],[8.99125,52.55278],[8.99166,52.55459],[8.99193,52.55508],[8.9926,52.55549],[8.99341,52.55549],[8.99395,52.55524],[8.99557,52.55549],[8.99395,52.55573],[8.99247,52.55573],[8.99166,52.55532],[8.99085,52.55426],[8.9895,52.5536],[8.98937,52.55303],[8.98869,52.55262],[8.98708,52.55221],[8.98505,52.55221],[8.98263,52.55303],[8.98155,52.55295],[8.98007,52.55196],[8.98034,52.55074],[8.97953,52.54983],[8.97953,52.54951],[8.9798,52.54934],[8.98047,52.54934],[8.98142,52.54959],[8.98169,52.54983],[8.98263,52.55],[8.98357,52.54951],[8.9833,52.54869],[8.98223,52.54811],[8.98101,52.54787],[8.97926,52.5477],[8.97643,52.54787],[8.97522,52.5477],[8.97468,52.5482],[8.97522,52.54877],[8.97508,52.54975],[8.97549,52.55065],[8.97589,52.55098],[8.97657,52.55098],[8.97684,52.55082],[8.9763,52.55],[8.97589,52.54983],[8.97643,52.54975],[8.97764,52.55098],[8.97832,52.55221],[8.97832,52.5527],[8.97778,52.55319],[8.97616,52.55344],[8.97576,52.55369],[8.97603,52.55418],[8.97697,52.55467],[8.97697,52.555],[8.97643,52.555],[8.97616,52.55549],[8.97818,52.5568],[8.97967,52.55729],[8.98061,52.55852],[8.98047,52.56081],[8.98101,52.5613],[8.97872,52.5613]],[[8.97616,52.55606],[8.97657,52.55582],[8.97576,52.55541],[8.97522,52.55475],[8.97508,52.55377],[8.97468,52.55352],[8.97333,52.55352],[8.97306,52.55369],[8.97306,52.5541],[8.97374,52.55491],[8.97616,52.55606]],[[8.97387,52.54688],[8.97441,52.54672],[8.97441,52.54566],[8.9736,52.54467],[8.97387,52.54434],[8.97387,52.54361],[8.97212,52.5423],[8.97104,52.54189],[8.96983,52.54172],[8.96929,52.54139],[8.96875,52.53992],[8.96942,52.53926],[8.96956,52.53853],[8.96835,52.53721],[8.96767,52.53689],[8.96713,52.53631],[8.96673,52.53541],[8.96754,52.53549],[8.96781,52.5359],[8.96848,52.53623],[8.96875,52.5373],[8.96969,52.53795],[8.9701,52.53853],[8.96996,52.53943],[8.96942,52.53984],[8.96942,52.54066],[8.96969,52.54107],[8.9705,52.54164],[8.97212,52.54197],[8.9732,52.54262],[8.97441,52.54402],[8.97428,52.54516],[8.97481,52.54566],[8.97522,52.54566],[8.9771,52.54443],[8.9802,52.54443],[8.98061,52.54402],[8.98061,52.54353],[8.9798,52.54295],[8.9763,52.54205],[8.97495,52.54139],[8.97481,52.5409],[8.9736,52.54033],[8.97333,52.53828],[8.97306,52.53779],[8.97225,52.5373],[8.97158,52.53648],[8.97064,52.53582],[8.96848,52.53549],[8.96767,52.535],[8.96713,52.53394],[8.96619,52.53369],[8.96579,52.53394],[8.96552,52.53599],[8.96417,52.53697],[8.96309,52.53721],[8.96107,52.53861],[8.96094,52.54],[8.96188,52.54057],[8.96255,52.54074],[8.96498,52.54082],[8.96633,52.54123],[8.96754,52.54131],[8.96781,52.54148],[8.96781,52.54295],[8.96713,52.5441],[8.96727,52.54475],[8.96808,52.54516],[8.96929,52.54516],[8.9701,52.54484],[8.97145,52.54492],[8.97266,52.54566],[8.97387,52.54688]],[[8.98667,52.54],[8.98748,52.53984],[8.98748,52.53902],[8.98775,52.53869],[8.98829,52.53853],[8.98842,52.53795],[8.98735,52.53746],[8.98654,52.53738],[8.98546,52.53754],[8.98465,52.53721],[8.98371,52.53721],[8.98276,52.53697],[8.98196,52.53623],[8.98101,52.53476],[8.98061,52.53451],[8.9802,52.53451],[8.97993,52.535],[8.98074,52.53599],[8.98074,52.53664],[8.9802,52.53713],[8.98047,52.53787],[8.98276,52.5391],[8.98479,52.53935],[8.98667,52.54]],[[8.97926,52.53672],[8.97993,52.53672],[8.9802,52.53656],[8.9802,52.53599],[8.97845,52.53361],[8.97845,52.53238],[8.97791,52.53213],[8.97737,52.53287],[8.97737,52.53394],[8.97791,52.53549],[8.97926,52.53672]],[[8.96376,52.53418],[8.96417,52.53418],[8.96457,52.53377],[8.96592,52.53312],[8.96606,52.53205],[8.96471,52.53115],[8.96242,52.5309],[8.96188,52.53058],[8.96188,52.52967],[8.96161,52.52935],[8.9612,52.5291],[8.9604,52.5291],[8.95891,52.53017],[8.95945,52.5318],[8.95999,52.53221],[8.96107,52.5323],[8.96201,52.53303],[8.96282,52.53328],[8.96376,52.53418]],[[8.97522,52.5332],[8.97643,52.5332],[8.97697,52.53287],[8.97764,52.5318],[8.97872,52.5309],[8.97872,52.53008],[8.97818,52.52967],[8.9767,52.52935],[8.97508,52.52795],[8.97468,52.5273],[8.97495,52.5268],[8.97481,52.52623],[8.97454,52.52607],[8.9732,52.52598],[8.97225,52.52549],[8.97185,52.52549],[8.97158,52.52566],[8.97158,52.52623],[8.97225,52.52721],[8.97198,52.52902],[8.97293,52.53033],[8.97279,52.53205],[8.97347,52.53271],[8.97522,52.5332]],[[8.97131,52.53148],[8.97171,52.53148],[8.97212,52.53123],[8.97212,52.53049],[8.97158,52.53],[8.97118,52.52885],[8.97118,52.52787],[8.97145,52.52754],[8.97145,52.52672],[8.97104,52.52607],[8.97118,52.52394],[8.9701,52.5232],[8.96996,52.52205],[8.96929,52.52139],[8.96956,52.51943],[8.96915,52.51926],[8.96889,52.51943],[8.96848,52.52066],[8.96794,52.52098],[8.9674,52.52082],[8.96659,52.52098],[8.96686,52.5218],[8.96673,52.52246],[8.96579,52.52377],[8.96484,52.52435],[8.96457,52.52508],[8.96498,52.52566],[8.96835,52.52795],[8.96875,52.52853],[8.96875,52.52992],[8.96902,52.53041],[8.97037,52.53074],[8.97131,52.53148]],[[8.97077,52.52279],[8.97118,52.52262],[8.97104,52.52189],[8.97145,52.52098],[8.97131,52.51902],[8.97171,52.51852],[8.97252,52.51828],[8.97468,52.5182],[8.97522,52.51787],[8.97522,52.51746],[8.97481,52.51697],[8.97293,52.51606],[8.97239,52.51541],[8.97171,52.51311],[8.97104,52.51246],[8.97104,52.51155],[8.97198,52.5109],[8.97212,52.50975],[8.97252,52.50967],[8.97333,52.51008],[8.97428,52.51008],[8.97495,52.50975],[8.97522,52.50909],[8.97481,52.50877],[8.9732,52.50844],[8.97212,52.50795],[8.97104,52.50606],[8.97104,52.5054],[8.97145,52.5054],[8.97145,52.50581],[8.97185,52.50606],[8.97225,52.50606],[8.97401,52.50516],[8.97428,52.50483],[8.97414,52.50393],[8.97279,52.50237],[8.97171,52.50163],[8.97064,52.50147],[8.96983,52.50097],[8.96889,52.50097],[8.96767,52.50155],[8.96686,52.50261],[8.96686,52.50343],[8.9674,52.50442],[8.96713,52.50532],[8.96633,52.50622],[8.96633,52.50688],[8.967,52.50745],[8.96794,52.50696],[8.96902,52.50778],[8.96781,52.51098],[8.96781,52.51221],[8.96835,52.51303],[8.96875,52.51451],[8.96969,52.5159],[8.96956,52.51664],[8.96915,52.51705],[8.96929,52.51787],[8.9705,52.51869],[8.96983,52.52131],[8.97077,52.52279]],[[8.96538,52.52008],[8.96659,52.52],[8.96767,52.51943],[8.96848,52.51869],[8.96875,52.51828],[8.96875,52.51705],[8.96902,52.5168],[8.96902,52.51615],[8.96862,52.5159],[8.96592,52.51582],[8.9635,52.51631],[8.96296,52.51664],[8.96309,52.51729],[8.96484,52.51828],[8.96471,52.51951],[8.96538,52.52008]],[[8.9643,52.51533],[8.96498,52.51533],[8.96565,52.51492],[8.96565,52.51352],[8.96511,52.51287],[8.96484,52.51287],[8.96444,52.51336],[8.96376,52.51369],[8.96215,52.51401],[8.9612,52.51442],[8.9612,52.51475],[8.96188,52.51516],[8.96363,52.51492],[8.9643,52.51533]],[[8.9674,52.51533],[8.96794,52.51533],[8.96848,52.515],[8.96848,52.51418],[8.9674,52.51213],[8.96754,52.51098],[8.96673,52.51082],[8.96498,52.51172],[8.96498,52.51205],[8.96633,52.51319],[8.96673,52.515],[8.9674,52.51533]],[[8.9732,52.51418],[8.9736,52.51401],[8.97387,52.51344],[8.97522,52.5127],[8.97562,52.51221],[8.97549,52.51114],[8.97481,52.51082],[8.97374,52.51098],[8.97252,52.51205],[8.97252,52.51328],[8.9732,52.51418]],[[8.96188,52.51385],[8.96309,52.51369],[8.9643,52.51303],[8.96471,52.51139],[8.96552,52.51114],[8.96619,52.51065],[8.96606,52.51024],[8.96565,52.51],[8.96565,52.50934],[8.96619,52.50877],[8.96619,52.50819],[8.96525,52.50696],[8.96525,52.50622],[8.96579,52.50557],[8.96579,52.50483],[8.96471,52.50401],[8.96498,52.50327],[8.9643,52.50286],[8.96363,52.50286],[8.96323,52.50335],[8.96201,52.50393],[8.96147,52.50475],[8.95986,52.50589],[8.95878,52.50614],[8.95716,52.50622],[8.95622,52.50696],[8.95635,52.50639],[8.95595,52.50622],[8.95501,52.50737],[8.95501,52.50811],[8.95555,52.50844],[8.95635,52.50844],[8.95676,52.50803],[8.95743,52.50803],[8.95797,52.50836],[8.95797,52.50926],[8.95878,52.50983],[8.95891,52.51024],[8.95837,52.51049],[8.95784,52.51049],[8.95757,52.51065],[8.95757,52.51106],[8.95851,52.51147],[8.95918,52.51278],[8.96026,52.51319],[8.96161,52.51319],[8.96161,52.51369],[8.96188,52.51385]],[[8.96686,52.51049],[8.96754,52.51049],[8.96794,52.51024],[8.96821,52.50909],[8.96862,52.5086],[8.96862,52.50795],[8.96835,52.50778],[8.96767,52.50778],[8.96727,52.50803],[8.967,52.50893],[8.96646,52.50934],[8.96646,52.51016],[8.96686,52.51049]],[[8.95352,52.50614],[8.95595,52.50491],[8.95703,52.50311],[8.95703,52.50286],[8.95662,52.50261],[8.95595,52.50302],[8.95447,52.50491],[8.95339,52.50548],[8.95325,52.50598],[8.95352,52.50614]],[[8.95824,52.50581],[8.95959,52.50565],[8.9608,52.50507],[8.96161,52.50401],[8.96269,52.50327],[8.96269,52.50294],[8.96228,52.5027],[8.96188,52.5027],[8.96107,52.50335],[8.96026,52.50335],[8.95945,52.50368],[8.95918,52.50458],[8.95797,52.5054],[8.95824,52.50581]],[[8.9515,52.50368],[8.95204,52.50343],[8.95218,52.50278],[8.95272,52.50245],[8.95272,52.50089],[8.95325,52.50048],[8.95325,52.49925],[8.95366,52.49859],[8.95406,52.49843],[8.95379,52.49818],[8.95137,52.49876],[8.95042,52.49958],[8.95042,52.50032],[8.95083,52.50081],[8.95042,52.50179],[8.95056,52.50229],[8.95123,52.5027],[8.95123,52.50352],[8.9515,52.50368]],[[8.97468,52.50253],[8.97522,52.50253],[8.97643,52.50204],[8.97697,52.50114],[8.97697,52.50056],[8.97657,52.50032],[8.97495,52.50048],[8.97428,52.50081],[8.97414,52.50171],[8.97428,52.50229],[8.97468,52.50253]],[[8.96255,52.50171],[8.96444,52.50163],[8.96484,52.50138],[8.96471,52.50073],[8.9639,52.5004],[8.96188,52.50048],[8.96147,52.50081],[8.96147,52.50114],[8.96255,52.50171]],[[8.94032,52.50097],[8.94153,52.50089],[8.9418,52.50073],[8.9418,52.50015],[8.94059,52.49933],[8.93951,52.49925],[8.9387,52.49958],[8.9387,52.50007],[8.94032,52.50097]],[[8.96592,52.50081],[8.96996,52.50048],[8.97037,52.50024],[8.97037,52.49958],[8.97091,52.49925],[8.97171,52.49925],[8.97198,52.49909],[8.97198,52.49818],[8.97131,52.49786],[8.9701,52.49769],[8.96956,52.49736],[8.96889,52.49638],[8.96889,52.49581],[8.96929,52.49581],[8.96942,52.49646],[8.97037,52.49671],[8.97145,52.49736],[8.97266,52.49736],[8.9732,52.49704],[8.97347,52.49654],[8.97347,52.4949],[8.97401,52.49359],[8.97454,52.49318],[8.97481,52.49105],[8.97428,52.48916],[8.97387,52.48883],[8.9732,52.48891],[8.97225,52.48941],[8.96902,52.4899],[8.96848,52.49039],[8.96862,52.49097],[8.96942,52.49179],[8.97037,52.49236],[8.97104,52.49343],[8.97104,52.49384],[8.97064,52.49408],[8.9701,52.49408],[8.96969,52.49384],[8.96902,52.49236],[8.967,52.49088],[8.967,52.49006],[8.96875,52.48891],[8.96929,52.48768],[8.96942,52.48694],[8.96902,52.48621],[8.96929,52.48465],[8.96862,52.48383],[8.96862,52.48325],[8.96915,52.48284],[8.96915,52.48243],[8.96794,52.4821],[8.96498,52.48071],[8.96376,52.48071],[8.96269,52.4812],[8.96201,52.4821],[8.96269,52.48268],[8.96323,52.48284],[8.96471,52.48284],[8.96538,52.48317],[8.96565,52.48366],[8.96565,52.4853],[8.96713,52.48703],[8.96713,52.48867],[8.96606,52.48973],[8.96282,52.49047],[8.9608,52.49187],[8.96067,52.49236],[8.96147,52.49441],[8.9612,52.49581],[8.95945,52.49704],[8.95581,52.49794],[8.95474,52.49868],[8.9546,52.49966],[8.95487,52.49983],[8.95676,52.49974],[8.95716,52.4995],[8.95784,52.49843],[8.95837,52.49843],[8.95891,52.499],[8.95945,52.499],[8.9604,52.49835],[8.96201,52.49851],[8.96336,52.49835],[8.9639,52.49802],[8.96457,52.49663],[8.96525,52.49605],[8.96606,52.49564],[8.96686,52.49564],[8.967,52.49622],[8.96646,52.49654],[8.96646,52.4972],[8.96457,52.49843],[8.96484,52.50007],[8.96592,52.50081]],[[8.90367,52.4981],[8.90488,52.49802],[8.90569,52.49761],[8.90609,52.49712],[8.90609,52.49638],[8.90542,52.49589],[8.90407,52.49589],[8.90286,52.49654],[8.90272,52.49745],[8.90367,52.4981]],[[8.9546,52.49704],[8.95514,52.49679],[8.9577,52.49441],[8.95824,52.49449],[8.95824,52.49515],[8.95757,52.49638],[8.95811,52.49654],[8.95891,52.49597],[8.95986,52.49441],[8.95972,52.49351],[8.95905,52.49252],[8.95784,52.49343],[8.95743,52.49416],[8.95689,52.49449],[8.95608,52.49449],[8.95528,52.49482],[8.95433,52.49679],[8.9546,52.49704]],[[8.95177,52.49646],[8.95231,52.4963],[8.95339,52.49507],[8.95716,52.49318],[8.95784,52.49211],[8.95757,52.49195],[8.95649,52.49195],[8.95649,52.49179],[8.95757,52.49146],[8.95837,52.49154],[8.95878,52.49195],[8.95918,52.49179],[8.96013,52.49055],[8.96188,52.48949],[8.96255,52.48801],[8.96323,52.48809],[8.96323,52.489],[8.9635,52.48916],[8.96457,52.48908],[8.96565,52.48834],[8.96565,52.48703],[8.96525,52.48653],[8.96417,52.48588],[8.9635,52.48473],[8.96201,52.48407],[8.96067,52.48251],[8.96067,52.48104],[8.96147,52.47931],[8.96309,52.47825],[8.96376,52.47726],[8.96363,52.47587],[8.96282,52.47529],[8.96215,52.47513],[8.9612,52.47513],[8.96053,52.47554],[8.95905,52.47562],[8.95837,52.47603],[8.95797,52.47849],[8.95649,52.47989],[8.95541,52.48145],[8.95433,52.48202],[8.95218,52.48227],[8.9511,52.48325],[8.95083,52.48399],[8.95029,52.48432],[8.94813,52.48489],[8.94719,52.48571],[8.94463,52.48703],[8.94355,52.48818],[8.94396,52.48859],[8.94436,52.48859],[8.94571,52.48793],[8.94638,52.48809],[8.94679,52.48875],[8.94679,52.48949],[8.94652,52.48982],[8.94679,52.4908],[8.94611,52.49121],[8.94638,52.49162],[8.94679,52.49162],[8.94719,52.49129],[8.94786,52.49113],[8.9484,52.49055],[8.94908,52.49055],[8.94935,52.49113],[8.95002,52.49154],[8.95137,52.49162],[8.95231,52.49105],[8.95433,52.48842],[8.95501,52.48809],[8.95581,52.48793],[8.95635,52.48801],[8.95635,52.48842],[8.95595,52.4885],[8.95433,52.48965],[8.95393,52.49154],[8.95352,52.49203],[8.95083,52.49351],[8.95029,52.49408],[8.95029,52.49466],[8.9515,52.49531],[8.9515,52.4963],[8.95177,52.49646]],[[8.70276,52.49531],[8.70343,52.49531],[8.70411,52.49507],[8.70559,52.49507],[8.70586,52.49466],[8.70518,52.49425],[8.70384,52.49392],[8.70289,52.49392],[8.70276,52.49408],[8.70209,52.494],[8.70182,52.49441],[8.70249,52.49474],[8.70249,52.49515],[8.70276,52.49531]],[[8.97468,52.49499],[8.97549,52.4949],[8.97603,52.49457],[8.9763,52.49293],[8.97562,52.49236],[8.97522,52.49252],[8.97508,52.49334],[8.97441,52.49449],[8.97468,52.49499]],[[8.97118,52.48801],[8.97239,52.48801],[8.97347,52.48735],[8.9732,52.48653],[8.97171,52.48588],[8.97077,52.48588],[8.9705,52.48604],[8.97037,52.48744],[8.97118,52.48801]],[[8.70721,52.48629],[8.70855,52.48629],[8.70882,52.48612],[8.70869,52.48563],[8.70748,52.48498],[8.7068,52.48506],[8.7064,52.4853],[8.7064,52.48604],[8.70721,52.48629]],[[8.71165,52.4853],[8.71394,52.4853],[8.71421,52.48506],[8.71273,52.48448],[8.71179,52.48457],[8.71111,52.48432],[8.71031,52.48432],[8.71004,52.48465],[8.71044,52.48489],[8.71125,52.48498],[8.71165,52.4853]],[[8.94746,52.48424],[8.94827,52.4844],[8.94962,52.48391],[8.95083,52.48325],[8.95137,52.48219],[8.95285,52.48136],[8.95487,52.4794],[8.95514,52.4794],[8.95501,52.48005],[8.95339,52.48136],[8.9542,52.48153],[8.95541,52.48087],[8.95608,52.48013],[8.95635,52.4794],[8.95757,52.47816],[8.95743,52.4766],[8.95784,52.47578],[8.95878,52.47521],[8.96053,52.47521],[8.96147,52.47472],[8.96147,52.4725],[8.9612,52.47234],[8.96067,52.47258],[8.96026,52.47308],[8.95945,52.47324],[8.95837,52.47381],[8.95797,52.47447],[8.95689,52.47505],[8.95676,52.47546],[8.95555,52.47628],[8.95487,52.47759],[8.95433,52.47808],[8.95379,52.47841],[8.95285,52.47857],[8.95191,52.47907],[8.95083,52.47923],[8.95016,52.47956],[8.94975,52.4803],[8.94867,52.48104],[8.9476,52.4826],[8.94746,52.48424]],[[8.71475,52.48325],[8.7161,52.48325],[8.71718,52.48268],[8.71691,52.48219],[8.71516,52.4821],[8.71529,52.48145],[8.71489,52.48079],[8.71489,52.48005],[8.71543,52.47981],[8.71543,52.47923],[8.7161,52.47882],[8.71812,52.47882],[8.71839,52.47866],[8.71839,52.478],[8.71758,52.47734],[8.71677,52.4771],[8.71421,52.47726],[8.71273,52.47702],[8.71165,52.4771],[8.71031,52.47792],[8.70977,52.48013],[8.71084,52.48145],[8.7134,52.48235],[8.71475,52.48325]],[[8.96956,52.48194],[8.9705,52.48194],[8.97118,52.48145],[8.97118,52.48005],[8.9701,52.47849],[8.9701,52.47759],[8.96969,52.47718],[8.96915,52.47734],[8.96915,52.47759],[8.96835,52.47833],[8.96848,52.4794],[8.96781,52.48038],[8.96794,52.48112],[8.96889,52.48145],[8.96956,52.48194]],[[8.96174,52.48087],[8.96417,52.47997],[8.96552,52.47989],[8.96619,52.4794],[8.96727,52.47734],[8.96713,52.47669],[8.96457,52.4757],[8.96403,52.47587],[8.96444,52.4766],[8.96444,52.47726],[8.96403,52.478],[8.96376,52.47833],[8.96215,52.47915],[8.96161,52.47972],[8.96147,52.48071],[8.96174,52.48087]],[[8.95649,52.47488],[8.95703,52.47472],[8.95757,52.47398],[8.95851,52.4734],[8.95959,52.47316],[8.96053,52.47242],[8.96053,52.47094],[8.95986,52.46996],[8.95932,52.46963],[8.95811,52.47045],[8.95581,52.47086],[8.95487,52.4716],[8.95487,52.47225],[8.95568,52.47316],[8.95622,52.47472],[8.95649,52.47488]],[[8.85085,52.47143],[8.85139,52.47119],[8.85179,52.47061],[8.85166,52.46938],[8.85031,52.46815],[8.84963,52.4679],[8.84856,52.46782],[8.84802,52.46807],[8.84815,52.46873],[8.84896,52.4693],[8.84963,52.46946],[8.84977,52.46979],[8.85031,52.47004],[8.85058,52.47127],[8.85085,52.47143]],[[8.96754,52.46799],[8.96835,52.46766],[8.96915,52.46602],[8.9701,52.46487],[8.97023,52.46298],[8.96942,52.46166],[8.96862,52.46109],[8.96767,52.46076],[8.967,52.46002],[8.96659,52.46002],[8.96619,52.46043],[8.96633,52.46166],[8.96754,52.46322],[8.96754,52.46413],[8.96673,52.46552],[8.96659,52.46675],[8.96754,52.46799]],[[8.96579,52.46585],[8.96633,52.46544],[8.96659,52.46314],[8.96633,52.46224],[8.96579,52.46158],[8.96592,52.46076],[8.96525,52.4606],[8.96444,52.46068],[8.96376,52.46101],[8.9635,52.46166],[8.9635,52.46306],[8.9643,52.46454],[8.96579,52.46585]],[[8.77916,52.4638],[8.77997,52.4638],[8.78253,52.46183],[8.78509,52.45896],[8.7863,52.45805],[8.78725,52.45699],[8.78752,52.45641],[8.78765,52.45411],[8.78805,52.45329],[8.78805,52.45222],[8.78738,52.45181],[8.78536,52.45239],[8.78415,52.45181],[8.78293,52.45173],[8.78118,52.45247],[8.78064,52.45321],[8.78024,52.4551],[8.77943,52.456],[8.77876,52.45764],[8.77822,52.45822],[8.77647,52.45912],[8.77674,52.45961],[8.77754,52.4592],[8.77822,52.45937],[8.77822,52.45969],[8.77701,52.46011],[8.77701,52.46093],[8.77727,52.46175],[8.77862,52.46265],[8.77889,52.46298],[8.77889,52.46364],[8.77916,52.4638]],[[8.88871,52.46224],[8.891,52.46216],[8.89208,52.46142],[8.89275,52.46027],[8.89275,52.45838],[8.89221,52.45682],[8.89141,52.45584],[8.89046,52.45526],[8.88938,52.45501],[8.88858,52.4551],[8.88777,52.45551],[8.88709,52.45641],[8.88534,52.4574],[8.88494,52.45805],[8.88494,52.45879],[8.88534,52.45928],[8.88521,52.46043],[8.88575,52.46117],[8.88736,52.46199],[8.88871,52.46224]],[[8.96336,52.46101],[8.9639,52.4606],[8.96565,52.46027],[8.96633,52.45994],[8.96633,52.45912],[8.96606,52.45879],[8.96498,52.4583],[8.96417,52.4583],[8.96336,52.45879],[8.96296,52.46011],[8.96296,52.46076],[8.96336,52.46101]],[[8.96363,52.45657],[8.96403,52.45633],[8.9635,52.45584],[8.96296,52.45551],[8.96134,52.4551],[8.95999,52.45403],[8.95811,52.45452],[8.95824,52.45518],[8.95945,52.45584],[8.96269,52.45616],[8.96363,52.45657]],[[8.89989,52.45042],[8.90124,52.45042],[8.90286,52.44992],[8.90502,52.44976],[8.90569,52.4491],[8.90555,52.44861],[8.90475,52.44812],[8.89949,52.44828],[8.89855,52.44894],[8.89841,52.44984],[8.89989,52.45042]],[[8.83454,52.44409],[8.83616,52.44393],[8.83751,52.44335],[8.84007,52.44138],[8.84034,52.44097],[8.84034,52.43982],[8.83953,52.43851],[8.83953,52.4376],[8.8398,52.43719],[8.84155,52.43678],[8.84236,52.43604],[8.84222,52.4353],[8.84114,52.43473],[8.84047,52.43489],[8.8402,52.43547],[8.83966,52.43588],[8.83885,52.43596],[8.83818,52.43629],[8.83751,52.43703],[8.83562,52.43818],[8.83481,52.43892],[8.83373,52.44138],[8.83373,52.44327],[8.834,52.44385],[8.83454,52.44409]],[[8.71084,52.44089],[8.71125,52.44089],[8.71179,52.44056],[8.71246,52.44056],[8.71313,52.44023],[8.71367,52.43933],[8.71367,52.43851],[8.7134,52.43834],[8.71138,52.43851],[8.70977,52.43933],[8.70963,52.43999],[8.71084,52.44089]],[[8.80934,52.43539],[8.81069,52.43522],[8.81231,52.43432],[8.81271,52.43382],[8.81366,52.43358],[8.81473,52.43292],[8.81541,52.43161],[8.81541,52.43062],[8.8146,52.42996],[8.8146,52.42922],[8.815,52.42873],[8.81824,52.42766],[8.81932,52.42717],[8.81999,52.42659],[8.82012,52.42298],[8.8208,52.42249],[8.82012,52.42101],[8.82012,52.42027],[8.8208,52.41887],[8.82174,52.4178],[8.82215,52.41755],[8.82268,52.41755],[8.82376,52.41657],[8.82498,52.41583],[8.82727,52.41542],[8.8278,52.41501],[8.82807,52.41443],[8.82929,52.41377],[8.8301,52.41361],[8.83346,52.41353],[8.83441,52.41295],[8.83481,52.41221],[8.83468,52.41131],[8.83279,52.40999],[8.83158,52.40991],[8.83104,52.40958],[8.83037,52.40958],[8.82983,52.40983],[8.82875,52.40983],[8.82713,52.40942],[8.82457,52.40942],[8.82282,52.40975],[8.82147,52.40901],[8.81945,52.40884],[8.81891,52.40901],[8.81797,52.40975],[8.81676,52.41008],[8.81393,52.4118],[8.81366,52.41221],[8.81271,52.41229],[8.81217,52.41287],[8.81137,52.41328],[8.81029,52.41353],[8.808,52.41353],[8.80705,52.41394],[8.8053,52.41402],[8.80476,52.41435],[8.80436,52.4155],[8.80288,52.41616],[8.80247,52.41673],[8.80247,52.41755],[8.80328,52.41805],[8.80301,52.41862],[8.8022,52.41871],[8.8018,52.41846],[8.80112,52.41846],[8.80072,52.41871],[8.80059,52.41928],[8.7987,52.42018],[8.79843,52.42068],[8.79856,52.42249],[8.79937,52.42413],[8.80072,52.42479],[8.80166,52.42495],[8.80288,52.42487],[8.80598,52.42331],[8.80638,52.42273],[8.80638,52.42191],[8.80692,52.4206],[8.8084,52.41977],[8.80907,52.41969],[8.80975,52.41936],[8.81029,52.41755],[8.81164,52.41673],[8.81325,52.41509],[8.81473,52.4141],[8.81527,52.41328],[8.81622,52.41271],[8.81689,52.41262],[8.81703,52.41303],[8.81676,52.41336],[8.8146,52.41476],[8.81433,52.41525],[8.81487,52.41542],[8.81581,52.41501],[8.81662,52.41501],[8.81703,52.41525],[8.81703,52.41558],[8.81649,52.41591],[8.81446,52.41575],[8.81366,52.41608],[8.81366,52.41723],[8.81406,52.4178],[8.81393,52.41862],[8.81258,52.4192],[8.81015,52.42076],[8.80921,52.42092],[8.80854,52.42134],[8.80746,52.4224],[8.80665,52.42429],[8.80557,52.42495],[8.80153,52.42651],[8.80099,52.42651],[8.79978,52.4261],[8.79843,52.42627],[8.79708,52.42692],[8.79681,52.42742],[8.79573,52.42832],[8.79587,52.42889],[8.79547,52.42931],[8.79547,52.42972],[8.796,52.43062],[8.79722,52.43144],[8.7991,52.43218],[8.80005,52.43226],[8.80045,52.43202],[8.80059,52.43128],[8.80139,52.43087],[8.80274,52.43087],[8.80382,52.43046],[8.80544,52.43062],[8.80571,52.43103],[8.8053,52.4312],[8.8053,52.43169],[8.8049,52.43193],[8.80449,52.43292],[8.80463,52.43432],[8.8053,52.43473],[8.80678,52.43481],[8.80773,52.43514],[8.80934,52.43539]],[[8.8243,52.42684],[8.82538,52.42684],[8.82592,52.42643],[8.82686,52.4261],[8.8274,52.42487],[8.82942,52.4238],[8.8301,52.42281],[8.83077,52.4229],[8.83171,52.42364],[8.83212,52.42364],[8.83387,52.42273],[8.83575,52.42273],[8.83683,52.42249],[8.83805,52.42166],[8.83832,52.42027],[8.83764,52.41977],[8.83751,52.41879],[8.83683,52.41772],[8.8367,52.41608],[8.83616,52.41591],[8.83575,52.41517],[8.83481,52.41493],[8.83427,52.41451],[8.83293,52.4146],[8.83266,52.41435],[8.83158,52.41435],[8.83023,52.41443],[8.82929,52.41468],[8.82848,52.41534],[8.82807,52.41632],[8.8274,52.41665],[8.82713,52.41747],[8.82673,52.41755],[8.82524,52.41854],[8.82403,52.41871],[8.82228,52.41977],[8.82147,52.42068],[8.8212,52.42183],[8.82188,52.42249],[8.82188,52.42298],[8.82093,52.42355],[8.82093,52.42528],[8.82147,52.42561],[8.82282,52.42577],[8.8243,52.42684]],[[8.72688,52.42084],[8.72782,52.42084],[8.72877,52.42035],[8.72877,52.4201],[8.72755,52.41961],[8.72755,52.41912],[8.72701,52.41879],[8.72472,52.41887],[8.72391,52.41945],[8.72365,52.42018],[8.72391,52.42035],[8.72526,52.42027],[8.72688,52.42084]]]}},{"type":"Feature","properties":{"slice":"boden","kind":"niedermoor"},"geometry":{"type":"Polygon","coordinates":[[[8.4497,52.39635],[8.44876,52.3961],[8.4466,52.39594],[8.4458,52.39577],[8.44553,52.39552],[8.44997,52.39561],[8.45038,52.39577],[8.45051,52.39618],[8.4497,52.39635]]]}},{"type":"Feature","properties":{"slice":"boden","kind":"niedermoor"},"geometry":{"type":"Polygon","coordinates":[[[9.04583,52.39355],[9.04529,52.39281],[9.04354,52.39174],[9.04286,52.39051],[9.04259,52.38853],[9.043,52.38779],[9.04286,52.38599],[9.04313,52.38574],[9.0434,52.38574],[9.04367,52.38607],[9.0438,52.38664],[9.0438,52.38903],[9.0434,52.3896],[9.04354,52.39059],[9.04448,52.39191],[9.04596,52.39289],[9.0461,52.3933],[9.04583,52.39355]]]}},{"type":"Feature","properties":{"slice":"boden","kind":"niedermoor"},"geometry":{"type":"Polygon","coordinates":[[[8.92765,52.38771],[8.92738,52.38722],[8.92671,52.38689],[8.93102,52.38508],[8.93291,52.38549],[8.93574,52.38525],[8.93614,52.38557],[8.93614,52.38648],[8.9356,52.38681],[8.93089,52.38689],[8.92967,52.38648],[8.92873,52.3864],[8.92846,52.38656],[8.92846,52.38722],[8.92819,52.38755],[8.92765,52.38771]]]}},{"type":"Feature","properties":{"slice":"boden","kind":"niedermoor"},"geometry":{"type":"Polygon","coordinates":[[[8.92617,52.38566],[8.92496,52.38516],[8.92469,52.38459],[8.92482,52.38401],[8.92509,52.38401],[8.92617,52.38483],[8.92725,52.38533],[8.92765,52.38533],[8.92711,52.38557],[8.92617,52.38566]]]}},{"type":"Feature","properties":{"slice":"boden","kind":"niedermoor"},"geometry":{"type":"Polygon","coordinates":[[[8.5129,52.38409],[8.51155,52.38368],[8.51142,52.38245],[8.51169,52.3822],[8.51236,52.38253],[8.51371,52.38253],[8.51398,52.38278],[8.51398,52.38385],[8.51344,52.38409],[8.5129,52.38409]]]}},{"type":"Feature","properties":{"slice":"boden","kind":"niedermoor"},"geometry":{"type":"Polygon","coordinates":[[[9.08719,52.3864],[9.08436,52.38582],[9.08046,52.38541],[9.08019,52.38492],[9.08059,52.38434],[9.081,52.38418],[9.08194,52.38418],[9.08463,52.38549],[9.08558,52.38549],[9.08612,52.38508],[9.08638,52.38459],[9.08612,52.38401],[9.0845,52.38335],[9.08356,52.38319],[9.08288,52.38327],[9.08275,52.38294],[9.08315,52.3827],[9.08423,52.38253],[9.08571,52.38286],[9.08665,52.38245],[9.08706,52.38245],[9.088,52.38278],[9.09124,52.38302],[9.09366,52.38286],[9.09649,52.38196],[9.09663,52.38261],[9.0969,52.38278],[9.09919,52.38286],[9.0977,52.38442],[9.0973,52.38426],[9.09568,52.38426],[9.09299,52.38459],[9.09191,52.38492],[9.09002,52.38516],[9.08841,52.38566],[9.08719,52.3864]]]}},{"type":"Feature","properties":{"slice":"boden","kind":"niedermoor"},"geometry":{"type":"Polygon","coordinates":[[[8.42141,52.3822],[8.421,52.38179],[8.42114,52.38105],[8.42154,52.38047],[8.42235,52.38031],[8.42302,52.38072],[8.42302,52.38138],[8.42195,52.3822],[8.42141,52.3822]]]}},{"type":"Feature","properties":{"slice":"boden","kind":"niedermoor"},"geometry":{"type":"Polygon","coordinates":[[[8.43178,52.38294],[8.43084,52.38261],[8.4307,52.38204],[8.43097,52.38187],[8.43232,52.38179],[8.43394,52.38031],[8.43448,52.38015],[8.43556,52.38015],[8.43609,52.38064],[8.43609,52.3813],[8.43556,52.38196],[8.43394,52.38286],[8.43178,52.38294]]]}},{"type":"Feature","properties":{"slice":"boden","kind":"niedermoor"},"geometry":{"type":"Polygon","coordinates":[[[8.90609,52.38179],[8.90272,52.38015],[8.90219,52.37957],[8.90219,52.37899],[8.90299,52.37916],[8.90434,52.37998],[8.90515,52.3808],[8.90582,52.38113],[8.90623,52.38163],[8.90609,52.38179]]]}},{"type":"Feature","properties":{"slice":"boden","kind":"niedermoor"},"geometry":{"type":"Polygon","coordinates":[[[8.39001,52.38097],[8.38961,52.38072],[8.38961,52.38047],[8.39095,52.37949],[8.39324,52.3785],[8.39446,52.3785],[8.39446,52.37916],[8.39378,52.3799],[8.39149,52.3808],[8.39001,52.38097]]]}},{"type":"Feature","properties":{"slice":"boden","kind":"niedermoor"},"geometry":{"type":"Polygon","coordinates":[[[8.4268,52.38064],[8.42451,52.37973],[8.42451,52.37957],[8.42275,52.37883],[8.42248,52.3785],[8.42316,52.3785],[8.4237,52.37809],[8.4241,52.37809],[8.42451,52.37891],[8.42545,52.37949],[8.42734,52.38023],[8.42747,52.38056],[8.4268,52.38064]]]}},{"type":"Feature","properties":{"slice":"boden","kind":"niedermoor"},"geometry":{"type":"Polygon","coordinates":[[[9.07466,52.37809],[9.07318,52.37768],[9.07264,52.37718],[9.07385,52.37718],[9.07587,52.37784],[9.07587,52.37809],[9.07466,52.37809]]]}},{"type":"Feature","properties":{"slice":"boden","kind":"niedermoor"},"geometry":{"type":"Polygon","coordinates":[[[8.5222,52.38697],[8.52166,52.38673],[8.52099,52.38599],[8.51923,52.385],[8.51869,52.38385],[8.51721,52.38245],[8.51694,52.38187],[8.51762,52.38187],[8.51816,52.38212],[8.51843,52.38261],[8.51923,52.38294],[8.51991,52.38376],[8.52125,52.38376],[8.52233,52.3827],[8.52314,52.38228],[8.52381,52.3808],[8.52557,52.37973],[8.5257,52.37941],[8.52557,52.37908],[8.52489,52.37867],[8.52139,52.37809],[8.51964,52.37743],[8.51964,52.3771],[8.52624,52.37801],[8.52705,52.37875],[8.52705,52.37998],[8.5253,52.38163],[8.52355,52.38426],[8.52328,52.38508],[8.52328,52.38673],[8.52274,52.38697],[8.5222,52.38697]]]}},{"type":"Feature","properties":{"slice":"boden","kind":"niedermoor"},"geometry":{"type":"Polygon","coordinates":[[[8.43057,52.37834],[8.4303,52.37801],[8.43178,52.37751],[8.43259,52.37702],[8.43313,52.37521],[8.43407,52.37439],[8.43596,52.37389],[8.43785,52.37381],[8.43852,52.37348],[8.43892,52.37357],[8.43812,52.37644],[8.43704,52.37661],[8.43663,52.3762],[8.43663,52.37554],[8.43623,52.37529],[8.43556,52.37529],[8.43421,52.37628],[8.43326,52.3776],[8.43205,52.37817],[8.43057,52.37834]]]}},{"type":"Feature","properties":{"slice":"boden","kind":"niedermoor"},"geometry":{"type":"Polygon","coordinates":[[[8.88561,52.37431],[8.88602,52.37365],[8.88709,52.37315],[8.88925,52.37299],[8.89208,52.37208],[8.89329,52.37184],[8.89437,52.37184],[8.89383,52.37217],[8.89181,52.37258],[8.8906,52.37307],[8.88858,52.3734],[8.88709,52.3734],[8.88561,52.37431]]]}},{"type":"Feature","properties":{"slice":"boden","kind":"niedermoor"},"geometry":{"type":"Polygon","coordinates":[[[8.64751,52.37398],[8.6467,52.37357],[8.6463,52.37233],[8.64657,52.37167],[8.64765,52.37134],[8.64805,52.37143],[8.64859,52.372],[8.64886,52.37299],[8.64832,52.37381],[8.64751,52.37398]]]}},{"type":"Feature","properties":{"slice":"boden","kind":"niedermoor"},"geometry":{"type":"Polygon","coordinates":[[[8.51681,52.3706],[8.51546,52.37044],[8.51357,52.36937],[8.51169,52.36871],[8.51155,52.36789],[8.51196,52.36764],[8.51317,52.36764],[8.51411,52.36805],[8.516,52.36846],[8.51721,52.36904],[8.51748,52.36937],[8.51748,52.37003],[8.51681,52.3706]]]}},{"type":"Feature","properties":{"slice":"boden","kind":"niedermoor"},"geometry":{"type":"Polygon","coordinates":[[[8.45307,52.36575],[8.45253,52.36526],[8.45159,52.36484],[8.4493,52.36476],[8.44916,52.3646],[8.44957,52.36427],[8.4493,52.36386],[8.44687,52.36386],[8.44674,52.36345],[8.44809,52.36303],[8.44849,52.36246],[8.4489,52.36229],[8.4497,52.36238],[8.45146,52.3618],[8.45267,52.3618],[8.4528,52.36196],[8.4524,52.36229],[8.45267,52.36336],[8.45415,52.36476],[8.45509,52.36526],[8.45469,52.36558],[8.45307,52.36575]]]}},{"type":"Feature","properties":{"slice":"boden","kind":"niedermoor"},"geometry":{"type":"Polygon","coordinates":[[[8.65829,52.35925],[8.65748,52.359],[8.65721,52.35834],[8.65775,52.35785],[8.65937,52.35785],[8.65991,52.35818],[8.65991,52.35876],[8.65951,52.35908],[8.65829,52.35925]]]}},{"type":"Feature","properties":{"slice":"boden","kind":"niedermoor"},"geometry":{"type":"Polygon","coordinates":[[[8.86338,52.35793],[8.86378,52.35711],[8.86459,52.35678],[8.86769,52.35686],[8.86985,52.35645],[8.87052,52.35604],[8.87214,52.35555],[8.87429,52.35546],[8.87389,52.35604],[8.87308,52.35653],[8.87187,52.3567],[8.87092,52.35711],[8.86594,52.35711],[8.86459,52.35769],[8.86338,52.35793]]]}},{"type":"Feature","properties":{"slice":"boden","kind":"niedermoor"},"geometry":{"type":"Polygon","coordinates":[[[8.433,52.35867],[8.43273,52.35834],[8.43286,52.35777],[8.43434,52.3567],[8.43448,52.35629],[8.43529,52.35555],[8.43609,52.3553],[8.43677,52.35538],[8.43865,52.35637],[8.43852,52.35686],[8.43744,52.35736],[8.43717,52.35777],[8.43502,52.3576],[8.43367,52.35859],[8.433,52.35867]]]}},{"type":"Feature","properties":{"slice":"boden","kind":"niedermoor"},"geometry":{"type":"Polygon","coordinates":[[[8.48366,52.35925],[8.48326,52.35892],[8.48353,52.35727],[8.48258,52.3567],[8.48083,52.35629],[8.48056,52.35587],[8.48083,52.35555],[8.48231,52.35489],[8.48393,52.35464],[8.48447,52.35497],[8.48487,52.35563],[8.48541,52.35587],[8.48541,52.3567],[8.48487,52.35892],[8.48447,52.35925],[8.48366,52.35925]]]}},{"type":"Feature","properties":{"slice":"boden","kind":"niedermoor"},"geometry":{"type":"Polygon","coordinates":[[[8.46183,52.36287],[8.46062,52.36254],[8.45941,52.36172],[8.45846,52.36155],[8.45698,52.36164],[8.45604,52.36196],[8.45536,52.36196],[8.45523,52.36131],[8.45563,52.36098],[8.45685,52.36098],[8.45765,52.36073],[8.45833,52.36032],[8.45873,52.35925],[8.45914,52.35892],[8.46021,52.359],[8.46129,52.35982],[8.46304,52.35991],[8.46358,52.35974],[8.4648,52.35974],[8.46695,52.36065],[8.46816,52.36057],[8.46951,52.35966],[8.46938,52.35925],[8.46843,52.35867],[8.46776,52.35777],[8.46816,52.35686],[8.46857,52.3567],[8.47046,52.3567],[8.4714,52.35612],[8.47302,52.35612],[8.47517,52.35546],[8.47679,52.35456],[8.47679,52.35439],[8.47787,52.35456],[8.47746,52.35563],[8.47746,52.35744],[8.47787,52.35843],[8.47773,52.36155],[8.47841,52.36196],[8.47948,52.36221],[8.47975,52.36279],[8.47706,52.36287],[8.47558,52.36188],[8.47382,52.36131],[8.47221,52.36098],[8.47046,52.36098],[8.46749,52.36221],[8.46331,52.36122],[8.46304,52.36155],[8.46385,52.36213],[8.46385,52.36262],[8.46291,52.36287],[8.46183,52.36287]],[[8.47477,52.36098],[8.47544,52.36073],[8.47517,52.35958],[8.47396,52.35908],[8.47302,52.35908],[8.47288,52.35892],[8.47315,52.35876],[8.47531,52.35867],[8.47584,52.35826],[8.47571,52.35785],[8.47517,52.35752],[8.47396,52.35752],[8.47113,52.35801],[8.47046,52.35859],[8.47059,52.35982],[8.47113,52.36015],[8.47248,52.36048],[8.47302,52.36089],[8.4745,52.36081],[8.47477,52.36098]]]}},{"type":"Feature","properties":{"slice":"boden","kind":"niedermoor"},"geometry":{"type":"Polygon","coordinates":[[[8.71017,52.3548],[8.7095,52.35431],[8.7095,52.35365],[8.7099,52.35341],[8.70977,52.35225],[8.71071,52.35217],[8.71179,52.35275],[8.71327,52.35275],[8.71354,52.35365],[8.71152,52.35456],[8.71017,52.3548]]]}},{"type":"Feature","properties":{"slice":"boden","kind":"niedermoor"},"geometry":{"type":"Polygon","coordinates":[[[8.76771,52.35365],[8.76676,52.35324],[8.76623,52.3525],[8.76703,52.35069],[8.7669,52.34978],[8.76623,52.34871],[8.76649,52.34863],[8.76663,52.34822],[8.76744,52.34781],[8.76865,52.34781],[8.76932,52.34814],[8.76932,52.3488],[8.76892,52.3497],[8.76771,52.35069],[8.76744,52.35127],[8.7673,52.35275],[8.76825,52.35349],[8.76825,52.35365],[8.76771,52.35365]]]}},{"type":"Feature","properties":{"slice":"boden","kind":"niedermoor"},"geometry":{"type":"Polygon","coordinates":[[[8.47423,52.3516],[8.47355,52.35127],[8.47355,52.35069],[8.47423,52.34871],[8.47477,52.34797],[8.4749,52.34649],[8.47504,52.34624],[8.47544,52.34616],[8.47544,52.34855],[8.47598,52.34946],[8.47598,52.35028],[8.47544,52.3511],[8.47477,52.35151],[8.47423,52.3516]]]}},{"type":"Feature","properties":{"slice":"boden","kind":"niedermoor"},"geometry":{"type":"Polygon","coordinates":[[[8.84815,52.34937],[8.84775,52.34921],[8.84748,52.34855],[8.84788,52.3483],[8.84842,52.34732],[8.85004,52.3469],[8.85044,52.34666],[8.85058,52.34608],[8.85098,52.34608],[8.85125,52.34649],[8.85206,52.34633],[8.85287,52.34567],[8.85341,52.34476],[8.85462,52.34419],[8.85556,52.34419],[8.85556,52.34517],[8.85044,52.34764],[8.84923,52.34839],[8.84869,52.34921],[8.84815,52.34937]]]}},{"type":"Feature","properties":{"slice":"boden","kind":"niedermoor"},"geometry":{"type":"Polygon","coordinates":[[[8.82255,52.35209],[8.82268,52.35168],[8.82471,52.35102],[8.82861,52.35053],[8.82996,52.3502],[8.83104,52.34929],[8.8309,52.34822],[8.83023,52.34773],[8.82848,52.34699],[8.82538,52.34633],[8.82538,52.34616],[8.82322,52.34493],[8.81999,52.34452],[8.81689,52.34336],[8.81649,52.34312],[8.81581,52.34205],[8.81541,52.34188],[8.81541,52.34106],[8.81662,52.34065],[8.81783,52.34081],[8.82107,52.34221],[8.8239,52.34303],[8.82794,52.34353],[8.83023,52.34336],[8.83198,52.34353],[8.83346,52.34419],[8.83535,52.34435],[8.83575,52.34485],[8.83643,52.34526],[8.83697,52.34534],[8.83751,52.34493],[8.83764,52.34386],[8.83683,52.3432],[8.83549,52.34122],[8.83562,52.34081],[8.8367,52.34089],[8.83778,52.34196],[8.83791,52.3432],[8.83912,52.34435],[8.83899,52.34493],[8.83818,52.34592],[8.83818,52.34674],[8.83966,52.34773],[8.84317,52.34839],[8.84465,52.34937],[8.84357,52.34995],[8.8433,52.35094],[8.84155,52.35118],[8.84007,52.35077],[8.83764,52.35069],[8.83764,52.35053],[8.83562,52.34929],[8.83468,52.34921],[8.83373,52.34962],[8.83319,52.35028],[8.83212,52.35085],[8.82794,52.35118],[8.82349,52.35209],[8.82255,52.35209]]]}},{"type":"Feature","properties":{"slice":"boden","kind":"niedermoor"},"geometry":{"type":"Polygon","coordinates":[[[8.7006,52.35982],[8.69993,52.3595],[8.69953,52.35859],[8.69818,52.35694],[8.6967,52.35604],[8.69521,52.35546],[8.69373,52.35332],[8.69252,52.35258],[8.69023,52.35234],[8.68848,52.35242],[8.68672,52.35176],[8.68376,52.35151],[8.68349,52.35135],[8.68322,52.34937],[8.68363,52.34896],[8.68484,52.34871],[8.68699,52.3488],[8.68875,52.34962],[8.68996,52.3497],[8.69077,52.34954],[8.69198,52.3488],[8.694,52.3488],[8.6971,52.34699],[8.69643,52.34649],[8.69521,52.34657],[8.69508,52.34583],[8.69858,52.34485],[8.69953,52.34476],[8.7002,52.34435],[8.7002,52.3441],[8.70114,52.34369],[8.70114,52.34328],[8.7002,52.34271],[8.69953,52.34139],[8.70141,52.34221],[8.70182,52.34402],[8.70249,52.34419],[8.70289,52.34394],[8.70289,52.34279],[8.7037,52.34196],[8.7037,52.34139],[8.70303,52.34081],[8.70289,52.33966],[8.7033,52.33941],[8.70478,52.33925],[8.70478,52.33974],[8.70505,52.33982],[8.70518,52.34032],[8.70559,52.34056],[8.70653,52.34073],[8.70667,52.34114],[8.7064,52.34139],[8.70572,52.34147],[8.70505,52.34213],[8.70397,52.34254],[8.70424,52.3432],[8.70384,52.34419],[8.70384,52.34517],[8.70411,52.34559],[8.70397,52.34657],[8.70357,52.34674],[8.7033,52.34723],[8.70303,52.34723],[8.70222,52.34666],[8.70155,52.34682],[8.70141,52.3474],[8.70087,52.34781],[8.70155,52.34839],[8.70155,52.3488],[8.70087,52.3488],[8.7002,52.34839],[8.69926,52.34847],[8.69764,52.34773],[8.69683,52.34806],[8.6967,52.34839],[8.6967,52.34888],[8.69858,52.34962],[8.69885,52.35044],[8.69845,52.35332],[8.69723,52.35415],[8.69737,52.35505],[8.69804,52.35637],[8.69939,52.35801],[8.70006,52.35843],[8.70209,52.359],[8.70249,52.35933],[8.70195,52.35982],[8.7006,52.35982]]]}},{"type":"Feature","properties":{"slice":"boden","kind":"niedermoor"},"geometry":{"type":"Polygon","coordinates":[[[8.74413,52.34493],[8.74359,52.34476],[8.74345,52.3441],[8.74507,52.34336],[8.74561,52.34229],[8.74642,52.34188],[8.74723,52.34098],[8.74844,52.339],[8.74925,52.33859],[8.75019,52.33859],[8.75059,52.33875],[8.75235,52.33859],[8.75235,52.33925],[8.75167,52.33974],[8.75127,52.34056],[8.75033,52.34131],[8.7479,52.3441],[8.74682,52.34452],[8.74413,52.34493]]]}},{"type":"Feature","properties":{"slice":"boden","kind":"niedermoor"},"geometry":{"type":"Polygon","coordinates":[[[8.76178,52.34196],[8.76137,52.34155],[8.76191,52.33991],[8.76164,52.33974],[8.75962,52.33966],[8.75881,52.33884],[8.76043,52.339],[8.76151,52.33842],[8.76286,52.33818],[8.76461,52.33719],[8.76515,52.33752],[8.76515,52.33826],[8.76488,52.33851],[8.76515,52.33958],[8.76501,52.34114],[8.76461,52.34131],[8.76367,52.34131],[8.76245,52.34188],[8.76178,52.34196]]]}},{"type":"Feature","properties":{"slice":"boden","kind":"niedermoor"},"geometry":{"type":"Polygon","coordinates":[[[8.49875,52.33801],[8.49673,52.33752],[8.49633,52.33719],[8.49633,52.33645],[8.49713,52.33563],[8.49875,52.33505],[8.49956,52.33505],[8.50023,52.33538],[8.50064,52.33768],[8.5001,52.33801],[8.49875,52.33801]]]}},{"type":"Feature","properties":{"slice":"boden","kind":"niedermoor"},"geometry":{"type":"Polygon","coordinates":[[[8.5889,52.33917],[8.58795,52.33867],[8.58809,52.33842],[8.58944,52.33818],[8.59078,52.3376],[8.59361,52.33719],[8.59523,52.33612],[8.59644,52.33604],[8.59846,52.33653],[8.60076,52.33645],[8.6017,52.33628],[8.60305,52.33571],[8.60385,52.33513],[8.60399,52.33464],[8.60466,52.33488],[8.6052,52.3348],[8.60588,52.33439],[8.60655,52.33315],[8.60642,52.3325],[8.6052,52.332],[8.60844,52.33192],[8.61154,52.33134],[8.61315,52.33143],[8.61383,52.33184],[8.61396,52.3334],[8.61356,52.33497],[8.61356,52.33637],[8.61315,52.33694],[8.61221,52.33752],[8.61127,52.33735],[8.611,52.3353],[8.61046,52.33505],[8.60938,52.33505],[8.60871,52.33538],[8.60776,52.33686],[8.60709,52.33727],[8.60439,52.33744],[8.60318,52.33768],[8.59968,52.33768],[8.59698,52.33727],[8.5955,52.33735],[8.59375,52.33768],[8.59308,52.33809],[8.59078,52.33892],[8.5889,52.33917]]]}},{"type":"Feature","properties":{"slice":"boden","kind":"niedermoor"},"geometry":{"type":"Polygon","coordinates":[[[8.58512,52.33645],[8.58418,52.33604],[8.58405,52.33513],[8.58337,52.33414],[8.58472,52.33258],[8.58486,52.33184],[8.58432,52.33151],[8.58324,52.33126],[8.58351,52.33093],[8.58405,52.33093],[8.58566,52.33143],[8.58769,52.3325],[8.58998,52.33299],[8.592,52.33373],[8.592,52.3339],[8.59051,52.3339],[8.58863,52.33439],[8.58742,52.33497],[8.58728,52.3353],[8.58674,52.33554],[8.58593,52.33637],[8.58512,52.33645]]]}},{"type":"Feature","properties":{"slice":"boden","kind":"niedermoor"},"geometry":{"type":"Polygon","coordinates":[[[8.2717,52.33217],[8.27103,52.33184],[8.26968,52.33159],[8.26739,52.33159],[8.26739,52.33101],[8.2678,52.33118],[8.26887,52.33118],[8.26995,52.33093],[8.27089,52.33044],[8.27238,52.33044],[8.27359,52.33011],[8.27575,52.33003],[8.27736,52.32945],[8.27831,52.32871],[8.27898,52.32863],[8.27938,52.32838],[8.27938,52.32813],[8.28073,52.32813],[8.28154,52.32788],[8.28316,52.32681],[8.2841,52.32648],[8.28437,52.32607],[8.28477,52.32607],[8.28518,52.32648],[8.28585,52.32648],[8.28612,52.32665],[8.28558,52.32714],[8.2845,52.32714],[8.2841,52.32747],[8.28316,52.32747],[8.28208,52.32838],[8.27965,52.32887],[8.27831,52.3297],[8.27655,52.33044],[8.27224,52.33118],[8.27184,52.33143],[8.27184,52.33176],[8.27251,52.33208],[8.2717,52.33217]]]}},{"type":"Feature","properties":{"slice":"boden","kind":"niedermoor"},"geometry":{"type":"Polygon","coordinates":[[[8.3322,52.54164],[8.33113,52.54025],[8.33072,52.53894],[8.32991,52.53844],[8.32924,52.53844],[8.32735,52.53935],[8.32601,52.53959],[8.3225,52.53984],[8.32102,52.53976],[8.31846,52.53894],[8.31442,52.53623],[8.3128,52.53582],[8.31186,52.53385],[8.31024,52.53197],[8.30997,52.53131],[8.30997,52.52812],[8.30957,52.52705],[8.30849,52.52664],[8.30701,52.52664],[8.30485,52.52705],[8.30337,52.52705],[8.30256,52.52689],[8.30243,52.52664],[8.30243,52.52623],[8.30283,52.52598],[8.3062,52.52525],[8.30741,52.52435],[8.30782,52.52369],[8.30782,52.52156],[8.30741,52.52025],[8.3066,52.51902],[8.30552,52.51844],[8.30472,52.51844],[8.30337,52.51885],[8.30094,52.51885],[8.29892,52.51934],[8.2969,52.51951],[8.29259,52.52074],[8.29165,52.52131],[8.28841,52.52221],[8.28504,52.5223],[8.2841,52.52279],[8.28329,52.52287],[8.28316,52.52271],[8.28356,52.52221],[8.28396,52.52205],[8.28437,52.52139],[8.28545,52.52098],[8.28572,52.52041],[8.28518,52.51951],[8.28437,52.51885],[8.28289,52.51803],[8.28087,52.51746],[8.27736,52.51606],[8.27467,52.51541],[8.27103,52.51516],[8.27009,52.51533],[8.26941,52.51565],[8.26901,52.51713],[8.26968,52.5182],[8.2713,52.51926],[8.27224,52.52025],[8.27238,52.52164],[8.27265,52.52197],[8.27211,52.52246],[8.2713,52.52271],[8.27049,52.52262],[8.26914,52.52303],[8.26739,52.52287],[8.26739,52.52172],[8.27036,52.52164],[8.27076,52.52139],[8.26941,52.51984],[8.26739,52.51893],[8.26739,52.51451],[8.27211,52.51451],[8.27278,52.51401],[8.27467,52.51344],[8.27615,52.51344],[8.27723,52.51369],[8.27965,52.51508],[8.281,52.51508],[8.28248,52.51451],[8.28396,52.51451],[8.28464,52.51467],[8.28518,52.515],[8.28639,52.51533],[8.28747,52.51598],[8.28855,52.5168],[8.28909,52.51779],[8.2907,52.51877],[8.2934,52.51926],[8.29434,52.51926],[8.29474,52.51902],[8.29474,52.51836],[8.29515,52.5177],[8.29542,52.51738],[8.29636,52.51697],[8.29973,52.51697],[8.30525,52.51803],[8.3066,52.51795],[8.30728,52.51738],[8.30728,52.51598],[8.30647,52.51344],[8.30647,52.51147],[8.30485,52.50852],[8.30377,52.5077],[8.30323,52.50614],[8.3035,52.5045],[8.30256,52.50171],[8.30175,52.50097],[8.29838,52.50015],[8.29663,52.49917],[8.29448,52.49909],[8.29299,52.49876],[8.29138,52.49884],[8.29043,52.49909],[8.28868,52.50024],[8.2876,52.50032],[8.28652,52.50073],[8.28558,52.50081],[8.28464,52.50122],[8.28181,52.50163],[8.2814,52.50188],[8.27952,52.50179],[8.27857,52.50278],[8.27763,52.50302],[8.27669,52.50302],[8.27561,52.50335],[8.27507,52.50376],[8.27494,52.50458],[8.27399,52.50417],[8.27292,52.50425],[8.2717,52.50499],[8.27103,52.5063],[8.27049,52.5068],[8.26914,52.50721],[8.26739,52.50745],[8.26739,52.50524],[8.26793,52.50524],[8.26847,52.50565],[8.26874,52.50516],[8.26968,52.50475],[8.27089,52.50343],[8.27238,52.50278],[8.27588,52.50056],[8.27844,52.50056],[8.281,52.49983],[8.2837,52.49827],[8.28572,52.49843],[8.28679,52.49925],[8.2876,52.49925],[8.28909,52.49851],[8.2903,52.49827],[8.29394,52.49818],[8.29569,52.49851],[8.29663,52.49843],[8.29879,52.49802],[8.29946,52.49736],[8.30081,52.49663],[8.30081,52.49589],[8.3,52.49457],[8.30027,52.49302],[8.30013,52.49228],[8.29852,52.49064],[8.29838,52.48875],[8.29798,52.48801],[8.29704,52.48719],[8.29488,52.48588],[8.2872,52.4821],[8.2837,52.4812],[8.2779,52.48087],[8.27265,52.48178],[8.26941,52.48276],[8.26793,52.48276],[8.26739,52.4826],[8.26739,52.45969],[8.26766,52.45961],[8.2678,52.45822],[8.26887,52.45781],[8.26874,52.45707],[8.26968,52.45657],[8.27049,52.45575],[8.27251,52.45584],[8.27399,52.45526],[8.27898,52.45559],[8.28194,52.45723],[8.28289,52.45822],[8.28356,52.45822],[8.28396,52.45789],[8.28396,52.45682],[8.28343,52.456],[8.28248,52.45534],[8.2806,52.45485],[8.28087,52.45395],[8.28046,52.4537],[8.27763,52.45395],[8.27655,52.45362],[8.27601,52.45321],[8.27561,52.45222],[8.27642,52.45181],[8.27642,52.4514],[8.27588,52.45107],[8.27588,52.44992],[8.2748,52.44918],[8.27507,52.44787],[8.27467,52.44762],[8.27386,52.44779],[8.2717,52.44894],[8.27062,52.4491],[8.26874,52.44894],[8.26739,52.44968],[8.26739,52.44935],[8.2686,52.44894],[8.26941,52.44844],[8.26955,52.44812],[8.27049,52.44762],[8.27076,52.44762],[8.27062,52.44795],[8.26968,52.44853],[8.26995,52.44894],[8.27184,52.44861],[8.27238,52.4482],[8.27372,52.44779],[8.27507,52.44672],[8.27494,52.44516],[8.2744,52.44368],[8.27399,52.44343],[8.27265,52.44335],[8.27211,52.44302],[8.27157,52.44204],[8.27184,52.44105],[8.2713,52.44056],[8.27089,52.4404],[8.26982,52.44048],[8.26914,52.4413],[8.26793,52.44196],[8.26739,52.44278],[8.26739,52.44171],[8.26766,52.44146],[8.26739,52.43744],[8.2686,52.43818],[8.26941,52.43842],[8.27049,52.43834],[8.27116,52.43711],[8.27143,52.43703],[8.27251,52.43547],[8.27238,52.43432],[8.2717,52.43374],[8.27089,52.43358],[8.26847,52.43358],[8.26739,52.43333],[8.26739,52.4321],[8.26806,52.43251],[8.26806,52.43284],[8.26887,52.43325],[8.27116,52.43341],[8.2717,52.43325],[8.27224,52.4321],[8.27292,52.43177],[8.27345,52.43185],[8.27372,52.43136],[8.27332,52.43103],[8.27062,52.4307],[8.27062,52.43029],[8.2713,52.43021],[8.27238,52.43054],[8.27305,52.43037],[8.27305,52.42947],[8.27332,52.42906],[8.27413,52.42857],[8.2744,52.42774],[8.27521,52.42725],[8.27601,52.42627],[8.27777,52.42544],[8.27804,52.42553],[8.27777,52.4261],[8.27709,52.42643],[8.27615,52.42742],[8.27494,52.42791],[8.2748,52.42881],[8.27399,52.42922],[8.27386,52.42996],[8.2744,52.43078],[8.2744,52.43144],[8.27507,52.43202],[8.27575,52.43185],[8.27601,52.43136],[8.27696,52.43062],[8.27655,52.43021],[8.27548,52.42996],[8.27588,52.42939],[8.27709,52.42972],[8.2779,52.42963],[8.27817,52.43021],[8.27898,52.43046],[8.27992,52.42996],[8.28114,52.4298],[8.28194,52.42939],[8.28194,52.42906],[8.28073,52.42873],[8.28046,52.4284],[8.28046,52.42791],[8.281,52.42733],[8.28127,52.42783],[8.28262,52.42881],[8.28383,52.42889],[8.28464,52.42832],[8.2845,52.42799],[8.28181,52.42618],[8.28181,52.42569],[8.28208,52.42553],[8.28208,52.42372],[8.28262,52.4229],[8.28329,52.42249],[8.28383,52.42232],[8.28423,52.4224],[8.28423,52.42265],[8.28343,52.42306],[8.28343,52.42364],[8.2837,52.4238],[8.2841,52.4238],[8.28518,52.42314],[8.28626,52.42314],[8.28626,52.42331],[8.2845,52.42372],[8.28356,52.42438],[8.28356,52.42512],[8.2845,52.42585],[8.28599,52.42569],[8.28679,52.4252],[8.28706,52.42479],[8.28882,52.42479],[8.28855,52.42544],[8.28747,52.42553],[8.28706,52.42594],[8.28572,52.4261],[8.28531,52.42635],[8.28504,52.42676],[8.28504,52.42725],[8.28531,52.42742],[8.28585,52.42742],[8.28626,52.42717],[8.28639,52.42676],[8.2872,52.42659],[8.28774,52.4261],[8.28882,52.42569],[8.2903,52.42553],[8.29111,52.42479],[8.29326,52.42347],[8.29367,52.42281],[8.29474,52.42249],[8.29474,52.42216],[8.29515,52.42207],[8.29677,52.42092],[8.29677,52.42051],[8.29636,52.42035],[8.29636,52.41986],[8.29704,52.41846],[8.29906,52.41739],[8.2996,52.41657],[8.29892,52.41608],[8.29933,52.41534],[8.29919,52.41509],[8.29892,52.41493],[8.29744,52.41501],[8.29636,52.41476],[8.29569,52.41435],[8.29542,52.41369],[8.29434,52.41303],[8.29421,52.41271],[8.29474,52.41262],[8.29555,52.41312],[8.29663,52.4132],[8.2973,52.41271],[8.29744,52.41114],[8.29838,52.41114],[8.29906,52.41139],[8.29986,52.41131],[8.30067,52.4104],[8.30081,52.40884],[8.30108,52.40868],[8.30081,52.40794],[8.29946,52.4072],[8.29838,52.40613],[8.29677,52.40531],[8.29326,52.40473],[8.29218,52.40473],[8.29124,52.40506],[8.2903,52.4049],[8.29016,52.40465],[8.29165,52.40457],[8.29205,52.40432],[8.29138,52.40391],[8.2872,52.40416],[8.28585,52.40342],[8.28504,52.40334],[8.28437,52.40284],[8.28046,52.4021],[8.2779,52.40177],[8.27494,52.40186],[8.27292,52.40153],[8.27143,52.40153],[8.2686,52.40095],[8.26739,52.40103],[8.26739,52.39684],[8.26833,52.39684],[8.2686,52.39668],[8.2686,52.39643],[8.26806,52.3961],[8.26739,52.3961],[8.26739,52.39421],[8.27116,52.3924],[8.27116,52.39191],[8.26982,52.39141],[8.26941,52.39076],[8.27036,52.39051],[8.27089,52.3901],[8.2713,52.3901],[8.27157,52.39034],[8.27224,52.39034],[8.27305,52.38969],[8.27359,52.38952],[8.27494,52.3901],[8.27494,52.39043],[8.27399,52.39108],[8.27426,52.3915],[8.27494,52.39141],[8.27561,52.39108],[8.27628,52.39108],[8.27669,52.39133],[8.27669,52.39166],[8.27548,52.3924],[8.27507,52.39248],[8.27467,52.39207],[8.27413,52.39207],[8.27305,52.39256],[8.27278,52.39363],[8.27318,52.39388],[8.27453,52.39388],[8.27507,52.39372],[8.27655,52.39256],[8.27736,52.3924],[8.27857,52.39174],[8.27992,52.39182],[8.28114,52.3924],[8.28221,52.39339],[8.28221,52.39404],[8.281,52.39503],[8.27777,52.39643],[8.27777,52.39709],[8.27817,52.39733],[8.27925,52.39733],[8.27952,52.39709],[8.28033,52.39692],[8.28087,52.397],[8.28127,52.39733],[8.28087,52.39766],[8.27857,52.39832],[8.27763,52.39898],[8.2775,52.39931],[8.2779,52.39988],[8.27992,52.40095],[8.28329,52.40177],[8.28396,52.4021],[8.28504,52.40194],[8.28545,52.40227],[8.28558,52.40301],[8.28666,52.4035],[8.2876,52.40375],[8.29097,52.40358],[8.29232,52.40391],[8.29515,52.40383],[8.2969,52.40416],[8.29811,52.40457],[8.29865,52.40498],[8.29946,52.4058],[8.29986,52.40687],[8.30067,52.40745],[8.30135,52.4072],[8.30148,52.40555],[8.30229,52.40523],[8.30377,52.40506],[8.30404,52.40523],[8.30391,52.40547],[8.30243,52.40564],[8.30202,52.40588],[8.30175,52.40679],[8.30175,52.40745],[8.30216,52.40769],[8.30337,52.40794],[8.30364,52.40827],[8.30458,52.40802],[8.30472,52.40736],[8.30552,52.40736],[8.30579,52.4072],[8.30579,52.40679],[8.30512,52.40613],[8.30512,52.4058],[8.30525,52.40564],[8.30606,52.40572],[8.30741,52.4044],[8.30714,52.40317],[8.30674,52.40301],[8.30606,52.40218],[8.30445,52.4012],[8.30283,52.4007],[8.29933,52.40005],[8.29919,52.39931],[8.29852,52.39898],[8.29663,52.39898],[8.29596,52.39873],[8.29528,52.39807],[8.29421,52.39816],[8.29421,52.39791],[8.29515,52.39725],[8.29515,52.39684],[8.29488,52.39668],[8.29501,52.3961],[8.29542,52.39585],[8.29609,52.39585],[8.29636,52.39569],[8.2965,52.39413],[8.29488,52.39372],[8.29461,52.39339],[8.29488,52.39289],[8.29461,52.39273],[8.29286,52.39273],[8.29286,52.39248],[8.2934,52.39224],[8.2934,52.38911],[8.29259,52.3887],[8.29259,52.38845],[8.29367,52.38845],[8.29461,52.38738],[8.29555,52.38697],[8.29555,52.38664],[8.29488,52.38623],[8.29488,52.38566],[8.29636,52.38533],[8.2969,52.38483],[8.29838,52.38467],[8.29865,52.38451],[8.29865,52.38409],[8.29825,52.38393],[8.29784,52.38319],[8.29811,52.38286],[8.29811,52.3822],[8.29771,52.38163],[8.29811,52.3813],[8.29811,52.3808],[8.29744,52.38064],[8.2969,52.38105],[8.29636,52.38113],[8.29609,52.38089],[8.29636,52.37998],[8.29596,52.37973],[8.29501,52.37973],[8.29407,52.37949],[8.2938,52.37899],[8.29555,52.37941],[8.29811,52.37932],[8.30216,52.37718],[8.30229,52.37677],[8.30202,52.37669],[8.30202,52.37636],[8.30283,52.37636],[8.3035,52.37595],[8.30323,52.37431],[8.30216,52.37381],[8.30162,52.37332],[8.30121,52.37151],[8.30013,52.37027],[8.29946,52.36986],[8.29825,52.36962],[8.2973,52.36896],[8.29677,52.36888],[8.29582,52.36789],[8.29501,52.36789],[8.29474,52.36805],[8.29434,52.36945],[8.2938,52.36995],[8.29232,52.36978],[8.29138,52.36937],[8.29003,52.36937],[8.28922,52.36995],[8.28801,52.37019],[8.28733,52.37052],[8.28652,52.37052],[8.28599,52.37019],[8.28599,52.36945],[8.28558,52.36912],[8.28464,52.36912],[8.2841,52.36962],[8.28329,52.36962],[8.28235,52.36929],[8.28194,52.36962],[8.28127,52.36978],[8.2814,52.37085],[8.281,52.37143],[8.28127,52.3734],[8.28019,52.37365],[8.27898,52.37431],[8.27696,52.37439],[8.27615,52.37496],[8.27521,52.37472],[8.27507,52.37348],[8.27345,52.37258],[8.27332,52.37208],[8.27399,52.37159],[8.27413,52.37085],[8.27386,52.37044],[8.27332,52.37019],[8.27143,52.37027],[8.27022,52.37011],[8.26982,52.37036],[8.26955,52.37159],[8.26874,52.372],[8.26739,52.37233],[8.26739,52.3683],[8.26847,52.36912],[8.26955,52.36904],[8.26982,52.36888],[8.26968,52.36789],[8.27197,52.36649],[8.27184,52.36591],[8.27143,52.36567],[8.27062,52.36558],[8.27076,52.36493],[8.27049,52.36476],[8.27049,52.36427],[8.27076,52.36377],[8.27022,52.36328],[8.27076,52.36312],[8.2713,52.36361],[8.2717,52.36361],[8.27238,52.36328],[8.27238,52.36271],[8.27184,52.36238],[8.27076,52.36221],[8.27076,52.36164],[8.26955,52.36089],[8.26941,52.36024],[8.26968,52.36007],[8.27062,52.36015],[8.27103,52.36057],[8.27103,52.36114],[8.27184,52.36164],[8.27345,52.36213],[8.27386,52.36238],[8.27413,52.36295],[8.2748,52.36328],[8.27723,52.36369],[8.27871,52.36369],[8.27979,52.36328],[8.2806,52.36262],[8.28073,52.3618],[8.28127,52.36106],[8.28181,52.36089],[8.28208,52.36114],[8.28248,52.36114],[8.28289,52.36081],[8.28289,52.3604],[8.28235,52.35982],[8.28248,52.35859],[8.28316,52.35859],[8.28343,52.35884],[8.2841,52.35884],[8.28437,52.35867],[8.28396,52.3581],[8.28396,52.35727],[8.28437,52.35694],[8.28518,52.3567],[8.28504,52.35596],[8.28558,52.35546],[8.28585,52.35456],[8.28545,52.35217],[8.28585,52.35143],[8.2872,52.35094],[8.2872,52.35036],[8.28679,52.35011],[8.28666,52.3497],[8.28747,52.34962],[8.28787,52.34937],[8.28801,52.34871],[8.2876,52.34797],[8.28652,52.34732],[8.2841,52.34707],[8.28289,52.34666],[8.28087,52.34666],[8.27938,52.34633],[8.27992,52.34592],[8.28356,52.34526],[8.2841,52.34501],[8.2841,52.34476],[8.2837,52.34452],[8.28181,52.34443],[8.28127,52.34427],[8.2806,52.34369],[8.2806,52.34328],[8.28087,52.34312],[8.28194,52.3432],[8.28275,52.34369],[8.28383,52.34369],[8.28464,52.34328],[8.28477,52.34271],[8.28423,52.34229],[8.28275,52.34279],[8.28343,52.34188],[8.28275,52.34164],[8.28262,52.34139],[8.28343,52.34114],[8.28504,52.34106],[8.28585,52.3404],[8.28733,52.34048],[8.28895,52.33982],[8.29111,52.33982],[8.29191,52.33966],[8.2969,52.33777],[8.3004,52.3367],[8.30256,52.33678],[8.30323,52.33653],[8.30445,52.33653],[8.30499,52.3367],[8.30566,52.33744],[8.30701,52.33809],[8.30768,52.33809],[8.30808,52.33785],[8.30808,52.3376],[8.30876,52.33744],[8.3093,52.33834],[8.30984,52.33867],[8.31064,52.33867],[8.31105,52.33842],[8.31105,52.33777],[8.31159,52.3367],[8.31159,52.33365],[8.31213,52.33307],[8.31172,52.32978],[8.31213,52.3278],[8.31253,52.32714],[8.31267,52.32574],[8.31267,52.32476],[8.31226,52.32368],[8.31145,52.32294],[8.3097,52.32047],[8.30822,52.31957],[8.30687,52.31907],[8.30404,52.31841],[8.30323,52.318],[8.3004,52.31734],[8.29798,52.31594],[8.29596,52.3157],[8.29461,52.31611],[8.29474,52.3157],[8.29555,52.31537],[8.29825,52.31545],[8.30013,52.31627],[8.30067,52.31627],[8.30162,52.31561],[8.30162,52.31537],[8.30189,52.31537],[8.30202,52.31594],[8.30121,52.31635],[8.30121,52.31693],[8.30148,52.3171],[8.3031,52.31751],[8.30418,52.31751],[8.30647,52.3185],[8.30701,52.31833],[8.30674,52.31808],[8.30687,52.31784],[8.30768,52.31874],[8.31064,52.32064],[8.31159,52.32237],[8.31267,52.32327],[8.31307,52.3241],[8.31374,52.32476],[8.31374,52.32525],[8.31294,52.32648],[8.31294,52.32723],[8.3132,52.32756],[8.31294,52.32838],[8.3132,52.33143],[8.31267,52.33291],[8.3128,52.33373],[8.3124,52.33497],[8.31253,52.33694],[8.31172,52.33842],[8.31172,52.33925],[8.31199,52.33966],[8.31253,52.33999],[8.31294,52.33999],[8.31347,52.33917],[8.31496,52.33875],[8.31563,52.33875],[8.31711,52.33941],[8.31967,52.33933],[8.32142,52.33834],[8.32318,52.33834],[8.32452,52.33801],[8.32708,52.33637],[8.32735,52.33637],[8.32843,52.33686],[8.32911,52.33768],[8.32911,52.33966],[8.32951,52.3404],[8.33005,52.34073],[8.33032,52.34122],[8.33207,52.34213],[8.33207,52.34246],[8.33261,52.34271],[8.33369,52.34254],[8.33436,52.34213],[8.3353,52.34098],[8.33557,52.34081],[8.33625,52.34081],[8.33706,52.34106],[8.33732,52.34229],[8.33773,52.34254],[8.33827,52.34262],[8.33975,52.34229],[8.34177,52.34287],[8.34298,52.3441],[8.34474,52.34657],[8.34514,52.34723],[8.34514,52.34797],[8.34474,52.3483],[8.34325,52.34871],[8.33827,52.34946],[8.33652,52.35028],[8.3353,52.35036],[8.33247,52.34978],[8.33207,52.34995],[8.33193,52.36147],[8.33113,52.36106],[8.33045,52.36032],[8.33018,52.35917],[8.32897,52.35867],[8.32843,52.35785],[8.32789,52.3576],[8.32708,52.35793],[8.32601,52.35958],[8.32533,52.35958],[8.32412,52.35917],[8.32196,52.35925],[8.31806,52.35843],[8.31738,52.35777],[8.31711,52.35703],[8.31738,52.3553],[8.31684,52.35456],[8.31684,52.35349],[8.31603,52.35291],[8.31536,52.35275],[8.31347,52.35258],[8.3128,52.35291],[8.31051,52.35324],[8.30916,52.35415],[8.30849,52.3553],[8.30728,52.35612],[8.3066,52.35686],[8.3066,52.35727],[8.30714,52.35769],[8.30876,52.35793],[8.30943,52.35834],[8.3097,52.35933],[8.30876,52.35966],[8.30714,52.3595],[8.3062,52.35892],[8.30539,52.35908],[8.30566,52.36057],[8.30525,52.36164],[8.30525,52.36271],[8.30566,52.36312],[8.30566,52.3641],[8.3062,52.36468],[8.3062,52.36501],[8.30485,52.36501],[8.30445,52.36526],[8.30445,52.36633],[8.30552,52.36674],[8.3062,52.36674],[8.30647,52.36715],[8.30539,52.36723],[8.30472,52.36756],[8.30472,52.36838],[8.30552,52.36904],[8.30566,52.36945],[8.30525,52.36945],[8.30485,52.36978],[8.30485,52.3706],[8.30337,52.3711],[8.30364,52.37143],[8.30472,52.37143],[8.30593,52.37167],[8.3066,52.37225],[8.30647,52.37274],[8.30606,52.37274],[8.30499,52.37208],[8.30445,52.37225],[8.30552,52.37431],[8.30512,52.37727],[8.30485,52.37751],[8.3035,52.37784],[8.30377,52.37825],[8.3035,52.37891],[8.30243,52.37891],[8.30216,52.37908],[8.30216,52.37965],[8.30108,52.37957],[8.30067,52.37982],[8.30081,52.3808],[8.3,52.38122],[8.29986,52.38196],[8.30027,52.38245],[8.30148,52.38294],[8.30189,52.38335],[8.30148,52.38344],[8.30108,52.38319],[8.30013,52.38319],[8.29946,52.3836],[8.29946,52.38409],[8.3,52.38442],[8.3,52.38467],[8.2996,52.38492],[8.29973,52.38557],[8.29892,52.38599],[8.29852,52.38656],[8.29811,52.38664],[8.29757,52.38631],[8.29717,52.38648],[8.29744,52.38722],[8.29515,52.38985],[8.29515,52.391],[8.29569,52.39141],[8.29582,52.39199],[8.29663,52.39232],[8.29663,52.39289],[8.2969,52.39314],[8.29784,52.39339],[8.29838,52.39388],[8.29838,52.3952],[8.29865,52.39561],[8.29811,52.39594],[8.29825,52.39659],[8.29933,52.39733],[8.29973,52.39733],[8.3,52.39717],[8.29986,52.39626],[8.30027,52.39602],[8.30108,52.39594],[8.30175,52.39618],[8.30283,52.39626],[8.30296,52.39668],[8.30243,52.39717],[8.30243,52.39791],[8.30337,52.39824],[8.30323,52.39865],[8.3035,52.39939],[8.30418,52.39955],[8.30485,52.40005],[8.30593,52.39964],[8.30593,52.3989],[8.3062,52.39865],[8.30525,52.39799],[8.30525,52.39758],[8.30552,52.3975],[8.30633,52.3975],[8.30687,52.39791],[8.30687,52.39832],[8.30633,52.39865],[8.3062,52.39964],[8.30647,52.3998],[8.30714,52.3998],[8.30755,52.39947],[8.30835,52.39939],[8.30862,52.39914],[8.3097,52.39906],[8.31253,52.3975],[8.3132,52.39758],[8.31361,52.39783],[8.31334,52.39848],[8.31145,52.39955],[8.31145,52.39972],[8.31024,52.40013],[8.30849,52.40005],[8.30755,52.40021],[8.30687,52.40079],[8.30728,52.40153],[8.30916,52.40251],[8.30943,52.40358],[8.3093,52.40399],[8.30889,52.40424],[8.30889,52.40457],[8.3093,52.4049],[8.30903,52.40564],[8.30984,52.40605],[8.31051,52.40703],[8.31118,52.40703],[8.3124,52.40654],[8.3128,52.40654],[8.3132,52.40613],[8.31496,52.40621],[8.3159,52.40597],[8.31725,52.40523],[8.31859,52.40416],[8.31927,52.40399],[8.32062,52.40432],[8.32304,52.40391],[8.32493,52.40391],[8.32506,52.40416],[8.32493,52.40432],[8.32223,52.40465],[8.32089,52.40465],[8.32021,52.40449],[8.31873,52.40457],[8.31806,52.4049],[8.31684,52.40621],[8.31563,52.40671],[8.31455,52.40687],[8.31294,52.40679],[8.31267,52.40703],[8.31132,52.40736],[8.30997,52.40736],[8.30916,52.40777],[8.30755,52.40777],[8.30714,52.40819],[8.30701,52.40901],[8.30552,52.40966],[8.30404,52.40999],[8.3035,52.41049],[8.3035,52.41123],[8.30323,52.41156],[8.30202,52.4118],[8.30054,52.41271],[8.3004,52.41353],[8.30067,52.41386],[8.30067,52.41493],[8.30013,52.4155],[8.30013,52.41616],[8.30162,52.4169],[8.30162,52.41723],[8.30216,52.41747],[8.3066,52.41747],[8.30741,52.41764],[8.30741,52.41797],[8.30606,52.41813],[8.30552,52.41854],[8.30539,52.41903],[8.30499,52.41903],[8.30458,52.41871],[8.30404,52.41862],[8.30256,52.41912],[8.30202,52.41969],[8.30108,52.4201],[8.30013,52.42043],[8.29879,52.4206],[8.29852,52.42076],[8.29865,52.42117],[8.29798,52.42142],[8.29704,52.4224],[8.29542,52.42331],[8.29569,52.42372],[8.29744,52.42405],[8.29636,52.42405],[8.29582,52.4247],[8.29609,52.427],[8.2973,52.42799],[8.29528,52.42733],[8.2934,52.42725],[8.29286,52.42651],[8.29245,52.42651],[8.29191,52.42684],[8.29191,52.42733],[8.29259,52.42791],[8.29313,52.42807],[8.29582,52.42816],[8.2973,52.42857],[8.29784,52.42906],[8.29784,52.42963],[8.29704,52.42955],[8.29528,52.42848],[8.29313,52.42832],[8.29286,52.42873],[8.2934,52.42939],[8.29326,52.4298],[8.29178,52.43013],[8.29097,52.43062],[8.28935,52.4307],[8.28787,52.43161],[8.28639,52.43218],[8.28626,52.43284],[8.28666,52.43308],[8.28747,52.43276],[8.28679,52.43391],[8.28666,52.43374],[8.28693,52.43341],[8.28585,52.433],[8.28491,52.433],[8.28437,52.43325],[8.28531,52.43407],[8.28626,52.43415],[8.28585,52.43481],[8.28599,52.43547],[8.28639,52.43571],[8.28774,52.43588],[8.28855,52.43621],[8.28922,52.43596],[8.28922,52.43481],[8.2903,52.43415],[8.29097,52.43415],[8.29151,52.43465],[8.29138,52.43522],[8.28922,52.43629],[8.2872,52.4381],[8.28626,52.43851],[8.28585,52.43916],[8.28599,52.44064],[8.28693,52.44114],[8.28828,52.44097],[8.28922,52.4413],[8.28949,52.44089],[8.28882,52.43966],[8.29003,52.43941],[8.29043,52.43916],[8.29043,52.43884],[8.29084,52.43875],[8.29097,52.43916],[8.28935,52.43982],[8.28949,52.44081],[8.29043,52.44196],[8.28989,52.44163],[8.28841,52.4413],[8.28693,52.4413],[8.28599,52.44097],[8.28518,52.44163],[8.28289,52.44229],[8.28289,52.44393],[8.28316,52.44475],[8.28343,52.44541],[8.28504,52.44705],[8.28531,52.44886],[8.28599,52.44968],[8.28652,52.44984],[8.28693,52.44943],[8.28733,52.44828],[8.29043,52.44836],[8.2907,52.4482],[8.2907,52.44779],[8.28976,52.44713],[8.28976,52.44664],[8.29043,52.44606],[8.28962,52.44573],[8.28909,52.44524],[8.28949,52.44467],[8.29043,52.44401],[8.2907,52.44319],[8.29057,52.44212],[8.29097,52.44261],[8.29097,52.44385],[8.29057,52.44434],[8.28949,52.445],[8.28949,52.44541],[8.2907,52.44598],[8.29084,52.44705],[8.29124,52.44738],[8.29165,52.44738],[8.29205,52.44688],[8.29232,52.44688],[8.29272,52.44738],[8.29326,52.44721],[8.29299,52.44664],[8.29313,52.44615],[8.29474,52.44532],[8.29501,52.44491],[8.29501,52.44417],[8.29474,52.44401],[8.29474,52.44163],[8.2934,52.43949],[8.29353,52.43695],[8.29313,52.43596],[8.2938,52.4353],[8.29394,52.43448],[8.29434,52.43432],[8.2938,52.43243],[8.29407,52.43235],[8.29434,52.43251],[8.29461,52.433],[8.29474,52.43473],[8.29555,52.43489],[8.29636,52.43432],[8.29663,52.43374],[8.2965,52.43308],[8.29623,52.43292],[8.29636,52.43226],[8.29704,52.43218],[8.2973,52.43235],[8.29811,52.43235],[8.30081,52.43152],[8.30229,52.43136],[8.30243,52.43152],[8.30216,52.43161],[8.30067,52.43177],[8.29784,52.43267],[8.29704,52.43341],[8.29663,52.43456],[8.29501,52.43571],[8.29488,52.43497],[8.29448,52.43481],[8.29353,52.43571],[8.2934,52.43629],[8.2938,52.43645],[8.29461,52.43588],[8.29394,52.43654],[8.29394,52.43875],[8.29434,52.4399],[8.29488,52.44031],[8.29542,52.44122],[8.29542,52.44204],[8.29501,52.44237],[8.29515,52.44368],[8.29663,52.44491],[8.2965,52.4468],[8.29704,52.44713],[8.29744,52.44713],[8.29811,52.4468],[8.29919,52.44746],[8.29986,52.44721],[8.29986,52.4468],[8.29946,52.44647],[8.29946,52.44549],[8.30094,52.44417],[8.30108,52.44311],[8.30054,52.4427],[8.29906,52.4427],[8.29865,52.44237],[8.29865,52.44179],[8.29933,52.44056],[8.29919,52.43957],[8.29865,52.43925],[8.2965,52.43884],[8.29623,52.43851],[8.2969,52.43826],[8.29771,52.43826],[8.2996,52.43949],[8.2996,52.44072],[8.29892,52.44163],[8.29879,52.44229],[8.29906,52.44245],[8.30054,52.44245],[8.30135,52.44278],[8.30148,52.44352],[8.30081,52.44475],[8.30081,52.44549],[8.30135,52.44615],[8.30337,52.4473],[8.30283,52.4482],[8.30027,52.45091],[8.30067,52.45115],[8.30243,52.45107],[8.30323,52.4514],[8.30404,52.45321],[8.30404,52.45567],[8.30525,52.45682],[8.30566,52.4569],[8.30701,52.45608],[8.30808,52.45682],[8.31011,52.45756],[8.3124,52.45625],[8.3132,52.45666],[8.31401,52.45666],[8.31455,52.45633],[8.31455,52.45584],[8.31415,52.45526],[8.31536,52.45452],[8.31577,52.45452],[8.3159,52.45469],[8.31684,52.4546],[8.31738,52.45428],[8.31711,52.45354],[8.31792,52.45321],[8.31819,52.45321],[8.31833,52.45469],[8.319,52.4551],[8.31994,52.4551],[8.32035,52.45485],[8.32035,52.45378],[8.31954,52.45313],[8.3194,52.45263],[8.3221,52.45181],[8.32291,52.45206],[8.32237,52.4528],[8.3221,52.45469],[8.3225,52.45518],[8.32372,52.45567],[8.32412,52.45608],[8.32412,52.45649],[8.32372,52.45674],[8.32318,52.45674],[8.3225,52.45633],[8.32156,52.45633],[8.31981,52.45822],[8.32035,52.45846],[8.32116,52.45846],[8.3221,52.45838],[8.3225,52.45813],[8.32452,52.45797],[8.32547,52.45756],[8.32547,52.45715],[8.32641,52.45682],[8.32654,52.45641],[8.32708,52.45641],[8.32735,52.45674],[8.32789,52.45674],[8.3283,52.45641],[8.32762,52.45501],[8.32654,52.45444],[8.32574,52.45345],[8.32479,52.45181],[8.32506,52.45173],[8.32628,52.45206],[8.32601,52.45288],[8.32749,52.45329],[8.32924,52.45592],[8.32924,52.45641],[8.3283,52.4574],[8.32803,52.45756],[8.32628,52.45756],[8.32574,52.45789],[8.32574,52.45863],[8.32547,52.45896],[8.32479,52.45928],[8.32479,52.46043],[8.32587,52.46101],[8.32628,52.46101],[8.32668,52.46076],[8.32654,52.45986],[8.3287,52.45805],[8.32991,52.45772],[8.3314,52.45772],[8.33207,52.45789],[8.33234,52.4583],[8.33288,52.45846],[8.33449,52.45781],[8.3349,52.45699],[8.33557,52.45641],[8.33598,52.45641],[8.33638,52.45666],[8.33625,52.4583],[8.33652,52.45904],[8.33732,52.45969],[8.33827,52.45969],[8.33948,52.45904],[8.34231,52.45904],[8.34339,52.45937],[8.3446,52.46002],[8.34541,52.46002],[8.3481,52.4606],[8.34932,52.4606],[8.3508,52.46011],[8.35376,52.46011],[8.35727,52.45961],[8.35848,52.45904],[8.35902,52.45822],[8.35996,52.45781],[8.36117,52.45822],[8.36158,52.45871],[8.36252,52.45912],[8.3636,52.45994],[8.36535,52.46052],[8.36683,52.46134],[8.36913,52.46224],[8.37007,52.46306],[8.37115,52.46364],[8.37249,52.46364],[8.37317,52.46331],[8.37384,52.46322],[8.37438,52.46281],[8.37546,52.46281],[8.37586,52.46306],[8.37573,52.46979],[8.37613,52.47004],[8.37654,52.47004],[8.37748,52.46946],[8.37788,52.46889],[8.37802,52.46741],[8.37694,52.46552],[8.37734,52.46462],[8.37896,52.46413],[8.38368,52.4638],[8.38408,52.46405],[8.38408,52.46429],[8.38381,52.46487],[8.38314,52.46536],[8.38314,52.46561],[8.38368,52.46602],[8.38718,52.46634],[8.3888,52.46725],[8.38974,52.46708],[8.39324,52.46725],[8.39661,52.46831],[8.39904,52.46979],[8.40052,52.47037],[8.40416,52.47127],[8.40753,52.47234],[8.40847,52.47308],[8.40901,52.47398],[8.40995,52.47447],[8.41373,52.47546],[8.41548,52.4757],[8.41804,52.47718],[8.42127,52.47702],[8.42302,52.47866],[8.42518,52.47931],[8.42734,52.4789],[8.42814,52.47898],[8.42828,52.47923],[8.42814,52.47981],[8.42612,52.48087],[8.42585,52.4821],[8.42464,52.48489],[8.42356,52.48653],[8.42275,52.48703],[8.42127,52.48719],[8.42006,52.48678],[8.41966,52.48629],[8.41817,52.48547],[8.41817,52.48514],[8.41885,52.48481],[8.41858,52.48424],[8.41804,52.48383],[8.41723,52.48358],[8.41197,52.48465],[8.41076,52.48506],[8.41022,52.48555],[8.41049,52.48752],[8.41009,52.48809],[8.41009,52.48883],[8.41063,52.48965],[8.41197,52.49014],[8.41359,52.49023],[8.41561,52.49129],[8.41763,52.49154],[8.41979,52.49244],[8.42141,52.49261],[8.42289,52.49302],[8.42451,52.49416],[8.42626,52.49622],[8.4268,52.49736],[8.42653,52.49859],[8.414,52.49859],[8.41238,52.49843],[8.40443,52.49859],[8.36926,52.49851],[8.36926,52.49794],[8.37007,52.4963],[8.36993,52.49548],[8.37061,52.4949],[8.37061,52.49433],[8.36953,52.49318],[8.36953,52.49269],[8.37034,52.49261],[8.37088,52.49285],[8.3733,52.49302],[8.37505,52.49261],[8.37721,52.49252],[8.37815,52.49236],[8.37883,52.49195],[8.37815,52.49138],[8.3795,52.4908],[8.38004,52.49072],[8.38004,52.49121],[8.38031,52.49138],[8.38112,52.49138],[8.38166,52.49088],[8.38247,52.48834],[8.38314,52.48793],[8.38327,52.48744],[8.383,52.48735],[8.383,52.48711],[8.38233,52.48686],[8.38058,52.48752],[8.37937,52.48744],[8.37654,52.48612],[8.37667,52.48539],[8.37761,52.48522],[8.38071,52.48555],[8.38273,52.48555],[8.38381,52.48539],[8.38489,52.48489],[8.38705,52.48465],[8.38799,52.48514],[8.38826,52.48711],[8.38893,52.48777],[8.39298,52.48785],[8.39527,52.48768],[8.39554,52.48727],[8.39527,52.48711],[8.39405,52.48703],[8.39351,52.48662],[8.39351,52.48571],[8.39378,52.48555],[8.39648,52.48547],[8.39783,52.48588],[8.39877,52.48588],[8.39998,52.4853],[8.40146,52.48489],[8.40227,52.48424],[8.402,52.48169],[8.40254,52.48095],[8.40254,52.48005],[8.40066,52.47759],[8.39944,52.47669],[8.39837,52.4766],[8.39783,52.47685],[8.3981,52.47784],[8.40025,52.4789],[8.40066,52.47948],[8.40052,52.47997],[8.39998,52.48046],[8.39985,52.48136],[8.40025,52.48178],[8.40025,52.48243],[8.40079,52.48342],[8.39985,52.48276],[8.39931,52.4803],[8.3985,52.47989],[8.39702,52.47972],[8.39594,52.47898],[8.395,52.47866],[8.39257,52.47866],[8.39149,52.4794],[8.38785,52.47948],[8.38772,52.47931],[8.38651,52.47923],[8.38529,52.4789],[8.38368,52.47784],[8.38017,52.47767],[8.37829,52.47734],[8.37734,52.47685],[8.37694,52.47685],[8.37573,52.47603],[8.37411,52.47529],[8.37303,52.47496],[8.37222,52.47496],[8.37074,52.47431],[8.36966,52.47414],[8.36724,52.47422],[8.36643,52.47463],[8.3663,52.47496],[8.36656,52.47611],[8.36549,52.4766],[8.36549,52.47743],[8.3667,52.47915],[8.36697,52.48022],[8.36683,52.48071],[8.36643,52.48128],[8.36508,52.4821],[8.36212,52.4821],[8.36104,52.48194],[8.35996,52.48128],[8.35942,52.48063],[8.35996,52.47964],[8.36144,52.47825],[8.36158,52.47759],[8.36131,52.47718],[8.36023,52.4766],[8.35915,52.47521],[8.35781,52.47505],[8.35592,52.47505],[8.35511,52.47521],[8.35255,52.47496],[8.35174,52.47463],[8.35053,52.47463],[8.3477,52.47406],[8.34703,52.47373],[8.34676,52.47332],[8.34783,52.47102],[8.3481,52.47094],[8.34797,52.47053],[8.34945,52.4684],[8.35026,52.4679],[8.35147,52.46782],[8.35296,52.46741],[8.35336,52.46717],[8.35336,52.46675],[8.35296,52.46651],[8.3512,52.46667],[8.34986,52.46733],[8.34891,52.46807],[8.34824,52.46807],[8.3477,52.46831],[8.34757,52.46897],[8.34783,52.4693],[8.3473,52.47012],[8.34622,52.47037],[8.34554,52.47028],[8.34527,52.47061],[8.34298,52.47127],[8.3415,52.47201],[8.34056,52.47406],[8.34042,52.47644],[8.33988,52.47833],[8.34069,52.48005],[8.34069,52.48087],[8.34029,52.48112],[8.34002,52.48202],[8.34069,52.48309],[8.34204,52.48424],[8.34245,52.48522],[8.34245,52.48645],[8.34191,52.48744],[8.34083,52.48859],[8.33894,52.48941],[8.33867,52.48941],[8.338,52.48883],[8.33476,52.48809],[8.33261,52.48809],[8.33234,52.48834],[8.32816,52.48859],[8.32708,52.48916],[8.32668,52.48998],[8.32587,52.49039],[8.3256,52.49088],[8.32223,52.49121],[8.32102,52.49162],[8.31886,52.49179],[8.31819,52.49211],[8.31671,52.49203],[8.31644,52.49162],[8.31671,52.49088],[8.31644,52.49072],[8.31577,52.49072],[8.31496,52.49097],[8.31388,52.49187],[8.31307,52.49343],[8.31347,52.49392],[8.31199,52.49425],[8.31159,52.49449],[8.31186,52.49564],[8.31145,52.49564],[8.31064,52.49523],[8.31091,52.49499],[8.31064,52.49457],[8.30916,52.49466],[8.30808,52.49499],[8.30808,52.49622],[8.30862,52.49777],[8.30822,52.50032],[8.30835,52.50138],[8.30916,52.50188],[8.30943,52.50237],[8.31051,52.50319],[8.31051,52.50352],[8.31186,52.50491],[8.31199,52.50565],[8.31172,52.5136],[8.31145,52.51385],[8.31159,52.51475],[8.31132,52.51582],[8.31145,52.51795],[8.31091,52.52074],[8.31105,52.52844],[8.31051,52.5291],[8.31064,52.53107],[8.31132,52.53213],[8.31186,52.53254],[8.31213,52.53344],[8.3128,52.53402],[8.3132,52.53533],[8.31374,52.53566],[8.31523,52.53607],[8.31954,52.53885],[8.32048,52.53877],[8.3225,52.53894],[8.32452,52.53861],[8.32601,52.53762],[8.32601,52.53648],[8.32681,52.53607],[8.32735,52.53517],[8.33234,52.53353],[8.3322,52.54164]],[[8.3287,52.48768],[8.32978,52.48752],[8.33072,52.48686],[8.33153,52.48604],[8.3318,52.48539],[8.33234,52.48514],[8.33247,52.48432],[8.33247,52.46364],[8.33207,52.46339],[8.33072,52.46322],[8.32749,52.46339],[8.32439,52.46405],[8.32237,52.46478],[8.32102,52.46561],[8.31792,52.46881],[8.31455,52.47332],[8.31361,52.47513],[8.31334,52.47669],[8.31361,52.47775],[8.31469,52.47931],[8.31536,52.47989],[8.31738,52.48087],[8.31886,52.48186],[8.32062,52.48473],[8.32237,52.48645],[8.32345,52.48694],[8.32749,52.48727],[8.3287,52.48768]],[[8.29448,52.47849],[8.29528,52.47849],[8.29582,52.47792],[8.29555,52.47775],[8.29461,52.47775],[8.29407,52.47702],[8.29259,52.47685],[8.29232,52.4771],[8.2938,52.47784],[8.29448,52.47849]],[[8.4109,52.47833],[8.41157,52.47816],[8.41184,52.47767],[8.41184,52.47644],[8.41144,52.47619],[8.41076,52.47628],[8.40955,52.47734],[8.40968,52.47775],[8.4109,52.47833]],[[8.34056,52.46741],[8.34204,52.46741],[8.34258,52.46717],[8.34285,52.46634],[8.34218,52.46593],[8.34056,52.46585],[8.33975,52.4661],[8.33975,52.46708],[8.34056,52.46741]],[[8.2841,52.45584],[8.28652,52.45584],[8.28679,52.45567],[8.28639,52.4551],[8.28639,52.45452],[8.28693,52.45419],[8.28706,52.45378],[8.28599,52.45247],[8.28626,52.45074],[8.28491,52.44918],[8.28383,52.44902],[8.28316,52.44935],[8.28262,52.44935],[8.28114,52.44836],[8.28033,52.44836],[8.27925,52.44918],[8.27911,52.4505],[8.2806,52.45214],[8.2814,52.45272],[8.2814,52.45395],[8.281,52.45428],[8.281,52.4546],[8.28127,52.45477],[8.28181,52.45469],[8.28316,52.45559],[8.2841,52.45584]],[[8.2775,52.45362],[8.27831,52.45362],[8.27979,52.45329],[8.28087,52.45337],[8.28114,52.45296],[8.2806,52.4523],[8.27911,52.45132],[8.27857,52.45058],[8.27857,52.44902],[8.27952,52.44853],[8.27952,52.44836],[8.2779,52.44771],[8.27763,52.44713],[8.27709,52.4468],[8.27615,52.44656],[8.27588,52.44672],[8.27588,52.44918],[8.27655,52.44976],[8.27709,52.4514],[8.27655,52.45214],[8.27655,52.45272],[8.2775,52.45362]],[[8.28248,52.44861],[8.28423,52.44844],[8.28464,52.44812],[8.28464,52.44738],[8.28316,52.44565],[8.28289,52.44483],[8.28262,52.4445],[8.28208,52.44434],[8.28194,52.44401],[8.28194,52.44302],[8.28248,52.44204],[8.28235,52.44081],[8.28316,52.4404],[8.28221,52.43957],[8.28221,52.43933],[8.281,52.43859],[8.28046,52.43851],[8.28019,52.439],[8.281,52.43999],[8.28006,52.44122],[8.27952,52.44163],[8.2775,52.44163],[8.27723,52.44179],[8.27723,52.4422],[8.2779,52.44261],[8.2779,52.44311],[8.27682,52.44385],[8.27696,52.44491],[8.27642,52.44524],[8.27628,52.44598],[8.27817,52.44647],[8.27871,52.4468],[8.27925,52.44771],[8.2806,52.44771],[8.28248,52.44861]],[[8.29501,52.44705],[8.29542,52.44705],[8.29609,52.44664],[8.29609,52.44524],[8.29569,52.44483],[8.29528,52.445],[8.29501,52.44582],[8.29434,52.44606],[8.29434,52.44647],[8.29501,52.44705]],[[8.2744,52.4427],[8.2748,52.44253],[8.27494,52.44138],[8.27494,52.44072],[8.27426,52.43957],[8.27453,52.43875],[8.27575,52.43801],[8.27804,52.43727],[8.27992,52.43695],[8.28181,52.43695],[8.28221,52.43662],[8.28194,52.43629],[8.2814,52.43629],[8.28087,52.43604],[8.28114,52.43539],[8.281,52.43382],[8.28127,52.43341],[8.28316,52.43243],[8.2841,52.43111],[8.28491,52.43078],[8.28504,52.42963],[8.28477,52.42947],[8.2841,52.42947],[8.28396,52.42963],[8.28302,52.4298],[8.28221,52.43037],[8.28073,52.43054],[8.27965,52.43103],[8.27898,52.43103],[8.2779,52.43136],[8.27723,52.43202],[8.27601,52.43251],[8.2748,52.43218],[8.2744,52.43235],[8.27494,52.433],[8.27467,52.4353],[8.27305,52.43769],[8.27184,52.43859],[8.27197,52.43974],[8.27278,52.44072],[8.27305,52.44155],[8.27386,52.44196],[8.2744,52.4427]],[[8.2837,52.44155],[8.28477,52.44138],[8.28572,52.44089],[8.28558,52.43933],[8.28585,52.43859],[8.28666,52.43801],[8.28652,52.43719],[8.2872,52.43744],[8.2876,52.43703],[8.2876,52.43629],[8.28639,52.4358],[8.28612,52.43596],[8.28626,52.43604],[8.28612,52.43637],[8.28585,52.4358],[8.28545,52.43563],[8.28558,52.43506],[8.2841,52.43456],[8.2837,52.43473],[8.2837,52.43514],[8.28464,52.43547],[8.28396,52.43571],[8.28423,52.43801],[8.2841,52.43867],[8.28343,52.43949],[8.28343,52.4404],[8.2837,52.44081],[8.28343,52.44138],[8.2837,52.44155]],[[8.27224,52.43744],[8.27305,52.43711],[8.27318,52.43654],[8.27426,52.4353],[8.27413,52.43308],[8.27386,52.43292],[8.27332,52.43308],[8.27318,52.43382],[8.27305,52.43317],[8.27359,52.43218],[8.27305,52.43193],[8.27251,52.43218],[8.27197,52.43292],[8.27197,52.43366],[8.27238,52.43415],[8.27278,52.43432],[8.27318,52.43391],[8.27292,52.4353],[8.27197,52.43695],[8.27224,52.43744]],[[8.28747,52.42988],[8.28801,52.42988],[8.28841,52.42963],[8.28841,52.42931],[8.28949,52.42873],[8.29003,52.42865],[8.29097,52.42791],[8.29111,52.42725],[8.29084,52.42668],[8.28976,52.42594],[8.28882,52.42635],[8.28868,52.42725],[8.28774,52.42791],[8.28706,52.42889],[8.28706,52.42963],[8.28747,52.42988]],[[8.29191,52.42668],[8.29245,52.42635],[8.29448,52.42635],[8.29542,52.42602],[8.29528,52.4252],[8.29582,52.42421],[8.29555,52.42372],[8.29474,52.4238],[8.29299,52.4252],[8.29299,52.42553],[8.29367,52.42585],[8.29245,52.42577],[8.29165,52.4261],[8.29165,52.42651],[8.29191,52.42668]],[[8.2717,52.39832],[8.27265,52.39832],[8.27292,52.39807],[8.27399,52.39774],[8.27494,52.39709],[8.27453,52.39684],[8.27238,52.39692],[8.27184,52.39651],[8.27116,52.39635],[8.27076,52.39643],[8.27036,52.39668],[8.27036,52.39717],[8.27089,52.39783],[8.2717,52.39832]],[[8.28356,52.36929],[8.28423,52.36929],[8.28491,52.36879],[8.28477,52.36814],[8.28437,52.36789],[8.28356,52.36789],[8.28275,52.36846],[8.28289,52.36904],[8.28356,52.36929]],[[8.28774,52.35925],[8.28855,52.35925],[8.28949,52.35851],[8.2907,52.3581],[8.29043,52.35752],[8.28828,52.3562],[8.28733,52.3562],[8.28679,52.35653],[8.28652,52.35744],[8.28679,52.35867],[8.28774,52.35925]]]}},{"type":"Feature","properties":{"slice":"boden","kind":"niedermoor"},"geometry":{"type":"Polygon","coordinates":[[[8.26739,52.32863],[8.26739,52.3269],[8.26766,52.32657],[8.26739,52.325],[8.26806,52.32533],[8.2682,52.32574],[8.2686,52.32599],[8.26901,52.32599],[8.27022,52.32517],[8.27022,52.32467],[8.27076,52.32434],[8.27116,52.32319],[8.27103,52.32253],[8.26968,52.32179],[8.26887,52.32039],[8.26739,52.31965],[8.26739,52.31891],[8.26941,52.31998],[8.27103,52.32047],[8.27211,52.3213],[8.27278,52.32113],[8.27292,52.31965],[8.27211,52.31841],[8.27238,52.31743],[8.27197,52.31718],[8.2713,52.31734],[8.27036,52.31726],[8.27049,52.3171],[8.2717,52.31701],[8.27224,52.31677],[8.27224,52.3166],[8.27157,52.31635],[8.27157,52.31611],[8.27238,52.31553],[8.27251,52.31438],[8.27292,52.31438],[8.27292,52.31644],[8.27372,52.3171],[8.27345,52.31866],[8.27386,52.31924],[8.27453,52.31948],[8.27521,52.31924],[8.27561,52.31874],[8.27615,52.3171],[8.27669,52.31644],[8.2775,52.31594],[8.27925,52.31553],[8.28046,52.31479],[8.28073,52.31405],[8.2814,52.31479],[8.28262,52.31462],[8.2841,52.31479],[8.28504,52.31462],[8.28599,52.31388],[8.28626,52.31281],[8.28652,52.31306],[8.28706,52.31314],[8.28652,52.31339],[8.28626,52.31397],[8.28585,52.31413],[8.28612,52.31462],[8.2876,52.31462],[8.29043,52.31421],[8.29165,52.3143],[8.29138,52.31462],[8.28976,52.31462],[8.28882,52.31504],[8.2876,52.31504],[8.28612,52.31479],[8.28585,52.31495],[8.28626,52.3152],[8.28599,52.31578],[8.28545,52.31537],[8.28464,52.31512],[8.28316,52.31504],[8.28127,52.31537],[8.28019,52.31594],[8.27898,52.31619],[8.2775,52.31734],[8.27723,52.31792],[8.27588,52.31907],[8.27548,52.31981],[8.27372,52.32072],[8.27372,52.32212],[8.27426,52.32253],[8.27628,52.32245],[8.2775,52.32261],[8.27804,52.32245],[8.27925,52.32245],[8.27938,52.3227],[8.2779,52.32319],[8.27534,52.32319],[8.27413,52.3227],[8.27305,52.32278],[8.27251,52.32319],[8.27224,52.32401],[8.2713,52.32517],[8.27036,52.32583],[8.27036,52.32624],[8.27089,52.32648],[8.27265,52.3264],[8.27332,52.32607],[8.2744,52.32591],[8.27494,52.3255],[8.27615,52.32558],[8.27669,52.32525],[8.27763,52.32533],[8.27817,52.32574],[8.27817,52.32599],[8.27723,52.32574],[8.27507,52.32599],[8.2748,52.32616],[8.27507,52.3264],[8.27601,52.3264],[8.27588,52.32665],[8.27534,52.32673],[8.27184,52.32681],[8.27143,52.32665],[8.26995,52.32665],[8.26914,52.32714],[8.26887,52.32846],[8.26739,52.32863]]]}},{"type":"Feature","properties":{"slice":"boden","kind":"niedermoor"},"geometry":{"type":"Polygon","coordinates":[[[8.26887,52.30251],[8.26806,52.30227],[8.26739,52.30227],[8.26739,52.30062],[8.26793,52.30062],[8.26847,52.29996],[8.26901,52.30004],[8.26914,52.30045],[8.26982,52.30095],[8.26955,52.30235],[8.26887,52.30251]]]}},{"type":"Feature","properties":{"slice":"boden","kind":"niedermoor"},"geometry":{"type":"Polygon","coordinates":[[[8.2973,52.31026],[8.29677,52.31001],[8.29677,52.30968],[8.29744,52.30927],[8.2973,52.3082],[8.29865,52.30754],[8.29865,52.3068],[8.29811,52.30639],[8.2973,52.3063],[8.2969,52.30589],[8.29771,52.30564],[8.29892,52.30581],[8.2996,52.30556],[8.30027,52.30367],[8.30027,52.30293],[8.30067,52.30243],[8.29986,52.30227],[8.29879,52.30268],[8.29623,52.30293],[8.29488,52.30293],[8.29461,52.30268],[8.29501,52.30235],[8.29838,52.30235],[8.30054,52.30194],[8.30094,52.30169],[8.30094,52.3012],[8.30054,52.30095],[8.30067,52.30021],[8.3031,52.2993],[8.30377,52.29864],[8.30552,52.29864],[8.30391,52.29971],[8.30323,52.30045],[8.30283,52.30144],[8.30189,52.30202],[8.30094,52.3049],[8.30027,52.30556],[8.30027,52.30622],[8.2996,52.30729],[8.29906,52.30927],[8.29825,52.31018],[8.2973,52.31026]]]}},{"type":"Feature","properties":{"slice":"boden","kind":"niedermoor"},"geometry":{"type":"Polygon","coordinates":[[[8.95191,52.31051],[8.95096,52.30878],[8.95042,52.30713],[8.95191,52.30663],[8.95433,52.30614],[8.95784,52.30482],[8.95864,52.30433],[8.95878,52.30375],[8.95959,52.30268],[8.95959,52.30153],[8.95891,52.30021],[8.95689,52.29856],[8.95622,52.29773],[8.95635,52.29675],[8.95662,52.29658],[8.9573,52.29658],[8.95891,52.29757],[8.96094,52.29988],[8.96147,52.30153],[8.96147,52.30251],[8.96094,52.30276],[8.9612,52.30391],[8.96026,52.30466],[8.95864,52.30515],[8.9573,52.30606],[8.9542,52.30696],[8.95272,52.30721],[8.95177,52.3077],[8.9515,52.30845],[8.95245,52.31018],[8.95245,52.31034],[8.95191,52.31051]]]}},{"type":"Feature","properties":{"slice":"boden","kind":"niedermoor"},"geometry":{"type":"Polygon","coordinates":[[[8.75464,52.29551],[8.75383,52.29485],[8.75396,52.29403],[8.75531,52.29444],[8.75572,52.29485],[8.75572,52.29543],[8.75464,52.29551]]]}},{"type":"Feature","properties":{"slice":"boden","kind":"niedermoor"},"geometry":{"type":"Polygon","coordinates":[[[8.76892,52.34715],[8.76811,52.34633],[8.76649,52.34633],[8.76569,52.34592],[8.76474,52.34501],[8.76474,52.34452],[8.76569,52.34402],[8.76649,52.34271],[8.76717,52.34229],[8.76784,52.34147],[8.77229,52.33892],[8.77283,52.33834],[8.77418,52.3376],[8.77444,52.33702],[8.77377,52.33653],[8.77269,52.3362],[8.77135,52.3353],[8.77094,52.33398],[8.77,52.33357],[8.76946,52.33307],[8.76744,52.33373],[8.76609,52.33464],[8.76582,52.33513],[8.76515,52.33546],[8.76393,52.33563],[8.76272,52.3353],[8.76272,52.33447],[8.76313,52.3339],[8.76663,52.33217],[8.76798,52.33134],[8.76825,52.33077],[8.76771,52.32953],[8.76555,52.32871],[8.76353,52.32698],[8.76137,52.32648],[8.7607,52.32583],[8.76084,52.32525],[8.76272,52.325],[8.76313,52.32476],[8.76313,52.32401],[8.76286,52.32385],[8.76218,52.32401],[8.76178,52.32434],[8.76097,52.32434],[8.76191,52.3222],[8.76407,52.32204],[8.76461,52.32171],[8.76488,52.32097],[8.76596,52.32064],[8.76649,52.32023],[8.76569,52.31973],[8.76164,52.31948],[8.76016,52.31891],[8.75976,52.31891],[8.75908,52.31924],[8.75787,52.32072],[8.75679,52.32097],[8.75612,52.32163],[8.7541,52.32228],[8.74925,52.32327],[8.74588,52.32368],[8.74453,52.3236],[8.74251,52.3241],[8.7386,52.3241],[8.732,52.32566],[8.73011,52.32714],[8.72984,52.32714],[8.72836,52.32813],[8.72621,52.32871],[8.72499,52.3297],[8.72499,52.33027],[8.72553,52.33068],[8.72782,52.33143],[8.72796,52.33176],[8.72877,52.33225],[8.73079,52.332],[8.73079,52.33266],[8.72957,52.33274],[8.72499,52.33184],[8.7223,52.33184],[8.72135,52.33134],[8.72028,52.33143],[8.71947,52.33208],[8.71852,52.33381],[8.71758,52.33464],[8.71664,52.33513],[8.71637,52.33571],[8.7165,52.33735],[8.71623,52.33785],[8.71448,52.33859],[8.71475,52.33908],[8.71704,52.33941],[8.71745,52.33974],[8.71745,52.3404],[8.71596,52.34098],[8.71421,52.34114],[8.71165,52.34048],[8.71179,52.34024],[8.71408,52.34024],[8.71475,52.33999],[8.71475,52.33941],[8.71435,52.33925],[8.71381,52.33859],[8.71394,52.33768],[8.71475,52.33686],[8.71475,52.33645],[8.71408,52.33554],[8.71462,52.33439],[8.71799,52.33332],[8.71866,52.332],[8.71987,52.33085],[8.72311,52.32945],[8.72472,52.32821],[8.72688,52.32533],[8.72782,52.32459],[8.72998,52.32385],[8.73267,52.32377],[8.73456,52.32336],[8.73847,52.32336],[8.74076,52.32286],[8.74426,52.32113],[8.74669,52.31891],[8.74884,52.31784],[8.74884,52.31701],[8.7479,52.31635],[8.74318,52.31578],[8.7417,52.31512],[8.74008,52.31388],[8.73806,52.31331],[8.73618,52.31331],[8.73469,52.31364],[8.73119,52.31347],[8.72904,52.31397],[8.72634,52.31495],[8.72607,52.3152],[8.72432,52.3157],[8.71812,52.31594],[8.71381,52.31652],[8.71179,52.31701],[8.71044,52.31775],[8.70855,52.31833],[8.70815,52.31866],[8.70572,52.31932],[8.70438,52.31948],[8.70249,52.3194],[8.69979,52.31957],[8.68511,52.31965],[8.67985,52.32064],[8.67729,52.32212],[8.67554,52.32352],[8.67365,52.32566],[8.67352,52.32665],[8.67311,52.32723],[8.67325,52.32937],[8.67487,52.33101],[8.67554,52.33134],[8.67743,52.33373],[8.67783,52.33628],[8.67716,52.33727],[8.67716,52.33777],[8.67783,52.33809],[8.67864,52.33809],[8.68174,52.33702],[8.68282,52.33645],[8.68403,52.33612],[8.68511,52.33538],[8.68619,52.33505],[8.68672,52.33464],[8.69023,52.33307],[8.69481,52.33167],[8.70074,52.32945],[8.70532,52.32887],[8.70936,52.32871],[8.71071,52.32887],[8.71098,52.32953],[8.71031,52.32986],[8.70586,52.33036],[8.70451,52.33003],[8.70316,52.33003],[8.69993,52.33134],[8.69818,52.33176],[8.6971,52.33159],[8.6967,52.33192],[8.69643,52.33283],[8.69535,52.3334],[8.6878,52.33464],[8.68753,52.33497],[8.68821,52.33521],[8.68632,52.3362],[8.6843,52.3367],[8.68268,52.33752],[8.6812,52.33785],[8.67918,52.33875],[8.67702,52.33941],[8.67446,52.33949],[8.67177,52.34015],[8.67042,52.34015],[8.66988,52.33999],[8.66975,52.33925],[8.67015,52.33818],[8.67069,52.33809],[8.67123,52.33842],[8.6719,52.33851],[8.67298,52.33752],[8.675,52.33711],[8.67554,52.33678],[8.67554,52.33637],[8.67406,52.33505],[8.67325,52.33472],[8.67109,52.33324],[8.67109,52.33266],[8.6715,52.33225],[8.67258,52.33184],[8.67258,52.33134],[8.6719,52.33093],[8.6715,52.33101],[8.66826,52.33036],[8.66732,52.33036],[8.66597,52.3311],[8.66503,52.33126],[8.66341,52.33126],[8.65897,52.33077],[8.656,52.33085],[8.65344,52.33217],[8.65358,52.33291],[8.65304,52.33373],[8.64846,52.33447],[8.64684,52.33571],[8.64563,52.33604],[8.64266,52.33612],[8.64145,52.33571],[8.6401,52.33571],[8.63592,52.33645],[8.63309,52.33653],[8.63134,52.3362],[8.62784,52.33513],[8.62649,52.33497],[8.62339,52.33497],[8.62285,52.3348],[8.62285,52.33455],[8.6238,52.33423],[8.62878,52.33423],[8.63242,52.33447],[8.63404,52.33431],[8.63902,52.33315],[8.64307,52.33291],[8.64334,52.33274],[8.6432,52.33217],[8.64199,52.33176],[8.63983,52.33167],[8.63754,52.33192],[8.63539,52.33192],[8.63053,52.33134],[8.63,52.33118],[8.62878,52.33027],[8.62717,52.3297],[8.62582,52.32945],[8.62555,52.3292],[8.62555,52.32879],[8.6269,52.32879],[8.62865,52.32953],[8.63013,52.3306],[8.63175,52.3311],[8.63458,52.33118],[8.63673,52.33151],[8.63808,52.33143],[8.63875,52.33093],[8.63875,52.33027],[8.63646,52.32846],[8.63633,52.32706],[8.63673,52.32657],[8.63741,52.32665],[8.63754,52.3278],[8.63822,52.32863],[8.63902,52.32904],[8.63943,52.33011],[8.64387,52.33192],[8.64576,52.33225],[8.64697,52.33225],[8.64792,52.33184],[8.65061,52.33167],[8.65223,52.33126],[8.65263,52.33085],[8.65169,52.32953],[8.65169,52.32912],[8.65196,52.32896],[8.65385,52.32904],[8.65452,52.32887],[8.65614,52.3278],[8.66018,52.3269],[8.66072,52.32657],[8.66072,52.32624],[8.66018,52.32599],[8.65735,52.32624],[8.65317,52.32756],[8.65156,52.32772],[8.65102,52.32739],[8.65115,52.3269],[8.65169,52.3264],[8.65129,52.32574],[8.65007,52.32574],[8.649,52.32616],[8.64751,52.3264],[8.64603,52.32574],[8.6459,52.32525],[8.64643,52.32467],[8.6494,52.32451],[8.65021,52.32459],[8.65209,52.32533],[8.65344,52.32541],[8.65439,52.32476],[8.6556,52.32278],[8.65614,52.32228],[8.65681,52.32204],[8.65775,52.32204],[8.6591,52.3227],[8.66368,52.3264],[8.66584,52.32714],[8.66692,52.32731],[8.66786,52.32681],[8.66746,52.32566],[8.66759,52.32492],[8.66853,52.32426],[8.66894,52.32319],[8.67015,52.32196],[8.66988,52.32154],[8.66799,52.32064],[8.66543,52.32056],[8.66409,52.32014],[8.66355,52.31924],[8.66355,52.31833],[8.66382,52.318],[8.66422,52.31784],[8.66665,52.31775],[8.66759,52.31743],[8.66867,52.31668],[8.66934,52.31652],[8.67271,52.3166],[8.67541,52.31627],[8.6781,52.31504],[8.68174,52.31512],[8.68349,52.31405],[8.68699,52.31298],[8.69063,52.31289],[8.69373,52.31322],[8.6975,52.31331],[8.69804,52.31314],[8.69939,52.31314],[8.70047,52.31331],[8.70195,52.31397],[8.7033,52.31537],[8.70424,52.31578],[8.70451,52.31619],[8.70438,52.31668],[8.70236,52.31693],[8.70182,52.31718],[8.70168,52.31751],[8.70222,52.31775],[8.70424,52.318],[8.70586,52.318],[8.7064,52.31775],[8.70694,52.3166],[8.70842,52.31537],[8.71057,52.31512],[8.71111,52.31471],[8.71435,52.31405],[8.71596,52.31413],[8.71785,52.31487],[8.7192,52.31487],[8.72203,52.31421],[8.72284,52.31339],[8.72526,52.31331],[8.72796,52.31191],[8.73065,52.31182],[8.7324,52.31084],[8.73348,52.31075],[8.73699,52.31108],[8.74008,52.31207],[8.74143,52.31207],[8.74264,52.31116],[8.74345,52.311],[8.74413,52.31059],[8.7448,52.30911],[8.74615,52.30812],[8.74723,52.30795],[8.74938,52.30812],[8.75127,52.30729],[8.75315,52.30696],[8.75774,52.30564],[8.76232,52.3049],[8.76313,52.30441],[8.76353,52.30358],[8.76367,52.30144],[8.7642,52.30062],[8.76447,52.30062],[8.76501,52.30202],[8.76447,52.30268],[8.76461,52.30433],[8.76649,52.30564],[8.76744,52.30597],[8.76825,52.30597],[8.77081,52.30457],[8.77148,52.30383],[8.77364,52.30276],[8.77579,52.30202],[8.77633,52.30161],[8.77781,52.30194],[8.77835,52.30185],[8.77957,52.30103],[8.77957,52.30004],[8.78024,52.30029],[8.78091,52.30029],[8.78132,52.30004],[8.78145,52.29922],[8.78186,52.29881],[8.7828,52.29823],[8.78469,52.29773],[8.7863,52.29699],[8.78886,52.29493],[8.7894,52.2937],[8.79129,52.29295],[8.79452,52.29295],[8.79547,52.29337],[8.79668,52.29411],[8.79735,52.29485],[8.7987,52.29551],[8.80139,52.29584],[8.80288,52.29559],[8.80557,52.29328],[8.80692,52.29081],[8.80678,52.29023],[8.80611,52.28966],[8.80261,52.289],[8.80274,52.28793],[8.80342,52.28694],[8.80369,52.28677],[8.80476,52.28677],[8.80692,52.2876],[8.80907,52.28727],[8.81069,52.28653],[8.81083,52.28529],[8.81164,52.28496],[8.81285,52.28496],[8.81379,52.28529],[8.81649,52.28529],[8.82107,52.28496],[8.82363,52.28397],[8.82511,52.28315],[8.82619,52.28224],[8.8274,52.28183],[8.82861,52.28174],[8.82996,52.28257],[8.83037,52.28348],[8.83063,52.28537],[8.83117,52.28628],[8.83239,52.28686],[8.83683,52.28793],[8.85395,52.28793],[8.85745,52.28752],[8.86122,52.28669],[8.86109,52.28933],[8.86149,52.29015],[8.86149,52.29122],[8.86068,52.2923],[8.86055,52.29469],[8.85974,52.29592],[8.85758,52.29806],[8.85745,52.29856],[8.85583,52.29938],[8.85314,52.29979],[8.85233,52.30029],[8.85219,52.30095],[8.85112,52.3012],[8.85031,52.30161],[8.84802,52.30227],[8.84559,52.30251],[8.84317,52.30301],[8.84088,52.30383],[8.83832,52.30375],[8.8367,52.30317],[8.83549,52.30317],[8.83454,52.30342],[8.83239,52.30466],[8.83037,52.30532],[8.83037,52.30597],[8.83104,52.3068],[8.83185,52.30721],[8.83279,52.30729],[8.83279,52.30746],[8.83185,52.30754],[8.83023,52.30721],[8.82956,52.30614],[8.82888,52.30581],[8.8274,52.30606],[8.82471,52.30705],[8.82255,52.30853],[8.8212,52.30861],[8.82039,52.30911],[8.82012,52.30993],[8.81945,52.31059],[8.81945,52.31092],[8.81999,52.31133],[8.81972,52.31232],[8.82012,52.31347],[8.81918,52.31421],[8.81824,52.31421],[8.81972,52.31314],[8.81959,52.31207],[8.81918,52.31133],[8.81783,52.31026],[8.81649,52.31018],[8.81554,52.31042],[8.8146,52.311],[8.81271,52.31322],[8.81177,52.31339],[8.81096,52.31314],[8.80934,52.31314],[8.80355,52.31545],[8.79897,52.31635],[8.79735,52.31685],[8.79533,52.3171],[8.79304,52.318],[8.79088,52.31833],[8.78522,52.3185],[8.78415,52.31784],[8.78172,52.31784],[8.77862,52.31833],[8.77687,52.31899],[8.77377,52.31957],[8.77215,52.31957],[8.77162,52.3199],[8.77108,52.32088],[8.77135,52.32352],[8.77202,52.3241],[8.77256,52.32401],[8.77256,52.32443],[8.77108,52.325],[8.77067,52.32583],[8.77067,52.32657],[8.77081,52.32772],[8.77188,52.32896],[8.77431,52.33011],[8.77579,52.33036],[8.77808,52.33036],[8.77876,52.33052],[8.78051,52.33208],[8.78213,52.33307],[8.78698,52.33447],[8.79061,52.33727],[8.79223,52.33785],[8.79385,52.33818],[8.79654,52.33834],[8.79668,52.33859],[8.79573,52.33875],[8.79385,52.33875],[8.79115,52.33859],[8.78954,52.33826],[8.78684,52.33702],[8.78522,52.33661],[8.78442,52.33661],[8.78307,52.33612],[8.78199,52.33521],[8.78172,52.33406],[8.78118,52.33381],[8.78037,52.3339],[8.7801,52.33315],[8.77943,52.33266],[8.77781,52.3325],[8.7766,52.332],[8.77471,52.33192],[8.77364,52.33126],[8.77256,52.33118],[8.77202,52.33167],[8.77215,52.33283],[8.77323,52.33365],[8.77539,52.33447],[8.77606,52.33711],[8.77754,52.33801],[8.77781,52.33892],[8.77849,52.33949],[8.77849,52.34007],[8.77768,52.34089],[8.77714,52.34254],[8.77647,52.34246],[8.77593,52.34205],[8.77539,52.34205],[8.77471,52.34254],[8.77431,52.34254],[8.7735,52.34312],[8.7735,52.34493],[8.77323,52.34534],[8.77135,52.34616],[8.77013,52.34699],[8.76892,52.34715]]]}},{"type":"Feature","properties":{"slice":"boden","kind":"niedermoor"},"geometry":{"type":"Polygon","coordinates":[[[8.83427,52.28026],[8.83373,52.2801],[8.83387,52.2796],[8.83575,52.27911],[8.83683,52.27902],[8.83885,52.27853],[8.83926,52.27828],[8.84182,52.27787],[8.84397,52.27779],[8.84478,52.27787],[8.84505,52.27812],[8.84505,52.27845],[8.84451,52.27869],[8.83899,52.27902],[8.8367,52.27977],[8.83427,52.28026]]]}},{"type":"Feature","properties":{"slice":"boden","kind":"niedermoor"},"geometry":{"type":"Polygon","coordinates":[[[8.84775,52.27919],[8.84721,52.27886],[8.84734,52.27795],[8.84869,52.27762],[8.84977,52.27688],[8.85139,52.27663],[8.85219,52.27606],[8.85287,52.27589],[8.85314,52.27606],[8.85287,52.27663],[8.85152,52.27746],[8.85004,52.27804],[8.84936,52.27894],[8.84883,52.27919],[8.84775,52.27919]]]}},{"type":"Feature","properties":{"slice":"boden","kind":"niedermoor"},"geometry":{"type":"Polygon","coordinates":[[[8.87268,52.27597],[8.87052,52.27564],[8.86823,52.2749],[8.86621,52.27482],[8.86567,52.27498],[8.86432,52.27498],[8.86405,52.27465],[8.86607,52.27441],[8.86863,52.27449],[8.87052,52.27482],[8.87119,52.27523],[8.87214,52.27523],[8.87874,52.27416],[8.8817,52.274],[8.88521,52.27342],[8.88655,52.2735],[8.88629,52.274],[8.88399,52.27424],[8.8778,52.27556],[8.87268,52.27597]]]}},{"type":"Feature","properties":{"slice":"boden","kind":"niedermoor"},"geometry":{"type":"Polygon","coordinates":[[[8.89545,52.2735],[8.89477,52.27334],[8.89491,52.27284],[8.89639,52.27226],[8.8976,52.27152],[8.89828,52.27152],[8.89841,52.27193],[8.89706,52.27276],[8.89545,52.2735]]]}},{"type":"Feature","properties":{"slice":"boden","kind":"niedermoor"},"geometry":{"type":"Polygon","coordinates":[[[8.52395,52.27474],[8.52314,52.27433],[8.52233,52.27292],[8.52112,52.27152],[8.52125,52.27061],[8.52179,52.2707],[8.52247,52.27111],[8.52274,52.2716],[8.52408,52.27243],[8.52476,52.27449],[8.52395,52.27474]]]}},{"type":"Feature","properties":{"slice":"boden","kind":"niedermoor"},"geometry":{"type":"Polygon","coordinates":[[[8.66975,52.25932],[8.66921,52.25742],[8.66934,52.25692],[8.66975,52.25692],[8.67029,52.258],[8.67029,52.25874],[8.66975,52.25932]]]}},{"type":"Feature","properties":{"slice":"boden","kind":"niedermoor"},"geometry":{"type":"Polygon","coordinates":[[[8.66543,52.25643],[8.66516,52.25594],[8.66516,52.25552],[8.66543,52.25536],[8.66611,52.25536],[8.66651,52.25511],[8.66705,52.25511],[8.66759,52.2547],[8.6688,52.25453],[8.66826,52.25536],[8.66732,52.25585],[8.66705,52.25627],[8.66543,52.25643]]]}},{"type":"Feature","properties":{"slice":"boden","kind":"niedermoor"},"geometry":{"type":"Polygon","coordinates":[[[8.68942,52.23935],[8.68834,52.23812],[8.68861,52.23778],[8.68942,52.23803],[8.69009,52.23894],[8.69009,52.23919],[8.68942,52.23935]]]}},{"type":"Feature","properties":{"slice":"boden","kind":"niedermoor"},"geometry":{"type":"Polygon","coordinates":[[[8.60251,52.23605],[8.60291,52.23556],[8.60426,52.23481],[8.60453,52.2344],[8.60601,52.23374],[8.60601,52.23415],[8.60507,52.23514],[8.60385,52.2358],[8.60251,52.23605]]]}},{"type":"Feature","properties":{"slice":"boden","kind":"niedermoor"},"geometry":{"type":"Polygon","coordinates":[[[9.06348,52.23506],[9.06334,52.23473],[9.06361,52.2344],[9.06483,52.23399],[9.06577,52.23316],[9.06792,52.23283],[9.07318,52.23292],[9.07614,52.23275],[9.07682,52.23292],[9.07695,52.23366],[9.07587,52.23399],[9.07561,52.23391],[9.07547,52.23407],[9.06806,52.23399],[9.06563,52.23448],[9.06429,52.23506],[9.06348,52.23506]]]}},{"type":"Feature","properties":{"slice":"boden","kind":"niedermoor"},"geometry":{"type":"Polygon","coordinates":[[[8.45509,52.22607],[8.45361,52.22565],[8.45334,52.22524],[8.45361,52.22491],[8.45455,52.22508],[8.45536,52.22549],[8.45536,52.22598],[8.45509,52.22607]]]}},{"type":"Feature","properties":{"slice":"boden","kind":"niedermoor"},"geometry":{"type":"Polygon","coordinates":[[[8.96592,52.22021],[8.96444,52.21963],[8.96067,52.22004],[8.95986,52.22004],[8.95972,52.21963],[8.9604,52.21921],[8.96161,52.21897],[8.96754,52.21847],[8.96767,52.21905],[8.967,52.21996],[8.96659,52.22021],[8.96592,52.22021]]]}},{"type":"Feature","properties":{"slice":"boden","kind":"niedermoor"},"geometry":{"type":"Polygon","coordinates":[[[8.99907,52.21946],[8.99745,52.21913],[8.9961,52.21822],[8.99624,52.21798],[8.99732,52.21748],[8.99745,52.21715],[8.99907,52.21715],[8.99947,52.21773],[8.99961,52.2188],[8.99907,52.21946]]]}},{"type":"Feature","properties":{"slice":"boden","kind":"niedermoor"},"geometry":{"type":"Polygon","coordinates":[[[9.00944,52.21765],[9.00648,52.21707],[9.00635,52.2169],[9.00257,52.21674],[9.00244,52.21633],[9.0019,52.21608],[9.00122,52.21616],[9.00015,52.21682],[8.99934,52.21674],[8.9992,52.21641],[8.99961,52.216],[9.00069,52.21566],[9.00284,52.21575],[9.00338,52.21633],[9.00432,52.21674],[9.00567,52.21674],[9.00661,52.21616],[9.00783,52.21616],[9.00904,52.21682],[9.01012,52.21715],[9.01012,52.21748],[9.00944,52.21765]]]}},{"type":"Feature","properties":{"slice":"boden","kind":"niedermoor"},"geometry":{"type":"Polygon","coordinates":[[[8.41278,52.21525],[8.4109,52.215],[8.41063,52.21476],[8.41076,52.21459],[8.41265,52.21459],[8.41305,52.21443],[8.41494,52.21459],[8.41507,52.21476],[8.41494,52.21517],[8.41278,52.21525]]]}},{"type":"Feature","properties":{"slice":"boden","kind":"niedermoor"},"geometry":{"type":"Polygon","coordinates":[[[9.00554,52.21418],[9.00392,52.21368],[9.00338,52.21302],[9.00338,52.21261],[9.005,52.21294],[9.00594,52.21344],[9.00621,52.21401],[9.00608,52.21418],[9.00554,52.21418]]]}},{"type":"Feature","properties":{"slice":"boden","kind":"niedermoor"},"geometry":{"type":"Polygon","coordinates":[[[8.97145,52.21575],[8.97091,52.21533],[8.97091,52.21476],[8.97131,52.21426],[8.97252,52.21352],[8.97562,52.21244],[8.97643,52.21244],[8.97805,52.21302],[8.97805,52.21352],[8.97778,52.21368],[8.97562,52.21377],[8.97401,52.21418],[8.9732,52.21459],[8.97239,52.21542],[8.97185,52.21575],[8.97145,52.21575]]]}},{"type":"Feature","properties":{"slice":"boden","kind":"niedermoor"},"geometry":{"type":"Polygon","coordinates":[[[8.56464,52.21492],[8.5633,52.21467],[8.56006,52.2136],[8.55871,52.21261],[8.55831,52.21211],[8.55831,52.2117],[8.55939,52.21187],[8.5602,52.21294],[8.56114,52.21368],[8.56383,52.21426],[8.56545,52.21426],[8.56626,52.2141],[8.56815,52.21302],[8.56963,52.21253],[8.57138,52.21253],[8.57098,52.21335],[8.56949,52.21418],[8.5664,52.21492],[8.56464,52.21492]]]}},{"type":"Feature","properties":{"slice":"boden","kind":"niedermoor"},"geometry":{"type":"Polygon","coordinates":[[[8.89221,52.21121],[8.89168,52.21079],[8.89329,52.21013],[8.8945,52.21005],[8.89653,52.20956],[8.89828,52.20964],[8.89814,52.21013],[8.8968,52.21063],[8.89316,52.21121],[8.89221,52.21121]]]}},{"type":"Feature","properties":{"slice":"boden","kind":"niedermoor"},"geometry":{"type":"Polygon","coordinates":[[[9.02373,52.21682],[9.02319,52.21641],[9.02319,52.21583],[9.02265,52.21467],[9.02332,52.21418],[9.02454,52.21426],[9.02494,52.21401],[9.02467,52.21368],[9.02319,52.21319],[9.02319,52.21278],[9.02373,52.21236],[9.02346,52.21187],[9.0244,52.21178],[9.02481,52.21154],[9.02481,52.21104],[9.0244,52.21079],[9.024,52.21005],[9.02413,52.20922],[9.02454,52.20898],[9.02454,52.21005],[9.02494,52.21071],[9.02507,52.21187],[9.02561,52.21261],[9.02534,52.21344],[9.02615,52.21393],[9.02615,52.21426],[9.02534,52.21459],[9.02454,52.21459],[9.02413,52.21484],[9.024,52.21591],[9.02427,52.21674],[9.02373,52.21682]]]}},{"type":"Feature","properties":{"slice":"boden","kind":"niedermoor"},"geometry":{"type":"Polygon","coordinates":[[[8.41171,52.20889],[8.4113,52.20856],[8.41076,52.20856],[8.41076,52.20799],[8.41157,52.20741],[8.41251,52.20716],[8.41292,52.20733],[8.41292,52.20799],[8.41238,52.20873],[8.41171,52.20889]]]}},{"type":"Feature","properties":{"slice":"boden","kind":"niedermoor"},"geometry":{"type":"Polygon","coordinates":[[[9.04151,52.20807],[9.04044,52.2079],[9.04003,52.20766],[9.03976,52.20741],[9.03976,52.207],[9.04003,52.20683],[9.04084,52.20675],[9.04367,52.20716],[9.04367,52.20774],[9.0434,52.2079],[9.04151,52.20807]]]}},{"type":"Feature","properties":{"slice":"boden","kind":"niedermoor"},"geometry":{"type":"Polygon","coordinates":[[[9.03518,52.20848],[9.03572,52.20774],[9.03559,52.207],[9.03585,52.20675],[9.03761,52.20741],[9.03747,52.20757],[9.03626,52.20782],[9.03559,52.20848],[9.03518,52.20848]]]}},{"type":"Feature","properties":{"slice":"boden","kind":"niedermoor"},"geometry":{"type":"Polygon","coordinates":[[[8.33423,52.207],[8.33247,52.20691],[8.33288,52.20534],[8.33369,52.20452],[8.33436,52.20452],[8.33544,52.20501],[8.33584,52.20592],[8.33571,52.20683],[8.33423,52.207]]]}},{"type":"Feature","properties":{"slice":"boden","kind":"niedermoor"},"geometry":{"type":"Polygon","coordinates":[[[9.02885,52.20592],[9.0279,52.20567],[9.02804,52.20534],[9.02925,52.20435],[9.02993,52.20427],[9.0302,52.20444],[9.0302,52.20485],[9.02979,52.20543],[9.02885,52.20592]]]}},{"type":"Feature","properties":{"slice":"boden","kind":"niedermoor"},"geometry":{"type":"Polygon","coordinates":[[[8.35417,52.20559],[8.35417,52.20477],[8.35511,52.20411],[8.35781,52.20411],[8.35969,52.20377],[8.36064,52.20377],[8.36171,52.20402],[8.36171,52.20444],[8.35996,52.20444],[8.35835,52.20493],[8.35552,52.20518],[8.35484,52.20559],[8.35417,52.20559]]]}},{"type":"Feature","properties":{"slice":"boden","kind":"niedermoor"},"geometry":{"type":"Polygon","coordinates":[[[8.97549,52.20559],[8.97454,52.20551],[8.97401,52.2051],[8.97414,52.2046],[8.97495,52.2046],[8.97589,52.20411],[8.97562,52.20344],[8.97401,52.20278],[8.97387,52.20221],[8.97414,52.20212],[8.97481,52.20229],[8.97616,52.2032],[8.97737,52.20369],[8.97913,52.20411],[8.98155,52.20427],[8.98223,52.20468],[8.98223,52.20518],[8.98142,52.20526],[8.97872,52.20452],[8.97778,52.20452],[8.97643,52.20543],[8.97549,52.20559]]]}},{"type":"Feature","properties":{"slice":"boden","kind":"niedermoor"},"geometry":{"type":"Polygon","coordinates":[[[8.40335,52.20179],[8.40079,52.20088],[8.40052,52.20047],[8.40214,52.20047],[8.40254,52.20022],[8.40335,52.20022],[8.40389,52.20064],[8.40537,52.20105],[8.4051,52.20155],[8.40416,52.20179],[8.40335,52.20179]]]}},{"type":"Feature","properties":{"slice":"boden","kind":"niedermoor"},"geometry":{"type":"Polygon","coordinates":[[[8.36953,52.2032],[8.36886,52.20287],[8.36859,52.20204],[8.36939,52.20138],[8.37061,52.20088],[8.37195,52.19898],[8.37249,52.19882],[8.37317,52.19882],[8.37398,52.19915],[8.37519,52.20097],[8.37802,52.20254],[8.37761,52.20278],[8.37681,52.20287],[8.36953,52.2032]]]}},{"type":"Feature","properties":{"slice":"boden","kind":"niedermoor"},"geometry":{"type":"Polygon","coordinates":[[[8.50333,52.18775],[8.50239,52.18717],[8.50118,52.18536],[8.50347,52.1856],[8.50589,52.18544],[8.50522,52.18602],[8.50428,52.18742],[8.50333,52.18775]]]}},{"type":"Feature","properties":{"slice":"boden","kind":"niedermoor"},"geometry":{"type":"Polygon","coordinates":[[[8.5385,52.18222],[8.53702,52.18164],[8.53594,52.18147],[8.53594,52.18114],[8.53729,52.18098],[8.53823,52.18131],[8.53904,52.1818],[8.53904,52.18205],[8.5385,52.18222]]]}},{"type":"Feature","properties":{"slice":"boden","kind":"niedermoor"},"geometry":{"type":"Polygon","coordinates":[[[8.52462,52.1799],[8.5191,52.17949],[8.51816,52.17924],[8.516,52.17908],[8.51546,52.17891],[8.51506,52.17808],[8.51546,52.17767],[8.51586,52.17767],[8.51681,52.17709],[8.51721,52.17651],[8.51708,52.17594],[8.51816,52.17536],[8.52085,52.17536],[8.52368,52.17561],[8.52489,52.17618],[8.52557,52.17701],[8.52759,52.17792],[8.52853,52.17866],[8.52853,52.17916],[8.52745,52.17965],[8.52462,52.1799]],[[8.52355,52.17941],[8.52408,52.17924],[8.52408,52.17784],[8.52341,52.17742],[8.52179,52.17718],[8.52112,52.17676],[8.52099,52.1761],[8.52058,52.17585],[8.51923,52.17651],[8.51869,52.17643],[8.51816,52.17668],[8.51816,52.17718],[8.51937,52.17751],[8.51937,52.17775],[8.51856,52.17742],[8.51789,52.17759],[8.51789,52.178],[8.51856,52.17842],[8.51896,52.17908],[8.5195,52.17891],[8.51977,52.17842],[8.52031,52.17858],[8.52112,52.17842],[8.52112,52.17858],[8.52166,52.17875],[8.52247,52.17784],[8.5226,52.17833],[8.52233,52.17908],[8.52274,52.17924],[8.52328,52.17866],[8.52328,52.17924],[8.52355,52.17941]]]}},{"type":"Feature","properties":{"slice":"boden","kind":"niedermoor"},"geometry":{"type":"Polygon","coordinates":[[[8.60844,52.17775],[8.60776,52.17751],[8.60615,52.17742],[8.60574,52.17718],[8.60574,52.17651],[8.60642,52.17618],[8.60736,52.1761],[8.60776,52.17585],[8.60803,52.17511],[8.60871,52.17478],[8.60938,52.17561],[8.60951,52.17751],[8.60938,52.17767],[8.60844,52.17775]]]}},{"type":"Feature","properties":{"slice":"boden","kind":"niedermoor"},"geometry":{"type":"Polygon","coordinates":[[[8.55157,52.17701],[8.54807,52.17651],[8.54686,52.17602],[8.54699,52.17569],[8.54874,52.17511],[8.54969,52.17453],[8.55009,52.17379],[8.54996,52.17189],[8.55063,52.17147],[8.55144,52.17156],[8.55171,52.17337],[8.55332,52.17528],[8.55332,52.17627],[8.55306,52.17676],[8.55157,52.17701]]]}},{"type":"Feature","properties":{"slice":"boden","kind":"niedermoor"},"geometry":{"type":"Polygon","coordinates":[[[8.61046,52.17007],[8.60951,52.16957],[8.60817,52.16949],[8.6079,52.16883],[8.60844,52.16858],[8.60951,52.1685],[8.611,52.16866],[8.61207,52.16908],[8.61207,52.16949],[8.61113,52.17007],[8.61046,52.17007]]]}},{"type":"Feature","properties":{"slice":"boden","kind":"niedermoor"},"geometry":{"type":"Polygon","coordinates":[[[8.31374,52.17106],[8.31267,52.17048],[8.31226,52.16957],[8.31078,52.16792],[8.31078,52.16726],[8.31105,52.16701],[8.31159,52.16668],[8.3128,52.16643],[8.31361,52.16652],[8.31523,52.16742],[8.31698,52.17015],[8.31698,52.1704],[8.31644,52.17081],[8.31509,52.17106],[8.31374,52.17106]]]}},{"type":"Feature","properties":{"slice":"boden","kind":"niedermoor"},"geometry":{"type":"Polygon","coordinates":[[[8.44351,52.14949],[8.44014,52.14841],[8.44,52.14808],[8.44014,52.14792],[8.44202,52.14816],[8.44324,52.148],[8.44404,52.14717],[8.44445,52.14568],[8.44526,52.14552],[8.44526,52.14701],[8.44566,52.14758],[8.44485,52.14775],[8.44391,52.14833],[8.44337,52.14916],[8.44351,52.14949]]]}},{"type":"Feature","properties":{"slice":"boden","kind":"niedermoor"},"geometry":{"type":"Polygon","coordinates":[[[8.56478,52.14221],[8.56424,52.14204],[8.56437,52.14072],[8.56478,52.14056],[8.56613,52.14072],[8.56869,52.14155],[8.56855,52.14188],[8.56815,52.14188],[8.56613,52.14122],[8.56572,52.14147],[8.56545,52.14204],[8.56478,52.14221]]]}},{"type":"Feature","properties":{"slice":"boden","kind":"niedermoor"},"geometry":{"type":"Polygon","coordinates":[[[8.85785,52.13518],[8.85745,52.13493],[8.85731,52.13452],[8.85799,52.13394],[8.85893,52.13386],[8.85974,52.13485],[8.8592,52.13518],[8.85785,52.13518]]]}},{"type":"Feature","properties":{"slice":"boden","kind":"niedermoor"},"geometry":{"type":"Polygon","coordinates":[[[8.64185,52.13535],[8.64145,52.13526],[8.64118,52.1346],[8.64199,52.13394],[8.64643,52.13262],[8.64792,52.13262],[8.64873,52.13286],[8.6494,52.13286],[8.6498,52.13262],[8.65924,52.13262],[8.65883,52.13303],[8.65735,52.13328],[8.6556,52.1346],[8.65465,52.13485],[8.65223,52.13485],[8.65007,52.13394],[8.64926,52.13386],[8.64886,52.13394],[8.64819,52.13468],[8.64765,52.13485],[8.64347,52.1351],[8.64185,52.13535]]]}},{"type":"Feature","properties":{"slice":"boden","kind":"niedermoor"},"geometry":{"type":"Polygon","coordinates":[[[8.55319,52.13419],[8.55292,52.13402],[8.55319,52.13262],[8.55427,52.13262],[8.554,52.13394],[8.55319,52.13419]]]}},{"type":"Feature","properties":{"slice":"boden","kind":"niedermoor"},"geometry":{"type":"Polygon","coordinates":[[[9.07426,52.13444],[9.07318,52.13344],[9.07224,52.13295],[9.07224,52.13262],[9.07385,52.13262],[9.07385,52.13336],[9.07493,52.13435],[9.07426,52.13444]]]}},{"type":"Feature","properties":{"slice":"ura","kind":"nass"},"geometry":{"type":"Polygon","coordinates":[[[8.88696,52.38886],[8.88696,52.38878],[8.88642,52.3887],[8.88561,52.38821],[8.88548,52.38779],[8.88521,52.38771],[8.88494,52.3873],[8.88453,52.38705],[8.88426,52.38705],[8.88413,52.38689],[8.88386,52.38689],[8.88305,52.38631],[8.88278,52.38631],[8.88211,52.3859],[8.88184,52.3859],[8.88157,52.38566],[8.8813,52.38566],[8.88049,52.38516],[8.88049,52.385],[8.88022,52.38492],[8.88022,52.38475],[8.87995,52.38459],[8.87968,52.3836],[8.87955,52.3836],[8.87955,52.38253],[8.87941,52.38253],[8.87914,52.38138],[8.87887,52.38122],[8.87874,52.3808],[8.87793,52.38023],[8.87793,52.38006],[8.87726,52.37973],[8.87726,52.37957],[8.87672,52.37908],[8.87658,52.3785],[8.87645,52.3785],[8.87645,52.37768],[8.87658,52.37768],[8.87685,52.3757],[8.87672,52.3757],[8.87658,52.37496],[8.87645,52.37496],[8.87645,52.37472],[8.87618,52.37447],[8.87618,52.37398],[8.87631,52.37398],[8.87618,52.37258],[8.87577,52.37217],[8.87551,52.37126],[8.87537,52.37126],[8.87524,52.37093],[8.87416,52.37027],[8.87389,52.37027],[8.87348,52.37003],[8.87308,52.36921],[8.87254,52.36888],[8.87254,52.36871],[8.87227,52.36855],[8.87146,52.36838],[8.87079,52.36789],[8.87106,52.36707],[8.87119,52.36707],[8.87119,52.36616],[8.87106,52.36616],[8.87079,52.36534],[8.86971,52.36468],[8.86944,52.36468],[8.86904,52.36443],[8.86782,52.3641],[8.86675,52.36345],[8.86607,52.36254],[8.8658,52.36246],[8.8658,52.36229],[8.8654,52.36205],[8.86392,52.36164],[8.86378,52.36147],[8.86109,52.36106],[8.86109,52.36098],[8.86028,52.36081],[8.86014,52.36065],[8.85987,52.36065],[8.85907,52.35999],[8.85866,52.35908],[8.85839,52.359],[8.85812,52.35859],[8.85772,52.35843],[8.85772,52.3581],[8.85799,52.35801],[8.85799,52.35785],[8.85583,52.35653],[8.85489,52.35662],[8.85448,52.35678],[8.85354,52.35653],[8.85341,52.35587],[8.85381,52.35546],[8.85381,52.35497],[8.85368,52.35497],[8.85368,52.35472],[8.85354,52.35472],[8.85354,52.35456],[8.85327,52.35439],[8.85327,52.35406],[8.85314,52.35406],[8.85314,52.35324],[8.85287,52.35308],[8.85287,52.35275],[8.85314,52.35258],[8.85408,52.35283],[8.85529,52.35357],[8.85529,52.35374],[8.85731,52.35489],[8.85731,52.35505],[8.85772,52.35522],[8.85812,52.35579],[8.8588,52.3562],[8.85987,52.35645],[8.86001,52.35662],[8.86055,52.3567],[8.86068,52.35686],[8.86095,52.35686],[8.86136,52.35711],[8.86136,52.35727],[8.86163,52.35736],[8.86163,52.3576],[8.86203,52.35793],[8.86203,52.35818],[8.8623,52.35834],[8.8623,52.35867],[8.8627,52.359],[8.86284,52.3595],[8.86297,52.3595],[8.86324,52.35999],[8.86378,52.36032],[8.86648,52.36089],[8.86661,52.36106],[8.86729,52.36122],[8.86809,52.3618],[8.86836,52.3618],[8.86863,52.36205],[8.8689,52.36205],[8.87079,52.36336],[8.87106,52.36336],[8.87133,52.36353],[8.87187,52.36353],[8.87187,52.36361],[8.87281,52.36377],[8.87308,52.36394],[8.87308,52.3641],[8.87321,52.3641],[8.87321,52.36468],[8.87308,52.36468],[8.87321,52.36534],[8.87375,52.36591],[8.87456,52.36781],[8.87577,52.36855],[8.87631,52.36855],[8.87631,52.36863],[8.87739,52.36855],[8.8778,52.36871],[8.8778,52.36912],[8.87726,52.36945],[8.87672,52.36953],[8.87631,52.36978],[8.87618,52.37011],[8.87631,52.37011],[8.87645,52.37052],[8.87834,52.37167],[8.87834,52.37192],[8.87847,52.37192],[8.8786,52.37241],[8.87874,52.37241],[8.87874,52.37274],[8.87887,52.37274],[8.87887,52.37307],[8.87901,52.37307],[8.87914,52.37381],[8.87955,52.37422],[8.87982,52.37505],[8.88009,52.37529],[8.88009,52.3757],[8.88022,52.3757],[8.88009,52.3762],[8.87955,52.37653],[8.87955,52.37669],[8.87928,52.37677],[8.87928,52.37694],[8.87901,52.37702],[8.87901,52.37718],[8.87874,52.37735],[8.87874,52.37809],[8.87887,52.37809],[8.87901,52.37875],[8.88022,52.37965],[8.8817,52.37998],[8.88265,52.38047],[8.88332,52.38056],[8.88346,52.38072],[8.88372,52.38072],[8.88413,52.38097],[8.88413,52.38113],[8.88453,52.38138],[8.8844,52.38196],[8.88359,52.38237],[8.88359,52.38253],[8.88305,52.38302],[8.88305,52.38327],[8.88292,52.38327],[8.88292,52.38434],[8.88305,52.38434],[8.88305,52.38459],[8.88319,52.38459],[8.88319,52.38483],[8.88346,52.38492],[8.88346,52.38508],[8.88467,52.38582],[8.88494,52.38582],[8.88507,52.38599],[8.88534,52.38599],[8.88548,52.38615],[8.88575,52.38615],[8.88588,52.38631],[8.88615,52.38631],[8.88629,52.38648],[8.88655,52.38648],[8.88669,52.38664],[8.88696,52.38664],[8.88709,52.38681],[8.88763,52.38689],[8.88777,52.38705],[8.88831,52.38714],[8.88871,52.38738],[8.88911,52.38738],[8.88952,52.38755],[8.891,52.38747],[8.891,52.38738],[8.89181,52.3873],[8.89208,52.38714],[8.89343,52.38697],[8.89343,52.38689],[8.89424,52.38681],[8.8945,52.38664],[8.89531,52.38656],[8.89531,52.38648],[8.89626,52.38631],[8.89706,52.38599],[8.89747,52.38599],[8.89855,52.38557],[8.89949,52.38549],[8.9003,52.385],[8.90165,52.38483],[8.90165,52.38475],[8.90434,52.38459],[8.90434,52.38451],[8.90555,52.38434],[8.90704,52.38376],[8.90825,52.38385],[8.90865,52.38409],[8.90879,52.38442],[8.90919,52.38467],[8.9096,52.38467],[8.90987,52.38492],[8.91175,52.38508],[8.91175,52.38516],[8.91297,52.38525],[8.91297,52.38533],[8.91364,52.38533],[8.91364,52.38541],[8.91418,52.38541],[8.91418,52.38549],[8.91458,52.38549],[8.91458,52.38557],[8.91499,52.38557],[8.91499,52.38566],[8.91539,52.38566],[8.91579,52.38582],[8.91674,52.38582],[8.91674,52.3859],[8.9197,52.38582],[8.9197,52.3859],[8.92186,52.38607],[8.92186,52.38615],[8.92388,52.38599],[8.92428,52.38582],[8.92482,52.38582],[8.92523,52.38566],[8.92657,52.38549],[8.92657,52.38541],[8.92738,52.38525],[8.92752,52.38508],[8.92819,52.385],[8.92873,52.38475],[8.92913,52.38475],[8.93021,52.38434],[8.9317,52.38418],[8.93264,52.38385],[8.93318,52.38385],[8.93318,52.38376],[8.93372,52.38376],[8.93372,52.38368],[8.93426,52.38368],[8.93426,52.3836],[8.93655,52.3836],[8.93655,52.38368],[8.93695,52.38368],[8.93695,52.38376],[8.93735,52.38376],[8.93762,52.38393],[8.93897,52.38409],[8.93897,52.38418],[8.94032,52.38418],[8.94072,52.38401],[8.94301,52.38418],[8.94396,52.38376],[8.94409,52.38327],[8.9445,52.38294],[8.94477,52.38294],[8.94517,52.3827],[8.94571,52.3827],[8.94598,52.38253],[8.94679,52.3813],[8.94908,52.38097],[8.94935,52.3808],[8.94935,52.38064],[8.94962,52.38056],[8.94962,52.38031],[8.95002,52.37998],[8.95069,52.37998],[8.95137,52.38023],[8.95245,52.38023],[8.95245,52.38031],[8.95299,52.38023],[8.95339,52.38039],[8.95339,52.38072],[8.95366,52.38089],[8.95595,52.38064],[8.95649,52.38097],[8.95703,52.38105],[8.95743,52.3808],[8.95757,52.38047],[8.95824,52.38006],[8.96147,52.38006],[8.96147,52.37998],[8.96215,52.37998],[8.96269,52.37957],[8.96309,52.37957],[8.96309,52.37949],[8.96376,52.37957],[8.96376,52.37949],[8.96592,52.37932],[8.96619,52.37916],[8.96646,52.37924],[8.96633,52.3799],[8.96619,52.3799],[8.96606,52.38023],[8.96309,52.38039],[8.96309,52.38047],[8.96255,52.38056],[8.96228,52.3808],[8.96201,52.3808],[8.96188,52.38097],[8.96067,52.38097],[8.96067,52.38089],[8.95878,52.38072],[8.95851,52.38089],[8.95851,52.38105],[8.95824,52.38113],[8.95811,52.38146],[8.9573,52.38187],[8.95662,52.38187],[8.95608,52.38146],[8.95541,52.38146],[8.95514,52.38163],[8.9546,52.38163],[8.95433,52.38138],[8.95406,52.38138],[8.95379,52.38154],[8.95245,52.38154],[8.95204,52.38113],[8.9511,52.38097],[8.95042,52.3813],[8.95042,52.38146],[8.95016,52.38154],[8.95016,52.38179],[8.94989,52.38187],[8.94975,52.38212],[8.948,52.3822],[8.9476,52.38253],[8.94733,52.38253],[8.94706,52.3827],[8.94706,52.38286],[8.94679,52.38302],[8.94652,52.38302],[8.94598,52.38335],[8.94598,52.38352],[8.9449,52.38409],[8.9449,52.38426],[8.94369,52.38483],[8.94288,52.38483],[8.94288,52.38492],[8.94018,52.38483],[8.94018,52.38492],[8.93924,52.38492],[8.93924,52.385],[8.93884,52.385],[8.93843,52.38516],[8.93762,52.38516],[8.93708,52.38483],[8.93574,52.38459],[8.93574,52.38451],[8.93372,52.38459],[8.93372,52.38467],[8.93264,52.38475],[8.9321,52.385],[8.9317,52.385],[8.93143,52.38516],[8.93102,52.38516],[8.93048,52.38541],[8.92967,52.38549],[8.92913,52.38574],[8.92765,52.38599],[8.92738,52.38615],[8.92698,52.38615],[8.92698,52.38623],[8.92657,52.38623],[8.92657,52.38631],[8.92617,52.38631],[8.92617,52.3864],[8.92577,52.3864],[8.92577,52.38648],[8.92536,52.38648],[8.92496,52.38664],[8.92442,52.38664],[8.92442,52.38673],[8.9224,52.38681],[8.9224,52.38689],[8.91526,52.38681],[8.91499,52.38664],[8.91364,52.38648],[8.91364,52.3864],[8.91323,52.3864],[8.91323,52.38631],[8.91283,52.38631],[8.91243,52.38615],[8.91189,52.38615],[8.91189,52.38607],[8.91148,52.38607],[8.91108,52.3859],[8.91054,52.3859],[8.91014,52.38574],[8.9096,52.38574],[8.9096,52.38566],[8.90717,52.38557],[8.90717,52.38549],[8.90502,52.38549],[8.90475,52.38566],[8.9034,52.38582],[8.9034,52.3859],[8.90299,52.3859],[8.90259,52.38607],[8.89949,52.3864],[8.89949,52.38648],[8.89868,52.38664],[8.89855,52.38681],[8.89801,52.38689],[8.89787,52.38705],[8.89733,52.38714],[8.8972,52.3873],[8.89639,52.38747],[8.89545,52.38804],[8.89545,52.38821],[8.89518,52.38829],[8.89518,52.38853],[8.89491,52.3887],[8.8945,52.3887],[8.89383,52.38837],[8.89289,52.38829],[8.89289,52.38837],[8.89248,52.38837],[8.89208,52.38853],[8.89033,52.38862],[8.89033,52.3887],[8.89019,52.38862],[8.88777,52.38853],[8.88736,52.38886],[8.88696,52.38886]]]}},{"type":"Feature","properties":{"slice":"ura","kind":"nass"},"geometry":{"type":"Polygon","coordinates":[[[9.02198,52.4606],[9.02171,52.46035],[9.02157,52.45986],[9.02144,52.45986],[9.02036,52.45838],[9.02009,52.4583],[9.01968,52.45772],[9.01942,52.45764],[9.01942,52.45748],[9.01915,52.4574],[9.01915,52.45723],[9.01888,52.45715],[9.01888,52.45699],[9.01861,52.4569],[9.01861,52.45674],[9.01834,52.45666],[9.01834,52.45649],[9.01807,52.45641],[9.01807,52.45625],[9.0178,52.45616],[9.0178,52.456],[9.01753,52.45592],[9.01753,52.45575],[9.01726,52.45567],[9.01726,52.45551],[9.01645,52.45493],[9.01632,52.4546],[9.01578,52.45428],[9.01564,52.45395],[9.01537,52.45386],[9.01537,52.4537],[9.01497,52.45345],[9.01497,52.45329],[9.0147,52.45321],[9.0147,52.45304],[9.0143,52.45288],[9.01403,52.45247],[9.01362,52.4523],[9.01362,52.45214],[9.01308,52.45181],[9.01308,52.45165],[9.01241,52.45099],[9.01241,52.45074],[9.01227,52.45074],[9.01187,52.44918],[9.01173,52.44918],[9.01173,52.44869],[9.0116,52.44869],[9.0116,52.44828],[9.01147,52.44828],[9.01147,52.44779],[9.01133,52.44779],[9.01106,52.44615],[9.01093,52.44615],[9.01066,52.44483],[9.01052,52.44483],[9.01052,52.44442],[9.01039,52.44442],[9.01039,52.44327],[9.01025,52.44327],[9.00998,52.44015],[9.00985,52.44015],[9.00985,52.43769],[9.00998,52.43769],[9.01012,52.43662],[9.01025,52.43662],[9.01052,52.43588],[9.01079,52.43571],[9.01079,52.43547],[9.01106,52.4353],[9.01133,52.4353],[9.01187,52.43489],[9.01254,52.43473],[9.01268,52.43456],[9.01295,52.43456],[9.0151,52.43382],[9.01632,52.43366],[9.01659,52.4335],[9.01699,52.4335],[9.01699,52.43341],[9.0178,52.43333],[9.01861,52.433],[9.01901,52.433],[9.01955,52.43276],[9.01995,52.43276],[9.01995,52.43267],[9.0213,52.43235],[9.02144,52.43218],[9.02305,52.43177],[9.02319,52.43161],[9.024,52.43144],[9.02413,52.43128],[9.02467,52.4312],[9.02507,52.43095],[9.02534,52.43095],[9.02575,52.4312],[9.02575,52.43136],[9.02521,52.43161],[9.02521,52.43193],[9.02561,52.43218],[9.02656,52.43226],[9.02669,52.43243],[9.02723,52.43251],[9.02737,52.43267],[9.02764,52.43267],[9.02777,52.43284],[9.02804,52.43284],[9.02831,52.43308],[9.02858,52.43308],[9.02885,52.43325],[9.03006,52.43317],[9.0306,52.43259],[9.0306,52.43202],[9.03046,52.43202],[9.03046,52.43177],[9.02952,52.43128],[9.02952,52.43087],[9.02966,52.43087],[9.02979,52.43054],[9.03046,52.43013],[9.03114,52.43021],[9.03141,52.43004],[9.03141,52.42988],[9.03168,52.4298],[9.03168,52.42955],[9.03141,52.42931],[9.03154,52.42889],[9.03181,52.42873],[9.03316,52.42857],[9.03437,52.42783],[9.03437,52.42766],[9.03424,52.42766],[9.03437,52.42733],[9.03464,52.42733],[9.03572,52.42668],[9.03612,52.42692],[9.03653,52.42692],[9.03693,52.42668],[9.03707,52.42618],[9.03734,52.4261],[9.03747,52.42627],[9.03788,52.42627],[9.03841,52.42594],[9.03868,52.42536],[9.03882,52.42536],[9.03909,52.42405],[9.03895,52.42405],[9.03868,52.42339],[9.03841,52.42331],[9.03828,52.42265],[9.03882,52.42224],[9.03909,52.42224],[9.04003,52.42166],[9.04003,52.4215],[9.04044,52.42117],[9.04044,52.42084],[9.0403,52.42084],[9.04017,52.42051],[9.03963,52.42027],[9.03949,52.41994],[9.03963,52.41994],[9.03976,52.41936],[9.04098,52.41862],[9.04098,52.41755],[9.04111,52.41755],[9.04124,52.41706],[9.04178,52.41649],[9.04192,52.41509],[9.04178,52.41509],[9.04178,52.41476],[9.04165,52.41476],[9.04165,52.41394],[9.04178,52.41394],[9.04178,52.41353],[9.04259,52.41312],[9.04246,52.41164],[9.04259,52.41164],[9.04259,52.41139],[9.04313,52.4109],[9.04313,52.41065],[9.0434,52.4104],[9.0434,52.40991],[9.04354,52.40991],[9.04354,52.40925],[9.04313,52.40884],[9.043,52.40827],[9.04327,52.4081],[9.04407,52.4081],[9.04448,52.40786],[9.04448,52.40753],[9.04461,52.40753],[9.04448,52.40695],[9.0438,52.40662],[9.04367,52.40613],[9.0434,52.40597],[9.04313,52.40597],[9.04246,52.40555],[9.04246,52.40539],[9.04205,52.40506],[9.04138,52.40506],[9.04084,52.40465],[9.04057,52.40383],[9.0403,52.40375],[9.04017,52.40334],[9.04003,52.40334],[9.04003,52.40276],[9.0399,52.40276],[9.04003,52.40186],[9.04017,52.40186],[9.04044,52.40136],[9.04071,52.40128],[9.04071,52.40112],[9.04138,52.40079],[9.04138,52.40062],[9.04165,52.40054],[9.04165,52.40038],[9.04219,52.39988],[9.04246,52.39848],[9.04259,52.39848],[9.04286,52.39799],[9.04327,52.39791],[9.0438,52.39758],[9.04394,52.39684],[9.04407,52.39684],[9.04407,52.39659],[9.04475,52.39618],[9.04488,52.39561],[9.04475,52.39561],[9.04475,52.39503],[9.04394,52.39462],[9.04394,52.39429],[9.04354,52.39413],[9.04354,52.3938],[9.0434,52.3938],[9.04327,52.39322],[9.043,52.39298],[9.043,52.39256],[9.04205,52.39199],[9.04192,52.39067],[9.04178,52.39067],[9.04165,52.39034],[9.04111,52.39002],[9.04084,52.39002],[9.04044,52.38977],[9.0403,52.38944],[9.03976,52.38919],[9.03976,52.38895],[9.0399,52.38886],[9.04017,52.38895],[9.04044,52.38878],[9.0403,52.38788],[9.04098,52.38771],[9.04138,52.38747],[9.04165,52.38607],[9.04151,52.38607],[9.04138,52.38557],[9.04111,52.38549],[9.04098,52.38516],[9.04057,52.38492],[9.04057,52.38467],[9.04071,52.38467],[9.04057,52.38401],[9.03976,52.38368],[9.03855,52.38368],[9.03841,52.38376],[9.03828,52.38352],[9.03855,52.38335],[9.04071,52.38335],[9.04111,52.38311],[9.04111,52.38261],[9.04057,52.38228],[9.04057,52.38212],[9.04071,52.38212],[9.04057,52.38105],[9.04017,52.38089],[9.04017,52.38064],[9.0403,52.38064],[9.0403,52.38039],[9.04057,52.38015],[9.04071,52.37924],[9.04084,52.37924],[9.04084,52.37768],[9.04003,52.3771],[9.04003,52.37595],[9.04017,52.37595],[9.04057,52.37496],[9.04084,52.3748],[9.04084,52.37447],[9.04071,52.37447],[9.04071,52.37414],[9.04044,52.37398],[9.04057,52.37299],[9.04017,52.37274],[9.03976,52.37274],[9.03963,52.37241],[9.03936,52.37225],[9.03855,52.37208],[9.03828,52.37176],[9.03841,52.37176],[9.03855,52.37118],[9.03895,52.37093],[9.03895,52.3706],[9.03949,52.37027],[9.03963,52.36995],[9.04057,52.37003],[9.04071,52.36986],[9.04124,52.36986],[9.04124,52.36978],[9.04165,52.36978],[9.04165,52.3697],[9.04205,52.3697],[9.04205,52.36962],[9.04246,52.36962],[9.04286,52.36945],[9.04542,52.36953],[9.04542,52.36945],[9.04663,52.36929],[9.04704,52.36904],[9.04744,52.36846],[9.04893,52.36846],[9.04919,52.3683],[9.04919,52.36772],[9.04906,52.36772],[9.04879,52.36698],[9.04852,52.36682],[9.04866,52.36608],[9.04879,52.36608],[9.04866,52.36567],[9.04839,52.3655],[9.04852,52.36452],[9.04919,52.36435],[9.04987,52.36386],[9.05108,52.36377],[9.05122,52.36361],[9.05162,52.36361],[9.05256,52.36303],[9.05243,52.36246],[9.05324,52.36196],[9.05472,52.36155],[9.05526,52.36114],[9.05539,52.36065],[9.0558,52.36032],[9.0558,52.36007],[9.05593,52.36007],[9.05607,52.35958],[9.0562,52.35958],[9.05607,52.359],[9.05553,52.35876],[9.05553,52.35851],[9.0558,52.35834],[9.05688,52.35834],[9.05714,52.35818],[9.05728,52.3576],[9.05741,52.3576],[9.05741,52.35736],[9.05701,52.35694],[9.05701,52.35587],[9.05607,52.3553],[9.05607,52.35489],[9.05566,52.35448],[9.05566,52.35382],[9.0558,52.35382],[9.0558,52.35357],[9.05607,52.35349],[9.05607,52.35316],[9.0558,52.35299],[9.05553,52.35299],[9.05539,52.35283],[9.05674,52.35258],[9.05674,52.3525],[9.05728,52.3525],[9.05795,52.35209],[9.05795,52.35168],[9.05768,52.35151],[9.05701,52.35151],[9.05634,52.35127],[9.0562,52.35061],[9.05661,52.35028],[9.05741,52.35011],[9.05795,52.34978],[9.05795,52.34946],[9.05822,52.34937],[9.05795,52.34913],[9.05755,52.34904],[9.05795,52.34789],[9.05714,52.34756],[9.05714,52.34715],[9.05728,52.34715],[9.05768,52.34649],[9.0589,52.34633],[9.05917,52.34649],[9.05917,52.34666],[9.06038,52.34723],[9.06119,52.34723],[9.06119,52.34715],[9.06186,52.34715],[9.06186,52.34707],[9.06213,52.34715],[9.06227,52.34839],[9.06213,52.34839],[9.06213,52.34863],[9.06173,52.34888],[9.06146,52.34937],[9.06105,52.34962],[9.06105,52.3502],[9.06132,52.35036],[9.0624,52.35011],[9.06321,52.34954],[9.06388,52.34946],[9.06415,52.34929],[9.06456,52.34929],[9.06469,52.34954],[9.06509,52.3497],[9.06536,52.34954],[9.0655,52.34888],[9.06658,52.34871],[9.06712,52.34822],[9.06752,52.34822],[9.06752,52.3483],[9.06833,52.3483],[9.0686,52.34847],[9.06941,52.34847],[9.06941,52.34855],[9.07008,52.34863],[9.07022,52.3488],[9.07075,52.34888],[9.07143,52.34929],[9.07291,52.3497],[9.07331,52.35003],[9.07412,52.35003],[9.07412,52.34995],[9.07507,52.35003],[9.07534,52.3502],[9.07561,52.35069],[9.07628,52.35102],[9.07628,52.35118],[9.07534,52.35151],[9.07453,52.35151],[9.07453,52.35143],[9.07318,52.35151],[9.07318,52.35143],[9.07251,52.35135],[9.07183,52.35094],[9.07062,52.35077],[9.06941,52.34987],[9.06914,52.34987],[9.06887,52.3497],[9.06806,52.3497],[9.06806,52.34978],[9.06739,52.34987],[9.06671,52.35028],[9.06671,52.35044],[9.06644,52.35061],[9.06644,52.35102],[9.06617,52.3511],[9.06617,52.35127],[9.0659,52.35143],[9.06442,52.35151],[9.06348,52.35217],[9.0628,52.35225],[9.0628,52.35234],[9.06092,52.35242],[9.0597,52.35308],[9.05876,52.35439],[9.05836,52.35464],[9.05836,52.35505],[9.05849,52.35505],[9.05863,52.35538],[9.05903,52.35555],[9.05903,52.35579],[9.05984,52.35612],[9.05997,52.35662],[9.06051,52.35694],[9.06051,52.35711],[9.06038,52.35711],[9.06051,52.35769],[9.0597,52.35818],[9.05984,52.35826],[9.0597,52.35884],[9.05917,52.35917],[9.0589,52.35917],[9.05809,52.3595],[9.05809,52.35974],[9.05822,52.35974],[9.05809,52.36057],[9.05849,52.36073],[9.05849,52.36122],[9.05876,52.36147],[9.05876,52.36345],[9.0589,52.36345],[9.0589,52.36361],[9.05917,52.36377],[9.05917,52.3641],[9.0593,52.3641],[9.05944,52.36542],[9.05903,52.36558],[9.05903,52.36575],[9.05849,52.36608],[9.05701,52.36641],[9.05634,52.36682],[9.0562,52.36707],[9.05526,52.3669],[9.05526,52.36682],[9.05351,52.36682],[9.05297,52.36731],[9.05256,52.36731],[9.05216,52.36764],[9.05175,52.36764],[9.05149,52.36781],[9.05149,52.36855],[9.05189,52.36888],[9.05216,52.36978],[9.05256,52.37003],[9.05297,52.37003],[9.0531,52.37019],[9.05364,52.37027],[9.05378,52.37044],[9.05445,52.37052],[9.05458,52.37069],[9.05526,52.37077],[9.0558,52.37102],[9.05755,52.37126],[9.05755,52.37134],[9.05836,52.37151],[9.05849,52.37167],[9.06065,52.37184],[9.06065,52.37192],[9.06186,52.37225],[9.06186,52.37241],[9.06227,52.37266],[9.0624,52.37365],[9.06253,52.37365],[9.06253,52.37398],[9.06267,52.37398],[9.0628,52.3748],[9.06307,52.37505],[9.06321,52.37727],[9.06334,52.37727],[9.06334,52.37751],[9.06361,52.3776],[9.06361,52.37776],[9.06388,52.37784],[9.06402,52.37825],[9.06442,52.37842],[9.06456,52.37875],[9.06483,52.37883],[9.06483,52.37899],[9.06523,52.37924],[9.0655,52.38056],[9.06631,52.38122],[9.06658,52.38122],[9.06685,52.38138],[9.06739,52.38138],[9.06819,52.38105],[9.06981,52.38105],[9.06981,52.38113],[9.07116,52.38146],[9.0717,52.38179],[9.07183,52.38212],[9.07224,52.38237],[9.07399,52.38245],[9.07399,52.38253],[9.0748,52.38261],[9.07587,52.38302],[9.07655,52.38311],[9.07668,52.38327],[9.07695,52.38327],[9.07803,52.38368],[9.08032,52.38409],[9.08046,52.385],[9.08032,52.38508],[9.07884,52.385],[9.07857,52.38516],[9.0787,52.38525],[9.07857,52.38615],[9.07843,52.38623],[9.07763,52.38615],[9.07736,52.38631],[9.07736,52.3873],[9.07749,52.3873],[9.07736,52.38853],[9.07749,52.38853],[9.07763,52.38886],[9.0779,52.38895],[9.0779,52.38919],[9.0783,52.38944],[9.0783,52.3896],[9.07884,52.38993],[9.07911,52.38993],[9.07965,52.39034],[9.08046,52.39043],[9.08086,52.39084],[9.08153,52.39248],[9.08167,52.39248],[9.08221,52.3933],[9.08275,52.39355],[9.08302,52.39413],[9.08329,52.39429],[9.08396,52.39684],[9.08409,52.39684],[9.08423,52.39717],[9.0845,52.39725],[9.0845,52.39742],[9.08558,52.39807],[9.08638,52.39824],[9.08679,52.39848],[9.0876,52.39857],[9.08787,52.39873],[9.08787,52.3989],[9.08827,52.39906],[9.08827,52.39922],[9.08921,52.3998],[9.08908,52.40038],[9.09016,52.40112],[9.09016,52.40128],[9.09029,52.40128],[9.0907,52.40194],[9.0911,52.4021],[9.0911,52.40227],[9.09164,52.4026],[9.09204,52.40268],[9.09258,52.4035],[9.09353,52.40391],[9.0946,52.40383],[9.09555,52.40432],[9.09555,52.40449],[9.09582,52.40457],[9.09582,52.40473],[9.09622,52.40498],[9.09622,52.40588],[9.0969,52.40621],[9.0969,52.40638],[9.0977,52.40687],[9.09838,52.40679],[9.09892,52.40654],[9.09959,52.40654],[9.09959,52.40646],[9.1004,52.40638],[9.1004,52.40629],[9.10175,52.40605],[9.10202,52.40588],[9.10323,52.40572],[9.10323,52.40564],[9.10404,52.40547],[9.10417,52.40531],[9.10444,52.40531],[9.10633,52.40465],[9.10741,52.40449],[9.10741,52.4044],[9.10821,52.40432],[9.10943,52.40481],[9.11024,52.40465],[9.11077,52.40432],[9.11185,52.40432],[9.11185,52.4044],[9.1128,52.40449],[9.1128,52.40457],[9.1132,52.40457],[9.1136,52.4044],[9.11576,52.40457],[9.11576,52.40449],[9.1163,52.40449],[9.1163,52.4044],[9.11711,52.40424],[9.11765,52.40375],[9.11805,52.40375],[9.11819,52.40399],[9.11872,52.40432],[9.11926,52.4044],[9.11926,52.40457],[9.11913,52.40457],[9.11926,52.40481],[9.12007,52.40531],[9.12088,52.40539],[9.12088,52.40547],[9.12182,52.40547],[9.12182,52.40539],[9.12236,52.40539],[9.12236,52.40531],[9.12371,52.40523],[9.12452,52.40555],[9.12465,52.40613],[9.12452,52.40621],[9.1229,52.40621],[9.1229,52.40613],[9.12101,52.40605],[9.12101,52.40597],[9.11953,52.4058],[9.11859,52.40531],[9.11563,52.40547],[9.11563,52.40555],[9.11387,52.40555],[9.11387,52.40547],[9.11293,52.40547],[9.11293,52.40539],[9.11212,52.40539],[9.11212,52.40531],[9.11145,52.40531],[9.11145,52.40523],[9.1101,52.40523],[9.1101,52.40531],[9.1097,52.40531],[9.1097,52.40539],[9.10929,52.40539],[9.10889,52.40555],[9.10835,52.40555],[9.10835,52.40564],[9.10781,52.40564],[9.10781,52.40572],[9.107,52.40572],[9.10633,52.40547],[9.10633,52.40555],[9.10592,52.40555],[9.10552,52.4058],[9.10498,52.40588],[9.10471,52.40613],[9.10377,52.40629],[9.10323,52.40671],[9.10215,52.40695],[9.10188,52.40712],[9.10188,52.40728],[9.10161,52.40736],[9.10161,52.40753],[9.10107,52.40777],[9.10107,52.40794],[9.09986,52.40868],[9.09919,52.40876],[9.09919,52.40884],[9.0977,52.40868],[9.09743,52.40884],[9.09743,52.40917],[9.09757,52.40917],[9.09743,52.41016],[9.09703,52.41057],[9.09649,52.41049],[9.09636,52.4104],[9.09649,52.40966],[9.09622,52.4095],[9.09595,52.4095],[9.09568,52.40934],[9.09568,52.40917],[9.09528,52.40901],[9.09528,52.4081],[9.09487,52.40794],[9.09487,52.40777],[9.0946,52.40769],[9.09433,52.40728],[9.0938,52.40703],[9.09339,52.4058],[9.09285,52.40523],[9.09312,52.40481],[9.09285,52.40465],[9.09231,52.40465],[9.09124,52.40383],[9.09056,52.40375],[9.08989,52.40342],[9.08895,52.40194],[9.0876,52.40112],[9.08733,52.40112],[9.08652,52.40079],[9.08571,52.4007],[9.08544,52.40054],[9.08302,52.40013],[9.08288,52.39996],[9.08248,52.39988],[9.08248,52.39964],[9.08409,52.39881],[9.08409,52.3984],[9.08382,52.39824],[9.08248,52.39832],[9.08234,52.39824],[9.08248,52.39774],[9.08221,52.39758],[9.08153,52.3975],[9.08153,52.397],[9.08167,52.397],[9.08167,52.39676],[9.08207,52.39659],[9.08221,52.39585],[9.08194,52.39577],[9.08194,52.39561],[9.08167,52.39544],[9.0814,52.39544],[9.08113,52.39528],[9.08126,52.39437],[9.08113,52.39437],[9.081,52.39388],[9.07992,52.39273],[9.07978,52.39215],[9.07965,52.39215],[9.07965,52.39166],[9.07924,52.39133],[9.07884,52.39133],[9.07857,52.3915],[9.0779,52.3915],[9.07763,52.39133],[9.07763,52.39117],[9.07776,52.39117],[9.07763,52.39076],[9.07722,52.39059],[9.07722,52.39043],[9.07655,52.39002],[9.07628,52.39002],[9.07587,52.38977],[9.07601,52.38928],[9.07574,52.38919],[9.07547,52.38862],[9.07507,52.38837],[9.07385,52.38821],[9.07345,52.38788],[9.07345,52.38747],[9.07358,52.38747],[9.07372,52.38697],[9.07399,52.38681],[9.07426,52.38681],[9.07453,52.38656],[9.0748,52.38656],[9.07493,52.3864],[9.0752,52.3864],[9.07534,52.38623],[9.07561,52.38623],[9.07614,52.3859],[9.07614,52.38574],[9.07655,52.38541],[9.07655,52.38516],[9.07534,52.38451],[9.07534,52.38401],[9.07493,52.38376],[9.0748,52.38385],[9.07331,52.38376],[9.07224,52.38442],[9.07089,52.38451],[9.07089,52.38442],[9.07035,52.38434],[9.07008,52.38409],[9.06981,52.38409],[9.06941,52.38376],[9.06914,52.38376],[9.06873,52.38344],[9.06833,52.38335],[9.06833,52.38302],[9.06887,52.38278],[9.06887,52.38261],[9.0686,52.38245],[9.06658,52.38237],[9.06658,52.38245],[9.0659,52.38253],[9.06456,52.38163],[9.06429,52.38163],[9.06415,52.38154],[9.06429,52.3813],[9.06388,52.38089],[9.06375,52.38015],[9.06361,52.38015],[9.06361,52.37932],[9.06307,52.37891],[9.062,52.37891],[9.06159,52.37858],[9.06132,52.37858],[9.06105,52.37842],[9.06092,52.37768],[9.06078,52.37768],[9.06065,52.37727],[9.0597,52.37669],[9.0597,52.37653],[9.05876,52.37603],[9.05876,52.37579],[9.05849,52.37562],[9.05849,52.37521],[9.05876,52.37505],[9.05876,52.3748],[9.05768,52.37439],[9.05674,52.37315],[9.0562,52.37291],[9.0562,52.37274],[9.05512,52.37208],[9.05485,52.37208],[9.05364,52.37126],[9.05337,52.37126],[9.0527,52.37085],[9.05216,52.37077],[9.05202,52.37044],[9.05175,52.37027],[9.05108,52.37019],[9.05108,52.37011],[9.05041,52.37011],[9.05041,52.37003],[9.04852,52.36995],[9.04852,52.37003],[9.04785,52.37003],[9.04785,52.37011],[9.04704,52.37019],[9.04677,52.37036],[9.04529,52.37052],[9.04529,52.3706],[9.04394,52.3706],[9.04394,52.37052],[9.0434,52.37052],[9.0434,52.37044],[9.043,52.37044],[9.04259,52.37027],[9.04138,52.37052],[9.04111,52.37069],[9.04111,52.37085],[9.04071,52.37102],[9.04071,52.37151],[9.04084,52.37151],[9.04098,52.37192],[9.04151,52.37225],[9.04192,52.37315],[9.04205,52.37315],[9.04192,52.37463],[9.04205,52.37463],[9.04232,52.37546],[9.04219,52.37546],[9.04219,52.37579],[9.04192,52.37587],[9.04192,52.37636],[9.04205,52.37636],[9.04205,52.37669],[9.04219,52.37669],[9.04219,52.37735],[9.04232,52.37735],[9.04232,52.37784],[9.04246,52.37784],[9.04219,52.37891],[9.04205,52.37891],[9.04205,52.38015],[9.04219,52.38015],[9.04219,52.38056],[9.04232,52.38056],[9.04219,52.38138],[9.04232,52.38138],[9.04246,52.38187],[9.04286,52.38228],[9.04259,52.38418],[9.04273,52.38418],[9.04313,52.385],[9.04327,52.385],[9.04327,52.38549],[9.0434,52.38549],[9.0434,52.38599],[9.04354,52.38599],[9.04354,52.38631],[9.0434,52.38631],[9.04354,52.39002],[9.04367,52.39002],[9.04367,52.39043],[9.04394,52.39059],[9.04407,52.39108],[9.04475,52.39174],[9.04475,52.39199],[9.04583,52.39265],[9.0461,52.39421],[9.04623,52.39421],[9.04623,52.3961],[9.0461,52.3961],[9.04596,52.39692],[9.04583,52.39692],[9.04556,52.39758],[9.04542,52.39758],[9.04542,52.39824],[9.04583,52.3984],[9.04583,52.39857],[9.04475,52.39865],[9.04448,52.39881],[9.04421,52.40021],[9.04313,52.40087],[9.04286,52.40087],[9.04273,52.40103],[9.04246,52.40103],[9.04232,52.4012],[9.04205,52.4012],[9.04165,52.40144],[9.04151,52.40218],[9.04138,52.40218],[9.04098,52.40309],[9.04165,52.40366],[9.04286,52.40375],[9.04367,52.40424],[9.04448,52.40432],[9.04502,52.40465],[9.04502,52.40481],[9.04556,52.40531],[9.04556,52.40555],[9.04569,52.40555],[9.04556,52.40597],[9.04542,52.40597],[9.04556,52.40671],[9.04569,52.40671],[9.04569,52.40761],[9.04556,52.40761],[9.04529,52.40843],[9.04515,52.40843],[9.04515,52.4086],[9.04448,52.40925],[9.04448,52.4095],[9.04434,52.4095],[9.04434,52.4109],[9.04421,52.4109],[9.04407,52.41147],[9.0438,52.41172],[9.04367,52.41262],[9.04354,52.41262],[9.04354,52.41303],[9.0434,52.41303],[9.04327,52.41377],[9.04313,52.41377],[9.043,52.41501],[9.04286,52.41501],[9.04286,52.41599],[9.043,52.41599],[9.04286,52.4169],[9.04273,52.4169],[9.04273,52.41714],[9.04246,52.41723],[9.04246,52.41739],[9.04165,52.41772],[9.04165,52.41805],[9.04219,52.41829],[9.04232,52.41862],[9.04084,52.41945],[9.04084,52.41961],[9.04057,52.41977],[9.04057,52.42027],[9.04084,52.42035],[9.04098,52.42092],[9.04111,52.42092],[9.04098,52.42101],[9.04111,52.42191],[9.04057,52.42249],[9.03963,52.42265],[9.03922,52.4229],[9.03936,52.42331],[9.03976,52.42355],[9.03976,52.42372],[9.04003,52.4238],[9.04003,52.42421],[9.04017,52.42421],[9.04017,52.4247],[9.04003,52.4247],[9.0399,52.4252],[9.03963,52.42536],[9.03963,52.42561],[9.03949,52.42561],[9.03936,52.42602],[9.03895,52.42627],[9.03895,52.42643],[9.03707,52.42733],[9.03707,52.4275],[9.03639,52.42791],[9.03639,52.42807],[9.03599,52.42824],[9.03599,52.4284],[9.03302,52.43013],[9.03289,52.43193],[9.03262,52.4321],[9.03208,52.43333],[9.03195,52.43333],[9.03154,52.43399],[9.03114,52.43415],[9.03114,52.43432],[9.03033,52.43481],[9.03033,52.4353],[9.03073,52.43555],[9.03073,52.43621],[9.03127,52.43678],[9.03127,52.43793],[9.03154,52.4381],[9.03222,52.43801],[9.03222,52.43793],[9.03289,52.43793],[9.03329,52.43867],[9.03262,52.43875],[9.03222,52.43851],[9.03127,52.43851],[9.03073,52.439],[9.03087,52.44056],[9.03073,52.44056],[9.03073,52.44097],[9.0306,52.44097],[9.03046,52.44146],[9.03033,52.44146],[9.03033,52.44229],[9.0302,52.44229],[9.0302,52.44278],[9.03046,52.44294],[9.03046,52.4436],[9.03033,52.4436],[9.0302,52.44458],[9.03006,52.44458],[9.03006,52.44573],[9.02966,52.44606],[9.02939,52.44688],[9.02912,52.44713],[9.02912,52.44746],[9.02898,52.44746],[9.02898,52.44779],[9.02844,52.44836],[9.02804,52.44943],[9.0279,52.44943],[9.02777,52.44976],[9.0275,52.44984],[9.0275,52.45001],[9.0271,52.45017],[9.02683,52.45066],[9.02629,52.45091],[9.02615,52.45132],[9.02588,52.4514],[9.02548,52.45198],[9.02413,52.4528],[9.02413,52.45296],[9.02359,52.45345],[9.02346,52.45395],[9.02332,52.45395],[9.02332,52.45428],[9.02319,52.45428],[9.02292,52.45526],[9.02278,52.45526],[9.02278,52.45592],[9.02265,52.45592],[9.02278,52.45707],[9.02265,52.45707],[9.02265,52.45756],[9.02251,52.45756],[9.02265,52.45961],[9.02278,52.45961],[9.02278,52.46002],[9.02292,52.46002],[9.02305,52.46052],[9.02198,52.4606]]]}},{"type":"Feature","properties":{"slice":"ura","kind":"nass"},"geometry":{"type":"Polygon","coordinates":[[[8.98883,52.3799],[8.98815,52.37899],[8.98788,52.37891],[8.98721,52.37793],[8.98694,52.37784],[8.98627,52.37686],[8.986,52.37677],[8.98532,52.37579],[8.98505,52.3757],[8.98438,52.37472],[8.98411,52.37463],[8.98344,52.37365],[8.98317,52.37357],[8.98236,52.37241],[8.98209,52.37233],[8.98142,52.37134],[8.98115,52.37126],[8.98047,52.37027],[8.98007,52.37003],[8.98007,52.36953],[8.9802,52.36953],[8.9802,52.36912],[8.98034,52.36912],[8.98034,52.36871],[8.98047,52.36871],[8.98047,52.3683],[8.98061,52.3683],[8.98061,52.36789],[8.98074,52.36789],[8.98074,52.36748],[8.98088,52.36748],[8.98088,52.36715],[8.98101,52.36715],[8.98142,52.36542],[8.98155,52.36542],[8.98155,52.36501],[8.98169,52.36501],[8.98169,52.36246],[8.98155,52.36246],[8.98128,52.36098],[8.98101,52.36081],[8.98074,52.36024],[8.97899,52.359],[8.97872,52.359],[8.97859,52.35884],[8.97791,52.35867],[8.97791,52.35834],[8.97778,52.35834],[8.97778,52.35785],[8.97832,52.35777],[8.97899,52.35801],[8.9798,52.3581],[8.98007,52.35826],[8.98061,52.35826],[8.98061,52.35834],[8.98155,52.35843],[8.98155,52.35851],[8.98196,52.35851],[8.98223,52.35867],[8.9829,52.35867],[8.9829,52.35876],[8.98505,52.35884],[8.98505,52.35892],[8.98613,52.35892],[8.98613,52.359],[8.98856,52.35892],[8.98856,52.35884],[8.98896,52.35884],[8.99004,52.35843],[8.99139,52.35818],[8.99166,52.35801],[8.9926,52.35793],[8.9926,52.35785],[8.99395,52.35769],[8.99395,52.3576],[8.99489,52.3576],[8.99543,52.35736],[8.99543,52.35711],[8.99503,52.35686],[8.99287,52.35694],[8.9926,52.35678],[8.99274,52.35637],[8.9926,52.35637],[8.99247,52.35571],[8.99233,52.35571],[8.9926,52.35497],[8.99247,52.35497],[8.99247,52.35472],[8.99179,52.35439],[8.99193,52.3539],[8.99139,52.35365],[8.99139,52.35283],[8.99085,52.3525],[8.99085,52.35234],[8.99058,52.35217],[8.99058,52.35168],[8.99044,52.35168],[8.99071,52.34814],[8.98977,52.34781],[8.98977,52.3474],[8.98991,52.3474],[8.98991,52.34715],[8.99004,52.34715],[8.99044,52.34649],[8.99071,52.34641],[8.99071,52.34624],[8.99112,52.34592],[8.99112,52.34526],[8.99125,52.34526],[8.99125,52.34501],[8.99139,52.34501],[8.99139,52.34476],[8.99179,52.34435],[8.99179,52.3441],[8.99193,52.3441],[8.99193,52.34386],[8.99206,52.34386],[8.99206,52.34361],[8.99233,52.34336],[8.99233,52.34303],[8.99247,52.34303],[8.99247,52.34205],[8.99233,52.34205],[8.9922,52.34131],[8.99206,52.34131],[8.99233,52.3404],[8.9922,52.3404],[8.99206,52.34007],[8.99085,52.33933],[8.99085,52.33908],[8.99031,52.33859],[8.99031,52.33834],[8.98991,52.33809],[8.9895,52.33809],[8.9895,52.33801],[8.98869,52.33793],[8.98869,52.33785],[8.98815,52.33785],[8.98788,52.33768],[8.98815,52.33678],[8.98869,52.33678],[8.98869,52.33686],[8.9895,52.33702],[8.98991,52.3367],[8.98991,52.33645],[8.99018,52.33637],[8.99018,52.33554],[8.98991,52.33538],[8.98964,52.33406],[8.9895,52.33406],[8.9895,52.33258],[8.98964,52.33258],[8.98964,52.332],[8.98977,52.332],[8.98977,52.33176],[8.99004,52.33151],[8.99004,52.3306],[8.99018,52.3306],[8.99018,52.33027],[8.99004,52.33027],[8.99004,52.32788],[8.99018,52.32788],[8.99018,52.32747],[8.99031,52.32747],[8.99044,52.32681],[8.99058,52.32681],[8.99112,52.32558],[8.99125,52.32558],[8.99139,52.32525],[8.99179,52.32508],[8.99193,52.32443],[8.99206,52.32443],[8.99193,52.32261],[8.99139,52.32204],[8.99139,52.32154],[8.99193,52.32105],[8.9922,52.32014],[8.99206,52.32014],[8.99152,52.31932],[8.99125,52.31924],[8.99125,52.31841],[8.99112,52.31841],[8.99152,52.31685],[8.99125,52.31668],[8.99058,52.31677],[8.99031,52.3166],[8.99004,52.31528],[8.98964,52.31495],[8.9895,52.31446],[8.98923,52.3143],[8.98923,52.31405],[8.9891,52.31405],[8.9891,52.3138],[8.98883,52.31355],[8.98869,52.31298],[8.98842,52.31281],[8.98788,52.31158],[8.98762,52.31141],[8.98762,52.31051],[8.98775,52.31051],[8.98788,52.31001],[8.98802,52.31001],[8.98815,52.30968],[8.98842,52.3096],[8.98842,52.30943],[8.98869,52.30935],[8.98923,52.30845],[8.98977,52.3082],[8.98977,52.30803],[8.99004,52.30795],[8.99004,52.30779],[8.99031,52.30762],[8.99031,52.30688],[8.99018,52.30688],[8.99018,52.30639],[8.99004,52.30639],[8.99004,52.30589],[8.98991,52.30589],[8.98977,52.30474],[8.98964,52.30474],[8.98964,52.30424],[8.9895,52.30424],[8.98923,52.30317],[8.9891,52.30317],[8.98896,52.3026],[8.98883,52.3026],[8.98869,52.30169],[8.98856,52.30169],[8.98856,52.30136],[8.98842,52.30136],[8.98842,52.30103],[8.98829,52.30103],[8.98829,52.3007],[8.98815,52.3007],[8.98815,52.30012],[8.98802,52.30012],[8.98775,52.29889],[8.98762,52.29889],[8.98748,52.29848],[8.98694,52.29815],[8.98694,52.29798],[8.986,52.29749],[8.98559,52.29749],[8.98559,52.2974],[8.98519,52.2974],[8.98479,52.29724],[8.98425,52.29724],[8.98425,52.29716],[8.98317,52.29716],[8.98317,52.29708],[8.98223,52.29716],[8.98209,52.29732],[8.98088,52.29765],[8.98034,52.29691],[8.9802,52.29691],[8.98034,52.29666],[8.98074,52.29666],[8.98074,52.29658],[8.98155,52.2965],[8.98155,52.29642],[8.98249,52.29642],[8.98249,52.2965],[8.98317,52.2965],[8.98317,52.29658],[8.98384,52.29658],[8.98411,52.29642],[8.98425,52.29584],[8.98398,52.29576],[8.98384,52.29543],[8.98357,52.29534],[8.98357,52.29518],[8.9833,52.29502],[8.9833,52.2946],[8.98317,52.2946],[8.98317,52.29427],[8.98371,52.2937],[8.98344,52.29312],[8.9833,52.29312],[8.9833,52.29238],[8.98344,52.29238],[8.98344,52.29213],[8.98357,52.29213],[8.98384,52.29164],[8.98425,52.29139],[8.98452,52.29139],[8.98479,52.29114],[8.98505,52.29122],[8.98559,52.29089],[8.98573,52.29032],[8.98654,52.28991],[8.98654,52.28974],[8.98681,52.28958],[8.98681,52.28925],[8.98694,52.28925],[8.98694,52.28875],[8.9864,52.2885],[8.98627,52.28776],[8.98546,52.28735],[8.98546,52.28719],[8.98505,52.28694],[8.98438,52.28702],[8.98438,52.2871],[8.98384,52.28694],[8.98465,52.28644],[8.98384,52.28603],[8.98384,52.28587],[8.98344,52.2857],[8.98344,52.28554],[8.98317,52.28545],[8.98303,52.28512],[8.98263,52.28488],[8.98236,52.28389],[8.98209,52.28364],[8.98223,52.28331],[8.9833,52.28339],[8.9833,52.28356],[8.98357,52.28364],[8.98357,52.28381],[8.98384,52.28389],[8.98384,52.28405],[8.98411,52.28414],[8.98438,52.28455],[8.98586,52.28545],[8.98586,52.28562],[8.98613,52.28578],[8.98654,52.28578],[8.98667,52.28562],[8.98735,52.28562],[8.98775,52.28578],[8.98775,52.28644],[8.98762,52.28644],[8.98748,52.28677],[8.98788,52.28694],[8.98788,52.2871],[8.98815,52.28719],[8.98829,52.2876],[8.98842,52.2876],[8.98842,52.28875],[8.98829,52.28875],[8.98829,52.28908],[8.98815,52.28908],[8.98815,52.28941],[8.98802,52.28941],[8.98802,52.28982],[8.98788,52.28982],[8.98788,52.29007],[8.98681,52.29122],[8.98681,52.29172],[8.98627,52.2923],[8.986,52.29312],[8.98586,52.29312],[8.98573,52.29419],[8.98586,52.29419],[8.986,52.29502],[8.98613,52.29502],[8.98627,52.29551],[8.9864,52.29551],[8.98681,52.29617],[8.98775,52.29683],[8.98856,52.29806],[8.98883,52.29815],[8.98923,52.29872],[8.98964,52.29889],[8.98991,52.30054],[8.99004,52.30054],[8.99044,52.30169],[8.99058,52.30169],[8.99058,52.30194],[8.99085,52.30218],[8.99098,52.30309],[8.99112,52.30309],[8.99112,52.3035],[8.99125,52.3035],[8.99125,52.30391],[8.99139,52.30391],[8.99166,52.30606],[8.99179,52.30606],[8.99179,52.30828],[8.99193,52.30828],[8.99193,52.30853],[8.9922,52.30878],[8.99179,52.3096],[8.99139,52.3096],[8.99098,52.30927],[8.99018,52.30927],[8.98977,52.30952],[8.9891,52.31042],[8.98869,52.31067],[8.98869,52.31092],[8.98842,52.31108],[8.98842,52.31149],[8.98856,52.31149],[8.98869,52.31191],[8.9891,52.31215],[8.9891,52.31232],[8.98977,52.31298],[8.98977,52.31322],[8.99004,52.31339],[8.99018,52.3143],[8.99071,52.31462],[8.99139,52.31479],[8.99206,52.31537],[8.99233,52.31635],[8.99247,52.31635],[8.99247,52.3166],[8.99274,52.31668],[8.99274,52.31685],[8.99301,52.31701],[8.99301,52.31734],[8.99314,52.31734],[8.99301,52.31775],[8.99274,52.31792],[8.99274,52.3185],[8.99301,52.31866],[8.99354,52.31874],[8.99341,52.31907],[8.99327,52.31907],[8.99327,52.31948],[8.99341,52.31948],[8.99341,52.31973],[8.99422,52.32014],[8.99422,52.32047],[8.99381,52.32064],[8.99381,52.32138],[8.99287,52.32171],[8.99314,52.32443],[8.99301,52.32443],[8.99301,52.32492],[8.9922,52.32574],[8.99193,52.32657],[8.99166,52.32681],[8.99152,52.32756],[8.99139,52.32756],[8.99098,52.32961],[8.99085,52.32961],[8.99071,52.33291],[8.99058,52.33291],[8.99085,52.33472],[8.99098,52.33472],[8.99098,52.33505],[8.99112,52.33505],[8.99112,52.33538],[8.99125,52.33538],[8.99125,52.33637],[8.99112,52.33637],[8.99112,52.33661],[8.99085,52.33686],[8.99098,52.33826],[8.99112,52.33826],[8.99112,52.33851],[8.99125,52.33851],[8.99125,52.33875],[8.99139,52.33875],[8.99166,52.33925],[8.99274,52.33982],[8.99287,52.34015],[8.99327,52.34032],[8.99341,52.34073],[8.99354,52.34073],[8.99368,52.34147],[8.99381,52.34147],[8.99381,52.34312],[8.99368,52.34312],[8.99354,52.34369],[8.99341,52.34369],[8.99327,52.3441],[8.99287,52.34452],[8.99301,52.34542],[8.99233,52.34608],[8.99233,52.34633],[8.99287,52.34657],[8.9926,52.34682],[8.9926,52.34715],[8.99301,52.3474],[8.99354,52.34748],[8.99354,52.34789],[8.99341,52.34789],[8.99341,52.34814],[8.99327,52.34814],[8.99327,52.34839],[8.99301,52.34863],[8.99301,52.34896],[8.99274,52.34921],[8.99274,52.34978],[8.9926,52.34978],[8.9926,52.35028],[8.99341,52.35077],[8.99341,52.35094],[8.9926,52.3516],[8.9926,52.35209],[8.99381,52.35258],[8.99381,52.35275],[8.99449,52.35308],[8.99449,52.35341],[8.99395,52.35349],[8.99327,52.35324],[8.99301,52.35349],[8.99354,52.35398],[8.99381,52.35398],[8.99422,52.35431],[8.99489,52.35448],[8.99516,52.35472],[8.99651,52.35497],[8.99664,52.35513],[8.99786,52.35546],[8.9988,52.35629],[8.9992,52.35629],[8.99988,52.35678],[9.00015,52.35678],[9.00028,52.35694],[9.00096,52.35711],[9.00136,52.35744],[9.00163,52.35744],[9.00176,52.3576],[9.00203,52.3576],[9.00244,52.35785],[9.00378,52.35801],[9.00378,52.3581],[9.00432,52.35818],[9.00446,52.35834],[9.005,52.35843],[9.00513,52.35859],[9.0054,52.35859],[9.00635,52.35925],[9.00675,52.36007],[9.00688,52.36007],[9.00688,52.36032],[9.00702,52.36032],[9.00702,52.36057],[9.00715,52.36057],[9.00715,52.36188],[9.00702,52.36188],[9.00702,52.36229],[9.00688,52.36229],[9.00675,52.36262],[9.00648,52.36271],[9.00621,52.36312],[9.00581,52.36328],[9.00554,52.36369],[9.00365,52.36476],[9.00365,52.36493],[9.00257,52.36558],[9.0023,52.36558],[9.00149,52.36608],[9.00122,52.36608],[9.00109,52.36624],[9.00082,52.36624],[9.00069,52.36641],[9.00042,52.36641],[8.99988,52.36665],[8.99947,52.36665],[8.99947,52.36674],[8.99866,52.36682],[8.99839,52.36698],[8.99651,52.36731],[8.99624,52.36748],[8.99543,52.36756],[8.99543,52.36764],[8.99516,52.36764],[8.99462,52.36789],[8.99422,52.36789],[8.99368,52.36814],[8.99327,52.36814],[8.99247,52.36846],[8.99179,52.36846],[8.99179,52.36855],[8.99125,52.36855],[8.99125,52.36863],[8.99004,52.36879],[8.99004,52.36888],[8.98869,52.36912],[8.98788,52.36945],[8.98775,52.36995],[8.98788,52.36995],[8.98788,52.37019],[8.98802,52.37019],[8.98802,52.37036],[8.98923,52.37167],[8.98923,52.37192],[8.98977,52.37241],[8.98977,52.37266],[8.99004,52.37282],[8.99018,52.37389],[8.99031,52.37389],[8.99031,52.37455],[8.99018,52.37455],[8.99018,52.37496],[8.99004,52.37496],[8.98991,52.37587],[8.98977,52.37587],[8.9895,52.37661],[8.98923,52.37677],[8.98923,52.37718],[8.9891,52.37718],[8.9891,52.37751],[8.98896,52.37751],[8.9891,52.37982],[8.98883,52.3799]]]}},{"type":"Feature","properties":{"slice":"ura","kind":"nass"},"geometry":{"type":"Polygon","coordinates":[[[8.68389,52.51934],[8.68389,52.51926],[8.68093,52.5191],[8.68093,52.51902],[8.67743,52.51877],[8.67743,52.51869],[8.675,52.51877],[8.675,52.51869],[8.67392,52.51861],[8.67365,52.51844],[8.67298,52.51836],[8.67217,52.51787],[8.6715,52.51664],[8.67082,52.51623],[8.67055,52.51623],[8.67029,52.51606],[8.66934,52.51606],[8.66934,52.51615],[8.66853,52.51615],[8.66853,52.51623],[8.66692,52.51623],[8.66692,52.51615],[8.6649,52.51606],[8.6649,52.51598],[8.66436,52.51598],[8.66436,52.5159],[8.66328,52.51574],[8.66328,52.51582],[8.66193,52.51606],[8.66139,52.51639],[8.66058,52.51656],[8.66045,52.51672],[8.65964,52.5168],[8.65964,52.51688],[8.65748,52.51688],[8.65748,52.5168],[8.65385,52.51664],[8.65385,52.51656],[8.6529,52.51639],[8.65209,52.5159],[8.64994,52.51565],[8.6498,52.51524],[8.65034,52.51492],[8.65021,52.51492],[8.65021,52.51426],[8.6498,52.51393],[8.64953,52.51393],[8.64926,52.51369],[8.64886,52.51369],[8.64792,52.51336],[8.64509,52.51303],[8.64468,52.51287],[8.64455,52.51246],[8.64441,52.51246],[8.64428,52.51082],[8.64441,52.51082],[8.64441,52.51049],[8.64455,52.51049],[8.64455,52.51],[8.64482,52.50983],[8.64495,52.50942],[8.64657,52.50868],[8.64684,52.50811],[8.64697,52.50811],[8.64697,52.50754],[8.64617,52.5068],[8.64617,52.50647],[8.64643,52.5063],[8.6467,52.5063],[8.64684,52.50614],[8.64738,52.50614],[8.64751,52.50672],[8.64832,52.50704],[8.64846,52.50737],[8.64886,52.50762],[8.64994,52.5077],[8.64994,52.50762],[8.65034,52.50762],[8.65115,52.50729],[8.65142,52.5068],[8.65182,52.50663],[8.65182,52.50647],[8.65209,52.5063],[8.65277,52.50622],[8.65277,52.5063],[8.65331,52.5063],[8.65331,52.50639],[8.65425,52.50655],[8.65546,52.50729],[8.65546,52.50745],[8.65587,52.5077],[8.65641,52.50778],[8.65695,52.50819],[8.65748,52.50819],[8.65775,52.50795],[8.65748,52.50786],[8.65721,52.50737],[8.65681,52.50721],[8.65681,52.50704],[8.65627,52.50672],[8.65573,52.50598],[8.65506,52.50557],[8.65506,52.50532],[8.65492,52.50532],[8.65439,52.5045],[8.65358,52.50409],[8.65358,52.50393],[8.65263,52.50335],[8.65236,52.50335],[8.65223,52.50319],[8.65196,52.50319],[8.65115,52.50286],[8.65075,52.50286],[8.65021,52.50261],[8.6498,52.50261],[8.64953,52.50245],[8.64913,52.50245],[8.64886,52.50229],[8.64846,52.50229],[8.64792,52.50204],[8.64751,52.50204],[8.64724,52.50188],[8.64643,52.50179],[8.64643,52.50171],[8.64536,52.50155],[8.64536,52.50147],[8.64239,52.5013],[8.64239,52.50122],[8.63768,52.50106],[8.63768,52.50097],[8.63646,52.50089],[8.63646,52.50081],[8.63579,52.50073],[8.63566,52.50056],[8.63525,52.50056],[8.63525,52.50048],[8.63363,52.5004],[8.63363,52.50032],[8.63215,52.50065],[8.63215,52.50056],[8.63161,52.50056],[8.63121,52.50032],[8.63067,52.50024],[8.63027,52.50048],[8.63,52.50147],[8.62986,52.50147],[8.62973,52.50204],[8.62946,52.50229],[8.62932,52.50311],[8.62878,52.5036],[8.62797,52.50368],[8.62797,52.5036],[8.62636,52.50343],[8.62636,52.50335],[8.62595,52.50335],[8.62555,52.50319],[8.62461,52.50311],[8.62407,52.50278],[8.6238,52.50278],[8.62339,52.50302],[8.62339,52.50319],[8.62312,52.50327],[8.62312,52.50343],[8.62285,52.50352],[8.62285,52.50368],[8.62232,52.50401],[8.62191,52.50401],[8.62191,52.50409],[8.62083,52.50409],[8.61976,52.50368],[8.61773,52.50368],[8.61773,52.50376],[8.61706,52.50384],[8.61612,52.50442],[8.61585,52.50442],[8.61558,52.50466],[8.61531,52.50466],[8.6145,52.50499],[8.61261,52.50532],[8.61234,52.50548],[8.61194,52.50548],[8.6114,52.50573],[8.60992,52.50598],[8.60884,52.50639],[8.60844,52.50639],[8.60844,52.50647],[8.60736,52.50672],[8.60722,52.50688],[8.60655,52.50704],[8.60588,52.50754],[8.60561,52.50754],[8.6052,52.50778],[8.60345,52.50795],[8.60305,52.50778],[8.60305,52.50754],[8.60412,52.50688],[8.60412,52.50639],[8.60385,52.50622],[8.60183,52.50622],[8.60129,52.50655],[8.60089,52.50655],[8.60089,52.50647],[8.5986,52.50647],[8.5986,52.50655],[8.59644,52.50647],[8.59644,52.50639],[8.5959,52.5063],[8.59577,52.50614],[8.5955,52.50614],[8.5955,52.50606],[8.59523,52.50606],[8.59523,52.50598],[8.59496,52.50598],[8.59496,52.50589],[8.59469,52.50589],[8.59469,52.50581],[8.59442,52.50581],[8.59442,52.50573],[8.59415,52.50573],[8.59415,52.50565],[8.59388,52.50565],[8.59173,52.50491],[8.59025,52.50491],[8.58769,52.50343],[8.58715,52.50335],[8.58701,52.50319],[8.58674,52.50319],[8.58674,52.50311],[8.58405,52.50237],[8.58391,52.5022],[8.58364,52.5022],[8.5831,52.50196],[8.5827,52.50196],[8.58054,52.50122],[8.5796,52.50114],[8.5796,52.50106],[8.57879,52.50106],[8.57879,52.50097],[8.57623,52.50097],[8.57623,52.50106],[8.57556,52.50106],[8.57556,52.50114],[8.57502,52.50114],[8.57461,52.5013],[8.5734,52.5013],[8.5734,52.50122],[8.57259,52.50114],[8.57232,52.50089],[8.57205,52.50089],[8.57192,52.50073],[8.57138,52.50065],[8.57125,52.50048],[8.57098,52.50048],[8.57084,52.50032],[8.57057,52.50032],[8.5703,52.50015],[8.56922,52.50081],[8.56869,52.50081],[8.56869,52.50073],[8.56815,52.50065],[8.56734,52.50097],[8.56599,52.50097],[8.56599,52.50089],[8.56518,52.50089],[8.56518,52.50081],[8.56437,52.50081],[8.56437,52.50073],[8.56114,52.50073],[8.56114,52.50065],[8.56047,52.50065],[8.56047,52.50056],[8.55871,52.50048],[8.55831,52.50032],[8.55764,52.49843],[8.5575,52.49843],[8.5575,52.49827],[8.55737,52.49827],[8.55737,52.4981],[8.55723,52.4981],[8.55723,52.49794],[8.5571,52.49794],[8.5571,52.49777],[8.55588,52.49646],[8.55144,52.49638],[8.55117,52.49597],[8.55063,52.49572],[8.54928,52.49564],[8.54928,52.49556],[8.54564,52.49564],[8.54564,52.49556],[8.54524,52.49556],[8.54484,52.4954],[8.5443,52.4954],[8.5443,52.49531],[8.54376,52.49531],[8.54335,52.49515],[8.54012,52.49474],[8.54012,52.49466],[8.53918,52.49457],[8.53918,52.49449],[8.53877,52.49449],[8.53877,52.49441],[8.53742,52.49416],[8.53662,52.49367],[8.53662,52.49351],[8.53594,52.49318],[8.53594,52.49302],[8.5354,52.49269],[8.53527,52.49236],[8.535,52.49228],[8.53473,52.49179],[8.53446,52.4917],[8.53433,52.49138],[8.53406,52.49129],[8.53392,52.49097],[8.53365,52.49088],[8.53338,52.49031],[8.53325,52.49031],[8.53325,52.49014],[8.53311,52.49014],[8.53311,52.48998],[8.53298,52.48998],[8.53298,52.48982],[8.53284,52.48982],[8.53284,52.48965],[8.53163,52.48834],[8.53163,52.48809],[8.53123,52.48777],[8.53123,52.48752],[8.53082,52.48719],[8.53082,52.48694],[8.53028,52.48645],[8.53028,52.48621],[8.53015,52.48621],[8.52961,52.48539],[8.52934,52.4853],[8.5292,52.48498],[8.52894,52.48489],[8.5288,52.48457],[8.52853,52.48448],[8.5284,52.48415],[8.52813,52.48407],[8.52772,52.48342],[8.52718,52.48317],[8.52597,52.48325],[8.52557,52.48342],[8.52503,52.48342],[8.52462,52.48358],[8.52408,52.48358],[8.52408,52.48366],[8.52166,52.48407],[8.52166,52.48415],[8.52099,52.48424],[8.52099,52.48432],[8.52072,52.48432],[8.51991,52.48465],[8.5195,52.48465],[8.51869,52.48498],[8.51829,52.48498],[8.51829,52.48506],[8.51775,52.48514],[8.51762,52.4853],[8.51735,52.4853],[8.51721,52.48547],[8.51654,52.48555],[8.51627,52.48571],[8.51586,52.48571],[8.51586,52.4858],[8.51546,52.4858],[8.51506,52.48596],[8.51452,52.48596],[8.51452,52.48604],[8.51411,52.48604],[8.51371,52.48621],[8.51317,52.48621],[8.51277,52.48637],[8.51223,52.48637],[8.51182,52.48653],[8.51007,52.4867],[8.51007,52.48678],[8.50845,52.48686],[8.50845,52.48678],[8.50576,52.48662],[8.50576,52.48653],[8.50333,52.48621],[8.50306,52.48604],[8.50266,52.48604],[8.50266,52.48596],[8.50158,52.48571],[8.50037,52.48498],[8.50037,52.48481],[8.49983,52.48448],[8.4997,52.48415],[8.49943,52.48407],[8.49916,52.48342],[8.49902,52.48342],[8.49902,52.4821],[8.49916,52.4821],[8.49916,52.48178],[8.49929,52.48178],[8.49956,52.48104],[8.4997,52.48104],[8.49996,52.48038],[8.5001,52.48038],[8.50037,52.47923],[8.5005,52.47923],[8.50077,52.47619],[8.50091,52.47619],[8.50104,52.4757],[8.50145,52.47546],[8.50306,52.47537],[8.50306,52.47546],[8.5036,52.47546],[8.5036,52.47554],[8.50401,52.47554],[8.50441,52.4757],[8.50495,52.4757],[8.50535,52.47587],[8.50765,52.47611],[8.50765,52.47619],[8.50778,52.47611],[8.51223,52.47611],[8.51223,52.47603],[8.51398,52.47603],[8.51398,52.47595],[8.5222,52.47595],[8.5222,52.47587],[8.52355,52.47578],[8.52355,52.4757],[8.52435,52.47562],[8.52516,52.47529],[8.52557,52.47529],[8.52584,52.47513],[8.52638,52.47513],[8.52638,52.47505],[8.52691,52.47505],[8.52691,52.47496],[8.52745,52.47496],[8.52745,52.47488],[8.53338,52.47463],[8.53338,52.47455],[8.53392,52.47447],[8.53406,52.47431],[8.53459,52.47422],[8.53594,52.47332],[8.53621,52.47332],[8.53662,52.47299],[8.53689,52.47299],[8.53729,52.47275],[8.53769,52.47275],[8.53796,52.47258],[8.53864,52.47258],[8.53864,52.4725],[8.54052,52.4725],[8.54052,52.47258],[8.54133,52.47275],[8.54187,52.47308],[8.54187,52.47332],[8.54214,52.47349],[8.54241,52.47414],[8.54268,52.47422],[8.54295,52.47463],[8.5443,52.47537],[8.54497,52.47628],[8.54524,52.47636],[8.54578,52.47759],[8.54645,52.478],[8.54672,52.478],[8.54807,52.47882],[8.54874,52.47972],[8.54901,52.47981],[8.54915,52.48013],[8.54942,52.48022],[8.54955,52.48071],[8.55009,52.48128],[8.54969,52.48153],[8.54969,52.48169],[8.54915,52.48194],[8.54901,52.48235],[8.54969,52.48276],[8.54996,52.48276],[8.55049,52.48317],[8.55076,52.48317],[8.55117,52.4835],[8.55144,52.4835],[8.55157,52.48366],[8.55211,52.48374],[8.55238,52.48399],[8.55265,52.48399],[8.55346,52.48432],[8.55346,52.48448],[8.55386,52.48465],[8.55386,52.48481],[8.55413,52.48489],[8.55413,52.48506],[8.5544,52.48514],[8.5544,52.4853],[8.55521,52.48588],[8.55548,52.48637],[8.55575,52.48645],[8.55575,52.48662],[8.55615,52.48694],[8.55615,52.48719],[8.55629,52.48719],[8.55629,52.48744],[8.55615,52.48744],[8.55629,52.48777],[8.55683,52.48809],[8.55764,52.48809],[8.55764,52.48801],[8.55871,52.48777],[8.55885,52.4876],[8.55966,52.48744],[8.55979,52.48727],[8.5602,52.48727],[8.5602,52.48719],[8.56127,52.48694],[8.56181,52.48662],[8.56249,52.48547],[8.5637,52.48473],[8.56437,52.48457],[8.56505,52.48415],[8.56505,52.48399],[8.56532,52.48391],[8.56545,52.48358],[8.56572,52.4835],[8.56586,52.48317],[8.56613,52.48309],[8.56626,52.48276],[8.56653,52.48268],[8.56653,52.48251],[8.5668,52.48243],[8.56707,52.48202],[8.56761,52.48178],[8.56761,52.48161],[8.56896,52.48079],[8.56922,52.48079],[8.56976,52.48054],[8.57017,52.48054],[8.57017,52.48046],[8.57111,52.48038],[8.57111,52.4803],[8.57313,52.48013],[8.57354,52.47972],[8.57354,52.47923],[8.57381,52.47907],[8.57408,52.47907],[8.57435,52.47882],[8.57461,52.47882],[8.57515,52.47857],[8.57596,52.47849],[8.57623,52.47833],[8.57664,52.47833],[8.57691,52.47816],[8.57731,52.47816],[8.57758,52.478],[8.57812,52.478],[8.57906,52.47759],[8.57933,52.47718],[8.5792,52.47718],[8.5792,52.47652],[8.57906,52.47652],[8.57906,52.47595],[8.57893,52.47595],[8.57879,52.47455],[8.57987,52.4739],[8.57974,52.4739],[8.5796,52.47349],[8.57947,52.47349],[8.57947,52.47332],[8.57933,52.47332],[8.57933,52.47316],[8.57812,52.47184],[8.57785,52.47127],[8.5765,52.47045],[8.57623,52.47045],[8.57596,52.4702],[8.57569,52.4702],[8.57542,52.46996],[8.57461,52.46979],[8.57448,52.46963],[8.57421,52.46963],[8.57381,52.46938],[8.57354,52.46938],[8.5734,52.46922],[8.57313,52.46922],[8.57286,52.46897],[8.57138,52.46856],[8.57003,52.46782],[8.56976,52.46733],[8.56936,52.46708],[8.56909,52.46708],[8.56896,52.46684],[8.56855,52.46667],[8.56855,52.46651],[8.56815,52.46618],[8.56815,52.46544],[8.56801,52.46544],[8.56774,52.46495],[8.56747,52.46478],[8.5672,52.46478],[8.56707,52.46462],[8.5668,52.46462],[8.5668,52.46454],[8.56424,52.46454],[8.56424,52.46446],[8.56343,52.46446],[8.56343,52.46437],[8.56127,52.46446],[8.56127,52.46437],[8.56006,52.46429],[8.55952,52.46405],[8.55804,52.4638],[8.55804,52.46372],[8.5575,52.46364],[8.55737,52.46347],[8.5571,52.46347],[8.55642,52.46306],[8.55642,52.4629],[8.55575,52.46257],[8.55575,52.4624],[8.55467,52.46183],[8.55427,52.46183],[8.55386,52.46166],[8.54942,52.46175],[8.54942,52.46166],[8.54861,52.4615],[8.54793,52.46109],[8.54793,52.46093],[8.54659,52.46011],[8.54632,52.46011],[8.5447,52.45953],[8.5443,52.45953],[8.54403,52.45937],[8.54362,52.45937],[8.54362,52.45928],[8.54322,52.45928],[8.54281,52.45912],[8.54228,52.45912],[8.54228,52.45904],[8.54174,52.45904],[8.54174,52.45896],[8.54012,52.45855],[8.53998,52.45838],[8.53972,52.45838],[8.53837,52.45789],[8.5354,52.45748],[8.5354,52.4574],[8.53433,52.45715],[8.53379,52.45682],[8.53015,52.45674],[8.53015,52.45666],[8.5292,52.45666],[8.5292,52.45657],[8.5284,52.45657],[8.5284,52.45649],[8.52611,52.45657],[8.52611,52.45666],[8.5253,52.45666],[8.5253,52.45674],[8.52368,52.4569],[8.52112,52.45797],[8.51923,52.45797],[8.51923,52.45789],[8.51856,52.45789],[8.51856,52.45781],[8.51802,52.45781],[8.51802,52.45772],[8.51654,52.45764],[8.51654,52.45756],[8.51519,52.45756],[8.51519,52.45748],[8.51263,52.45756],[8.51263,52.45764],[8.51209,52.45764],[8.51209,52.45772],[8.51115,52.45781],[8.51074,52.45797],[8.50926,52.45797],[8.50926,52.45805],[8.50818,52.45805],[8.50818,52.45797],[8.50711,52.45789],[8.5063,52.45731],[8.5063,52.45682],[8.50643,52.45682],[8.5067,52.45608],[8.50684,52.45608],[8.50724,52.45542],[8.50778,52.4551],[8.50778,52.45493],[8.50832,52.45469],[8.50832,52.45452],[8.50926,52.45395],[8.50953,52.45395],[8.51021,52.45345],[8.51047,52.45345],[8.51155,52.45304],[8.51304,52.45288],[8.51304,52.4528],[8.51627,52.4528],[8.51627,52.45288],[8.51977,52.45296],[8.51977,52.45304],[8.52543,52.45296],[8.52611,52.45263],[8.52611,52.45214],[8.52597,52.45214],[8.52584,52.45173],[8.52516,52.45132],[8.52274,52.45099],[8.52274,52.45091],[8.52112,52.45083],[8.52112,52.45074],[8.51344,52.45066],[8.51277,52.45042],[8.51169,52.45025],[8.51101,52.44984],[8.51034,52.44968],[8.50967,52.44927],[8.50967,52.4491],[8.50913,52.44886],[8.50913,52.44869],[8.50886,52.44861],[8.50859,52.44812],[8.50832,52.44803],[8.50791,52.44746],[8.50738,52.44721],[8.50697,52.44656],[8.5067,52.44647],[8.5067,52.44631],[8.50643,52.44623],[8.50643,52.44606],[8.50589,52.44557],[8.50589,52.44532],[8.50576,52.44532],[8.50576,52.44508],[8.50549,52.44483],[8.50495,52.44278],[8.50482,52.44278],[8.50441,52.44196],[8.50428,52.44196],[8.50428,52.44179],[8.50414,52.44179],[8.50414,52.44163],[8.50401,52.44163],[8.50401,52.44146],[8.50387,52.44146],[8.5036,52.44097],[8.50333,52.44089],[8.50306,52.44031],[8.50279,52.44015],[8.50239,52.43744],[8.50226,52.43744],[8.50226,52.43719],[8.50185,52.43695],[8.50185,52.43678],[8.50158,52.43662],[8.50131,52.43662],[8.5005,52.43612],[8.50023,52.43612],[8.4997,52.43588],[8.49848,52.43571],[8.49754,52.43514],[8.49754,52.43497],[8.49687,52.43465],[8.49687,52.43448],[8.49606,52.43399],[8.49579,52.43399],[8.49552,52.43374],[8.49525,52.43374],[8.49498,52.43358],[8.49404,52.43358],[8.49404,52.4335],[8.49296,52.43325],[8.49282,52.43308],[8.49228,52.433],[8.49175,52.43267],[8.49148,52.43267],[8.48986,52.43169],[8.48986,52.43152],[8.48945,52.43136],[8.48945,52.4312],[8.48918,52.43111],[8.48918,52.43095],[8.48892,52.43087],[8.48892,52.4307],[8.48865,52.43062],[8.48838,52.43021],[8.48797,52.43004],[8.48797,52.42988],[8.48743,52.42963],[8.48743,52.42947],[8.48703,52.42931],[8.48676,52.42889],[8.48636,52.42873],[8.48636,52.42857],[8.48568,52.42816],[8.48393,52.42774],[8.48353,52.42742],[8.48218,52.42709],[8.48177,52.42684],[8.4815,52.42643],[8.4811,52.42627],[8.48083,52.42585],[8.48043,52.42569],[8.48043,52.42553],[8.48029,52.42553],[8.48016,52.4252],[8.47989,52.42512],[8.47989,52.42495],[8.47935,52.42446],[8.47935,52.42421],[8.47867,52.42355],[8.47841,52.42355],[8.47733,52.42281],[8.47706,52.42281],[8.47625,52.42249],[8.47584,52.42249],[8.47558,52.42232],[8.47423,52.42216],[8.47423,52.42207],[8.47153,52.42183],[8.47153,52.42175],[8.47113,52.42175],[8.47113,52.42166],[8.47005,52.42142],[8.46763,52.41994],[8.46736,52.41994],[8.46682,52.41953],[8.46655,52.41953],[8.46628,52.41928],[8.46601,52.41928],[8.46372,52.41788],[8.46345,52.41788],[8.46224,52.41706],[8.46197,52.41706],[8.46048,52.41608],[8.46021,52.41608],[8.45927,52.41542],[8.459,52.41542],[8.4586,52.41509],[8.45833,52.41509],[8.45779,52.41476],[8.45685,52.4146],[8.45658,52.41443],[8.45577,52.41435],[8.45577,52.41427],[8.45523,52.41427],[8.45523,52.41419],[8.45469,52.41419],[8.45469,52.4141],[8.45415,52.4141],[8.45415,52.41402],[8.45307,52.41394],[8.45267,52.41377],[8.45213,52.41377],[8.45213,52.41369],[8.45159,52.41369],[8.45159,52.41361],[8.45105,52.41361],[8.45105,52.41353],[8.45051,52.41353],[8.45011,52.41336],[8.4489,52.41328],[8.4489,52.4132],[8.44768,52.41303],[8.44768,52.41295],[8.4466,52.41271],[8.44647,52.41254],[8.44593,52.41246],[8.4458,52.41229],[8.44499,52.41213],[8.44485,52.41197],[8.44431,52.41188],[8.44418,52.41172],[8.44364,52.41164],[8.44351,52.41147],[8.44297,52.41139],[8.44243,52.41106],[8.44162,52.4109],[8.44095,52.41049],[8.44081,52.41008],[8.44041,52.40966],[8.44041,52.40942],[8.44027,52.40942],[8.44027,52.40917],[8.44014,52.40917],[8.44014,52.40892],[8.44,52.40892],[8.44,52.40868],[8.43987,52.40868],[8.43987,52.40843],[8.43973,52.40843],[8.43973,52.40819],[8.4396,52.40819],[8.4396,52.40794],[8.43946,52.40794],[8.43946,52.40769],[8.43933,52.40769],[8.43933,52.40745],[8.43919,52.40745],[8.43919,52.4072],[8.43906,52.4072],[8.43906,52.40695],[8.43892,52.40695],[8.43892,52.40671],[8.43879,52.40671],[8.43879,52.40646],[8.43865,52.40646],[8.43865,52.40621],[8.43852,52.40621],[8.43852,52.40597],[8.43839,52.40597],[8.43839,52.40572],[8.43825,52.40572],[8.43825,52.40547],[8.43812,52.40547],[8.43812,52.40523],[8.43798,52.40523],[8.43798,52.4049],[8.43785,52.4049],[8.43677,52.40268],[8.4365,52.40251],[8.4365,52.40227],[8.43636,52.40227],[8.43636,52.40202],[8.43609,52.40177],[8.43596,52.40112],[8.43569,52.40087],[8.43529,52.39939],[8.43515,52.39939],[8.43515,52.39906],[8.43502,52.39906],[8.43502,52.39881],[8.43475,52.39857],[8.43475,52.39783],[8.43502,52.39758],[8.43502,52.397],[8.43488,52.397],[8.4338,52.39478],[8.43353,52.39462],[8.43273,52.39289],[8.43246,52.39273],[8.43205,52.39182],[8.43178,52.39166],[8.43084,52.3896],[8.43057,52.38952],[8.43057,52.38936],[8.4303,52.38919],[8.4303,52.3887],[8.43057,52.38853],[8.43057,52.38829],[8.43124,52.38788],[8.43124,52.38771],[8.43165,52.38747],[8.433,52.38722],[8.4338,52.38648],[8.4338,52.38631],[8.43367,52.38631],[8.4338,52.38483],[8.43326,52.38451],[8.43286,52.38451],[8.43246,52.38434],[8.43044,52.38418],[8.4303,52.38401],[8.42976,52.38393],[8.42963,52.38376],[8.42936,52.38376],[8.42922,52.3836],[8.42855,52.38344],[8.42801,52.38311],[8.42787,52.38138],[8.42761,52.38122],[8.42707,52.38113],[8.42693,52.38097],[8.42639,52.38089],[8.42599,52.38064],[8.42531,52.38072],[8.42478,52.38039],[8.42478,52.38006],[8.42437,52.37973],[8.42397,52.37965],[8.4237,52.3799],[8.42302,52.3799],[8.42262,52.37965],[8.42235,52.37965],[8.42181,52.37932],[8.42181,52.37916],[8.42154,52.37908],[8.42127,52.37867],[8.421,52.37858],[8.4206,52.37801],[8.42033,52.37784],[8.42006,52.37784],[8.41966,52.37751],[8.41939,52.37751],[8.41885,52.3771],[8.41885,52.37686],[8.41858,52.37669],[8.41858,52.37505],[8.41871,52.37505],[8.41912,52.37414],[8.42006,52.37357],[8.42033,52.37357],[8.4206,52.37332],[8.42154,52.37324],[8.42195,52.37357],[8.42248,52.37357],[8.42343,52.37299],[8.42437,52.37274],[8.42464,52.3725],[8.42572,52.37241],[8.42572,52.37233],[8.42612,52.37233],[8.42626,52.37217],[8.42868,52.37217],[8.42868,52.37208],[8.42949,52.37192],[8.43044,52.37134],[8.4307,52.37134],[8.43124,52.37093],[8.43151,52.37093],[8.43192,52.3706],[8.43219,52.3706],[8.43246,52.37036],[8.43273,52.37036],[8.43286,52.37019],[8.43353,52.37003],[8.4338,52.36978],[8.43407,52.36978],[8.43475,52.36921],[8.43502,52.36921],[8.43556,52.36896],[8.43623,52.36896],[8.43636,52.36879],[8.43663,52.36879],[8.43744,52.3683],[8.43744,52.36814],[8.43825,52.36772],[8.43839,52.3674],[8.43865,52.36731],[8.43892,52.36665],[8.43933,52.36657],[8.44,52.36616],[8.44027,52.36616],[8.44068,52.36591],[8.44121,52.36583],[8.44135,52.36567],[8.44216,52.3655],[8.44229,52.36534],[8.44337,52.36509],[8.44351,52.36493],[8.44378,52.36493],[8.44378,52.36484],[8.44674,52.36402],[8.44687,52.36386],[8.44768,52.36369],[8.44782,52.36353],[8.44836,52.36345],[8.44849,52.36328],[8.44876,52.36328],[8.4489,52.36312],[8.44957,52.36295],[8.44984,52.36271],[8.45011,52.36271],[8.45051,52.36238],[8.45078,52.36238],[8.45132,52.36196],[8.45159,52.36196],[8.45199,52.36164],[8.45226,52.36164],[8.45267,52.36139],[8.45361,52.36139],[8.45375,52.36155],[8.45523,52.36172],[8.45523,52.36164],[8.45617,52.36155],[8.45617,52.36147],[8.45752,52.36114],[8.45765,52.36098],[8.45792,52.36098],[8.459,52.36015],[8.45954,52.36007],[8.46008,52.35974],[8.46035,52.35974],[8.46075,52.3595],[8.46129,52.35941],[8.46143,52.35925],[8.46197,52.35917],[8.4621,52.359],[8.46237,52.359],[8.4625,52.35884],[8.46277,52.35884],[8.46372,52.35834],[8.46358,52.35736],[8.46399,52.35719],[8.46412,52.35694],[8.46614,52.35686],[8.46614,52.35694],[8.46709,52.35694],[8.46709,52.35703],[8.4687,52.35703],[8.4687,52.35694],[8.47005,52.35686],[8.47059,52.35662],[8.47099,52.35662],[8.47099,52.35653],[8.4718,52.35637],[8.47194,52.3562],[8.47261,52.35604],[8.47288,52.35579],[8.47315,52.35579],[8.47463,52.35489],[8.47477,52.35357],[8.4749,52.35349],[8.47544,52.35349],[8.47571,52.35365],[8.47571,52.35382],[8.47598,52.3539],[8.47598,52.35406],[8.47652,52.35439],[8.47719,52.35448],[8.47719,52.35456],[8.478,52.35456],[8.478,52.35464],[8.48299,52.35456],[8.48299,52.35448],[8.4842,52.35439],[8.4842,52.35431],[8.48501,52.35423],[8.48582,52.3539],[8.48622,52.3539],[8.48959,52.35258],[8.4908,52.3525],[8.4908,52.35242],[8.49404,52.35234],[8.49404,52.35225],[8.49484,52.35217],[8.49511,52.35201],[8.49552,52.35201],[8.49579,52.35184],[8.49619,52.35184],[8.49633,52.35168],[8.4974,52.35143],[8.49754,52.35127],[8.49781,52.35127],[8.49821,52.35102],[8.49848,52.35102],[8.49862,52.35085],[8.49889,52.35085],[8.49916,52.35069],[8.49916,52.35053],[8.49956,52.35036],[8.4997,52.34995],[8.49996,52.34978],[8.5001,52.3488],[8.49996,52.3488],[8.49996,52.34855],[8.4997,52.34847],[8.4997,52.3483],[8.49835,52.34756],[8.49794,52.34666],[8.49781,52.34666],[8.49754,52.34616],[8.497,52.34583],[8.49687,52.34378],[8.49673,52.34378],[8.49673,52.34336],[8.4966,52.34336],[8.49619,52.34271],[8.49633,52.34271],[8.49633,52.34229],[8.49646,52.34229],[8.49646,52.34196],[8.4966,52.34196],[8.4966,52.34147],[8.49673,52.34147],[8.49687,52.34089],[8.49875,52.34098],[8.49875,52.34106],[8.49956,52.34114],[8.49996,52.34139],[8.5001,52.34196],[8.50023,52.34196],[8.50037,52.34303],[8.5005,52.34303],[8.50064,52.3441],[8.50077,52.3441],[8.50104,52.34526],[8.50131,52.3455],[8.50145,52.34608],[8.50158,52.34608],[8.50158,52.34624],[8.50199,52.34657],[8.50212,52.34707],[8.50226,52.34707],[8.50239,52.34806],[8.50252,52.34806],[8.50252,52.34913],[8.50239,52.34913],[8.50226,52.3497],[8.50158,52.35036],[8.50131,52.35135],[8.50118,52.35135],[8.50118,52.3516],[8.50091,52.35176],[8.50091,52.35201],[8.50077,52.35201],[8.50077,52.35225],[8.50064,52.35225],[8.50064,52.3525],[8.50037,52.35275],[8.50037,52.35308],[8.50023,52.35308],[8.49996,52.35398],[8.49983,52.35398],[8.4997,52.3548],[8.49875,52.35546],[8.49875,52.3562],[8.49835,52.35645],[8.49848,52.35686],[8.49862,52.35686],[8.49862,52.35727],[8.49794,52.3576],[8.49727,52.3576],[8.49646,52.35694],[8.49606,52.35694],[8.49538,52.35736],[8.49538,52.35785],[8.49565,52.35793],[8.49565,52.35818],[8.49498,52.35876],[8.49498,52.35908],[8.49484,52.35908],[8.49457,52.35958],[8.49431,52.35974],[8.49201,52.35974],[8.49175,52.35999],[8.49228,52.3604],[8.49228,52.36081],[8.49161,52.36122],[8.49134,52.36122],[8.49134,52.36131],[8.4908,52.36122],[8.49067,52.36081],[8.49026,52.36057],[8.48972,52.36057],[8.48905,52.36007],[8.48851,52.36007],[8.48797,52.36048],[8.4877,52.36048],[8.48743,52.36065],[8.48622,52.36073],[8.48595,52.36089],[8.48595,52.36122],[8.48528,52.36139],[8.48487,52.36164],[8.48474,52.36213],[8.48393,52.36262],[8.48366,52.36262],[8.48366,52.36254],[8.48258,52.36262],[8.48218,52.36287],[8.48218,52.36303],[8.48231,52.36303],[8.48218,52.36328],[8.48016,52.36353],[8.48016,52.36361],[8.47921,52.36377],[8.47894,52.36394],[8.47827,52.36353],[8.47733,52.36353],[8.47733,52.36361],[8.47652,52.36369],[8.47638,52.36345],[8.47558,52.36303],[8.47558,52.36287],[8.47477,52.36246],[8.47477,52.36229],[8.47436,52.36213],[8.47436,52.36196],[8.47328,52.36131],[8.47194,52.36122],[8.47194,52.36131],[8.47126,52.36139],[8.46938,52.36205],[8.46938,52.36229],[8.46965,52.36238],[8.46965,52.36254],[8.47005,52.36287],[8.47005,52.3632],[8.47019,52.3632],[8.47059,52.36526],[8.47046,52.36534],[8.46884,52.36534],[8.46884,52.36542],[8.46803,52.36558],[8.46776,52.36583],[8.46749,52.36583],[8.46695,52.36616],[8.46695,52.36633],[8.46641,52.36657],[8.46641,52.36674],[8.46587,52.36698],[8.46587,52.36715],[8.46466,52.36781],[8.46439,52.36781],[8.46358,52.36814],[8.46291,52.36814],[8.46291,52.36822],[8.45941,52.36805],[8.45941,52.36797],[8.45833,52.36797],[8.45833,52.36805],[8.45779,52.36805],[8.45779,52.36814],[8.45725,52.36814],[8.45725,52.36822],[8.45671,52.36822],[8.45671,52.3683],[8.45455,52.36814],[8.45455,52.36822],[8.45402,52.3683],[8.45375,52.36855],[8.45132,52.36888],[8.45132,52.36896],[8.45078,52.36896],[8.45078,52.36904],[8.44997,52.36904],[8.4497,52.36921],[8.4493,52.36921],[8.44849,52.3697],[8.4466,52.36995],[8.4466,52.37003],[8.4462,52.37003],[8.4458,52.37019],[8.44378,52.37036],[8.44337,52.37011],[8.44283,52.37011],[8.44175,52.37069],[8.44175,52.37085],[8.44108,52.37126],[8.44081,52.37184],[8.44041,52.37217],[8.44041,52.37241],[8.44027,52.37241],[8.44027,52.37258],[8.43987,52.37291],[8.43987,52.37315],[8.4396,52.37332],[8.4396,52.37357],[8.43933,52.37373],[8.43933,52.37398],[8.43906,52.37414],[8.43906,52.37439],[8.43879,52.37455],[8.43785,52.38286],[8.43758,52.38311],[8.43623,52.38335],[8.43569,52.38368],[8.43569,52.38393],[8.43542,52.38418],[8.43556,52.38631],[8.43542,52.38631],[8.43529,52.38664],[8.43434,52.38714],[8.4338,52.38788],[8.43273,52.38804],[8.43246,52.38821],[8.43246,52.38845],[8.43178,52.38878],[8.43165,52.39002],[8.43178,52.39002],[8.43259,52.39174],[8.43286,52.39191],[8.43286,52.39215],[8.433,52.39215],[8.433,52.3924],[8.43313,52.3924],[8.43313,52.39265],[8.43326,52.39265],[8.43326,52.39289],[8.4334,52.39289],[8.4334,52.39314],[8.43353,52.39314],[8.43488,52.39585],[8.43502,52.39585],[8.43529,52.39651],[8.43556,52.39668],[8.43569,52.39717],[8.43704,52.39807],[8.43704,52.39824],[8.43758,52.39873],[8.43758,52.39898],[8.43798,52.39931],[8.43798,52.39955],[8.43812,52.39955],[8.43839,52.40029],[8.43865,52.40046],[8.43865,52.4007],[8.43879,52.4007],[8.43879,52.40095],[8.43892,52.40095],[8.43892,52.4012],[8.43906,52.4012],[8.43906,52.40144],[8.43919,52.40144],[8.43919,52.40169],[8.43946,52.40194],[8.43946,52.40227],[8.4396,52.40227],[8.4396,52.40251],[8.43973,52.40251],[8.43973,52.40276],[8.43987,52.40276],[8.43987,52.40301],[8.44,52.40301],[8.44,52.40325],[8.44027,52.4035],[8.44041,52.40416],[8.44054,52.40416],[8.44054,52.4044],[8.44068,52.4044],[8.44068,52.40465],[8.44081,52.40465],[8.44081,52.4049],[8.44108,52.40514],[8.44108,52.40547],[8.44121,52.40547],[8.44121,52.40572],[8.44148,52.40597],[8.44148,52.40629],[8.44162,52.40629],[8.44216,52.40777],[8.44229,52.40777],[8.44229,52.40802],[8.44243,52.40802],[8.44243,52.40827],[8.4427,52.40851],[8.4427,52.40884],[8.44297,52.40901],[8.44324,52.40958],[8.44391,52.40999],[8.44445,52.41008],[8.44458,52.41024],[8.4462,52.41065],[8.44634,52.41082],[8.44755,52.41114],[8.44768,52.41131],[8.44795,52.41131],[8.4493,52.4118],[8.4497,52.4118],[8.45024,52.41205],[8.45065,52.41205],[8.45065,52.41213],[8.45105,52.41213],[8.45105,52.41221],[8.45146,52.41221],[8.45186,52.41238],[8.45671,52.41303],[8.45671,52.41312],[8.45712,52.41312],[8.45712,52.4132],[8.45752,52.4132],[8.45846,52.41353],[8.45914,52.41361],[8.45941,52.41386],[8.45968,52.41386],[8.45994,52.4141],[8.46021,52.4141],[8.46345,52.41616],[8.46372,52.41616],[8.46507,52.41698],[8.4656,52.41706],[8.46614,52.41739],[8.46641,52.41739],[8.46722,52.41772],[8.46763,52.41772],[8.46789,52.41788],[8.46843,52.41788],[8.46884,52.41805],[8.46951,52.41805],[8.46951,52.41813],[8.47005,52.41813],[8.47005,52.41821],[8.47059,52.41821],[8.47059,52.41829],[8.47113,52.41829],[8.47113,52.41838],[8.47328,52.41846],[8.47328,52.41854],[8.47477,52.41854],[8.47477,52.41846],[8.47571,52.41846],[8.47571,52.41838],[8.48029,52.41838],[8.48029,52.41846],[8.48177,52.41846],[8.48177,52.41854],[8.48285,52.41862],[8.48312,52.41879],[8.48366,52.41879],[8.4842,52.41829],[8.48568,52.41829],[8.48595,52.41813],[8.48595,52.41788],[8.48555,52.41764],[8.48447,52.41739],[8.48393,52.41706],[8.48393,52.4169],[8.48366,52.41673],[8.48366,52.4164],[8.48353,52.4164],[8.48366,52.41542],[8.48447,52.41484],[8.48474,52.41484],[8.48487,52.41468],[8.48555,52.4146],[8.48662,52.41419],[8.48703,52.41419],[8.48703,52.4141],[8.48851,52.41419],[8.48932,52.41451],[8.48932,52.41468],[8.48999,52.41501],[8.48999,52.41525],[8.49013,52.41525],[8.49026,52.41632],[8.49013,52.41632],[8.48999,52.41706],[8.48986,52.41706],[8.48986,52.41772],[8.48999,52.41772],[8.49013,52.41821],[8.49026,52.41821],[8.4908,52.41903],[8.49148,52.41945],[8.49148,52.41961],[8.49188,52.41977],[8.49188,52.41994],[8.49242,52.42018],[8.49242,52.42035],[8.49296,52.4206],[8.49296,52.42076],[8.49336,52.42092],[8.49336,52.42109],[8.49511,52.42216],[8.49538,52.42216],[8.49592,52.42249],[8.497,52.42273],[8.49713,52.4229],[8.49754,52.4229],[8.49754,52.42298],[8.49794,52.42298],[8.49794,52.42306],[8.49835,52.42306],[8.49835,52.42314],[8.49875,52.42314],[8.49916,52.42331],[8.50145,52.42339],[8.50145,52.42347],[8.50347,52.42364],[8.50441,52.42396],[8.50482,52.42396],[8.50495,52.42413],[8.50522,52.42413],[8.50549,52.42429],[8.5067,52.42421],[8.5067,52.42413],[8.50724,52.42405],[8.50738,52.42388],[8.50765,52.42388],[8.50778,52.42372],[8.50805,52.42372],[8.50845,52.42347],[8.50886,52.42347],[8.50913,52.42331],[8.51182,52.42339],[8.51182,52.42347],[8.51263,52.42355],[8.5129,52.42372],[8.5133,52.42372],[8.51357,52.42388],[8.51492,52.42413],[8.51506,52.42429],[8.5156,52.42438],[8.51573,52.42454],[8.51627,52.42462],[8.51694,52.42503],[8.51721,52.42503],[8.51748,52.42528],[8.51775,52.42528],[8.51869,52.42585],[8.51869,52.42602],[8.5191,52.42618],[8.51923,52.42651],[8.5195,52.42659],[8.5195,52.42676],[8.51991,52.427],[8.52018,52.42774],[8.52031,52.42774],[8.52058,52.42832],[8.52099,52.42865],[8.52099,52.42889],[8.52125,52.42906],[8.52179,52.43029],[8.52193,52.43029],[8.52206,52.43062],[8.52233,52.4307],[8.52247,52.43111],[8.52314,52.43177],[8.52314,52.43202],[8.52381,52.43243],[8.52381,52.43259],[8.52435,52.43292],[8.52624,52.43308],[8.52624,52.43317],[8.52718,52.43333],[8.52745,52.4335],[8.52907,52.4335],[8.52961,52.43325],[8.53069,52.43317],[8.53069,52.43308],[8.53109,52.43308],[8.53109,52.433],[8.5319,52.43284],[8.53244,52.43251],[8.53298,52.43177],[8.53325,52.43169],[8.53325,52.43152],[8.53352,52.43136],[8.53365,52.43078],[8.53379,52.43078],[8.53379,52.43046],[8.53406,52.43021],[8.53419,52.42963],[8.53446,52.42947],[8.53446,52.42922],[8.53459,52.42922],[8.53486,52.42857],[8.535,52.42857],[8.535,52.42816],[8.53513,52.42816],[8.53513,52.42774],[8.53527,52.42774],[8.53527,52.4261],[8.53513,52.4261],[8.535,52.42512],[8.53513,52.42512],[8.53527,52.42446],[8.53608,52.4238],[8.53635,52.4238],[8.53648,52.42364],[8.53689,52.42364],[8.53715,52.42347],[8.53904,52.42347],[8.53904,52.42355],[8.54376,52.42347],[8.54376,52.42355],[8.5443,52.42355],[8.5443,52.42364],[8.54524,52.4238],[8.54591,52.42438],[8.54578,52.42503],[8.54564,52.42503],[8.54537,52.42553],[8.54497,52.42569],[8.54497,52.42585],[8.54241,52.42742],[8.54241,52.42758],[8.54187,52.42783],[8.54187,52.42799],[8.54106,52.42848],[8.54106,52.42865],[8.54052,52.42914],[8.54025,52.42996],[8.54012,52.42996],[8.53998,52.43161],[8.54012,52.43161],[8.54025,52.4321],[8.54079,52.43243],[8.54133,52.43317],[8.54228,52.43374],[8.54254,52.43374],[8.54268,52.43391],[8.54362,52.43415],[8.54416,52.43465],[8.54443,52.43465],[8.5447,52.43489],[8.54524,52.43497],[8.54578,52.4353],[8.54632,52.43654],[8.54659,52.4367],[8.54659,52.43859],[8.54605,52.43892],[8.54457,52.43908],[8.54457,52.43916],[8.54389,52.43916],[8.54389,52.43925],[8.54241,52.43925],[8.54241,52.43916],[8.54106,52.43908],[8.54106,52.439],[8.53958,52.43908],[8.53958,52.439],[8.53904,52.43892],[8.5381,52.43834],[8.53702,52.43834],[8.53648,52.43859],[8.53648,52.43875],[8.53594,52.43925],[8.53567,52.44007],[8.53554,52.44007],[8.53554,52.44048],[8.53608,52.44105],[8.53608,52.44138],[8.53567,52.44171],[8.53459,52.44196],[8.53419,52.4422],[8.53419,52.44237],[8.53446,52.44253],[8.53459,52.44508],[8.53473,52.44508],[8.53473,52.44557],[8.53486,52.44557],[8.53513,52.44623],[8.5354,52.44631],[8.5354,52.44647],[8.53581,52.44672],[8.53608,52.44672],[8.53662,52.44705],[8.53877,52.44762],[8.53998,52.44836],[8.53998,52.44861],[8.54052,52.4491],[8.54066,52.44984],[8.54079,52.44984],[8.54079,52.45017],[8.54106,52.45025],[8.54106,52.4505],[8.54201,52.45107],[8.54228,52.45107],[8.54254,52.45124],[8.54497,52.45157],[8.54497,52.45165],[8.54551,52.45165],[8.54551,52.45173],[8.54686,52.45189],[8.54686,52.45198],[8.54928,52.45198],[8.54969,52.45181],[8.55036,52.45181],[8.55036,52.45173],[8.55103,52.45173],[8.55103,52.45165],[8.55319,52.45157],[8.55319,52.45148],[8.55427,52.4514],[8.55427,52.45132],[8.55481,52.45124],[8.55508,52.45099],[8.55535,52.45099],[8.55562,52.45074],[8.55588,52.45074],[8.55615,52.4505],[8.55683,52.45033],[8.55696,52.45017],[8.55791,52.45017],[8.55791,52.45009],[8.55885,52.45009],[8.55885,52.45001],[8.56033,52.45017],[8.56033,52.45025],[8.56114,52.45033],[8.56141,52.4505],[8.56181,52.4505],[8.56181,52.45058],[8.56262,52.45074],[8.56289,52.45099],[8.56316,52.45099],[8.56357,52.45124],[8.56357,52.4514],[8.5641,52.45165],[8.5641,52.45181],[8.56451,52.45198],[8.56451,52.45214],[8.56491,52.4523],[8.56491,52.45247],[8.56532,52.45272],[8.56559,52.45272],[8.56572,52.45288],[8.56599,52.45288],[8.56653,52.45313],[8.56774,52.45329],[8.56801,52.45345],[8.56842,52.45345],[8.56842,52.45354],[8.56949,52.45378],[8.57098,52.45477],[8.57178,52.45485],[8.57192,52.45501],[8.57246,52.45501],[8.57246,52.4551],[8.57327,52.4551],[8.57327,52.45518],[8.57596,52.45542],[8.57785,52.45657],[8.57785,52.45674],[8.57839,52.45699],[8.57839,52.45715],[8.57947,52.45781],[8.58041,52.45805],[8.58054,52.45822],[8.58149,52.4583],[8.58149,52.45838],[8.58216,52.45838],[8.58216,52.4583],[8.58351,52.45838],[8.58405,52.45879],[8.58405,52.45945],[8.58297,52.4606],[8.58297,52.46117],[8.58351,52.4615],[8.58351,52.46166],[8.58405,52.46191],[8.58405,52.46208],[8.58432,52.46216],[8.58432,52.46232],[8.58486,52.46281],[8.58486,52.46306],[8.58499,52.46306],[8.58499,52.46331],[8.58526,52.46355],[8.58526,52.46388],[8.58539,52.46388],[8.5858,52.46569],[8.58634,52.46593],[8.58647,52.46626],[8.58701,52.46659],[8.58728,52.46659],[8.58822,52.46725],[8.58849,52.46725],[8.5889,52.46758],[8.58917,52.46758],[8.5893,52.46774],[8.58957,52.46774],[8.58971,52.4679],[8.58998,52.4679],[8.59011,52.46807],[8.59038,52.46807],[8.59051,52.46823],[8.59078,52.46823],[8.59092,52.4684],[8.59119,52.4684],[8.59213,52.46889],[8.59294,52.46889],[8.59294,52.46881],[8.59361,52.46873],[8.59564,52.46749],[8.59617,52.46741],[8.59658,52.46717],[8.59671,52.46593],[8.59685,52.46593],[8.59698,52.46544],[8.59725,52.46528],[8.59752,52.46454],[8.59793,52.46421],[8.59806,52.46347],[8.5982,52.46347],[8.59806,52.46101],[8.59793,52.46101],[8.59793,52.46035],[8.59779,52.46035],[8.59779,52.45978],[8.59766,52.45978],[8.59779,52.45871],[8.59806,52.45863],[8.59806,52.45846],[8.5986,52.45813],[8.599,52.45813],[8.599,52.45805],[8.60183,52.45813],[8.60183,52.45805],[8.60291,52.45805],[8.60291,52.45797],[8.60412,52.45789],[8.60412,52.45781],[8.60803,52.45764],[8.60803,52.45756],[8.60871,52.45756],[8.60911,52.4574],[8.61005,52.45731],[8.61046,52.45707],[8.61059,52.45616],[8.61046,52.45616],[8.61046,52.45592],[8.61019,52.45567],[8.61019,52.45518],[8.60978,52.45485],[8.60938,52.45485],[8.60938,52.45477],[8.60076,52.45493],[8.60076,52.45501],[8.59968,52.4551],[8.59914,52.45534],[8.59833,52.45534],[8.59793,52.4551],[8.59793,52.45436],[8.59806,52.45436],[8.59806,52.45403],[8.5982,52.45403],[8.5982,52.4537],[8.59833,52.4537],[8.59833,52.45337],[8.59846,52.45337],[8.59846,52.45296],[8.59806,52.45263],[8.59725,52.45255],[8.59725,52.45247],[8.59671,52.45239],[8.59658,52.45222],[8.59631,52.45222],[8.59604,52.45206],[8.59604,52.45189],[8.59564,52.45173],[8.59523,52.45091],[8.5951,52.45091],[8.5951,52.44828],[8.59523,52.44828],[8.59523,52.44803],[8.5951,52.44803],[8.5951,52.44754],[8.59483,52.4473],[8.59483,52.44615],[8.59469,52.44615],[8.59469,52.44582],[8.59456,52.44582],[8.59456,52.44565],[8.59415,52.44532],[8.59415,52.44508],[8.59402,52.44508],[8.59402,52.44434],[8.59415,52.44434],[8.59429,52.44319],[8.59442,52.44319],[8.59442,52.44212],[8.59348,52.44155],[8.59321,52.44155],[8.59267,52.4413],[8.59159,52.44122],[8.59159,52.44114],[8.58957,52.44114],[8.58957,52.44122],[8.58903,52.44122],[8.58903,52.4413],[8.58755,52.4413],[8.58755,52.44122],[8.5862,52.44097],[8.58418,52.43974],[8.58405,52.43941],[8.58378,52.43933],[8.58378,52.43916],[8.58337,52.43884],[8.58337,52.43859],[8.58324,52.43859],[8.5831,52.4381],[8.58297,52.4381],[8.58297,52.43777],[8.58283,52.43777],[8.58283,52.43719],[8.5827,52.43719],[8.58243,52.43563],[8.5823,52.43563],[8.58203,52.4335],[8.58189,52.4335],[8.58189,52.43317],[8.58176,52.43317],[8.58176,52.43284],[8.58162,52.43284],[8.58162,52.43202],[8.58176,52.43202],[8.58189,52.4298],[8.58203,52.4298],[8.5823,52.42906],[8.58256,52.42889],[8.58256,52.42865],[8.58283,52.42848],[8.5831,52.42774],[8.58337,52.42758],[8.58337,52.42692],[8.58324,52.42692],[8.58297,52.42643],[8.5827,52.42635],[8.58189,52.42438],[8.58203,52.42438],[8.58203,52.42413],[8.58216,52.42413],[8.5823,52.4238],[8.58256,52.42372],[8.5827,52.42339],[8.58297,52.42331],[8.58337,52.42273],[8.58364,52.42265],[8.58364,52.42249],[8.58472,52.42134],[8.58486,52.4206],[8.58472,52.4206],[8.58432,52.41994],[8.58405,52.41986],[8.58405,52.41969],[8.58378,52.41961],[8.58378,52.41945],[8.58337,52.4192],[8.58351,52.41854],[8.58364,52.41854],[8.58405,52.41788],[8.58432,52.4178],[8.58432,52.41764],[8.5858,52.41682],[8.5858,52.41665],[8.58674,52.41608],[8.58688,52.41558],[8.58701,52.41558],[8.58701,52.41517],[8.58688,52.41517],[8.58661,52.41451],[8.58607,52.41402],[8.58607,52.41377],[8.58593,52.41377],[8.58512,52.41262],[8.58486,52.41254],[8.58486,52.41238],[8.58459,52.41229],[8.58459,52.41213],[8.58405,52.41164],[8.58405,52.41131],[8.58391,52.41131],[8.58378,52.41073],[8.58351,52.41049],[8.58324,52.40917],[8.5831,52.40917],[8.5831,52.40876],[8.58297,52.40876],[8.58297,52.40843],[8.58283,52.40843],[8.58283,52.4081],[8.5827,52.4081],[8.5827,52.40777],[8.58256,52.40777],[8.58216,52.40629],[8.5823,52.40629],[8.5823,52.40539],[8.58243,52.40539],[8.5827,52.40399],[8.58283,52.40399],[8.58283,52.40366],[8.58297,52.40366],[8.58337,52.40268],[8.58351,52.40268],[8.58364,52.40227],[8.58378,52.40227],[8.58378,52.4021],[8.58391,52.4021],[8.58391,52.40194],[8.58405,52.40194],[8.58405,52.40177],[8.58526,52.40046],[8.5858,52.39881],[8.58593,52.39881],[8.58607,52.39848],[8.58647,52.39832],[8.58674,52.39774],[8.58715,52.39742],[8.58728,52.39692],[8.58742,52.39692],[8.58755,52.39659],[8.58782,52.39651],[8.58795,52.39602],[8.58809,52.39602],[8.58849,52.3952],[8.58863,52.3952],[8.58863,52.3947],[8.58688,52.39363],[8.58661,52.39363],[8.58647,52.39347],[8.5862,52.39347],[8.58607,52.3933],[8.5858,52.3933],[8.58553,52.39306],[8.58526,52.39306],[8.58486,52.39281],[8.58486,52.39265],[8.58445,52.39248],[8.58445,52.39224],[8.58405,52.39182],[8.58391,52.39092],[8.58378,52.39092],[8.58351,52.39018],[8.5831,52.38993],[8.5831,52.38977],[8.5827,52.3896],[8.58243,52.38919],[8.58189,52.38895],[8.58189,52.38878],[8.58122,52.38837],[8.58095,52.38837],[8.58014,52.38779],[8.57987,52.38779],[8.57866,52.38705],[8.57839,52.38705],[8.57717,52.38623],[8.57691,52.38623],[8.57596,52.38557],[8.57569,52.38557],[8.57515,52.38516],[8.57488,52.38516],[8.57435,52.38483],[8.57421,52.38426],[8.57381,52.38393],[8.57354,52.38335],[8.57313,52.38319],[8.57313,52.38302],[8.57286,52.38294],[8.57273,52.38261],[8.57232,52.38237],[8.57192,52.38237],[8.57138,52.38212],[8.57125,52.38163],[8.57111,52.38163],[8.57084,52.38113],[8.57017,52.38072],[8.5699,52.38072],[8.56936,52.38023],[8.56936,52.37973],[8.57071,52.37908],[8.57071,52.37875],[8.57057,52.37875],[8.57044,52.37834],[8.57017,52.37825],[8.56963,52.37702],[8.56909,52.37653],[8.56896,52.37587],[8.56963,52.37546],[8.57098,52.37546],[8.57152,52.37513],[8.57152,52.37496],[8.57192,52.3748],[8.57192,52.37463],[8.57219,52.37447],[8.57219,52.37406],[8.57205,52.37406],[8.57178,52.37348],[8.57165,52.37348],[8.57165,52.37332],[8.57084,52.3725],[8.57084,52.37225],[8.57071,52.37225],[8.57017,52.37027],[8.57003,52.37027],[8.56976,52.36945],[8.56949,52.36929],[8.56909,52.36748],[8.56896,52.36748],[8.56869,52.36674],[8.56855,52.36674],[8.56815,52.36608],[8.56761,52.36583],[8.56707,52.36509],[8.56559,52.36419],[8.56532,52.36419],[8.56464,52.36377],[8.56397,52.36361],[8.56357,52.36328],[8.5633,52.36328],[8.56249,52.36279],[8.56249,52.36262],[8.56208,52.36246],[8.56208,52.36229],[8.56181,52.36221],[8.56141,52.36155],[8.56114,52.36147],[8.56101,52.36106],[8.56047,52.36073],[8.55952,52.36048],[8.55885,52.36007],[8.55871,52.3581],[8.55898,52.35785],[8.55912,52.35727],[8.55979,52.35662],[8.55979,52.35587],[8.55966,52.35587],[8.55952,52.3553],[8.55831,52.35398],[8.55831,52.35365],[8.55804,52.35341],[8.55777,52.35258],[8.5575,52.3525],[8.55723,52.35209],[8.55683,52.35192],[8.55683,52.35176],[8.55642,52.3516],[8.55615,52.35118],[8.55548,52.35077],[8.55494,52.34995],[8.55427,52.34962],[8.55427,52.34946],[8.55386,52.34921],[8.55359,52.34921],[8.55332,52.34904],[8.55332,52.34888],[8.55279,52.34863],[8.55265,52.3483],[8.55211,52.34797],[8.5513,52.34781],[8.55049,52.34732],[8.55036,52.34666],[8.55023,52.34666],[8.55023,52.34583],[8.55009,52.34583],[8.55009,52.3455],[8.54996,52.3455],[8.54996,52.34517],[8.54982,52.34517],[8.54982,52.34476],[8.54928,52.34427],[8.54928,52.34402],[8.54915,52.34402],[8.54847,52.34303],[8.54793,52.34279],[8.54713,52.34279],[8.54605,52.3432],[8.54551,52.3432],[8.54551,52.34328],[8.54497,52.34328],[8.54497,52.34336],[8.5443,52.34328],[8.54349,52.34279],[8.54349,52.34262],[8.54322,52.34254],[8.54308,52.34221],[8.54281,52.34213],[8.54281,52.34196],[8.54228,52.34147],[8.54174,52.33859],[8.54187,52.33859],[8.54201,52.33809],[8.54228,52.33793],[8.54241,52.33727],[8.54254,52.33727],[8.54254,52.33702],[8.54268,52.33702],[8.54268,52.33678],[8.54295,52.33653],[8.54295,52.33587],[8.54254,52.33563],[8.54268,52.33488],[8.54228,52.33464],[8.54214,52.33431],[8.5416,52.33406],[8.5416,52.3339],[8.5412,52.33365],[8.5412,52.33258],[8.54093,52.33241],[8.54093,52.33176],[8.54106,52.33176],[8.54147,52.3311],[8.54133,52.3311],[8.5412,52.33077],[8.54093,52.33068],[8.54093,52.33044],[8.54079,52.33044],[8.54039,52.32978],[8.53931,52.32912],[8.53931,52.32896],[8.53904,52.32887],[8.53877,52.32846],[8.5381,52.32813],[8.53796,52.3278],[8.53554,52.32657],[8.53554,52.3264],[8.535,52.32607],[8.535,52.32566],[8.53459,52.32533],[8.53433,52.32533],[8.53406,52.3255],[8.53352,52.3255],[8.53352,52.32541],[8.53284,52.32541],[8.53284,52.32533],[8.53203,52.32525],[8.53203,52.32517],[8.5315,52.32508],[8.53136,52.32492],[8.53109,52.32492],[8.53082,52.32476],[8.53082,52.32459],[8.53055,52.32451],[8.53055,52.32434],[8.53028,52.32426],[8.53015,52.32327],[8.53028,52.32327],[8.53028,52.32286],[8.53069,52.32245],[8.53109,52.32154],[8.53136,52.32138],[8.5319,52.3213],[8.53244,52.32097],[8.53244,52.3208],[8.53284,52.32047],[8.53257,52.31973],[8.53271,52.31973],[8.53271,52.3194],[8.53284,52.3194],[8.53298,52.31891],[8.53311,52.31891],[8.53338,52.31825],[8.53352,52.31825],[8.53352,52.31808],[8.53284,52.31775],[8.53284,52.31734],[8.53298,52.31734],[8.53298,52.31693],[8.53325,52.31677],[8.53338,52.31627],[8.53298,52.31602],[8.53203,52.31586],[8.5319,52.3157],[8.53163,52.3157],[8.53123,52.31545],[8.53015,52.31545],[8.52988,52.31561],[8.52853,52.31561],[8.52853,52.31553],[8.52813,52.31553],[8.52813,52.31545],[8.52786,52.31545],[8.52732,52.3152],[8.52691,52.3152],[8.52611,52.31487],[8.5257,52.31487],[8.52516,52.31462],[8.52422,52.31446],[8.52408,52.3143],[8.52381,52.3143],[8.52341,52.31405],[8.52341,52.31388],[8.52301,52.31372],[8.52301,52.31355],[8.52247,52.31322],[8.52247,52.31306],[8.52166,52.31224],[8.52166,52.31199],[8.52139,52.31182],[8.52072,52.30902],[8.52085,52.30902],[8.52085,52.30878],[8.52112,52.30869],[8.52112,52.30853],[8.52166,52.30828],[8.52179,52.30787],[8.52152,52.30779],[8.52139,52.30746],[8.52085,52.30713],[8.52085,52.30688],[8.52125,52.30663],[8.52152,52.30663],[8.52152,52.30655],[8.52314,52.30614],[8.52341,52.30589],[8.52368,52.30589],[8.52516,52.30499],[8.52516,52.30482],[8.52597,52.30441],[8.52624,52.304],[8.52664,52.30383],[8.52664,52.30367],[8.52745,52.30317],[8.52826,52.30301],[8.5284,52.30284],[8.52894,52.30276],[8.52961,52.30235],[8.52988,52.30235],[8.53096,52.30169],[8.53096,52.30078],[8.53109,52.3007],[8.5323,52.3007],[8.53257,52.30054],[8.53257,52.30004],[8.53271,52.30004],[8.53284,52.29963],[8.53433,52.29955],[8.53459,52.29938],[8.53433,52.29881],[8.53446,52.29881],[8.53459,52.29839],[8.535,52.29823],[8.535,52.29806],[8.5354,52.29782],[8.5354,52.29757],[8.53567,52.2974],[8.53554,52.29708],[8.53567,52.29708],[8.53581,52.29658],[8.53675,52.29592],[8.53715,52.29592],[8.53742,52.29576],[8.53729,52.29518],[8.53702,52.2951],[8.53702,52.2946],[8.53662,52.29427],[8.53662,52.2937],[8.53689,52.29361],[8.53689,52.29312],[8.53729,52.29295],[8.53729,52.29254],[8.53742,52.29254],[8.53756,52.29122],[8.53769,52.29122],[8.53756,52.29032],[8.53702,52.28991],[8.53608,52.28974],[8.53459,52.28883],[8.53446,52.28817],[8.53406,52.28784],[8.53325,52.28776],[8.53257,52.28743],[8.53244,52.28702],[8.5323,52.28702],[8.5323,52.28529],[8.53217,52.28529],[8.53217,52.28512],[8.53028,52.28422],[8.53028,52.28405],[8.53001,52.28397],[8.52947,52.28323],[8.5292,52.28315],[8.5292,52.28298],[8.5284,52.2824],[8.52826,52.28207],[8.52624,52.28092],[8.52624,52.28076],[8.5257,52.28026],[8.52557,52.27977],[8.52516,52.2796],[8.52516,52.27944],[8.52489,52.27927],[8.52489,52.27902],[8.52476,52.27902],[8.52489,52.27853],[8.52611,52.27845],[8.52651,52.27869],[8.52651,52.27894],[8.52664,52.27894],[8.52664,52.27911],[8.52705,52.27944],[8.52705,52.27968],[8.52718,52.27968],[8.52772,52.28051],[8.52799,52.28059],[8.52799,52.28076],[8.52894,52.28133],[8.5292,52.28133],[8.52947,52.28158],[8.52974,52.28158],[8.53257,52.28331],[8.53257,52.28356],[8.53284,52.28372],[8.53284,52.28405],[8.53311,52.2843],[8.53311,52.28521],[8.53298,52.28521],[8.53298,52.2857],[8.53284,52.2857],[8.53284,52.28603],[8.53271,52.28603],[8.53284,52.28669],[8.53473,52.28768],[8.53473,52.28784],[8.535,52.28801],[8.535,52.28842],[8.53554,52.28892],[8.53594,52.289],[8.53648,52.28842],[8.53702,52.28859],[8.53648,52.28916],[8.53837,52.29032],[8.5385,52.29106],[8.5381,52.29147],[8.53796,52.29263],[8.53756,52.29295],[8.53729,52.29386],[8.53715,52.29386],[8.53742,52.29444],[8.53756,52.29444],[8.53756,52.29485],[8.53796,52.29526],[8.53796,52.296],[8.53756,52.29625],[8.53702,52.29625],[8.53635,52.29666],[8.53608,52.29773],[8.53594,52.29773],[8.53567,52.29823],[8.5354,52.29831],[8.5354,52.29848],[8.53513,52.29856],[8.53513,52.29881],[8.53554,52.29905],[8.53567,52.29963],[8.53581,52.29963],[8.53567,52.30103],[8.53406,52.30218],[8.53379,52.30218],[8.53352,52.30243],[8.53325,52.30243],[8.53271,52.30276],[8.53136,52.30301],[8.53136,52.30309],[8.52961,52.30317],[8.52961,52.30326],[8.52907,52.30334],[8.52894,52.3035],[8.52867,52.3035],[8.52678,52.30466],[8.52678,52.30482],[8.5257,52.30548],[8.52543,52.30589],[8.52503,52.30614],[8.52476,52.30614],[8.52462,52.3063],[8.52435,52.3063],[8.52422,52.30647],[8.52395,52.30647],[8.52274,52.30721],[8.52274,52.30737],[8.52247,52.30754],[8.52247,52.30787],[8.5226,52.30787],[8.52274,52.30828],[8.52301,52.30836],[8.52314,52.30886],[8.52301,52.30886],[8.52287,52.30919],[8.5226,52.30927],[8.5226,52.30943],[8.52179,52.31026],[8.52206,52.31158],[8.5222,52.31158],[8.52247,52.31215],[8.52301,52.31248],[8.52368,52.31355],[8.52435,52.31397],[8.52462,52.31397],[8.52516,52.31421],[8.52597,52.3143],[8.52597,52.31438],[8.52651,52.31446],[8.52664,52.31462],[8.52745,52.31479],[8.52786,52.31504],[8.52907,52.31512],[8.52947,52.31487],[8.52961,52.3143],[8.52974,52.3143],[8.52974,52.31364],[8.52988,52.31364],[8.53001,52.31322],[8.53028,52.31314],[8.53069,52.31339],[8.53096,52.31438],[8.5319,52.31512],[8.53217,52.31512],[8.5323,52.31528],[8.53298,52.31537],[8.53298,52.31545],[8.53446,52.31537],[8.53446,52.31528],[8.5354,52.31528],[8.53567,52.31545],[8.53567,52.31594],[8.53554,52.31594],[8.53554,52.31619],[8.53527,52.31627],[8.53527,52.3171],[8.53567,52.31734],[8.53567,52.31775],[8.53554,52.31775],[8.53554,52.31817],[8.5354,52.31817],[8.53554,52.31874],[8.5354,52.31874],[8.53513,52.3199],[8.535,52.3199],[8.535,52.32023],[8.53486,52.32023],[8.53486,52.32056],[8.53473,52.32056],[8.53473,52.32088],[8.53459,52.32088],[8.53446,52.3222],[8.53433,52.3222],[8.53446,52.32385],[8.53459,52.32385],[8.53459,52.32418],[8.53648,52.32508],[8.53648,52.32525],[8.53675,52.32533],[8.53689,52.32566],[8.53742,52.32599],[8.53796,52.32673],[8.53918,52.32723],[8.53918,52.32772],[8.54093,52.32871],[8.5412,52.32928],[8.54174,52.32978],[8.54187,52.33027],[8.54201,52.33027],[8.54308,52.33381],[8.54349,52.33398],[8.5443,52.33324],[8.5447,52.33332],[8.5447,52.33357],[8.54457,52.33357],[8.5443,52.33406],[8.54403,52.33414],[8.54403,52.33521],[8.54484,52.33604],[8.54484,52.33678],[8.5447,52.33678],[8.54443,52.33752],[8.54416,52.3376],[8.54416,52.33777],[8.54389,52.33785],[8.54389,52.33801],[8.54335,52.33851],[8.54335,52.33875],[8.54308,52.339],[8.54308,52.33949],[8.54295,52.33949],[8.54335,52.34032],[8.54362,52.34048],[8.54362,52.34081],[8.5443,52.34122],[8.54416,52.34172],[8.5443,52.34172],[8.54443,52.34238],[8.5447,52.34254],[8.54551,52.34254],[8.54551,52.34246],[8.54645,52.34238],[8.54645,52.34229],[8.54699,52.34221],[8.5474,52.3418],[8.54834,52.34196],[8.54915,52.34254],[8.54982,52.34262],[8.55036,52.34287],[8.55144,52.34287],[8.55144,52.34279],[8.55238,52.34271],[8.55279,52.34254],[8.55346,52.34254],[8.55346,52.34246],[8.55535,52.34246],[8.55535,52.34254],[8.55602,52.34262],[8.55656,52.34295],[8.55669,52.34345],[8.55683,52.34345],[8.55696,52.34443],[8.55764,52.34485],[8.55791,52.34485],[8.55844,52.34509],[8.56383,52.34517],[8.56383,52.34509],[8.56478,52.34493],[8.56545,52.34452],[8.5664,52.34312],[8.5672,52.34271],[8.5703,52.34262],[8.5703,52.34271],[8.573,52.34279],[8.573,52.34271],[8.57381,52.34262],[8.57448,52.34221],[8.57448,52.34205],[8.57515,52.34172],[8.57556,52.34089],[8.57569,52.34089],[8.57569,52.34048],[8.5765,52.33999],[8.57771,52.33991],[8.57785,52.33974],[8.57852,52.33958],[8.57879,52.33941],[8.57906,52.33875],[8.57974,52.33834],[8.57974,52.33818],[8.58054,52.33768],[8.58081,52.33768],[8.58095,52.33752],[8.58122,52.33752],[8.58176,52.33727],[8.58216,52.33727],[8.58216,52.33719],[8.58472,52.33727],[8.58472,52.33735],[8.58593,52.33752],[8.58728,52.33801],[8.58795,52.33801],[8.58795,52.33809],[8.58971,52.33809],[8.58971,52.33818],[8.59173,52.33826],[8.59173,52.33834],[8.59213,52.33834],[8.59213,52.33826],[8.59537,52.33826],[8.59537,52.33834],[8.59698,52.33842],[8.59698,52.33851],[8.59887,52.33867],[8.59887,52.33875],[8.60076,52.33875],[8.60076,52.33867],[8.6021,52.33842],[8.60224,52.33826],[8.60251,52.33826],[8.60264,52.33809],[8.60332,52.33793],[8.60359,52.33768],[8.60426,52.33752],[8.60466,52.33719],[8.60561,52.33694],[8.60574,52.33678],[8.60601,52.33678],[8.60655,52.33653],[8.60736,52.33645],[8.60736,52.33637],[8.61086,52.33637],[8.61086,52.33645],[8.61261,52.33653],[8.61261,52.33661],[8.6145,52.33661],[8.6145,52.33653],[8.61504,52.33645],[8.61531,52.3362],[8.61558,52.3362],[8.61598,52.33595],[8.61598,52.33579],[8.61639,52.33563],[8.61652,52.33513],[8.61679,52.33497],[8.61666,52.33398],[8.61679,52.33398],[8.61719,52.33266],[8.618,52.33217],[8.618,52.332],[8.61854,52.33167],[8.61868,52.33134],[8.61935,52.33093],[8.61949,52.3306],[8.62002,52.33036],[8.62218,52.33036],[8.62218,52.33027],[8.62339,52.33019],[8.62339,52.33011],[8.6238,52.33011],[8.6242,52.32994],[8.62609,52.32994],[8.62609,52.33003],[8.6269,52.33003],[8.6269,52.33011],[8.62757,52.33011],[8.62757,52.33019],[8.62824,52.33019],[8.62824,52.33027],[8.62905,52.33027],[8.62905,52.33036],[8.63013,52.33052],[8.63094,52.33085],[8.63134,52.33085],[8.63215,52.33118],[8.63269,52.33118],[8.63269,52.33126],[8.63323,52.33126],[8.63323,52.33134],[8.63781,52.33134],[8.63781,52.33126],[8.63835,52.33126],[8.63956,52.33036],[8.63983,52.33036],[8.63997,52.33019],[8.64037,52.33019],[8.64037,52.33011],[8.64118,52.33011],[8.64118,52.33019],[8.64199,52.33027],[8.6428,52.33077],[8.64428,52.33077],[8.64441,52.33085],[8.64441,52.33077],[8.6459,52.33068],[8.64792,52.32986],[8.65061,52.32978],[8.65061,52.3297],[8.65236,52.3297],[8.65263,52.32986],[8.6525,52.33027],[8.649,52.33036],[8.649,52.33044],[8.64765,52.33068],[8.64765,52.33077],[8.64711,52.33085],[8.64697,52.33101],[8.64643,52.3311],[8.6463,52.33126],[8.64603,52.33126],[8.64576,52.33143],[8.64522,52.33143],[8.64522,52.33151],[8.64334,52.33159],[8.64334,52.33167],[8.63997,52.33176],[8.63997,52.33184],[8.63781,52.33184],[8.63781,52.33192],[8.63175,52.33184],[8.63013,52.33118],[8.62919,52.3311],[8.62878,52.33093],[8.62811,52.33093],[8.62811,52.33085],[8.62676,52.33068],[8.62636,52.33052],[8.62582,52.33052],[8.62582,52.33044],[8.62447,52.33044],[8.62447,52.33052],[8.62393,52.33052],[8.62366,52.33068],[8.62272,52.33077],[8.62272,52.33085],[8.62232,52.33085],[8.62232,52.33077],[8.62218,52.33085],[8.62056,52.33085],[8.62056,52.33093],[8.61976,52.3311],[8.61922,52.33143],[8.61922,52.33159],[8.61854,52.332],[8.61854,52.33217],[8.61814,52.33233],[8.61814,52.3325],[8.61773,52.33283],[8.61746,52.33373],[8.61719,52.33398],[8.61719,52.33464],[8.6176,52.33505],[8.6176,52.33579],[8.61746,52.33579],[8.61746,52.33612],[8.61693,52.3367],[8.61679,52.33711],[8.61585,52.33752],[8.61396,52.33752],[8.61396,52.33744],[8.61302,52.33744],[8.61302,52.33735],[8.61234,52.33735],[8.61234,52.33727],[8.6118,52.33727],[8.6118,52.33719],[8.60871,52.33711],[8.60871,52.33719],[8.60722,52.33735],[8.60722,52.33744],[8.60642,52.3376],[8.60628,52.33777],[8.60574,52.33785],[8.60547,52.33809],[8.60493,52.33818],[8.60453,52.33842],[8.60372,52.33851],[8.60345,52.33867],[8.60237,52.33884],[8.60183,52.33908],[8.60143,52.33908],[8.60143,52.33917],[8.60049,52.33933],[8.60022,52.33949],[8.59981,52.33949],[8.59981,52.33958],[8.59887,52.33958],[8.59887,52.33949],[8.59833,52.33949],[8.59793,52.33933],[8.59617,52.33917],[8.59617,52.33908],[8.59348,52.339],[8.59348,52.33892],[8.59321,52.33892],[8.59321,52.339],[8.59051,52.339],[8.59051,52.33908],[8.5893,52.33917],[8.5893,52.33925],[8.58876,52.33925],[8.58876,52.33933],[8.58782,52.33933],[8.58782,52.33925],[8.58769,52.33933],[8.58553,52.33933],[8.58553,52.33925],[8.58499,52.33925],[8.58499,52.33917],[8.58391,52.33908],[8.58391,52.339],[8.5823,52.33917],[8.58189,52.33941],[8.58162,52.33941],[8.58095,52.33991],[8.57812,52.34048],[8.57758,52.34081],[8.57758,52.34098],[8.57731,52.34106],[8.57731,52.34122],[8.57704,52.34131],[8.57677,52.34172],[8.57583,52.34229],[8.57583,52.34246],[8.57542,52.34262],[8.57502,52.34262],[8.57435,52.34303],[8.57367,52.34312],[8.57232,52.34361],[8.57017,52.34345],[8.57017,52.34353],[8.56963,52.34361],[8.56949,52.34378],[8.56896,52.34386],[8.56882,52.34402],[8.56855,52.34402],[8.56707,52.34501],[8.56707,52.34517],[8.56653,52.3455],[8.56653,52.34567],[8.56586,52.34633],[8.56586,52.34657],[8.5668,52.34748],[8.56666,52.34806],[8.56572,52.34855],[8.56572,52.34871],[8.56518,52.34904],[8.56357,52.34921],[8.56357,52.34929],[8.56249,52.34954],[8.56235,52.3497],[8.56101,52.35003],[8.56074,52.35028],[8.56047,52.35028],[8.56006,52.35061],[8.55979,52.35061],[8.55925,52.35094],[8.55912,52.35168],[8.55993,52.35217],[8.56047,52.35217],[8.56047,52.35209],[8.56114,52.35217],[8.56127,52.35332],[8.56114,52.35332],[8.56101,52.35365],[8.5606,52.35365],[8.56033,52.35382],[8.56033,52.35423],[8.56087,52.35456],[8.56222,52.35645],[8.56249,52.35662],[8.56276,52.35662],[8.56289,52.35678],[8.56316,52.35678],[8.5637,52.35727],[8.56357,52.35801],[8.56235,52.35859],[8.56222,52.359],[8.56208,52.359],[8.56208,52.35917],[8.56222,52.35917],[8.56208,52.35941],[8.56222,52.35941],[8.56303,52.36114],[8.56397,52.36172],[8.56424,52.36221],[8.56491,52.36262],[8.56491,52.36279],[8.56559,52.36312],[8.56559,52.36328],[8.56666,52.36394],[8.56693,52.36394],[8.56747,52.36435],[8.56774,52.36435],[8.56788,52.36452],[8.56855,52.36468],[8.56922,52.36509],[8.56949,52.3655],[8.5699,52.36567],[8.57017,52.36608],[8.57057,52.36624],[8.57057,52.36641],[8.57084,52.36657],[8.57084,52.3669],[8.57098,52.3669],[8.57084,52.36871],[8.57098,52.36871],[8.57138,52.36937],[8.57165,52.36945],[8.57165,52.36962],[8.57205,52.36978],[8.57205,52.36995],[8.57246,52.37011],[8.57246,52.37027],[8.57327,52.37085],[8.5734,52.37151],[8.57354,52.37151],[8.57367,52.37274],[8.57435,52.3734],[8.57435,52.37357],[8.57394,52.37381],[8.57394,52.37472],[8.57381,52.37472],[8.57394,52.3771],[8.57408,52.3771],[8.57408,52.3776],[8.57435,52.37784],[8.57435,52.37817],[8.57448,52.37817],[8.57448,52.3785],[8.57461,52.3785],[8.57461,52.37883],[8.57475,52.37883],[8.57515,52.37982],[8.57542,52.37998],[8.57542,52.38023],[8.57596,52.38072],[8.57596,52.38097],[8.5761,52.38097],[8.57637,52.38163],[8.5765,52.38163],[8.57637,52.38278],[8.5765,52.38278],[8.57664,52.38327],[8.58122,52.38607],[8.58122,52.38623],[8.5823,52.38681],[8.5823,52.38697],[8.58256,52.38705],[8.58283,52.38747],[8.58351,52.38788],[8.58378,52.38788],[8.58512,52.38837],[8.58553,52.38837],[8.58607,52.38862],[8.58647,52.38862],[8.58647,52.3887],[8.58755,52.38895],[8.58769,52.38911],[8.58822,52.38919],[8.58836,52.38936],[8.5889,52.38944],[8.58903,52.3896],[8.5893,52.3896],[8.58971,52.38993],[8.58998,52.38993],[8.59038,52.39018],[8.59038,52.39034],[8.59065,52.39043],[8.59078,52.39084],[8.59092,52.39084],[8.59092,52.39141],[8.59078,52.39141],[8.59078,52.39182],[8.59051,52.39207],[8.59065,52.39429],[8.58998,52.39478],[8.58957,52.39478],[8.5893,52.39495],[8.58903,52.39561],[8.5889,52.39561],[8.58876,52.39626],[8.5889,52.39626],[8.58903,52.39692],[8.58917,52.39692],[8.58917,52.39717],[8.5893,52.39717],[8.5893,52.39742],[8.58944,52.39742],[8.58944,52.39766],[8.58957,52.39766],[8.58957,52.39791],[8.58984,52.39807],[8.58998,52.39865],[8.59011,52.39865],[8.59078,52.40153],[8.59092,52.40153],[8.59119,52.40276],[8.59146,52.40301],[8.59173,52.40391],[8.59186,52.40391],[8.59254,52.40539],[8.59267,52.40539],[8.59267,52.40555],[8.59281,52.40555],[8.59281,52.40572],[8.59402,52.40703],[8.59402,52.40728],[8.59429,52.40745],[8.59442,52.40794],[8.59469,52.4081],[8.59469,52.40835],[8.59483,52.40835],[8.59496,52.40884],[8.5951,52.40884],[8.5951,52.40975],[8.59496,52.40975],[8.59496,52.41008],[8.59456,52.41049],[8.59442,52.41156],[8.59456,52.41156],[8.59456,52.4118],[8.59577,52.41312],[8.5959,52.4141],[8.59604,52.4141],[8.59604,52.41509],[8.59617,52.41509],[8.59604,52.41829],[8.5959,52.41829],[8.5959,52.41854],[8.5955,52.41879],[8.5955,52.41895],[8.59415,52.41969],[8.59402,52.42002],[8.59375,52.4201],[8.59375,52.42027],[8.59361,52.42027],[8.59348,52.4206],[8.59321,52.42068],[8.59321,52.42092],[8.59267,52.42142],[8.59267,52.42166],[8.59254,52.42166],[8.59213,52.42249],[8.59186,52.42265],[8.59186,52.4229],[8.59173,52.4229],[8.59173,52.42314],[8.59146,52.42339],[8.59146,52.42372],[8.59132,52.42372],[8.59132,52.42405],[8.59119,52.42405],[8.59105,52.42569],[8.59119,52.42569],[8.59132,52.42627],[8.59146,52.42627],[8.59173,52.42676],[8.592,52.42684],[8.59227,52.42733],[8.59254,52.42742],[8.59254,52.42758],[8.59294,52.42791],[8.59294,52.42816],[8.59321,52.42832],[8.59321,52.42857],[8.59334,52.42857],[8.59388,52.43152],[8.59402,52.43152],[8.59402,52.43177],[8.59415,52.43177],[8.59415,52.43202],[8.59442,52.43226],[8.59442,52.43259],[8.59469,52.43284],[8.59469,52.43333],[8.59483,52.43333],[8.5951,52.43407],[8.59537,52.43423],[8.59564,52.43506],[8.59577,52.43506],[8.59577,52.4353],[8.5959,52.4353],[8.5959,52.43555],[8.59617,52.43571],[8.59644,52.43654],[8.59658,52.43654],[8.59644,52.43686],[8.59564,52.43719],[8.59564,52.43875],[8.59577,52.43875],[8.5959,52.44064],[8.59617,52.44081],[8.59631,52.44122],[8.59712,52.44171],[8.59739,52.44171],[8.59752,52.44187],[8.59779,52.44187],[8.59793,52.44204],[8.5986,52.4422],[8.59887,52.44245],[8.59914,52.44245],[8.59995,52.44294],[8.60022,52.44294],[8.60035,52.44311],[8.60103,52.44327],[8.60129,52.44352],[8.60156,52.44352],[8.60237,52.44401],[8.60264,52.44401],[8.60318,52.44434],[8.60345,52.44434],[8.60385,52.44458],[8.60412,52.44458],[8.60426,52.44475],[8.60453,52.44475],[8.60534,52.44524],[8.60561,52.44524],[8.60655,52.44582],[8.60655,52.44598],[8.60844,52.44705],[8.60951,52.44721],[8.60951,52.4473],[8.61005,52.4473],[8.61046,52.44746],[8.6114,52.44754],[8.6114,52.44762],[8.61194,52.44771],[8.61207,52.44787],[8.61234,52.44787],[8.61356,52.44861],[8.61356,52.44877],[8.61369,52.44877],[8.61369,52.44894],[8.6149,52.45025],[8.61504,52.45074],[8.61544,52.45107],[8.61558,52.45157],[8.61544,52.45157],[8.61531,52.45247],[8.61477,52.45304],[8.61423,52.45452],[8.6141,52.45452],[8.6141,52.45485],[8.61396,52.45485],[8.61396,52.45518],[8.61383,52.45518],[8.61383,52.45542],[8.61369,52.45542],[8.61369,52.45567],[8.61342,52.45584],[8.61329,52.45641],[8.61315,52.45641],[8.61315,52.45715],[8.61329,52.45715],[8.61342,52.45789],[8.61356,52.45789],[8.61383,52.45855],[8.6145,52.45887],[8.61571,52.45896],[8.61571,52.45904],[8.61922,52.45896],[8.61949,52.45912],[8.61949,52.45928],[8.61976,52.45945],[8.61989,52.46011],[8.62016,52.46035],[8.62043,52.46134],[8.6207,52.46158],[8.62097,52.46265],[8.62043,52.4629],[8.61841,52.46322],[8.61814,52.46339],[8.61773,52.46339],[8.61719,52.46364],[8.61679,52.46364],[8.61679,52.46372],[8.61544,52.46405],[8.61531,52.46421],[8.61504,52.46421],[8.61477,52.46437],[8.61477,52.46462],[8.61558,52.46503],[8.61585,52.46585],[8.61612,52.4661],[8.61612,52.46643],[8.61625,52.46643],[8.61625,52.46675],[8.61639,52.46675],[8.61639,52.46708],[8.61652,52.46708],[8.61652,52.46741],[8.61666,52.46741],[8.61666,52.46774],[8.61679,52.46774],[8.61679,52.46807],[8.61719,52.46848],[8.61733,52.46897],[8.61773,52.46914],[8.61773,52.4693],[8.61841,52.46971],[8.61841,52.46987],[8.61922,52.47028],[8.61922,52.47045],[8.62056,52.47119],[8.62056,52.47135],[8.62124,52.47168],[8.62124,52.47184],[8.62178,52.47209],[8.62178,52.47225],[8.62218,52.4725],[8.62218,52.47275],[8.62245,52.47299],[8.62232,52.47455],[8.62218,52.47455],[8.62232,52.47546],[8.62258,52.47562],[8.62366,52.4757],[8.6238,52.47619],[8.6242,52.47644],[8.62488,52.47644],[8.62541,52.47669],[8.62541,52.47718],[8.62501,52.47751],[8.62501,52.47775],[8.62461,52.478],[8.62434,52.478],[8.62312,52.47882],[8.62312,52.47981],[8.62326,52.47981],[8.62339,52.48046],[8.6238,52.48071],[8.6242,52.48136],[8.62447,52.48145],[8.62474,52.48202],[8.62501,52.48219],[8.62501,52.48243],[8.62528,52.4826],[8.62568,52.4826],[8.62609,52.48276],[8.62609,52.48292],[8.62649,52.48317],[8.62663,52.48366],[8.62676,52.48366],[8.62663,52.48457],[8.62649,52.48457],[8.62649,52.48481],[8.62636,52.48481],[8.62636,52.48506],[8.62622,52.48506],[8.62622,52.4853],[8.62609,52.4853],[8.62609,52.48555],[8.62595,52.48555],[8.62582,52.48604],[8.62568,52.48604],[8.62568,52.48711],[8.62622,52.48744],[8.62663,52.48744],[8.62663,52.48752],[8.62838,52.48752],[8.62838,52.48744],[8.62892,52.48744],[8.62892,52.48735],[8.62932,52.48735],[8.62932,52.48727],[8.62973,52.48727],[8.62973,52.48719],[8.63013,52.48719],[8.63053,52.48703],[8.63161,52.48711],[8.63229,52.48678],[8.63229,52.48662],[8.63256,52.48653],[8.63256,52.48629],[8.63296,52.48596],[8.63377,52.48596],[8.63471,52.48653],[8.63673,52.4867],[8.637,52.48694],[8.63727,52.48694],[8.63768,52.48719],[8.63795,52.48777],[8.63808,52.48777],[8.63808,52.48809],[8.63862,52.48842],[8.63943,52.48842],[8.6397,52.48826],[8.6401,52.48842],[8.64064,52.48957],[8.64226,52.49072],[8.64253,52.49072],[8.64414,52.4917],[8.64441,52.4917],[8.64522,52.49228],[8.64549,52.49228],[8.64576,52.49252],[8.64603,52.49252],[8.6463,52.49277],[8.64657,52.49277],[8.64684,52.49302],[8.64711,52.49302],[8.64738,52.49326],[8.64765,52.49326],[8.64873,52.49392],[8.6494,52.49392],[8.6494,52.49384],[8.64994,52.49375],[8.65034,52.494],[8.65075,52.49466],[8.65102,52.49474],[8.65102,52.4949],[8.65142,52.49515],[8.65182,52.49499],[8.65182,52.49441],[8.65196,52.49441],[8.65209,52.49351],[8.65223,52.49351],[8.65223,52.49277],[8.65236,52.49277],[8.65236,52.49228],[8.6525,52.49228],[8.6525,52.49187],[8.65263,52.49187],[8.65263,52.49146],[8.65277,52.49146],[8.65277,52.49105],[8.6529,52.49105],[8.6529,52.49064],[8.65304,52.49064],[8.65304,52.49014],[8.65317,52.49014],[8.65317,52.48965],[8.65331,52.48965],[8.65331,52.48908],[8.65344,52.48908],[8.65344,52.48768],[8.65331,52.48768],[8.65331,52.48711],[8.65317,52.48711],[8.65317,52.48653],[8.65304,52.48653],[8.65263,52.48251],[8.65236,52.48235],[8.65075,52.48235],[8.65048,52.48251],[8.64994,52.48251],[8.64953,52.48235],[8.64563,52.4821],[8.64563,52.48202],[8.64495,52.48202],[8.64495,52.48194],[8.64441,52.48194],[8.64441,52.48186],[8.64387,52.48186],[8.64387,52.48178],[8.64266,52.48161],[8.64266,52.48153],[8.64105,52.48112],[8.64078,52.48087],[8.64051,52.48087],[8.63983,52.48046],[8.63956,52.47989],[8.63943,52.47989],[8.63902,52.478],[8.63835,52.47751],[8.63795,52.47751],[8.63795,52.47743],[8.63741,52.47751],[8.63714,52.47767],[8.63673,52.47767],[8.63579,52.47825],[8.63579,52.47841],[8.63539,52.47857],[8.63539,52.47874],[8.63498,52.47898],[8.63431,52.47915],[8.63404,52.4794],[8.63377,52.4794],[8.63336,52.47972],[8.63309,52.47972],[8.63269,52.47997],[8.63175,52.47989],[8.63148,52.47972],[8.63148,52.47956],[8.63121,52.47948],[8.63121,52.47923],[8.63094,52.47898],[8.63094,52.47775],[8.63107,52.47775],[8.63121,52.47677],[8.63134,52.47677],[8.63134,52.47652],[8.63148,52.47652],[8.63148,52.47628],[8.63175,52.47603],[8.63175,52.4757],[8.63188,52.4757],[8.63215,52.47521],[8.63242,52.47513],[8.63242,52.47496],[8.63336,52.47439],[8.63363,52.47439],[8.63458,52.47373],[8.63458,52.47299],[8.63444,52.47299],[8.63404,52.47234],[8.63309,52.47184],[8.63309,52.47152],[8.63377,52.47135],[8.63417,52.47111],[8.63498,52.47119],[8.63673,52.47225],[8.63673,52.47242],[8.63795,52.47308],[8.63956,52.47332],[8.64037,52.47365],[8.64078,52.47365],[8.64105,52.4739],[8.64131,52.4739],[8.6428,52.47488],[8.64307,52.47488],[8.64361,52.47521],[8.64361,52.47537],[8.64401,52.47554],[8.64441,52.47611],[8.64536,52.47669],[8.64563,52.47669],[8.64617,52.4771],[8.64643,52.4771],[8.64778,52.47792],[8.64913,52.47784],[8.64913,52.47775],[8.65021,52.47751],[8.65075,52.47718],[8.65075,52.47702],[8.65102,52.47693],[8.65102,52.4757],[8.65088,52.4757],[8.65088,52.47529],[8.65061,52.47513],[8.65021,52.47414],[8.64926,52.47316],[8.64926,52.47291],[8.64873,52.47242],[8.64873,52.47217],[8.64859,52.47217],[8.64819,52.47135],[8.64792,52.47119],[8.64778,52.47045],[8.64765,52.47045],[8.64751,52.46987],[8.64738,52.46987],[8.64697,52.46831],[8.64684,52.46831],[8.64603,52.46602],[8.6459,52.46602],[8.64563,52.46511],[8.64549,52.46511],[8.64549,52.4647],[8.64536,52.4647],[8.64536,52.46437],[8.64522,52.46437],[8.64522,52.46405],[8.64509,52.46405],[8.64495,52.46331],[8.64482,52.46331],[8.64468,52.46298],[8.64441,52.4629],[8.64441,52.46273],[8.64414,52.46265],[8.64387,52.46208],[8.64374,52.46208],[8.64347,52.46019],[8.64334,52.46019],[8.64307,52.45945],[8.6428,52.45928],[8.64253,52.45855],[8.64212,52.45813],[8.64212,52.45781],[8.64199,52.45781],[8.64199,52.45756],[8.64172,52.45731],[8.64172,52.45699],[8.64158,52.45699],[8.64145,52.45641],[8.64131,52.45641],[8.64131,52.45616],[8.64105,52.45592],[8.64105,52.45559],[8.64091,52.45559],[8.64091,52.45534],[8.64078,52.45534],[8.64078,52.4551],[8.64051,52.45485],[8.64051,52.45452],[8.64037,52.45452],[8.64037,52.45428],[8.64024,52.45428],[8.64024,52.45403],[8.6401,52.45403],[8.6401,52.45378],[8.63997,52.45378],[8.63997,52.45354],[8.63983,52.45354],[8.63983,52.45329],[8.63956,52.45304],[8.63956,52.45272],[8.63943,52.45272],[8.63835,52.4505],[8.63822,52.4505],[8.63808,52.45017],[8.63727,52.44968],[8.637,52.44968],[8.63619,52.44918],[8.63552,52.44902],[8.63458,52.44844],[8.63458,52.44828],[8.63417,52.44803],[8.6339,52.44746],[8.63377,52.44746],[8.63377,52.44688],[8.63363,52.44688],[8.63377,52.44565],[8.63404,52.44541],[8.63431,52.4445],[8.63444,52.4445],[8.63471,52.44376],[8.63498,52.4436],[8.63498,52.44335],[8.63539,52.44311],[8.63566,52.44261],[8.63592,52.44253],[8.63592,52.44237],[8.63633,52.44212],[8.63633,52.44187],[8.6366,52.44171],[8.6366,52.44138],[8.63687,52.44114],[8.63687,52.44081],[8.63714,52.44056],[8.63714,52.44023],[8.63727,52.44023],[8.63727,52.4399],[8.63741,52.4399],[8.63741,52.43957],[8.63754,52.43957],[8.63754,52.43925],[8.63768,52.43925],[8.63781,52.43842],[8.63795,52.43842],[8.63808,52.43769],[8.63822,52.43769],[8.63795,52.43645],[8.63781,52.43645],[8.63781,52.43621],[8.63768,52.43621],[8.63768,52.43596],[8.63754,52.43596],[8.63754,52.43571],[8.63727,52.43547],[8.63687,52.43432],[8.6366,52.43415],[8.6366,52.43391],[8.63646,52.43391],[8.63566,52.43276],[8.63539,52.43267],[8.63539,52.43251],[8.63485,52.43218],[8.63471,52.43185],[8.63444,52.43177],[8.63444,52.43161],[8.63431,52.43161],[8.63377,52.43078],[8.6335,52.4307],[8.63175,52.42848],[8.63134,52.42824],[8.6308,52.42816],[8.63053,52.42791],[8.63027,52.42791],[8.62986,52.42758],[8.62959,52.42758],[8.62946,52.42733],[8.62919,52.42725],[8.62919,52.42709],[8.62892,52.427],[8.62865,52.42618],[8.62851,52.42618],[8.62838,52.42512],[8.62824,52.42512],[8.6273,52.4238],[8.62703,52.42372],[8.6269,52.42339],[8.62663,52.42331],[8.62649,52.42298],[8.62622,52.4229],[8.62609,52.42257],[8.62582,52.42249],[8.62582,52.42232],[8.62541,52.42207],[8.62541,52.42183],[8.62514,52.42166],[8.62501,52.42092],[8.62488,52.42092],[8.62488,52.41723],[8.62501,52.41723],[8.62488,52.41591],[8.62474,52.41591],[8.62474,52.41566],[8.62461,52.41566],[8.62434,52.41517],[8.62407,52.41509],[8.62393,52.41476],[8.62366,52.41468],[8.62366,52.41443],[8.62326,52.41402],[8.62312,52.41254],[8.62326,52.41254],[8.62339,52.41197],[8.62353,52.41197],[8.62366,52.41164],[8.62393,52.41156],[8.62393,52.41139],[8.62636,52.40991],[8.62636,52.40975],[8.6269,52.40942],[8.6269,52.40925],[8.62757,52.4086],[8.62757,52.40835],[8.62771,52.40835],[8.62771,52.40819],[8.62784,52.40819],[8.62784,52.40802],[8.62797,52.40802],[8.62797,52.40786],[8.62811,52.40786],[8.62811,52.40769],[8.62824,52.40769],[8.62824,52.40753],[8.62838,52.40753],[8.62838,52.40736],[8.62959,52.40605],[8.62959,52.4058],[8.62973,52.4058],[8.62973,52.40564],[8.62986,52.40564],[8.62986,52.40547],[8.63,52.40547],[8.63,52.40531],[8.63013,52.40531],[8.63013,52.40514],[8.63027,52.40514],[8.63027,52.40498],[8.6304,52.40498],[8.6304,52.40481],[8.63053,52.40481],[8.63053,52.40465],[8.63067,52.40465],[8.63067,52.40449],[8.6308,52.40449],[8.6308,52.40432],[8.63094,52.40432],[8.63094,52.40416],[8.63107,52.40416],[8.63107,52.40399],[8.63121,52.40399],[8.63121,52.40383],[8.63134,52.40383],[8.63134,52.40366],[8.63148,52.40366],[8.63148,52.4035],[8.63161,52.4035],[8.63161,52.40334],[8.63283,52.40202],[8.63283,52.40177],[8.63296,52.40177],[8.63377,52.40005],[8.63404,52.39988],[8.63417,52.39939],[8.63444,52.39922],[8.63458,52.39873],[8.63471,52.39873],[8.63471,52.39857],[8.63566,52.39758],[8.63592,52.39692],[8.63606,52.39692],[8.63633,52.39552],[8.63646,52.39552],[8.63646,52.39347],[8.63633,52.39339],[8.63646,52.39339],[8.6366,52.39256],[8.637,52.39232],[8.637,52.39215],[8.63808,52.39158],[8.63808,52.39141],[8.63862,52.39108],[8.63862,52.39092],[8.63902,52.39059],[8.63902,52.39034],[8.63916,52.39034],[8.63916,52.38993],[8.63929,52.38993],[8.63929,52.3896],[8.63943,52.3896],[8.63983,52.38862],[8.64037,52.38804],[8.64051,52.38681],[8.64078,52.38673],[8.64091,52.38615],[8.64105,52.38615],[8.64105,52.38557],[8.64118,52.38557],[8.64118,52.38525],[8.64131,52.38525],[8.64131,52.38492],[8.64145,52.38492],[8.64145,52.38459],[8.64158,52.38459],[8.64158,52.38409],[8.64172,52.38409],[8.64185,52.38319],[8.64199,52.38319],[8.64199,52.38278],[8.64212,52.38278],[8.64226,52.38228],[8.64239,52.38228],[8.64253,52.38187],[8.64293,52.38163],[8.64387,52.38031],[8.64414,52.38023],[8.64522,52.37875],[8.64576,52.37842],[8.6459,52.37801],[8.6463,52.3776],[8.64643,52.37612],[8.6463,52.37612],[8.6463,52.37562],[8.64617,52.37562],[8.64617,52.37513],[8.64603,52.37513],[8.64603,52.37472],[8.6459,52.37472],[8.64549,52.37299],[8.64536,52.37299],[8.64536,52.37274],[8.64522,52.37274],[8.64522,52.3725],[8.64495,52.37225],[8.64495,52.37192],[8.64468,52.37167],[8.64468,52.37134],[8.64455,52.37134],[8.64455,52.3711],[8.64428,52.37085],[8.64387,52.36953],[8.64361,52.36937],[8.64361,52.36912],[8.6432,52.36879],[8.6432,52.36855],[8.64307,52.36855],[8.64266,52.36789],[8.64185,52.36731],[8.64199,52.36526],[8.64212,52.36526],[8.64226,52.36476],[8.64307,52.36427],[8.64334,52.36427],[8.64347,52.3641],[8.64374,52.3641],[8.64509,52.36361],[8.64549,52.36361],[8.64549,52.36353],[8.64643,52.36336],[8.6467,52.3632],[8.64832,52.36303],[8.64832,52.36295],[8.64873,52.36295],[8.64873,52.36287],[8.64953,52.36271],[8.64994,52.36246],[8.64994,52.36229],[8.65021,52.36221],[8.65021,52.36205],[8.65061,52.3618],[8.65061,52.36164],[8.65088,52.36155],[8.65088,52.36139],[8.65115,52.36131],[8.65115,52.36114],[8.65142,52.36106],[8.65142,52.36089],[8.65169,52.36081],[8.65169,52.36065],[8.65196,52.36057],[8.65196,52.3604],[8.65223,52.36024],[8.6525,52.36024],[8.6529,52.35991],[8.65317,52.35991],[8.65344,52.35966],[8.65412,52.3595],[8.65425,52.35933],[8.65546,52.359],[8.65708,52.35801],[8.65708,52.35785],[8.65775,52.35752],[8.65789,52.35678],[8.65775,52.35678],[8.65775,52.35645],[8.65762,52.35645],[8.65762,52.35587],[8.65775,52.35587],[8.65775,52.35546],[8.65789,52.35546],[8.65802,52.35497],[8.65816,52.35497],[8.65856,52.35431],[8.65924,52.35398],[8.65924,52.35382],[8.65977,52.35349],[8.66004,52.35349],[8.66099,52.35291],[8.6618,52.35275],[8.6618,52.35283],[8.66247,52.35283],[8.66274,52.35299],[8.66274,52.35332],[8.6618,52.35398],[8.66166,52.35431],[8.66126,52.35456],[8.66126,52.35489],[8.66112,52.35489],[8.66126,52.35571],[8.66139,52.35571],[8.66166,52.3562],[8.66193,52.35629],[8.66193,52.35653],[8.66207,52.35653],[8.66207,52.35678],[8.6622,52.35678],[8.66234,52.35727],[8.66247,52.35727],[8.66247,52.3581],[8.66234,52.3581],[8.6622,52.35843],[8.66126,52.35884],[8.66085,52.35884],[8.66058,52.359],[8.65951,52.35917],[8.65951,52.35925],[8.65762,52.35974],[8.65748,52.35991],[8.65721,52.35991],[8.65465,52.36147],[8.65465,52.36164],[8.65439,52.36172],[8.65439,52.36188],[8.65425,52.36188],[8.65398,52.36238],[8.65371,52.36246],[8.65371,52.36262],[8.65344,52.36271],[8.65344,52.36287],[8.65236,52.36353],[8.65142,52.36369],[8.65115,52.36386],[8.65075,52.36386],[8.65048,52.36402],[8.65007,52.36402],[8.6498,52.36419],[8.64859,52.36435],[8.64832,52.36452],[8.64778,52.36452],[8.64778,52.3646],[8.64738,52.3646],[8.64738,52.36468],[8.64697,52.36468],[8.64657,52.36484],[8.64563,52.36493],[8.64509,52.36517],[8.64468,52.36517],[8.64387,52.36567],[8.64387,52.366],[8.64374,52.366],[8.64387,52.36715],[8.64401,52.36715],[8.64414,52.36764],[8.64468,52.36814],[8.64468,52.36838],[8.64482,52.36838],[8.64495,52.36888],[8.64522,52.36904],[8.64522,52.36929],[8.64549,52.36945],[8.64643,52.37143],[8.64697,52.372],[8.64697,52.37233],[8.64711,52.37233],[8.64711,52.37258],[8.64724,52.37258],[8.64724,52.37282],[8.64751,52.37307],[8.64778,52.37447],[8.64792,52.37447],[8.64805,52.37743],[8.64792,52.37743],[8.64792,52.37834],[8.64778,52.37834],[8.64778,52.3799],[8.64765,52.3799],[8.64765,52.38023],[8.64751,52.38023],[8.64724,52.38187],[8.64711,52.38187],[8.64711,52.38483],[8.64724,52.38483],[8.64724,52.38525],[8.64738,52.38525],[8.64765,52.38607],[8.64792,52.38623],[8.64819,52.38689],[8.64832,52.38689],[8.64832,52.38705],[8.649,52.38771],[8.649,52.38804],[8.64913,52.38804],[8.649,52.38862],[8.64886,52.38862],[8.64846,52.38928],[8.64778,52.38969],[8.64778,52.38985],[8.64657,52.39051],[8.64657,52.39067],[8.64617,52.391],[8.64617,52.39125],[8.64603,52.39125],[8.64603,52.39232],[8.6459,52.39232],[8.6459,52.39298],[8.64576,52.39298],[8.64576,52.39454],[8.64563,52.39454],[8.64563,52.39643],[8.64549,52.39643],[8.64563,52.39824],[8.64549,52.39824],[8.64536,52.40029],[8.64522,52.40029],[8.64522,52.40095],[8.64509,52.40095],[8.64509,52.40144],[8.64495,52.40144],[8.64495,52.40235],[8.64482,52.40235],[8.64482,52.40424],[8.64495,52.40424],[8.64495,52.40523],[8.64509,52.40523],[8.64509,52.40564],[8.64522,52.40564],[8.64536,52.40629],[8.64563,52.40654],[8.64563,52.40687],[8.64576,52.40687],[8.64603,52.40753],[8.64684,52.40835],[8.64684,52.4086],[8.64697,52.4086],[8.64697,52.40884],[8.64724,52.40909],[8.64724,52.40958],[8.64738,52.40958],[8.64765,52.41057],[8.64778,52.41057],[8.64792,52.41098],[8.64832,52.41123],[8.64832,52.41147],[8.64859,52.41164],[8.64859,52.41188],[8.64886,52.41205],[8.649,52.41262],[8.64913,52.41262],[8.64913,52.41353],[8.649,52.41353],[8.649,52.41394],[8.64886,52.41394],[8.649,52.41484],[8.64913,52.41484],[8.64926,52.41517],[8.65102,52.41616],[8.65142,52.41673],[8.65169,52.41682],[8.65169,52.41698],[8.65209,52.41731],[8.65209,52.41755],[8.65236,52.41772],[8.65236,52.41797],[8.65263,52.41813],[8.65263,52.41846],[8.65277,52.41846],[8.6529,52.41895],[8.65317,52.41912],[8.65317,52.41936],[8.65371,52.41986],[8.65668,52.41986],[8.65668,52.41977],[8.65816,52.41969],[8.65816,52.41961],[8.65897,52.41945],[8.66045,52.41846],[8.66072,52.41846],[8.66085,52.41829],[8.66207,52.41797],[8.6622,52.4178],[8.66287,52.41764],[8.66328,52.41731],[8.66355,52.41731],[8.66395,52.41706],[8.66557,52.41714],[8.66597,52.41739],[8.66624,52.41739],[8.66638,52.41755],[8.66826,52.4178],[8.66826,52.41788],[8.66867,52.41788],[8.66907,52.41805],[8.67029,52.41813],[8.67069,52.41838],[8.67069,52.41887],[8.67042,52.41903],[8.66921,52.41912],[8.66732,52.42043],[8.66705,52.42043],[8.66692,52.4206],[8.66611,52.42076],[8.6657,52.42109],[8.66543,52.42109],[8.6649,52.42142],[8.6649,52.42158],[8.66449,52.42175],[8.66449,52.42191],[8.66409,52.42224],[8.66395,52.4229],[8.66409,52.4229],[8.66409,52.42331],[8.66422,52.42331],[8.66422,52.42372],[8.66436,52.42372],[8.66449,52.42454],[8.66463,52.42454],[8.6649,52.42668],[8.66476,52.42668],[8.66476,52.42709],[8.66463,52.42709],[8.66449,52.42758],[8.66436,52.42758],[8.66422,52.42791],[8.66395,52.42799],[8.66395,52.42816],[8.66368,52.42824],[8.66368,52.4284],[8.66301,52.42873],[8.66247,52.42873],[8.66247,52.42881],[8.66193,52.42881],[8.66193,52.42889],[8.66085,52.42889],[8.66085,52.42881],[8.65897,52.42889],[8.65897,52.42898],[8.65843,52.42906],[8.65829,52.42922],[8.65802,52.42922],[8.65789,52.42939],[8.65762,52.42939],[8.65748,52.42955],[8.65721,52.42955],[8.65614,52.42996],[8.656,52.43128],[8.65573,52.43144],[8.65573,52.43169],[8.65546,52.43185],[8.65546,52.43226],[8.65533,52.43226],[8.65533,52.43325],[8.65546,52.43325],[8.65546,52.43382],[8.6556,52.43382],[8.65573,52.43473],[8.65587,52.43473],[8.65587,52.43514],[8.656,52.43514],[8.656,52.43555],[8.65614,52.43555],[8.65627,52.43662],[8.65614,52.43662],[8.65614,52.43686],[8.65492,52.4376],[8.65492,52.43793],[8.65465,52.43801],[8.65452,52.43834],[8.65425,52.43842],[8.65412,52.43875],[8.65385,52.43884],[8.65371,52.43916],[8.65344,52.43925],[8.65344,52.44056],[8.65196,52.44179],[8.65129,52.44434],[8.65115,52.44434],[8.65115,52.44467],[8.65102,52.44467],[8.65075,52.44557],[8.65061,52.44557],[8.65048,52.44705],[8.65021,52.44721],[8.64967,52.44721],[8.64926,52.44697],[8.64886,52.44697],[8.64859,52.44713],[8.64873,52.44762],[8.65034,52.44869],[8.65021,52.44976],[8.6498,52.45001],[8.64846,52.45001],[8.64846,52.44992],[8.64738,52.44976],[8.64738,52.44968],[8.64711,52.44968],[8.6463,52.44935],[8.6459,52.44935],[8.64563,52.44918],[8.64522,52.44918],[8.64522,52.4491],[8.64428,52.4491],[8.64428,52.44902],[8.64266,52.4491],[8.64266,52.44918],[8.64212,52.44918],[8.64212,52.44927],[8.64131,52.44943],[8.64064,52.44984],[8.64064,52.45009],[8.64037,52.45033],[8.64037,52.45099],[8.64051,52.45099],[8.64051,52.45157],[8.64064,52.45157],[8.64064,52.45189],[8.64078,52.45189],[8.64078,52.45214],[8.64105,52.45239],[8.64105,52.45272],[8.64118,52.45272],[8.64118,52.45304],[8.64131,52.45304],[8.64131,52.45337],[8.64145,52.45337],[8.64145,52.4537],[8.64158,52.4537],[8.64172,52.45444],[8.64185,52.45444],[8.64199,52.45501],[8.64212,52.45501],[8.64212,52.45526],[8.64226,52.45526],[8.64226,52.45551],[8.64239,52.45551],[8.64239,52.45575],[8.64253,52.45575],[8.64253,52.456],[8.64266,52.456],[8.64266,52.45625],[8.6428,52.45625],[8.6428,52.45649],[8.64307,52.45674],[8.64347,52.45805],[8.64374,52.4583],[8.64374,52.45863],[8.64387,52.45863],[8.64401,52.4592],[8.64428,52.45945],[8.64441,52.46011],[8.64468,52.46035],[8.64468,52.46068],[8.64482,52.46068],[8.64495,52.46134],[8.64522,52.46158],[8.64576,52.46322],[8.64603,52.46339],[8.64657,52.46339],[8.64684,52.46364],[8.64684,52.46388],[8.64697,52.46388],[8.64697,52.46413],[8.64711,52.46413],[8.64711,52.46437],[8.64724,52.46437],[8.64724,52.46462],[8.64751,52.46487],[8.64751,52.4652],[8.64765,52.4652],[8.64765,52.46544],[8.64778,52.46544],[8.64778,52.46569],[8.64792,52.46569],[8.64792,52.46593],[8.64805,52.46593],[8.64805,52.46618],[8.64819,52.46618],[8.64819,52.46643],[8.64832,52.46643],[8.64832,52.46667],[8.64846,52.46667],[8.64846,52.46692],[8.64859,52.46692],[8.64859,52.46717],[8.64886,52.46741],[8.64886,52.46774],[8.649,52.46774],[8.6494,52.46889],[8.64967,52.46914],[8.64967,52.46946],[8.6498,52.46946],[8.6498,52.46971],[8.65007,52.46996],[8.65061,52.47143],[8.65075,52.47143],[8.65075,52.47168],[8.65088,52.47168],[8.65088,52.47193],[8.65115,52.47217],[8.65115,52.4725],[8.65129,52.4725],[8.65129,52.47275],[8.65142,52.47275],[8.65142,52.47299],[8.65156,52.47299],[8.65156,52.47324],[8.65169,52.47324],[8.65169,52.47349],[8.65182,52.47349],[8.65182,52.47373],[8.65196,52.47373],[8.65196,52.47398],[8.65209,52.47398],[8.65209,52.47422],[8.65236,52.47447],[8.6525,52.47513],[8.65263,52.47513],[8.6529,52.47603],[8.65317,52.47628],[8.65331,52.47702],[8.65358,52.47726],[8.65385,52.47964],[8.65398,52.47964],[8.65398,52.48063],[8.65412,52.48063],[8.65425,52.48194],[8.65439,52.48194],[8.65439,52.48317],[8.65452,52.48317],[8.65452,52.48399],[8.65465,52.48399],[8.65465,52.48465],[8.65479,52.48465],[8.65492,52.48727],[8.65506,52.48727],[8.65506,52.48859],[8.65519,52.48859],[8.65506,52.4899],[8.65492,52.4899],[8.65439,52.49277],[8.65425,52.49277],[8.65425,52.49326],[8.65412,52.49326],[8.65385,52.49457],[8.65371,52.49457],[8.65371,52.49671],[8.65385,52.49671],[8.65425,52.49794],[8.65439,52.49794],[8.65465,52.49843],[8.65546,52.49892],[8.65546,52.49909],[8.65587,52.49942],[8.65587,52.49966],[8.65627,52.49999],[8.65641,52.50056],[8.65654,52.50056],[8.65668,52.50368],[8.65735,52.50401],[8.65735,52.50417],[8.65762,52.50434],[8.65762,52.50458],[8.65708,52.50516],[8.65721,52.50598],[8.65816,52.50663],[8.65883,52.5068],[8.6591,52.50704],[8.65937,52.50704],[8.65991,52.50737],[8.65991,52.50754],[8.66004,52.50754],[8.66018,52.50786],[8.66045,52.50795],[8.66058,52.50827],[8.66085,52.50836],[8.66112,52.50885],[8.66166,52.50918],[8.66247,52.50934],[8.66287,52.50959],[8.66314,52.51008],[8.66395,52.51049],[8.66395,52.51065],[8.66422,52.51082],[8.6649,52.51098],[8.66516,52.51123],[8.66543,52.51123],[8.66597,52.51155],[8.66638,52.51155],[8.66678,52.51172],[8.66773,52.51172],[8.66826,52.51196],[8.6684,52.51246],[8.66799,52.51262],[8.66799,52.51295],[8.66813,52.51295],[8.6684,52.51344],[8.66907,52.51385],[8.66934,52.51385],[8.66988,52.51418],[8.67029,52.51418],[8.67042,52.51434],[8.6715,52.51459],[8.67204,52.51492],[8.67217,52.51582],[8.67244,52.51598],[8.67285,52.51598],[8.67311,52.51615],[8.67365,52.51615],[8.67406,52.51631],[8.67514,52.51639],[8.67514,52.51647],[8.67594,52.51647],[8.67594,52.51656],[8.67662,52.51656],[8.67662,52.51664],[8.67743,52.51672],[8.67824,52.51705],[8.67931,52.51721],[8.68053,52.5182],[8.68255,52.51844],[8.68255,52.51852],[8.68322,52.51852],[8.68322,52.51861],[8.68416,52.51861],[8.6847,52.51811],[8.6847,52.51787],[8.68484,52.51787],[8.68443,52.51754],[8.68416,52.51754],[8.68363,52.51721],[8.68349,52.51639],[8.68389,52.51615],[8.68443,52.51615],[8.68497,52.51656],[8.68565,52.51664],[8.68632,52.51639],[8.68632,52.51557],[8.68645,52.51549],[8.68672,52.51549],[8.68726,52.5159],[8.68821,52.51598],[8.68834,52.51639],[8.68902,52.51705],[8.68902,52.51729],[8.69036,52.51869],[8.68969,52.51877],[8.68969,52.51885],[8.68848,52.51877],[8.68821,52.51893],[8.68821,52.51918],[8.6878,52.51934],[8.68389,52.51934]]]}},{"type":"Feature","properties":{"slice":"ura","kind":"nass"},"geometry":{"type":"Polygon","coordinates":[[[8.7192,52.3213],[8.71893,52.32113],[8.71893,52.32088],[8.71866,52.32072],[8.71866,52.32047],[8.71812,52.31998],[8.71812,52.31973],[8.71799,52.31973],[8.71758,52.31907],[8.71704,52.31874],[8.71704,52.3185],[8.71691,52.3185],[8.7165,52.31767],[8.71596,52.31718],[8.71596,52.31693],[8.71543,52.3166],[8.71543,52.31537],[8.71529,52.31537],[8.71529,52.31471],[8.71516,52.31471],[8.71529,52.31446],[8.71637,52.31512],[8.71664,52.31512],[8.71718,52.31537],[8.71758,52.31537],[8.71758,52.31545],[8.71879,52.31553],[8.71879,52.31545],[8.72108,52.31537],[8.72189,52.31504],[8.72284,52.31487],[8.72365,52.31438],[8.72391,52.31438],[8.72459,52.31397],[8.72486,52.31397],[8.72513,52.31372],[8.7254,52.31372],[8.72553,52.31355],[8.72621,52.31339],[8.72647,52.31314],[8.72701,52.31306],[8.72715,52.31289],[8.72742,52.31289],[8.72755,52.31273],[8.72782,52.31273],[8.72796,52.31257],[8.72823,52.31257],[8.72917,52.31207],[8.72957,52.31207],[8.73092,52.31158],[8.73308,52.31141],[8.73308,52.31133],[8.73631,52.31133],[8.73631,52.31141],[8.73941,52.31141],[8.73941,52.31149],[8.74278,52.31141],[8.74278,52.31133],[8.74359,52.31116],[8.74372,52.311],[8.74399,52.311],[8.74426,52.31075],[8.74494,52.31059],[8.7452,52.31034],[8.74547,52.31034],[8.74561,52.31018],[8.74588,52.31018],[8.74682,52.30968],[8.75019,52.30869],[8.75167,52.30779],[8.75194,52.30779],[8.75208,52.30762],[8.75262,52.30754],[8.75302,52.30729],[8.7545,52.30713],[8.7545,52.30705],[8.75585,52.30688],[8.75625,52.30672],[8.75679,52.30672],[8.75679,52.30663],[8.75868,52.30647],[8.75868,52.30639],[8.75908,52.30639],[8.75949,52.30622],[8.76084,52.30606],[8.76178,52.30573],[8.76218,52.30573],[8.76259,52.30556],[8.76326,52.30556],[8.76326,52.30548],[8.76393,52.30548],[8.76393,52.3054],[8.76838,52.30556],[8.76838,52.30548],[8.77081,52.30532],[8.77081,52.30523],[8.77229,52.30507],[8.77323,52.30474],[8.77364,52.30474],[8.77364,52.30466],[8.77391,52.30466],[8.77552,52.30408],[8.77593,52.30408],[8.77701,52.30367],[8.77781,52.30358],[8.77808,52.30342],[8.77849,52.30342],[8.77876,52.30326],[8.77916,52.30326],[8.77983,52.30301],[8.78064,52.30293],[8.78091,52.30276],[8.78172,52.30268],[8.78199,52.30251],[8.7832,52.30235],[8.78482,52.30177],[8.78522,52.30177],[8.78684,52.3012],[8.78725,52.3012],[8.78886,52.30062],[8.78927,52.30062],[8.78927,52.30054],[8.7925,52.29963],[8.79452,52.29831],[8.79479,52.29831],[8.79573,52.29782],[8.79614,52.29782],[8.79641,52.29765],[8.79735,52.29749],[8.79749,52.29732],[8.7983,52.29716],[8.79883,52.29683],[8.79991,52.29683],[8.79991,52.29691],[8.80045,52.29691],[8.80045,52.29699],[8.80099,52.29699],[8.80099,52.29708],[8.80193,52.29708],[8.80193,52.29699],[8.80288,52.29699],[8.80288,52.29691],[8.80342,52.29691],[8.80342,52.29683],[8.80395,52.29675],[8.80544,52.29576],[8.80571,52.29576],[8.80598,52.29551],[8.80625,52.29551],[8.80651,52.29526],[8.80678,52.29526],[8.80705,52.2951],[8.80705,52.29493],[8.80746,52.29477],[8.80746,52.2946],[8.80773,52.29444],[8.80773,52.29411],[8.80786,52.29411],[8.80786,52.29197],[8.808,52.29197],[8.808,52.29139],[8.80813,52.29139],[8.80827,52.29089],[8.8084,52.29089],[8.80854,52.29056],[8.80881,52.29048],[8.80881,52.29032],[8.80907,52.29023],[8.80907,52.29007],[8.80934,52.28999],[8.80934,52.28982],[8.81042,52.28916],[8.81137,52.28892],[8.8115,52.28875],[8.81177,52.28875],[8.81285,52.28834],[8.81366,52.28826],[8.81366,52.28817],[8.8142,52.28817],[8.8146,52.28801],[8.81514,52.28801],[8.81554,52.28784],[8.81662,52.28776],[8.81662,52.28768],[8.81743,52.2876],[8.8177,52.28743],[8.8181,52.28743],[8.8181,52.28735],[8.81918,52.2871],[8.81932,52.28694],[8.81959,52.28694],[8.82053,52.28636],[8.8208,52.28636],[8.82188,52.28595],[8.82228,52.28595],[8.82228,52.28587],[8.8243,52.28554],[8.82457,52.28537],[8.82498,52.28537],[8.82498,52.28529],[8.82551,52.28521],[8.82578,52.28496],[8.82605,52.28496],[8.82632,52.28471],[8.82659,52.28471],[8.82673,52.28455],[8.82713,52.28455],[8.82767,52.2843],[8.82915,52.28405],[8.83023,52.28364],[8.83104,52.28364],[8.83171,52.28389],[8.83293,52.28389],[8.83293,52.28381],[8.83414,52.28364],[8.83414,52.28356],[8.83549,52.28323],[8.83616,52.28282],[8.83643,52.28282],[8.8367,52.28257],[8.83697,52.28257],[8.83724,52.28232],[8.83751,52.28232],[8.83764,52.28216],[8.83832,52.28199],[8.83858,52.28174],[8.83885,52.28174],[8.83899,52.28158],[8.83926,52.28158],[8.83939,52.28142],[8.83966,52.28142],[8.8402,52.28117],[8.84195,52.28092],[8.84195,52.281],[8.84344,52.28109],[8.84344,52.28117],[8.84532,52.28142],[8.84532,52.2815],[8.8464,52.2815],[8.84653,52.28158],[8.8468,52.28142],[8.84721,52.28142],[8.84721,52.28133],[8.84775,52.28125],[8.84788,52.28109],[8.84842,52.281],[8.84856,52.28084],[8.84883,52.28084],[8.84909,52.28059],[8.84963,52.28051],[8.84977,52.28034],[8.85017,52.28034],[8.85017,52.28026],[8.85152,52.27993],[8.85166,52.27977],[8.85246,52.2796],[8.85395,52.27869],[8.85395,52.27853],[8.85462,52.27812],[8.85516,52.27804],[8.85529,52.27787],[8.8561,52.27779],[8.8561,52.27771],[8.85718,52.27771],[8.85718,52.27762],[8.85785,52.27762],[8.85785,52.27754],[8.86055,52.27762],[8.86055,52.27771],[8.86257,52.27771],[8.86257,52.27762],[8.86594,52.27771],[8.86634,52.27795],[8.86688,52.27804],[8.86742,52.27836],[8.86742,52.27853],[8.86769,52.27861],[8.86769,52.27878],[8.86796,52.27894],[8.86809,52.27993],[8.86823,52.27993],[8.8685,52.28043],[8.86877,52.28059],[8.86904,52.28059],[8.86944,52.28092],[8.8716,52.28109],[8.8716,52.28117],[8.872,52.28117],[8.872,52.28125],[8.87268,52.28133],[8.87362,52.28166],[8.87443,52.28166],[8.87443,52.28174],[8.87524,52.28174],[8.87524,52.28183],[8.8782,52.28183],[8.8782,52.28191],[8.87928,52.28207],[8.88009,52.28257],[8.88036,52.28257],[8.8809,52.28282],[8.88157,52.28282],[8.88157,52.2829],[8.88238,52.2829],[8.88238,52.28282],[8.88278,52.28282],[8.88278,52.28273],[8.88386,52.28249],[8.88588,52.28142],[8.88723,52.28142],[8.88723,52.28133],[8.88804,52.28125],[8.88871,52.28084],[8.88938,52.28084],[8.88938,52.28092],[8.89181,52.28109],[8.89181,52.28117],[8.89235,52.28117],[8.89275,52.28133],[8.89424,52.28142],[8.89518,52.28174],[8.89693,52.28199],[8.89693,52.28207],[8.89747,52.28216],[8.89801,52.28257],[8.89855,52.28257],[8.89936,52.28315],[8.89989,52.28323],[8.9007,52.28372],[8.90421,52.28414],[8.90421,52.28422],[8.90461,52.28422],[8.90461,52.2843],[8.90502,52.2843],[8.90542,52.28447],[8.90596,52.28447],[8.90596,52.28455],[8.9065,52.28422],[8.90704,52.28422],[8.90731,52.28447],[8.91094,52.28438],[8.91094,52.2843],[8.91162,52.2843],[8.91162,52.28422],[8.91323,52.28405],[8.91323,52.28397],[8.91472,52.28372],[8.91472,52.28381],[8.91526,52.28381],[8.9162,52.28455],[8.91809,52.28479],[8.91849,52.28496],[8.91836,52.28512],[8.91593,52.28504],[8.91512,52.28471],[8.91512,52.28422],[8.91485,52.28405],[8.91431,52.28405],[8.91431,52.28414],[8.9131,52.2843],[8.91283,52.28447],[8.91243,52.28447],[8.91202,52.28471],[8.91135,52.28471],[8.91135,52.28479],[8.9096,52.28488],[8.9096,52.28496],[8.90663,52.28488],[8.90555,52.28562],[8.90515,52.28562],[8.90502,52.28521],[8.90542,52.28504],[8.90515,52.28479],[8.90286,52.28463],[8.90286,52.28455],[8.90057,52.28455],[8.90057,52.28447],[8.90003,52.28438],[8.89868,52.28356],[8.89801,52.28339],[8.89774,52.28315],[8.89747,52.28315],[8.89639,52.28273],[8.89599,52.28273],[8.89599,52.28265],[8.89558,52.28265],[8.89558,52.28257],[8.89518,52.28257],[8.89518,52.28249],[8.89477,52.28249],[8.89477,52.2824],[8.89437,52.2824],[8.8941,52.28224],[8.89316,52.28216],[8.89275,52.28199],[8.89208,52.28199],[8.89208,52.28191],[8.88844,52.28183],[8.88817,52.28199],[8.88736,52.28207],[8.88736,52.28216],[8.88602,52.28249],[8.88588,52.28265],[8.88534,52.28273],[8.88521,52.2829],[8.88467,52.28298],[8.88453,52.28315],[8.88426,52.28315],[8.88319,52.28356],[8.8817,52.28356],[8.8817,52.28348],[8.88022,52.28331],[8.87995,52.28315],[8.87955,52.28315],[8.87928,52.28298],[8.87887,52.28298],[8.8786,52.28282],[8.8782,52.28282],[8.87793,52.28265],[8.87753,52.28265],[8.87753,52.28257],[8.87712,52.28257],[8.87672,52.2824],[8.87429,52.2824],[8.87429,52.28232],[8.87348,52.28224],[8.87187,52.28166],[8.86998,52.28158],[8.86971,52.28174],[8.86931,52.28265],[8.8689,52.28273],[8.86877,52.2829],[8.8685,52.2829],[8.86836,52.28306],[8.86809,52.28306],[8.86782,52.28331],[8.86756,52.28331],[8.86594,52.28447],[8.86594,52.28463],[8.8658,52.28463],[8.8658,52.28479],[8.86567,52.28479],[8.86567,52.28496],[8.86553,52.28496],[8.86553,52.28512],[8.8654,52.28512],[8.8654,52.28529],[8.86526,52.28529],[8.86526,52.28545],[8.86513,52.28545],[8.86513,52.28562],[8.865,52.28562],[8.865,52.28578],[8.86486,52.28578],[8.86486,52.28595],[8.86365,52.28727],[8.86311,52.2885],[8.86297,52.2885],[8.86257,52.28916],[8.8623,52.28925],[8.86217,52.28958],[8.86136,52.29015],[8.86122,52.29048],[8.86082,52.29065],[8.86082,52.29081],[8.86028,52.29114],[8.85987,52.2918],[8.85961,52.29188],[8.85961,52.29205],[8.85947,52.29205],[8.85893,52.29287],[8.85866,52.29295],[8.85812,52.29378],[8.85785,52.29386],[8.85772,52.29419],[8.8561,52.29518],[8.85502,52.29543],[8.85489,52.29559],[8.85448,52.29559],[8.85395,52.29584],[8.85354,52.29584],[8.85354,52.29592],[8.85246,52.29617],[8.85233,52.29633],[8.85206,52.29633],[8.85179,52.29658],[8.85125,52.29666],[8.85112,52.29683],[8.85071,52.29683],[8.8499,52.29716],[8.84936,52.29716],[8.84936,52.29724],[8.84815,52.2974],[8.84761,52.29765],[8.84721,52.29765],[8.84721,52.29773],[8.84694,52.29773],[8.84694,52.29782],[8.84667,52.29782],[8.84451,52.29856],[8.84411,52.29856],[8.84384,52.29872],[8.84344,52.29872],[8.84317,52.29889],[8.84209,52.29905],[8.84155,52.2993],[8.84114,52.2993],[8.84114,52.29938],[8.83926,52.29988],[8.83912,52.30004],[8.83885,52.30004],[8.83832,52.30029],[8.83791,52.30029],[8.83683,52.3007],[8.83549,52.30087],[8.83508,52.30103],[8.83239,52.30103],[8.83239,52.30095],[8.83171,52.30095],[8.83171,52.30087],[8.83117,52.30087],[8.83117,52.30078],[8.83023,52.3007],[8.83023,52.30062],[8.82956,52.30062],[8.82956,52.30054],[8.82727,52.30029],[8.82727,52.30021],[8.82444,52.29971],[8.82444,52.29963],[8.82417,52.29963],[8.82363,52.29938],[8.82322,52.29938],[8.82268,52.29914],[8.82228,52.29914],[8.82228,52.29905],[8.82066,52.29864],[8.82053,52.29848],[8.82026,52.29848],[8.81864,52.2979],[8.81756,52.29773],[8.81756,52.29765],[8.81729,52.29765],[8.81676,52.2974],[8.81635,52.2974],[8.81608,52.29724],[8.81568,52.29724],[8.81541,52.29708],[8.815,52.29708],[8.815,52.29699],[8.8146,52.29699],[8.8146,52.29691],[8.8142,52.29691],[8.81379,52.29675],[8.81244,52.29666],[8.81244,52.29658],[8.81096,52.29642],[8.81096,52.29633],[8.80867,52.29633],[8.80867,52.29625],[8.80678,52.29633],[8.80638,52.29658],[8.80611,52.29658],[8.80476,52.29749],[8.80382,52.29765],[8.80382,52.29773],[8.80274,52.29782],[8.80274,52.29773],[8.7991,52.29765],[8.7991,52.29773],[8.7983,52.2979],[8.79803,52.29815],[8.79614,52.29856],[8.79587,52.29872],[8.79587,52.29889],[8.7956,52.29897],[8.7956,52.29914],[8.79547,52.29914],[8.79506,52.29979],[8.79479,52.29988],[8.79452,52.30037],[8.79425,52.30045],[8.79412,52.30078],[8.79317,52.30136],[8.79317,52.30153],[8.79277,52.30161],[8.79223,52.30202],[8.79196,52.30202],[8.79088,52.30268],[8.79061,52.30268],[8.79048,52.30284],[8.79021,52.30284],[8.79008,52.30301],[8.78886,52.30334],[8.78873,52.3035],[8.78846,52.3035],[8.78832,52.30367],[8.78778,52.30375],[8.78738,52.304],[8.78698,52.304],[8.78671,52.30416],[8.7863,52.30416],[8.78603,52.30433],[8.78563,52.30433],[8.78536,52.30449],[8.78496,52.30449],[8.78469,52.30466],[8.78428,52.30466],[8.78401,52.30482],[8.78361,52.30482],[8.78334,52.30499],[8.78293,52.30499],[8.78266,52.30515],[8.78226,52.30515],[8.78199,52.30532],[8.78159,52.30532],[8.78132,52.30548],[8.78091,52.30548],[8.78091,52.30556],[8.77957,52.30581],[8.7793,52.30597],[8.77741,52.3063],[8.77579,52.30688],[8.77431,52.30713],[8.77431,52.30721],[8.77337,52.30737],[8.77283,52.30762],[8.77148,52.30779],[8.77148,52.30787],[8.77013,52.30803],[8.77013,52.30812],[8.76946,52.30812],[8.76946,52.3082],[8.76434,52.30812],[8.76434,52.3082],[8.76286,52.3082],[8.76286,52.30828],[8.75841,52.3082],[8.75841,52.30828],[8.75706,52.30845],[8.75706,52.30853],[8.75598,52.30878],[8.75585,52.30894],[8.75558,52.30894],[8.75302,52.31051],[8.75302,52.31067],[8.75208,52.31125],[8.75181,52.31125],[8.75154,52.31149],[8.75086,52.31158],[8.75086,52.31166],[8.75019,52.31166],[8.75019,52.31174],[8.74763,52.31182],[8.74763,52.31191],[8.74669,52.31199],[8.74547,52.31273],[8.74547,52.31289],[8.74494,52.31314],[8.74494,52.31331],[8.74413,52.31372],[8.74413,52.31388],[8.74305,52.31454],[8.74278,52.31454],[8.74224,52.31495],[8.74103,52.31528],[8.73995,52.31594],[8.73968,52.31594],[8.73928,52.31627],[8.73847,52.31644],[8.73833,52.3166],[8.73779,52.31668],[8.73766,52.31685],[8.73739,52.31685],[8.73658,52.31718],[8.73618,52.31718],[8.73591,52.31734],[8.7355,52.31734],[8.73523,52.31751],[8.73483,52.31751],[8.73456,52.31767],[8.73227,52.31808],[8.73227,52.31817],[8.73133,52.31833],[8.73052,52.31866],[8.73011,52.31866],[8.73011,52.31874],[8.72904,52.31899],[8.7289,52.31915],[8.7285,52.31915],[8.7285,52.31924],[8.72823,52.31924],[8.72823,52.31932],[8.72796,52.31932],[8.72796,52.3194],[8.72769,52.3194],[8.72769,52.31948],[8.72742,52.31948],[8.72742,52.31957],[8.72715,52.31957],[8.72715,52.31965],[8.72688,52.31965],[8.72688,52.31973],[8.72661,52.31973],[8.72445,52.32047],[8.72405,52.32047],[8.72351,52.32072],[8.72311,52.32072],[8.72311,52.3208],[8.7227,52.3208],[8.7227,52.32088],[8.7223,52.32088],[8.72189,52.32105],[8.7192,52.3213]]]}},{"type":"Feature","properties":{"slice":"ura","kind":"nass"},"geometry":{"type":"Polygon","coordinates":[[[8.6304,52.19486],[8.6304,52.19477],[8.62959,52.19469],[8.62905,52.19436],[8.62757,52.19395],[8.62663,52.19329],[8.62609,52.19205],[8.62568,52.19188],[8.62528,52.19064],[8.62514,52.19064],[8.62514,52.19006],[8.62501,52.19006],[8.62514,52.18907],[8.62501,52.18907],[8.62488,52.18849],[8.62461,52.18833],[8.6242,52.18684],[8.62407,52.18684],[8.62393,52.18635],[8.6238,52.18635],[8.62326,52.18552],[8.62285,52.18527],[8.62258,52.18527],[8.62245,52.18511],[8.62218,52.18511],[8.62218,52.18503],[8.62164,52.18494],[8.62137,52.18469],[8.6211,52.18469],[8.61962,52.18379],[8.61962,52.18362],[8.61868,52.18304],[8.61868,52.18288],[8.61841,52.18279],[8.61814,52.18238],[8.61746,52.18205],[8.61746,52.18189],[8.61706,52.18172],[8.61706,52.18156],[8.61598,52.18089],[8.61571,52.18089],[8.61517,52.18056],[8.61477,52.18056],[8.6141,52.18015],[8.61383,52.18015],[8.61356,52.1799],[8.61329,52.1799],[8.61248,52.17957],[8.61207,52.17957],[8.61046,52.17899],[8.61005,52.17899],[8.60978,52.17883],[8.60938,52.17883],[8.60938,52.17875],[8.60857,52.17858],[8.60763,52.17792],[8.60763,52.17775],[8.60695,52.17709],[8.60695,52.17685],[8.60668,52.17668],[8.60668,52.17627],[8.60655,52.17627],[8.60628,52.17528],[8.60601,52.17503],[8.60574,52.17387],[8.60561,52.17387],[8.60561,52.17354],[8.60547,52.17354],[8.60547,52.17321],[8.60534,52.17321],[8.60507,52.17247],[8.60493,52.17247],[8.60453,52.1718],[8.60426,52.17172],[8.60426,52.17156],[8.60385,52.17123],[8.60359,52.17048],[8.60345,52.17048],[8.60318,52.16891],[8.60305,52.16891],[8.60305,52.1685],[8.60291,52.1685],[8.60291,52.16817],[8.60278,52.16817],[8.60278,52.16784],[8.60264,52.16784],[8.60224,52.16635],[8.60197,52.16618],[8.6017,52.16544],[8.60143,52.16536],[8.60129,52.16503],[8.60062,52.1647],[8.60022,52.16412],[8.59927,52.16354],[8.59927,52.16288],[8.59914,52.16288],[8.59914,52.16238],[8.599,52.16238],[8.599,52.16205],[8.59887,52.16205],[8.59887,52.16123],[8.59873,52.16123],[8.59887,52.15866],[8.599,52.15866],[8.59887,52.15676],[8.59873,52.15676],[8.59846,52.1556],[8.59833,52.1556],[8.59833,52.15527],[8.5982,52.15527],[8.5982,52.15494],[8.59806,52.15494],[8.59793,52.15403],[8.59779,52.15403],[8.59752,52.15354],[8.59725,52.15345],[8.59725,52.15329],[8.59469,52.15188],[8.59469,52.15172],[8.59415,52.15139],[8.59415,52.15089],[8.59375,52.15064],[8.59348,52.15064],[8.5924,52.14998],[8.59213,52.14998],[8.592,52.14982],[8.59173,52.14982],[8.59092,52.14949],[8.59051,52.14949],[8.59025,52.14932],[8.5893,52.14932],[8.5893,52.14924],[8.58876,52.14924],[8.58876,52.14916],[8.58822,52.14916],[8.58822,52.14907],[8.58661,52.14882],[8.58661,52.14874],[8.58526,52.14841],[8.58512,52.14825],[8.58459,52.14816],[8.58391,52.14775],[8.58364,52.14775],[8.58337,52.1475],[8.5831,52.1475],[8.58283,52.14725],[8.58256,52.14725],[8.58216,52.14692],[8.58135,52.14676],[8.58122,52.14659],[8.58095,52.14659],[8.58095,52.14651],[8.58041,52.14643],[8.58027,52.14626],[8.58,52.14626],[8.57987,52.1461],[8.5796,52.1461],[8.57933,52.14585],[8.57906,52.14585],[8.57879,52.1456],[8.57852,52.1456],[8.57798,52.14519],[8.57771,52.14519],[8.57731,52.14486],[8.57704,52.14486],[8.57664,52.14453],[8.57637,52.14453],[8.57596,52.14419],[8.57569,52.14419],[8.57488,52.1437],[8.57461,52.1437],[8.57421,52.14345],[8.57354,52.14337],[8.57354,52.14328],[8.57205,52.14337],[8.57192,52.14328],[8.57205,52.14246],[8.57178,52.14229],[8.56936,52.14213],[8.56936,52.14204],[8.56869,52.14204],[8.56869,52.14196],[8.56815,52.14196],[8.56815,52.14188],[8.56693,52.14171],[8.5668,52.14155],[8.56653,52.14155],[8.56653,52.14147],[8.56599,52.14138],[8.56586,52.14122],[8.56559,52.14122],[8.56545,52.14105],[8.56518,52.14105],[8.56464,52.14064],[8.56424,52.14064],[8.56397,52.14047],[8.56357,52.14047],[8.56357,52.14039],[8.56316,52.14039],[8.56316,52.14031],[8.56276,52.14031],[8.56249,52.14014],[8.56154,52.13998],[8.56114,52.13973],[8.56114,52.13956],[8.56033,52.13915],[8.56033,52.13898],[8.55885,52.13807],[8.55871,52.13758],[8.55844,52.13741],[8.55548,52.13733],[8.55548,52.13725],[8.55413,52.13725],[8.55413,52.13717],[8.55292,52.13717],[8.55292,52.13708],[8.55144,52.13717],[8.55144,52.13725],[8.55063,52.13725],[8.55063,52.13733],[8.54969,52.13741],[8.54928,52.13758],[8.5482,52.13766],[8.5482,52.13774],[8.5478,52.13774],[8.54686,52.13807],[8.54645,52.13807],[8.54645,52.13816],[8.54605,52.13816],[8.54605,52.13824],[8.54564,52.13824],[8.54564,52.13832],[8.54524,52.13832],[8.54524,52.13841],[8.54484,52.13841],[8.54443,52.13857],[8.54389,52.13857],[8.54389,52.13865],[8.54349,52.13865],[8.54308,52.13882],[8.54066,52.13898],[8.54066,52.13907],[8.53877,52.13907],[8.53877,52.13915],[8.535,52.13932],[8.535,52.1394],[8.53379,52.13956],[8.53325,52.13981],[8.53284,52.13981],[8.53284,52.13989],[8.53177,52.14006],[8.53177,52.14014],[8.52826,52.14039],[8.52826,52.14047],[8.52597,52.14064],[8.52597,52.14072],[8.52462,52.14072],[8.52462,52.1408],[8.52274,52.1408],[8.52247,52.14064],[8.52247,52.14047],[8.5222,52.14039],[8.5222,52.14022],[8.52179,52.14006],[8.52179,52.13989],[8.52099,52.13956],[8.52099,52.13932],[8.52206,52.13865],[8.52206,52.13849],[8.52368,52.13758],[8.52381,52.13733],[8.52678,52.13733],[8.52678,52.13741],[8.52826,52.13741],[8.52826,52.1375],[8.53257,52.1375],[8.53257,52.13741],[8.53459,52.13708],[8.53459,52.137],[8.53486,52.137],[8.53486,52.13692],[8.53513,52.13692],[8.53513,52.13683],[8.5354,52.13683],[8.5354,52.13675],[8.53567,52.13675],[8.53567,52.13667],[8.53594,52.13667],[8.5381,52.13592],[8.5385,52.13592],[8.5385,52.13584],[8.53918,52.13584],[8.53918,52.13576],[8.54335,52.13584],[8.5443,52.13526],[8.54618,52.13543],[8.54618,52.13551],[8.54659,52.13551],[8.54699,52.13568],[8.54753,52.13568],[8.54753,52.13576],[8.54793,52.13576],[8.54793,52.13584],[8.54834,52.13584],[8.54834,52.13592],[8.54874,52.13592],[8.54915,52.13609],[8.54969,52.13609],[8.54969,52.13617],[8.55103,52.13634],[8.55103,52.13642],[8.55171,52.13642],[8.55171,52.1365],[8.55386,52.1365],[8.55386,52.13659],[8.55562,52.13675],[8.55562,52.13683],[8.55642,52.13683],[8.55642,52.13692],[8.55831,52.13692],[8.56006,52.13791],[8.56006,52.13807],[8.56047,52.13824],[8.56047,52.13841],[8.56127,52.13882],[8.56127,52.13898],[8.56195,52.13932],[8.56195,52.13948],[8.56235,52.13973],[8.5637,52.13998],[8.5637,52.14006],[8.5641,52.14006],[8.5641,52.14014],[8.56451,52.14014],[8.56451,52.14022],[8.56491,52.14022],[8.56491,52.14031],[8.56532,52.14031],[8.56532,52.14039],[8.56572,52.14039],[8.56572,52.14047],[8.5664,52.14047],[8.5664,52.14056],[8.56747,52.14064],[8.56747,52.14072],[8.56788,52.14072],[8.56788,52.1408],[8.56828,52.1408],[8.56828,52.14089],[8.56869,52.14089],[8.56909,52.14105],[8.56976,52.14105],[8.56976,52.14113],[8.57084,52.14122],[8.57125,52.14138],[8.57178,52.14138],[8.57178,52.14147],[8.57421,52.14188],[8.57448,52.14204],[8.57488,52.14204],[8.57488,52.14213],[8.57596,52.14238],[8.57812,52.1437],[8.57812,52.14386],[8.57879,52.14419],[8.57879,52.14436],[8.5792,52.14453],[8.5792,52.14469],[8.58041,52.14543],[8.58095,52.14552],[8.58108,52.14568],[8.58135,52.14568],[8.58149,52.14585],[8.58176,52.14585],[8.5827,52.14634],[8.58297,52.14634],[8.58337,52.14659],[8.58391,52.14668],[8.58405,52.14684],[8.58486,52.14701],[8.58499,52.14717],[8.58782,52.14792],[8.58795,52.14808],[8.58836,52.14808],[8.58863,52.14825],[8.59011,52.14849],[8.59092,52.14882],[8.59132,52.14882],[8.59132,52.14891],[8.592,52.14899],[8.59254,52.14924],[8.59294,52.14924],[8.59294,52.14932],[8.59483,52.14982],[8.59496,52.14998],[8.5955,52.15007],[8.59631,52.15064],[8.59631,52.15089],[8.59685,52.15122],[8.59698,52.15155],[8.59725,52.15164],[8.59725,52.1518],[8.59766,52.15205],[8.59766,52.15221],[8.59793,52.1523],[8.59793,52.15246],[8.59833,52.15263],[8.59833,52.15279],[8.59887,52.15329],[8.59887,52.15362],[8.59914,52.15387],[8.59914,52.1542],[8.59927,52.1542],[8.59954,52.15494],[8.59981,52.15511],[8.59995,52.1556],[8.60035,52.15602],[8.60049,52.15668],[8.60076,52.15693],[8.60076,52.15742],[8.60089,52.15742],[8.60076,52.1585],[8.60049,52.15875],[8.60035,52.15957],[8.60022,52.15957],[8.60035,52.15965],[8.60035,52.16106],[8.60049,52.16106],[8.60049,52.16172],[8.60062,52.16172],[8.60076,52.16247],[8.60089,52.16247],[8.60143,52.16371],[8.60156,52.16371],[8.60156,52.16387],[8.60197,52.1642],[8.60197,52.16445],[8.60224,52.16461],[8.60224,52.16486],[8.60237,52.16486],[8.60237,52.16503],[8.60305,52.16569],[8.60305,52.16594],[8.60332,52.1661],[8.60332,52.16635],[8.60345,52.16635],[8.60345,52.1666],[8.60372,52.16685],[8.60372,52.16718],[8.60399,52.16742],[8.60399,52.16776],[8.60426,52.168],[8.60439,52.16866],[8.60453,52.16866],[8.60466,52.16899],[8.60547,52.16941],[8.60547,52.16957],[8.60574,52.16966],[8.60574,52.16982],[8.60601,52.16999],[8.60642,52.17131],[8.60668,52.17156],[8.60695,52.17247],[8.60709,52.17247],[8.60736,52.17329],[8.60749,52.17329],[8.60749,52.17354],[8.60763,52.17354],[8.60763,52.17379],[8.6079,52.17404],[8.6079,52.17437],[8.60817,52.17461],[8.60898,52.17685],[8.60911,52.17685],[8.60965,52.17767],[8.60992,52.17775],[8.60992,52.17792],[8.61032,52.17817],[8.61059,52.17817],[8.61073,52.17833],[8.61167,52.1785],[8.61167,52.17858],[8.61329,52.17875],[8.61356,52.17891],[8.61396,52.17891],[8.6149,52.17924],[8.61558,52.17932],[8.61666,52.17999],[8.61666,52.18015],[8.61895,52.18139],[8.61895,52.18156],[8.61922,52.18164],[8.61949,52.18213],[8.61976,52.18222],[8.61976,52.18238],[8.62016,52.18263],[8.6207,52.18337],[8.62151,52.18387],[8.62245,52.18412],[8.62339,52.18469],[8.62339,52.18486],[8.6242,52.18527],[8.6242,52.18544],[8.62447,52.18552],[8.62447,52.18577],[8.62488,52.1861],[8.62488,52.18635],[8.62514,52.18651],[8.62568,52.18767],[8.62582,52.18767],[8.62582,52.18866],[8.62595,52.18866],[8.62595,52.18883],[8.62663,52.18949],[8.62663,52.18973],[8.62676,52.18973],[8.62676,52.19006],[8.62649,52.19031],[8.62663,52.1913],[8.62757,52.1918],[8.62771,52.19263],[8.62797,52.19279],[8.62838,52.19279],[8.62946,52.19353],[8.62973,52.19353],[8.63,52.19378],[8.63027,52.19378],[8.63067,52.19411],[8.63094,52.19411],[8.63148,52.19444],[8.6308,52.19486],[8.6304,52.19486]]]}}]}
