{"type":"FeatureCollection","slices":[{"id":"ura","year":1840,"label":"Waldflächen während der Preußischen Uraufnahme (LANUK NRW)"}],"features":[{"type":"Feature","properties":{"slice":"ura","kind":"wald"},"geometry":{"type":"Polygon","coordinates":[[[8.46657,52.46205],[8.46748,52.46143],[8.46792,52.45988],[8.46819,52.45936],[8.47011,52.46081],[8.47071,52.46099],[8.4712,52.46084],[8.46948,52.45961],[8.46956,52.45924],[8.47022,52.45919],[8.47182,52.4593],[8.47208,52.45878],[8.4731,52.45857],[8.47325,52.45819],[8.47379,52.45753],[8.47353,52.45692],[8.47248,52.45628],[8.47151,52.456],[8.47128,52.45599],[8.46992,52.45465],[8.46956,52.4541],[8.46975,52.45355],[8.46917,52.45337],[8.46921,52.45296],[8.46227,52.45227],[8.46197,52.45202],[8.45748,52.45208],[8.45465,52.45184],[8.45107,52.45142],[8.44915,52.45204],[8.44819,52.45223],[8.44642,52.4534],[8.4454,52.45342],[8.44502,52.4529],[8.44387,52.4525],[8.44292,52.45474],[8.44508,52.45605],[8.44447,52.45641],[8.44403,52.4568],[8.44238,52.45541],[8.44058,52.45411],[8.43829,52.45305],[8.43666,52.4518],[8.4353,52.451],[8.43658,52.44956],[8.43728,52.4485],[8.43758,52.4477],[8.43731,52.44695],[8.4388,52.44548],[8.43998,52.44392],[8.43842,52.44288],[8.43849,52.44234],[8.43894,52.44172],[8.43999,52.44128],[8.44076,52.43942],[8.44183,52.43912],[8.44206,52.43846],[8.44385,52.43812],[8.44359,52.43756],[8.44192,52.43692],[8.44227,52.43666],[8.44223,52.43655],[8.44082,52.43601],[8.44071,52.4355],[8.43946,52.435],[8.43812,52.43491],[8.43726,52.43478],[8.43781,52.4343],[8.43941,52.43333],[8.44053,52.43223],[8.44006,52.43209],[8.4396,52.4312],[8.43746,52.43045],[8.4342,52.42976],[8.43319,52.42945],[8.43294,52.4298],[8.43236,52.4298],[8.43232,52.42942],[8.43158,52.42939],[8.43154,52.42904],[8.42999,52.42914],[8.42789,52.42902],[8.42773,52.43077],[8.42623,52.43126],[8.42489,52.43195],[8.42275,52.43131],[8.42321,52.43084],[8.42322,52.43029],[8.42306,52.43013],[8.42219,52.4302],[8.42223,52.43105],[8.42209,52.43191],[8.42217,52.43228],[8.42352,52.43293],[8.42408,52.4335],[8.42323,52.43357],[8.42203,52.43327],[8.42143,52.43341],[8.4211,52.43295],[8.4211,52.43158],[8.42038,52.43158],[8.42023,52.43198],[8.4193,52.43213],[8.41642,52.43191],[8.41428,52.43155],[8.4112,52.43128],[8.40473,52.43261],[8.40406,52.4331],[8.40334,52.43316],[8.40255,52.43397],[8.403,52.43467],[8.40008,52.435],[8.39858,52.43562],[8.39684,52.43644],[8.39616,52.43709],[8.39767,52.43804],[8.39895,52.4384],[8.39949,52.43844],[8.40015,52.43831],[8.40014,52.43856],[8.39947,52.43878],[8.39865,52.43863],[8.39866,52.43892],[8.39779,52.43894],[8.39764,52.43973],[8.39896,52.44],[8.39912,52.44058],[8.39987,52.44068],[8.40033,52.4416],[8.39982,52.44224],[8.39846,52.4427],[8.39734,52.44347],[8.39693,52.44383],[8.39733,52.44608],[8.39645,52.44613],[8.39725,52.44646],[8.39922,52.44693],[8.39965,52.44711],[8.40155,52.44734],[8.4042,52.4475],[8.4039,52.44845],[8.40279,52.4483],[8.4028,52.44888],[8.40128,52.44879],[8.4003,52.44865],[8.40015,52.44911],[8.3989,52.44923],[8.39734,52.44927],[8.39548,52.44855],[8.39421,52.44815],[8.39369,52.44844],[8.39268,52.44809],[8.39142,52.44789],[8.39024,52.44798],[8.38967,52.44822],[8.38912,52.44874],[8.38898,52.4487],[8.38874,52.44831],[8.38803,52.44829],[8.38807,52.44765],[8.38693,52.44771],[8.38704,52.44843],[8.38644,52.4485],[8.38637,52.44815],[8.38642,52.44773],[8.38602,52.44752],[8.38555,52.44745],[8.38572,52.44705],[8.38559,52.44665],[8.38567,52.44631],[8.38557,52.44563],[8.38507,52.44528],[8.38509,52.44462],[8.38194,52.4443],[8.38006,52.44436],[8.37655,52.44468],[8.37598,52.44455],[8.37571,52.44422],[8.37518,52.44462],[8.3746,52.44489],[8.37319,52.44412],[8.37283,52.4443],[8.37261,52.44453],[8.3727,52.4447],[8.37232,52.44509],[8.37157,52.44491],[8.37136,52.44473],[8.37102,52.44481],[8.37078,52.44504],[8.36932,52.44438],[8.36853,52.44443],[8.36641,52.44501],[8.36599,52.44564],[8.36585,52.44626],[8.36654,52.44712],[8.3683,52.44776],[8.37067,52.44805],[8.37337,52.44814],[8.37514,52.44809],[8.37622,52.44836],[8.37725,52.44908],[8.37817,52.44957],[8.38001,52.44978],[8.38131,52.44974],[8.38243,52.45007],[8.38294,52.45045],[8.38389,52.45081],[8.3846,52.45074],[8.38675,52.45279],[8.38889,52.45321],[8.39162,52.4533],[8.39237,52.45353],[8.39291,52.45409],[8.39549,52.4545],[8.39651,52.4546],[8.39752,52.45503],[8.39778,52.45552],[8.39786,52.45593],[8.39806,52.456],[8.39815,52.45588],[8.39869,52.45583],[8.39931,52.45549],[8.39953,52.45516],[8.39989,52.45509],[8.40027,52.45522],[8.40062,52.45551],[8.4019,52.45561],[8.40319,52.45607],[8.40383,52.45604],[8.40455,52.45561],[8.40496,52.45574],[8.40572,52.45548],[8.40621,52.45581],[8.40646,52.45585],[8.40667,52.45609],[8.4075,52.456],[8.40774,52.45616],[8.40885,52.4565],[8.41057,52.45668],[8.41261,52.45669],[8.41429,52.45653],[8.41631,52.45619],[8.4182,52.45552],[8.4186,52.45511],[8.419,52.45524],[8.42031,52.45609],[8.42127,52.45631],[8.42192,52.45611],[8.42343,52.45521],[8.42387,52.45547],[8.42387,52.45592],[8.42426,52.45619],[8.42498,52.45633],[8.42541,52.45658],[8.42638,52.45597],[8.42761,52.45541],[8.42944,52.45644],[8.4313,52.45672],[8.43353,52.45767],[8.43622,52.4583],[8.43759,52.45838],[8.43871,52.45865],[8.43952,52.45895],[8.4401,52.45875],[8.44036,52.45857],[8.44093,52.45882],[8.44172,52.45898],[8.44247,52.45882],[8.44351,52.45901],[8.44437,52.45939],[8.44523,52.45959],[8.44577,52.4591],[8.44575,52.45868],[8.44594,52.4583],[8.44769,52.45803],[8.44808,52.4581],[8.44795,52.45877],[8.44811,52.45919],[8.4506,52.46064],[8.45133,52.46087],[8.45306,52.46121],[8.45345,52.46208],[8.45376,52.46228],[8.45461,52.46253],[8.4551,52.46239],[8.45652,52.46349],[8.45991,52.46294],[8.46147,52.46341],[8.46168,52.46298],[8.46333,52.4629],[8.46564,52.46251],[8.46578,52.46231],[8.46657,52.46205]]]}},{"type":"Feature","properties":{"slice":"ura","kind":"wald"},"geometry":{"type":"Polygon","coordinates":[[[8.48923,52.29922],[8.48934,52.29956],[8.49093,52.29916],[8.49187,52.29881],[8.49394,52.2985],[8.49735,52.29758],[8.49865,52.29751],[8.50003,52.29729],[8.50043,52.2976],[8.50081,52.29768],[8.50125,52.29757],[8.50141,52.29738],[8.50145,52.29705],[8.50154,52.29379],[8.50266,52.29422],[8.50342,52.29385],[8.50347,52.29307],[8.50471,52.29287],[8.50499,52.29256],[8.50535,52.29234],[8.50585,52.29239],[8.50611,52.29251],[8.50652,52.29202],[8.5069,52.2923],[8.50723,52.29209],[8.50755,52.29217],[8.50714,52.29261],[8.50748,52.2929],[8.50803,52.29252],[8.50827,52.29269],[8.50909,52.29233],[8.50904,52.29213],[8.50966,52.29178],[8.5095,52.29153],[8.51011,52.29133],[8.50999,52.29078],[8.50901,52.29055],[8.50855,52.29033],[8.50835,52.29006],[8.50902,52.28909],[8.50836,52.28831],[8.50841,52.28797],[8.50891,52.28742],[8.50968,52.2869],[8.50934,52.28655],[8.50932,52.28622],[8.50742,52.28577],[8.50797,52.28506],[8.5077,52.28423],[8.50692,52.28347],[8.50641,52.28326],[8.5056,52.28276],[8.50521,52.2827],[8.50205,52.28286],[8.50272,52.28386],[8.5021,52.28429],[8.50194,52.28463],[8.50146,52.28468],[8.50137,52.28337],[8.50093,52.28332],[8.50058,52.28302],[8.50014,52.28317],[8.50024,52.28347],[8.49971,52.28369],[8.49991,52.28393],[8.49987,52.28451],[8.49977,52.28473],[8.49939,52.28491],[8.49934,52.28507],[8.5002,52.28555],[8.50091,52.28616],[8.50149,52.28598],[8.50151,52.28759],[8.50244,52.28831],[8.50142,52.28876],[8.50078,52.28856],[8.50004,52.2882],[8.49975,52.28813],[8.49954,52.28823],[8.49945,52.28973],[8.50021,52.29057],[8.49917,52.2902],[8.49773,52.28946],[8.49749,52.28857],[8.49734,52.28838],[8.49688,52.28817],[8.49694,52.28782],[8.49814,52.28719],[8.49742,52.28698],[8.49824,52.28677],[8.49799,52.28622],[8.49815,52.28498],[8.49866,52.28404],[8.49915,52.28268],[8.50042,52.2815],[8.50156,52.28092],[8.50153,52.28034],[8.50141,52.27998],[8.50099,52.27996],[8.49981,52.28031],[8.49943,52.28074],[8.49896,52.2808],[8.49819,52.28076],[8.49694,52.28127],[8.49652,52.28133],[8.4957,52.28132],[8.49494,52.28176],[8.49456,52.28227],[8.49415,52.28262],[8.4935,52.28279],[8.4925,52.28283],[8.49221,52.28275],[8.49205,52.28214],[8.49102,52.28225],[8.4909,52.28329],[8.48906,52.28325],[8.48908,52.28231],[8.48819,52.28263],[8.48798,52.28325],[8.48573,52.28328],[8.48512,52.2837],[8.4843,52.28357],[8.48219,52.28393],[8.48138,52.28397],[8.48092,52.28415],[8.48076,52.28463],[8.48088,52.28573],[8.48,52.28557],[8.47736,52.28548],[8.47549,52.28529],[8.47551,52.28559],[8.47412,52.28562],[8.47387,52.28574],[8.4734,52.28622],[8.47107,52.28623],[8.47046,52.28636],[8.47013,52.28675],[8.46945,52.28704],[8.46865,52.28725],[8.46802,52.2873],[8.46758,52.28702],[8.46752,52.2857],[8.46269,52.28574],[8.46041,52.28584],[8.46025,52.28794],[8.4604,52.2895],[8.46029,52.29043],[8.45983,52.29112],[8.45879,52.2922],[8.45843,52.29318],[8.45843,52.29426],[8.45882,52.29485],[8.46007,52.29571],[8.46079,52.29725],[8.4608,52.29777],[8.46183,52.29891],[8.46018,52.30037],[8.45978,52.30092],[8.45951,52.30117],[8.4599,52.30137],[8.45923,52.30205],[8.45934,52.3028],[8.45978,52.30332],[8.46004,52.3035],[8.45966,52.30369],[8.45983,52.30381],[8.46158,52.30368],[8.46183,52.30338],[8.46296,52.3035],[8.46445,52.30342],[8.4663,52.30368],[8.46734,52.30532],[8.468,52.30531],[8.46789,52.30573],[8.46615,52.30584],[8.46589,52.30594],[8.46598,52.3061],[8.46792,52.30597],[8.46806,52.30641],[8.46629,52.30652],[8.46646,52.30684],[8.46817,52.30666],[8.4687,52.30748],[8.46928,52.30742],[8.46855,52.30572],[8.46868,52.30526],[8.46823,52.30456],[8.46767,52.30429],[8.46763,52.30393],[8.46786,52.30378],[8.46805,52.30374],[8.46836,52.30378],[8.46945,52.30347],[8.46899,52.30288],[8.4701,52.30258],[8.47046,52.30257],[8.47134,52.30334],[8.47206,52.30312],[8.47193,52.30279],[8.47193,52.30215],[8.47265,52.30212],[8.47411,52.30166],[8.47515,52.30159],[8.47567,52.30147],[8.47651,52.30195],[8.47635,52.30256],[8.47648,52.30278],[8.47766,52.30277],[8.47896,52.30287],[8.47913,52.30274],[8.47877,52.30183],[8.47844,52.30146],[8.47925,52.30151],[8.47936,52.30132],[8.48077,52.30135],[8.48135,52.30129],[8.48332,52.30093],[8.48357,52.30086],[8.48366,52.30028],[8.48629,52.2999],[8.48589,52.29942],[8.48571,52.29742],[8.4842,52.29738],[8.48414,52.29701],[8.48465,52.29672],[8.4851,52.29615],[8.48635,52.29573],[8.4864,52.29619],[8.48678,52.29613],[8.48698,52.29622],[8.4871,52.29593],[8.48738,52.29567],[8.48753,52.29575],[8.48752,52.2962],[8.48775,52.29621],[8.48899,52.29514],[8.4895,52.29487],[8.48986,52.29484],[8.4901,52.29486],[8.49031,52.29515],[8.48939,52.29573],[8.48895,52.29613],[8.48884,52.29631],[8.48885,52.29673],[8.48862,52.2968],[8.48859,52.29733],[8.48809,52.29742],[8.4881,52.2978],[8.4882,52.29801],[8.48886,52.29864],[8.48923,52.29922]]]}},{"type":"Feature","properties":{"slice":"ura","kind":"wald"},"geometry":{"type":"Polygon","coordinates":[[[8.50476,52.28025],[8.50599,52.28012],[8.50641,52.27981],[8.50718,52.28014],[8.50723,52.28053],[8.50869,52.28096],[8.50887,52.28126],[8.51047,52.28131],[8.51136,52.28142],[8.51204,52.28162],[8.51069,52.2816],[8.50982,52.28197],[8.50807,52.28209],[8.50808,52.28239],[8.50872,52.28241],[8.50963,52.28269],[8.51094,52.28319],[8.51181,52.28365],[8.51363,52.28437],[8.51379,52.28464],[8.51428,52.28448],[8.5151,52.28445],[8.51657,52.28467],[8.51686,52.2848],[8.51706,52.28479],[8.51832,52.28446],[8.51962,52.28491],[8.52045,52.2849],[8.5217,52.28478],[8.52818,52.28317],[8.52837,52.28285],[8.5267,52.28309],[8.52572,52.28317],[8.52491,52.28298],[8.52498,52.28268],[8.52495,52.28182],[8.52521,52.28145],[8.5255,52.28132],[8.52545,52.28051],[8.52523,52.2802],[8.52332,52.28031],[8.52252,52.27958],[8.52229,52.27957],[8.52186,52.2793],[8.5217,52.27838],[8.52124,52.27829],[8.51985,52.27881],[8.51926,52.27843],[8.51949,52.2781],[8.51905,52.27764],[8.51797,52.27783],[8.51713,52.2779],[8.51666,52.27773],[8.51541,52.27783],[8.51492,52.27763],[8.51396,52.27769],[8.51253,52.27694],[8.51223,52.27698],[8.51158,52.27794],[8.51055,52.27786],[8.5088,52.27804],[8.50696,52.27833],[8.50608,52.27801],[8.50541,52.27752],[8.50481,52.27772],[8.50553,52.27845],[8.50499,52.27891],[8.50416,52.27881],[8.50419,52.28013],[8.50476,52.28025]]]}},{"type":"Feature","properties":{"slice":"ura","kind":"wald"},"geometry":{"type":"MultiPolygon","coordinates":[[[[8.26787,52.1325],[8.268,52.13246],[8.26785,52.13246],[8.26787,52.1325]]],[[[8.28056,52.13251],[8.28081,52.13289],[8.28113,52.13284],[8.28123,52.13297],[8.28176,52.1329],[8.28179,52.13314],[8.28223,52.13311],[8.28225,52.13339],[8.28241,52.13337],[8.28251,52.13351],[8.2826,52.13352],[8.28258,52.13368],[8.28273,52.13373],[8.28262,52.13386],[8.28269,52.13401],[8.2832,52.13397],[8.28375,52.13421],[8.28395,52.13422],[8.28411,52.13416],[8.28424,52.13427],[8.28444,52.1343],[8.28461,52.13441],[8.2851,52.1344],[8.28535,52.13348],[8.28695,52.13355],[8.28679,52.13317],[8.28633,52.1331],[8.28625,52.13291],[8.28585,52.13278],[8.28597,52.13253],[8.28056,52.13251]]]]}},{"type":"Feature","properties":{"slice":"ura","kind":"wald"},"geometry":{"type":"Polygon","coordinates":[[[8.81739,52.25038],[8.81699,52.24902],[8.81647,52.24907],[8.81659,52.25038],[8.81565,52.25055],[8.81304,52.25068],[8.8127,52.25059],[8.81226,52.25036],[8.81167,52.25179],[8.81175,52.25213],[8.81284,52.25364],[8.8134,52.25415],[8.81194,52.25411],[8.81101,52.25422],[8.81058,52.25502],[8.81045,52.25515],[8.81022,52.25518],[8.80994,52.2551],[8.80941,52.25483],[8.80924,52.25456],[8.80884,52.25425],[8.80818,52.254],[8.80588,52.2537],[8.80553,52.25361],[8.80485,52.25325],[8.80416,52.25303],[8.80327,52.25245],[8.80265,52.25188],[8.8027,52.25255],[8.80301,52.25323],[8.80347,52.2538],[8.8036,52.25394],[8.80451,52.25367],[8.80466,52.25423],[8.80316,52.25443],[8.80277,52.25459],[8.80221,52.25465],[8.80228,52.25516],[8.80213,52.2553],[8.80229,52.25566],[8.80191,52.25572],[8.80161,52.25555],[8.80137,52.25569],[8.80104,52.25574],[8.80032,52.25566],[8.79957,52.25545],[8.79857,52.2561],[8.79865,52.25733],[8.79812,52.25737],[8.79812,52.25765],[8.79837,52.25819],[8.79797,52.25838],[8.79772,52.2584],[8.79742,52.25792],[8.79659,52.25764],[8.79625,52.25778],[8.79607,52.25808],[8.79438,52.25768],[8.79311,52.25769],[8.79289,52.25778],[8.79242,52.25864],[8.79249,52.25892],[8.79241,52.25923],[8.79224,52.25947],[8.79201,52.25958],[8.79119,52.25952],[8.7905,52.25939],[8.79041,52.25944],[8.79108,52.26025],[8.79062,52.26029],[8.79043,52.26002],[8.78957,52.26027],[8.78939,52.25992],[8.78899,52.26005],[8.78877,52.26031],[8.78853,52.26045],[8.78799,52.25983],[8.78761,52.25966],[8.787,52.259],[8.78589,52.25828],[8.78514,52.25752],[8.7848,52.25638],[8.78448,52.25595],[8.7841,52.25571],[8.78386,52.25593],[8.7843,52.25673],[8.78449,52.25742],[8.78556,52.25889],[8.78671,52.25995],[8.78766,52.26016],[8.78788,52.26029],[8.78773,52.26046],[8.78673,52.26086],[8.78702,52.26112],[8.78649,52.26133],[8.78616,52.26109],[8.78576,52.26112],[8.78573,52.26078],[8.7855,52.26049],[8.78543,52.26],[8.78496,52.2593],[8.7839,52.25842],[8.78367,52.25857],[8.78458,52.25937],[8.78489,52.26007],[8.78498,52.26052],[8.78478,52.26079],[8.78411,52.26084],[8.78357,52.26039],[8.78296,52.2593],[8.78256,52.25882],[8.78234,52.25891],[8.78226,52.25922],[8.78342,52.26112],[8.78406,52.26159],[8.78406,52.2617],[8.78333,52.26169],[8.78318,52.26178],[8.7812,52.25972],[8.78119,52.25917],[8.78082,52.25919],[8.78119,52.26046],[8.78081,52.26064],[8.78115,52.26166],[8.78165,52.26154],[8.78227,52.26195],[8.78144,52.26195],[8.78096,52.26203],[8.78163,52.26279],[8.7814,52.26291],[8.78098,52.26302],[8.78037,52.26231],[8.78019,52.26248],[8.7802,52.26295],[8.77979,52.26325],[8.78031,52.26382],[8.77953,52.26402],[8.77928,52.26376],[8.77824,52.26415],[8.77718,52.26469],[8.77735,52.26495],[8.77686,52.26542],[8.77635,52.26543],[8.77608,52.26599],[8.77717,52.26599],[8.77656,52.26648],[8.77744,52.26732],[8.77798,52.26713],[8.77824,52.26735],[8.77864,52.26716],[8.77886,52.2673],[8.77797,52.26769],[8.77773,52.26791],[8.77684,52.26822],[8.77641,52.26844],[8.77619,52.26876],[8.77664,52.26903],[8.77588,52.26941],[8.77478,52.2697],[8.77502,52.27016],[8.77447,52.27033],[8.77334,52.26848],[8.77223,52.26784],[8.77166,52.26772],[8.76899,52.26761],[8.76773,52.26762],[8.7671,52.26782],[8.7657,52.26802],[8.76499,52.26825],[8.7646,52.26855],[8.7641,52.26883],[8.76363,52.26904],[8.7633,52.26909],[8.76222,52.26835],[8.76203,52.2687],[8.76054,52.26916],[8.76101,52.26952],[8.75951,52.2701],[8.7592,52.27037],[8.75914,52.2707],[8.75864,52.27104],[8.75788,52.27137],[8.75749,52.27166],[8.75696,52.27184],[8.75671,52.27184],[8.75654,52.27292],[8.75683,52.27291],[8.75676,52.27329],[8.75628,52.27333],[8.75627,52.27379],[8.75578,52.27436],[8.75581,52.27454],[8.75571,52.27476],[8.75619,52.27501],[8.75655,52.27547],[8.75827,52.27561],[8.75821,52.27541],[8.75962,52.27554],[8.76406,52.27544],[8.77311,52.27407],[8.77838,52.27334],[8.77702,52.27203],[8.77918,52.27212],[8.78,52.2725],[8.7803,52.27233],[8.78021,52.27208],[8.78105,52.27182],[8.7811,52.27165],[8.7819,52.27182],[8.78272,52.27187],[8.78271,52.27102],[8.78408,52.27057],[8.78436,52.2705],[8.78449,52.27096],[8.78532,52.27033],[8.78623,52.27022],[8.78757,52.27017],[8.78903,52.26993],[8.79047,52.26943],[8.79121,52.26938],[8.79342,52.26846],[8.79531,52.26794],[8.79715,52.26754],[8.79798,52.26715],[8.79894,52.26694],[8.79977,52.26689],[8.79989,52.26698],[8.80012,52.26754],[8.80042,52.2677],[8.80089,52.26776],[8.80106,52.26765],[8.80094,52.26726],[8.80075,52.26676],[8.80044,52.26636],[8.80105,52.2662],[8.80254,52.26612],[8.80283,52.26603],[8.80362,52.26548],[8.80401,52.26535],[8.80506,52.26515],[8.80729,52.26511],[8.80682,52.26476],[8.80639,52.26461],[8.80566,52.26453],[8.80634,52.2642],[8.80688,52.26413],[8.8067,52.26373],[8.80689,52.26361],[8.80748,52.2634],[8.8078,52.26356],[8.80864,52.2643],[8.8103,52.26417],[8.8107,52.2644],[8.81071,52.26447],[8.81251,52.26444],[8.81406,52.2641],[8.81595,52.26378],[8.81816,52.26312],[8.81882,52.26279],[8.82189,52.26233],[8.82427,52.26209],[8.82405,52.26171],[8.82568,52.26142],[8.82579,52.26194],[8.82747,52.26139],[8.83037,52.26099],[8.83162,52.26097],[8.83182,52.26025],[8.83234,52.2602],[8.83246,52.26057],[8.83299,52.26056],[8.83299,52.26031],[8.8349,52.26005],[8.83517,52.26037],[8.83587,52.26012],[8.8361,52.25912],[8.83645,52.25913],[8.83701,52.26012],[8.83842,52.25975],[8.8384,52.25945],[8.8388,52.25932],[8.83914,52.25948],[8.83938,52.25971],[8.84103,52.25973],[8.84189,52.25964],[8.8421,52.25926],[8.84389,52.25912],[8.84459,52.2589],[8.84534,52.25879],[8.8456,52.25889],[8.84754,52.25872],[8.84771,52.25888],[8.84818,52.25899],[8.84874,52.25897],[8.84896,52.2591],[8.85044,52.259],[8.85215,52.25846],[8.85415,52.25831],[8.85517,52.25817],[8.85586,52.25821],[8.85695,52.25796],[8.85906,52.25766],[8.86018,52.25737],[8.86015,52.25724],[8.86055,52.25709],[8.86029,52.25643],[8.86217,52.25616],[8.86252,52.2559],[8.86271,52.25544],[8.86298,52.25509],[8.8633,52.25496],[8.86332,52.25412],[8.86273,52.25397],[8.85935,52.25342],[8.85465,52.25253],[8.85385,52.2525],[8.85396,52.25228],[8.85526,52.25185],[8.85738,52.25174],[8.86027,52.25121],[8.8628,52.25061],[8.86408,52.25025],[8.86851,52.2494],[8.86851,52.24889],[8.87092,52.24872],[8.87148,52.24939],[8.86996,52.25005],[8.86967,52.25037],[8.87016,52.25106],[8.86987,52.25192],[8.86993,52.25254],[8.87102,52.25332],[8.87087,52.25487],[8.87194,52.25528],[8.87401,52.25522],[8.87595,52.25503],[8.87867,52.25461],[8.8791,52.25469],[8.88293,52.25421],[8.88349,52.25405],[8.88575,52.25384],[8.89025,52.25307],[8.89273,52.25289],[8.89382,52.25265],[8.89594,52.25253],[8.89759,52.2523],[8.89882,52.25223],[8.8989,52.25193],[8.901,52.25182],[8.90123,52.2512],[8.90214,52.25148],[8.90335,52.25142],[8.90423,52.25132],[8.90515,52.25148],[8.90606,52.25142],[8.90761,52.25116],[8.90853,52.25077],[8.90813,52.25035],[8.90826,52.25024],[8.90687,52.24932],[8.90751,52.24934],[8.90948,52.24961],[8.91007,52.24942],[8.91169,52.24702],[8.91207,52.2469],[8.91222,52.24658],[8.91195,52.24574],[8.91274,52.24564],[8.91269,52.24491],[8.91092,52.24386],[8.90723,52.24245],[8.90633,52.24225],[8.90632,52.24248],[8.90568,52.24236],[8.90568,52.24214],[8.90143,52.24184],[8.89535,52.24233],[8.89397,52.24215],[8.89311,52.2421],[8.89116,52.24247],[8.88936,52.24292],[8.88862,52.24347],[8.88815,52.24372],[8.88813,52.24431],[8.88779,52.24442],[8.88715,52.2444],[8.88688,52.24434],[8.88599,52.24463],[8.88564,52.245],[8.88359,52.24546],[8.88292,52.24533],[8.88218,52.24527],[8.8815,52.24549],[8.88091,52.24559],[8.87863,52.24571],[8.87829,52.24546],[8.87867,52.24509],[8.88002,52.24474],[8.88066,52.2445],[8.8815,52.24435],[8.88228,52.24435],[8.88315,52.24419],[8.88369,52.24377],[8.88386,52.2434],[8.88299,52.24318],[8.88353,52.24287],[8.88369,52.2423],[8.88174,52.2427],[8.87879,52.24392],[8.87719,52.2444],[8.87608,52.24489],[8.87442,52.24521],[8.87174,52.24557],[8.86655,52.2455],[8.86381,52.24501],[8.86163,52.2447],[8.86127,52.24579],[8.86168,52.24678],[8.86172,52.24709],[8.86098,52.24721],[8.86063,52.24607],[8.85975,52.24526],[8.85831,52.24421],[8.85636,52.24402],[8.85314,52.24346],[8.85293,52.24385],[8.85337,52.24536],[8.85337,52.2462],[8.85312,52.24625],[8.85266,52.24565],[8.85218,52.24418],[8.85137,52.24374],[8.85074,52.24318],[8.85002,52.24307],[8.84908,52.24325],[8.84754,52.24334],[8.84659,52.24326],[8.84634,52.24447],[8.84617,52.24605],[8.84601,52.24629],[8.84515,52.24622],[8.84395,52.24649],[8.84519,52.24586],[8.84558,52.24469],[8.84531,52.2436],[8.84544,52.24255],[8.84401,52.2423],[8.84219,52.24229],[8.8426,52.2434],[8.84145,52.24366],[8.84168,52.24447],[8.84216,52.24542],[8.84229,52.2465],[8.8422,52.24662],[8.8428,52.24774],[8.84175,52.24803],[8.84003,52.24621],[8.83951,52.24447],[8.83869,52.24369],[8.83812,52.24474],[8.83707,52.24563],[8.83581,52.24617],[8.83488,52.24644],[8.83489,52.24561],[8.83341,52.24732],[8.83253,52.24848],[8.83176,52.24829],[8.83088,52.24818],[8.83078,52.2485],[8.82978,52.24828],[8.82976,52.24807],[8.82934,52.24745],[8.82906,52.2468],[8.82909,52.24627],[8.82954,52.24574],[8.82954,52.24545],[8.82993,52.24512],[8.82898,52.24488],[8.82883,52.24531],[8.82891,52.24563],[8.82853,52.24613],[8.82846,52.24652],[8.82851,52.24694],[8.82773,52.24692],[8.8277,52.2465],[8.82816,52.24602],[8.82752,52.24569],[8.82708,52.2464],[8.82629,52.24715],[8.82603,52.24794],[8.82563,52.24839],[8.82629,52.24899],[8.82659,52.24949],[8.82628,52.24978],[8.82488,52.24973],[8.82477,52.2501],[8.82513,52.25087],[8.82521,52.25161],[8.82516,52.25289],[8.82468,52.25297],[8.82449,52.25283],[8.82388,52.25299],[8.82369,52.25305],[8.82369,52.25331],[8.82319,52.25344],[8.82228,52.25338],[8.82176,52.25318],[8.82105,52.25303],[8.8206,52.25228],[8.81996,52.25203],[8.81926,52.25226],[8.81972,52.25308],[8.82013,52.25312],[8.82034,52.25381],[8.82058,52.25416],[8.82002,52.25428],[8.81922,52.25323],[8.81869,52.25228],[8.81841,52.25205],[8.81706,52.25135],[8.81728,52.25087],[8.81739,52.25038]],[[8.81631,52.25363],[8.81591,52.25363],[8.81533,52.25377],[8.8144,52.25277],[8.81355,52.25298],[8.81313,52.25245],[8.8125,52.25263],[8.81231,52.25229],[8.81285,52.25205],[8.81411,52.25187],[8.81436,52.25225],[8.81514,52.25221],[8.81589,52.25193],[8.81605,52.25249],[8.81658,52.25356],[8.81631,52.25363]],[[8.82826,52.24767],[8.82855,52.24824],[8.82828,52.24829],[8.82803,52.2479],[8.82776,52.248],[8.8283,52.24913],[8.82803,52.24953],[8.82779,52.24972],[8.82756,52.24976],[8.82759,52.24922],[8.82735,52.24891],[8.8265,52.24833],[8.82656,52.24812],[8.82684,52.24759],[8.82755,52.24749],[8.82773,52.24728],[8.82845,52.24726],[8.82826,52.24767]]]}},{"type":"Feature","properties":{"slice":"ura","kind":"wald"},"geometry":{"type":"Polygon","coordinates":[[[8.95404,52.19879],[8.95364,52.19894],[8.95365,52.19934],[8.95328,52.19962],[8.95286,52.20017],[8.95322,52.20079],[8.95299,52.20104],[8.95257,52.20116],[8.95183,52.20105],[8.9512,52.20082],[8.95056,52.20048],[8.95028,52.20013],[8.95024,52.19982],[8.95067,52.19961],[8.95092,52.19929],[8.95161,52.19887],[8.95119,52.19881],[8.95179,52.19822],[8.95145,52.19801],[8.95061,52.19765],[8.94985,52.19757],[8.94943,52.19783],[8.94853,52.19797],[8.94806,52.19847],[8.94721,52.19881],[8.94565,52.19989],[8.94545,52.20033],[8.94496,52.20077],[8.94309,52.20204],[8.94337,52.20277],[8.94313,52.20358],[8.94277,52.20453],[8.94217,52.20515],[8.9419,52.20566],[8.94204,52.20654],[8.94188,52.20715],[8.94101,52.20827],[8.94019,52.20821],[8.93957,52.20804],[8.93877,52.2077],[8.93748,52.20752],[8.93669,52.20748],[8.93437,52.20631],[8.93399,52.20642],[8.93309,52.20769],[8.93001,52.20839],[8.93088,52.20907],[8.93127,52.20972],[8.93161,52.21011],[8.93172,52.21031],[8.93168,52.21095],[8.93009,52.21178],[8.92893,52.21225],[8.92869,52.21245],[8.9279,52.21256],[8.92669,52.21351],[8.92555,52.21266],[8.92524,52.21233],[8.92648,52.21064],[8.92831,52.20852],[8.92558,52.21042],[8.92041,52.21292],[8.91928,52.21309],[8.91519,52.21204],[8.91511,52.21073],[8.91534,52.21042],[8.91504,52.20917],[8.91431,52.20716],[8.91233,52.2055],[8.9125,52.20696],[8.91239,52.20785],[8.91134,52.20778],[8.91037,52.20798],[8.90965,52.20823],[8.90916,52.2069],[8.90848,52.20688],[8.90676,52.20833],[8.90659,52.20907],[8.90834,52.20912],[8.90821,52.21168],[8.91356,52.21181],[8.91357,52.21348],[8.91382,52.21467],[8.91339,52.21483],[8.91263,52.21453],[8.91168,52.21445],[8.91096,52.21459],[8.91051,52.21483],[8.90975,52.21502],[8.90912,52.21367],[8.90429,52.21486],[8.90218,52.21455],[8.90092,52.21425],[8.90046,52.21425],[8.89766,52.21523],[8.89495,52.21562],[8.89664,52.21756],[8.8998,52.21746],[8.9016,52.21752],[8.90155,52.21796],[8.90251,52.21807],[8.90273,52.21889],[8.90367,52.22112],[8.90478,52.2209],[8.90589,52.22098],[8.90624,52.2199],[8.90529,52.21891],[8.90662,52.21838],[8.90743,52.21851],[8.90819,52.21897],[8.90886,52.21887],[8.91009,52.22079],[8.91152,52.22403],[8.91215,52.22514],[8.91449,52.22405],[8.9161,52.22471],[8.9146,52.22739],[8.91707,52.22791],[8.9156,52.22968],[8.91558,52.23024],[8.91609,52.23015],[8.9174,52.2294],[8.9186,52.22885],[8.91925,52.22872],[8.91926,52.22891],[8.91957,52.22918],[8.9178,52.23077],[8.91806,52.23157],[8.91835,52.23193],[8.91951,52.23193],[8.9199,52.23163],[8.92065,52.23183],[8.92168,52.23167],[8.92247,52.23224],[8.92253,52.23337],[8.92425,52.23312],[8.92501,52.23254],[8.92489,52.23194],[8.92605,52.23159],[8.92655,52.23134],[8.92701,52.231],[8.92767,52.23135],[8.92761,52.23184],[8.92734,52.23221],[8.92748,52.23255],[8.9279,52.23305],[8.92845,52.23316],[8.92862,52.23345],[8.92773,52.23372],[8.92858,52.23402],[8.92833,52.23456],[8.92848,52.23505],[8.92889,52.23549],[8.93079,52.23443],[8.93169,52.23427],[8.93324,52.23452],[8.93342,52.23466],[8.93345,52.23519],[8.93152,52.23607],[8.93062,52.23675],[8.93006,52.23736],[8.92933,52.23768],[8.92806,52.23844],[8.92722,52.23861],[8.92687,52.23911],[8.92888,52.23918],[8.92931,52.23924],[8.93009,52.23894],[8.93122,52.23875],[8.93198,52.23834],[8.93273,52.23825],[8.93341,52.23829],[8.93375,52.23851],[8.93373,52.23874],[8.93423,52.23907],[8.93483,52.23932],[8.93506,52.23956],[8.93343,52.23954],[8.93258,52.23985],[8.93143,52.23994],[8.93125,52.23988],[8.93102,52.23961],[8.92993,52.23979],[8.92923,52.24033],[8.92864,52.24053],[8.92716,52.24064],[8.92705,52.24064],[8.92686,52.23987],[8.92435,52.23996],[8.92384,52.24008],[8.92394,52.24048],[8.92363,52.24068],[8.9232,52.24119],[8.92258,52.24158],[8.92259,52.242],[8.92381,52.24205],[8.92459,52.24171],[8.9252,52.24196],[8.9249,52.24232],[8.92532,52.24259],[8.92452,52.24361],[8.92367,52.24491],[8.92332,52.24596],[8.92327,52.24702],[8.92398,52.2475],[8.92431,52.24753],[8.92537,52.24725],[8.92668,52.24825],[8.92776,52.2486],[8.92936,52.24899],[8.92917,52.25],[8.93032,52.25007],[8.93083,52.24999],[8.93108,52.24931],[8.93436,52.24947],[8.9343,52.24916],[8.93513,52.24915],[8.93567,52.24877],[8.93646,52.24918],[8.93657,52.24868],[8.93713,52.24867],[8.93735,52.24888],[8.93737,52.24913],[8.94026,52.24918],[8.94268,52.24895],[8.94261,52.24824],[8.94351,52.24814],[8.94452,52.24792],[8.94507,52.24771],[8.94478,52.24718],[8.94596,52.24713],[8.94736,52.24721],[8.94684,52.24817],[8.94744,52.24812],[8.94748,52.24791],[8.94795,52.24795],[8.9482,52.24821],[8.94887,52.24815],[8.94902,52.24811],[8.94903,52.248],[8.94929,52.24805],[8.9494,52.24828],[8.95052,52.24817],[8.95074,52.24833],[8.95121,52.24841],[8.95141,52.24859],[8.95214,52.2485],[8.9522,52.24818],[8.95275,52.24804],[8.95276,52.24848],[8.95233,52.24865],[8.95443,52.24857],[8.95472,52.24862],[8.95469,52.24753],[8.95489,52.24569],[8.95561,52.24565],[8.95664,52.24861],[8.95802,52.24884],[8.9586,52.24899],[8.95902,52.24898],[8.95958,52.24864],[8.96034,52.24841],[8.96072,52.24835],[8.96366,52.24836],[8.96394,52.24854],[8.96499,52.24809],[8.96559,52.24739],[8.96742,52.24736],[8.96764,52.24712],[8.9681,52.24711],[8.96847,52.24692],[8.96933,52.24692],[8.9697,52.24701],[8.96993,52.247],[8.97004,52.24689],[8.97177,52.24702],[8.97228,52.24692],[8.97264,52.24703],[8.97419,52.247],[8.97447,52.24694],[8.97459,52.24676],[8.97461,52.24645],[8.97375,52.24601],[8.97284,52.246],[8.97287,52.24522],[8.97413,52.24509],[8.97527,52.24478],[8.97545,52.24422],[8.97701,52.24386],[8.97691,52.24322],[8.97866,52.24306],[8.97874,52.24261],[8.97752,52.24165],[8.97855,52.24171],[8.9783,52.24152],[8.97914,52.24131],[8.97967,52.24146],[8.97985,52.24127],[8.98042,52.24108],[8.98155,52.24177],[8.98243,52.24138],[8.98338,52.24144],[8.98407,52.24129],[8.98476,52.24098],[8.98558,52.24071],[8.98635,52.24121],[8.98759,52.24103],[8.98972,52.24055],[8.99099,52.23985],[8.99191,52.24056],[8.99219,52.24103],[8.99305,52.24168],[8.99629,52.24096],[8.99742,52.2409],[8.99951,52.24037],[9.00011,52.23981],[9.00147,52.24018],[9.00182,52.23979],[9.00338,52.23967],[9.00359,52.23996],[9.00512,52.23965],[9.00519,52.23906],[9.00562,52.23887],[9.00717,52.23854],[9.00766,52.23834],[9.00695,52.23816],[9.00508,52.2386],[9.00484,52.23846],[9.00465,52.23819],[9.00646,52.23775],[9.00642,52.23754],[9.00628,52.23744],[9.0047,52.23749],[9.00355,52.23786],[9.00292,52.23776],[9.00188,52.23719],[9.00216,52.23687],[9.00369,52.23628],[9.00402,52.23636],[9.00474,52.23631],[9.00608,52.23645],[9.00623,52.23636],[9.00552,52.23618],[9.00556,52.236],[9.00695,52.23621],[9.00892,52.23622],[9.0101,52.23609],[9.01128,52.23585],[9.01249,52.23583],[9.01242,52.23564],[9.01195,52.23528],[9.01075,52.23493],[9.01107,52.23455],[9.01166,52.23431],[9.01278,52.23516],[9.01361,52.23525],[9.01436,52.23509],[9.01441,52.23492],[9.01368,52.23424],[9.01407,52.23404],[9.0149,52.23392],[9.01517,52.23397],[9.01547,52.23437],[9.01575,52.23446],[9.01703,52.23452],[9.01814,52.23442],[9.01825,52.23431],[9.01799,52.23416],[9.01722,52.23391],[9.01699,52.23377],[9.0168,52.23352],[9.01719,52.23325],[9.01879,52.23284],[9.01948,52.23256],[9.02004,52.23244],[9.02018,52.23258],[9.02026,52.23285],[9.02024,52.23323],[9.01963,52.23321],[9.01968,52.23372],[9.01995,52.23376],[9.0202,52.23369],[9.02033,52.2334],[9.02075,52.23333],[9.02102,52.23291],[9.02115,52.2323],[9.02182,52.23219],[9.02298,52.23285],[9.02344,52.23335],[9.02451,52.23391],[9.02522,52.23417],[9.02484,52.23375],[9.02369,52.23278],[9.02463,52.23236],[9.02579,52.23316],[9.02559,52.23428],[9.02668,52.23407],[9.02673,52.23444],[9.02855,52.23432],[9.02971,52.23392],[9.0309,52.23362],[9.03065,52.23336],[9.03162,52.23314],[9.03228,52.23316],[9.03247,52.23333],[9.03379,52.23311],[9.03512,52.23312],[9.03513,52.23289],[9.03458,52.23281],[9.03307,52.23283],[9.03203,52.2329],[9.0318,52.23281],[9.03206,52.23265],[9.03356,52.23257],[9.03507,52.23268],[9.03532,52.23233],[9.03398,52.23228],[9.03213,52.23237],[9.03189,52.23198],[9.03293,52.23182],[9.03347,52.2316],[9.03267,52.23061],[9.03384,52.23052],[9.03375,52.22999],[9.03212,52.22986],[9.03183,52.22818],[9.03198,52.22808],[9.03399,52.22875],[9.03771,52.22933],[9.03895,52.2297],[9.03913,52.22956],[9.03911,52.22921],[9.03852,52.22881],[9.03633,52.22837],[9.03622,52.22789],[9.03843,52.22834],[9.0379,52.22658],[9.0376,52.22636],[9.0371,52.22533],[9.03662,52.22505],[9.03698,52.22467],[9.03694,52.22431],[9.03741,52.22419],[9.03711,52.22402],[9.0368,52.22348],[9.03676,52.22285],[9.03688,52.22234],[9.0368,52.22123],[9.03658,52.22056],[9.03606,52.22051],[9.03583,52.22022],[9.03636,52.22015],[9.03615,52.21987],[9.03583,52.21978],[9.03519,52.21917],[9.03532,52.21904],[9.03538,52.21872],[9.03496,52.21859],[9.03535,52.21771],[9.03456,52.21751],[9.03465,52.21631],[9.03428,52.216],[9.03515,52.21625],[9.03529,52.21577],[9.03514,52.21558],[9.03527,52.21551],[9.0357,52.2155],[9.03615,52.21565],[9.03857,52.21563],[9.03872,52.21541],[9.03854,52.21521],[9.03786,52.21512],[9.03776,52.21462],[9.03729,52.2145],[9.0368,52.21489],[9.03523,52.21454],[9.03433,52.2139],[9.03352,52.21249],[9.03307,52.2124],[9.03271,52.21162],[9.03218,52.21149],[9.032,52.20999],[9.03165,52.20858],[9.03176,52.20847],[9.03229,52.20829],[9.03355,52.20834],[9.0325,52.2071],[9.03181,52.20695],[9.03125,52.207],[9.0309,52.20754],[9.03027,52.2076],[9.02993,52.20779],[9.02961,52.20778],[9.02888,52.2076],[9.02859,52.20759],[9.02871,52.20793],[9.03058,52.20875],[9.03082,52.20909],[9.02853,52.20815],[9.02831,52.20825],[9.02848,52.20858],[9.03153,52.20996],[9.03174,52.21016],[9.03145,52.21014],[9.03083,52.2099],[9.03009,52.20952],[9.02803,52.20873],[9.02739,52.20819],[9.02673,52.20841],[9.02667,52.20893],[9.02826,52.20984],[9.02954,52.21027],[9.02993,52.21025],[9.03013,52.21034],[9.03025,52.21073],[9.0309,52.21152],[9.03226,52.21212],[9.03252,52.21306],[9.03283,52.21376],[9.03283,52.21452],[9.03327,52.21501],[9.03369,52.21608],[9.0339,52.21719],[9.03311,52.21724],[9.03274,52.21613],[9.03167,52.21591],[9.03052,52.21586],[9.02896,52.2159],[9.02824,52.21582],[9.02756,52.21554],[9.02728,52.2156],[9.027,52.21582],[9.02721,52.216],[9.02881,52.21626],[9.02777,52.21653],[9.02765,52.21674],[9.02734,52.21686],[9.02687,52.21694],[9.02648,52.21717],[9.02536,52.21726],[9.02505,52.21753],[9.02515,52.21782],[9.02546,52.21807],[9.02622,52.21827],[9.02631,52.21873],[9.02674,52.21902],[9.02656,52.21921],[9.02612,52.21934],[9.02587,52.21959],[9.02634,52.22081],[9.02599,52.22104],[9.0253,52.22005],[9.02564,52.21963],[9.0249,52.21958],[9.02427,52.21974],[9.02518,52.2211],[9.025,52.22126],[9.0249,52.22149],[9.0245,52.22157],[9.02288,52.22169],[9.02114,52.22145],[9.02034,52.22125],[9.01992,52.22129],[9.01892,52.22166],[9.01895,52.22191],[9.01772,52.22203],[9.01807,52.22291],[9.0176,52.22278],[9.01746,52.22303],[9.01705,52.22294],[9.0163,52.22244],[9.01591,52.22263],[9.01729,52.22361],[9.01643,52.22376],[9.01493,52.2238],[9.01515,52.2245],[9.01443,52.22453],[9.01375,52.22447],[9.01324,52.22426],[9.01211,52.22475],[9.01111,52.22482],[9.01023,52.22466],[9.00986,52.22437],[9.00933,52.22369],[9.00848,52.22364],[9.00819,52.22339],[9.00816,52.22269],[9.00563,52.22332],[9.0054,52.22273],[9.00537,52.22234],[9.00562,52.2219],[9.00548,52.22133],[9.00561,52.22116],[9.00543,52.22063],[9.00502,52.22029],[9.00476,52.22039],[9.00464,52.22059],[9.00483,52.22136],[9.00476,52.22212],[9.00519,52.22244],[9.00513,52.22268],[9.00445,52.22267],[9.00408,52.22294],[9.00341,52.22301],[9.00191,52.22335],[9.00128,52.22327],[9.00108,52.22336],[9.0011,52.22369],[9.00086,52.22415],[9.00105,52.22462],[9.00165,52.22494],[9.00209,52.22497],[9.00262,52.2248],[9.0028,52.22482],[9.00322,52.22565],[9.00296,52.22604],[9.00306,52.22639],[9.00359,52.22679],[9.0036,52.22701],[9.00294,52.22696],[9.00242,52.22673],[9.00196,52.22668],[9.00133,52.22645],[9.0013,52.22588],[8.9998,52.22651],[8.99909,52.22691],[8.99855,52.22755],[8.9979,52.2279],[8.99708,52.22816],[8.99581,52.22838],[8.99631,52.22866],[8.99589,52.22872],[8.99538,52.22871],[8.99493,52.2292],[8.99437,52.22942],[8.99399,52.2295],[8.99341,52.22978],[8.99309,52.23004],[8.99234,52.22891],[8.99067,52.22904],[8.98963,52.22938],[8.98986,52.23053],[8.98851,52.23052],[8.98776,52.23068],[8.98728,52.23072],[8.98653,52.23014],[8.98284,52.23162],[8.98045,52.23091],[8.97843,52.2304],[8.97369,52.23003],[8.97197,52.23013],[8.97138,52.23024],[8.97051,52.23021],[8.97025,52.23071],[8.96909,52.23181],[8.96961,52.23293],[8.96983,52.23304],[8.97164,52.23271],[8.97318,52.23375],[8.97168,52.23438],[8.97031,52.2344],[8.96934,52.23322],[8.96823,52.23335],[8.96782,52.23306],[8.96656,52.23368],[8.96627,52.23356],[8.96749,52.23282],[8.96731,52.23262],[8.96864,52.23176],[8.96781,52.2297],[8.96717,52.22849],[8.9654,52.22846],[8.96279,52.22861],[8.96231,52.22841],[8.96171,52.22936],[8.95576,52.22853],[8.95501,52.22831],[8.95366,52.22888],[8.95173,52.22915],[8.9512,52.22933],[8.95069,52.22959],[8.95001,52.22981],[8.9479,52.23037],[8.94644,52.23158],[8.94516,52.23218],[8.94459,52.23225],[8.94407,52.23262],[8.94271,52.23279],[8.94163,52.23284],[8.94151,52.23317],[8.93914,52.23316],[8.93859,52.23255],[8.9394,52.23136],[8.94032,52.23056],[8.94221,52.22962],[8.9428,52.2292],[8.94172,52.22902],[8.94374,52.22831],[8.94471,52.2269],[8.94475,52.22649],[8.94533,52.22478],[8.94496,52.22414],[8.94548,52.22358],[8.94582,52.22353],[8.94647,52.22328],[8.94488,52.22291],[8.94476,52.22006],[8.94513,52.21977],[8.9456,52.2196],[8.94705,52.21958],[8.94853,52.21967],[8.94892,52.21974],[8.9492,52.2199],[8.94918,52.2211],[8.95046,52.22083],[8.9507,52.22016],[8.95119,52.21956],[8.95226,52.21911],[8.95378,52.2187],[8.95487,52.21855],[8.95614,52.21789],[8.9571,52.21754],[8.95966,52.21742],[8.96335,52.2177],[8.96281,52.2159],[8.96335,52.21469],[8.96485,52.21344],[8.96675,52.21323],[8.96666,52.21193],[8.96518,52.21083],[8.96381,52.20998],[8.96326,52.21043],[8.96197,52.2099],[8.96223,52.20952],[8.96079,52.2091],[8.96046,52.20879],[8.96045,52.20838],[8.96121,52.20841],[8.9633,52.20566],[8.96446,52.20497],[8.96049,52.20462],[8.95795,52.20372],[8.9583,52.20328],[8.95836,52.2031],[8.95829,52.20284],[8.95864,52.20214],[8.9595,52.20225],[8.95959,52.2018],[8.95948,52.2014],[8.95925,52.20104],[8.95949,52.20082],[8.96119,52.20091],[8.96073,52.19974],[8.96185,52.1995],[8.96165,52.19904],[8.96123,52.19877],[8.96119,52.19849],[8.96136,52.19828],[8.96204,52.19805],[8.9619,52.19775],[8.96154,52.19755],[8.96154,52.19728],[8.96238,52.19706],[8.96256,52.19718],[8.96257,52.19736],[8.96235,52.19751],[8.96237,52.19792],[8.96356,52.1983],[8.96484,52.19841],[8.96493,52.19798],[8.96516,52.19771],[8.96562,52.19764],[8.96576,52.19734],[8.9663,52.19704],[8.96676,52.19733],[8.96719,52.19742],[8.96808,52.19751],[8.96846,52.19739],[8.96842,52.19703],[8.96852,52.19654],[8.96845,52.19637],[8.96829,52.19628],[8.9683,52.19605],[8.96848,52.19587],[8.96874,52.19582],[8.96891,52.19571],[8.96906,52.19542],[8.96897,52.19517],[8.96903,52.19485],[8.96961,52.1944],[8.96968,52.19416],[8.96928,52.19351],[8.96987,52.19334],[8.96947,52.19285],[8.96843,52.19251],[8.96736,52.19237],[8.96664,52.19241],[8.96596,52.19282],[8.96563,52.19281],[8.96521,52.19263],[8.96464,52.19252],[8.96422,52.19259],[8.96396,52.19278],[8.96396,52.19307],[8.96386,52.19321],[8.96326,52.19359],[8.96291,52.19372],[8.96193,52.19352],[8.96155,52.19332],[8.96156,52.193],[8.96198,52.19264],[8.96195,52.19246],[8.96172,52.19237],[8.96146,52.19234],[8.9602,52.19282],[8.95961,52.19293],[8.95974,52.19322],[8.96034,52.19325],[8.96058,52.19334],[8.96034,52.19347],[8.95924,52.19373],[8.95947,52.19488],[8.95932,52.1955],[8.95949,52.19668],[8.95912,52.19662],[8.95798,52.19596],[8.95643,52.19592],[8.95616,52.19626],[8.95664,52.19654],[8.95662,52.19676],[8.9559,52.19702],[8.95511,52.19635],[8.95503,52.19665],[8.95449,52.19755],[8.95478,52.19878],[8.95404,52.19879]],[[9.00832,52.22565],[9.00732,52.22598],[9.00753,52.22444],[9.00822,52.22445],[9.00856,52.22487],[9.00866,52.22489],[9.00853,52.22551],[9.00832,52.22565]],[[9.0045,52.22396],[9.00504,52.22359],[9.00582,52.22456],[9.00533,52.22475],[9.0045,52.22396]]]}},{"type":"Feature","properties":{"slice":"ura","kind":"wald"},"geometry":{"type":"Polygon","coordinates":[[[8.72147,52.13358],[8.72247,52.13417],[8.7228,52.13419],[8.72345,52.13403],[8.72411,52.13378],[8.7242,52.13393],[8.72427,52.13478],[8.72447,52.13504],[8.72551,52.13518],[8.72573,52.13539],[8.72519,52.13572],[8.72542,52.13595],[8.72568,52.13648],[8.72624,52.13704],[8.72701,52.137],[8.72738,52.1374],[8.728,52.13745],[8.72813,52.1368],[8.72769,52.13685],[8.72723,52.13633],[8.72639,52.13638],[8.72587,52.13548],[8.72671,52.13498],[8.7291,52.13444],[8.72967,52.13456],[8.73149,52.13368],[8.73188,52.13332],[8.72899,52.13332],[8.72813,52.13364],[8.7283,52.13413],[8.72538,52.13475],[8.72485,52.13389],[8.72642,52.13332],[8.72117,52.13332],[8.72147,52.13358]]]}},{"type":"Feature","properties":{"slice":"ura","kind":"wald"},"geometry":{"type":"Polygon","coordinates":[[[8.31317,52.44869],[8.31282,52.44827],[8.31222,52.44827],[8.3122,52.4479],[8.31285,52.44776],[8.31282,52.44756],[8.31239,52.44703],[8.31204,52.44677],[8.31176,52.44688],[8.31159,52.44704],[8.31082,52.44725],[8.31061,52.44753],[8.31013,52.44772],[8.31007,52.44797],[8.31059,52.4483],[8.31158,52.44871],[8.31307,52.44889],[8.31317,52.44869]]]}},{"type":"Feature","properties":{"slice":"ura","kind":"wald"},"geometry":{"type":"Polygon","coordinates":[[[8.64411,52.50615],[8.64517,52.50611],[8.6453,52.50565],[8.64444,52.50561],[8.6443,52.50513],[8.64398,52.50495],[8.64392,52.50472],[8.64364,52.50458],[8.64305,52.50474],[8.64265,52.50458],[8.6421,52.50452],[8.64137,52.50466],[8.64014,52.50523],[8.6409,52.50583],[8.64134,52.50603],[8.64167,52.50643],[8.64387,52.50643],[8.64411,52.50615]]]}},{"type":"Feature","properties":{"slice":"ura","kind":"wald"},"geometry":{"type":"Polygon","coordinates":[[[8.6466,52.5069],[8.64819,52.50738],[8.64877,52.50775],[8.65032,52.50733],[8.65097,52.5065],[8.65201,52.50692],[8.6526,52.50664],[8.65249,52.50585],[8.6522,52.50589],[8.6519,52.50579],[8.65084,52.50592],[8.64914,52.50634],[8.64854,52.50642],[8.64812,52.50626],[8.64861,52.50571],[8.64722,52.50548],[8.64645,52.50631],[8.6466,52.5069]]]}},{"type":"Feature","properties":{"slice":"ura","kind":"wald"},"geometry":{"type":"MultiPolygon","coordinates":[[[[8.65845,52.52525],[8.65793,52.5251],[8.65745,52.52483],[8.65705,52.52438],[8.65664,52.52408],[8.65561,52.52374],[8.65495,52.52407],[8.6575,52.52566],[8.6587,52.52561],[8.65845,52.52525]]],[[[8.65545,52.52323],[8.65618,52.52287],[8.65598,52.52273],[8.65522,52.52275],[8.655,52.52259],[8.65472,52.52208],[8.65497,52.52174],[8.65458,52.52142],[8.65388,52.52208],[8.65383,52.52225],[8.6544,52.52357],[8.65545,52.52323]]]]}},{"type":"Feature","properties":{"slice":"ura","kind":"wald"},"geometry":{"type":"Polygon","coordinates":[[[8.60346,52.50265],[8.60399,52.50242],[8.60406,52.50221],[8.60393,52.50205],[8.60295,52.50155],[8.60172,52.50147],[8.60119,52.50172],[8.60135,52.50207],[8.60169,52.5023],[8.60151,52.50251],[8.60222,52.50294],[8.60346,52.50265]]]}},{"type":"Feature","properties":{"slice":"ura","kind":"wald"},"geometry":{"type":"Polygon","coordinates":[[[8.6068,52.50144],[8.60721,52.50158],[8.60775,52.50147],[8.60807,52.50128],[8.60946,52.5011],[8.61001,52.50127],[8.61052,52.50105],[8.61066,52.50061],[8.60969,52.50014],[8.60884,52.50014],[8.6076,52.50058],[8.60685,52.50066],[8.60643,52.50062],[8.60556,52.50067],[8.60601,52.50135],[8.6068,52.50144]]]}},{"type":"Feature","properties":{"slice":"ura","kind":"wald"},"geometry":{"type":"Polygon","coordinates":[[[8.63161,52.51014],[8.63079,52.51054],[8.63121,52.5113],[8.63215,52.51201],[8.63226,52.51258],[8.63258,52.5121],[8.63298,52.51168],[8.6333,52.51143],[8.63409,52.511],[8.63396,52.51086],[8.63161,52.51014]]]}},{"type":"Feature","properties":{"slice":"ura","kind":"wald"},"geometry":{"type":"MultiPolygon","coordinates":[[[[8.64077,52.51341],[8.64078,52.51318],[8.64067,52.51299],[8.64026,52.51277],[8.63947,52.51255],[8.63874,52.5126],[8.63845,52.51268],[8.63841,52.51297],[8.63855,52.51334],[8.64043,52.51352],[8.64077,52.51341]]],[[[8.63911,52.51405],[8.63865,52.51405],[8.63863,52.51379],[8.63707,52.51399],[8.63696,52.51417],[8.63697,52.51453],[8.63708,52.51477],[8.63812,52.51472],[8.63928,52.51449],[8.63911,52.51405]]]]}},{"type":"Feature","properties":{"slice":"ura","kind":"wald"},"geometry":{"type":"Polygon","coordinates":[[[8.62818,52.502],[8.6279,52.50185],[8.6266,52.50189],[8.62646,52.50218],[8.62608,52.50224],[8.62576,52.50271],[8.6259,52.50282],[8.62752,52.50298],[8.62866,52.50284],[8.62955,52.50246],[8.62953,52.5018],[8.62818,52.502]]]}},{"type":"Feature","properties":{"slice":"ura","kind":"wald"},"geometry":{"type":"Polygon","coordinates":[[[8.63093,52.50307],[8.63185,52.50319],[8.63268,52.50306],[8.63336,52.50205],[8.63278,52.50174],[8.63309,52.50142],[8.63351,52.50141],[8.63446,52.50165],[8.6345,52.50188],[8.63543,52.50183],[8.63576,52.50148],[8.63573,52.50132],[8.63547,52.50097],[8.63449,52.50056],[8.63375,52.5005],[8.63273,52.50072],[8.63196,52.50079],[8.631,52.50059],[8.63036,52.50028],[8.63018,52.5003],[8.62981,52.50067],[8.62984,52.50144],[8.63027,52.50152],[8.63033,52.50187],[8.631,52.50262],[8.63093,52.50307]]]}},{"type":"Feature","properties":{"slice":"ura","kind":"wald"},"geometry":{"type":"MultiPolygon","coordinates":[[[[8.65183,52.5013],[8.65096,52.50105],[8.6502,52.50111],[8.64912,52.50153],[8.64907,52.50162],[8.64977,52.50195],[8.65014,52.50175],[8.65039,52.5017],[8.65054,52.50179],[8.65049,52.50241],[8.65068,52.50288],[8.65151,52.50245],[8.65213,52.5024],[8.6527,52.5025],[8.65313,52.502],[8.65183,52.5013]]],[[[8.64948,52.49978],[8.64924,52.49999],[8.64899,52.50061],[8.64775,52.50111],[8.64786,52.50134],[8.64864,52.50125],[8.64929,52.50111],[8.64942,52.50077],[8.65088,52.5004],[8.64948,52.49978]]]]}},{"type":"Feature","properties":{"slice":"ura","kind":"wald"},"geometry":{"type":"Polygon","coordinates":[[[8.6591,52.49942],[8.65973,52.50076],[8.6595,52.5012],[8.65955,52.50131],[8.65988,52.50136],[8.66014,52.50213],[8.66079,52.50219],[8.66087,52.50199],[8.66128,52.50193],[8.66128,52.50101],[8.66047,52.50052],[8.66038,52.50026],[8.66045,52.50008],[8.65986,52.49975],[8.65963,52.49911],[8.6591,52.49942]]]}},{"type":"Feature","properties":{"slice":"ura","kind":"wald"},"geometry":{"type":"MultiPolygon","coordinates":[[[[8.66782,52.5139],[8.66843,52.51428],[8.66923,52.51431],[8.6697,52.51418],[8.67061,52.51411],[8.67152,52.51428],[8.67181,52.5146],[8.67184,52.51534],[8.67246,52.51563],[8.67293,52.51566],[8.67284,52.51613],[8.67416,52.51613],[8.67477,52.51626],[8.6765,52.51624],[8.67696,52.5164],[8.67773,52.51634],[8.6771,52.51587],[8.67623,52.51557],[8.67496,52.51546],[8.67371,52.51543],[8.67354,52.51517],[8.67313,52.51484],[8.67269,52.51473],[8.67227,52.51446],[8.67207,52.51403],[8.67275,52.51348],[8.67283,52.51317],[8.67265,52.51306],[8.67136,52.51291],[8.67031,52.5133],[8.66844,52.51358],[8.66842,52.51318],[8.66878,52.51243],[8.66877,52.51189],[8.66915,52.51153],[8.67058,52.51128],[8.67387,52.51135],[8.67474,52.5126],[8.67563,52.51344],[8.67631,52.51366],[8.67716,52.51365],[8.67899,52.51276],[8.67805,52.51202],[8.67612,52.51227],[8.67552,52.51094],[8.67487,52.51052],[8.67566,52.51008],[8.67272,52.50835],[8.67236,52.50632],[8.67028,52.50639],[8.66772,52.50624],[8.66779,52.50563],[8.66687,52.50564],[8.66605,52.50583],[8.66553,52.50566],[8.66507,52.50585],[8.66255,52.50656],[8.66283,52.50764],[8.66163,52.50799],[8.66158,52.50827],[8.6617,52.50859],[8.66067,52.50865],[8.66056,52.50895],[8.66076,52.5094],[8.662,52.50969],[8.66278,52.51001],[8.66339,52.50955],[8.66394,52.50934],[8.6648,52.50876],[8.6657,52.50842],[8.66753,52.50842],[8.6676,52.50861],[8.66666,52.50888],[8.66621,52.50925],[8.66642,52.50945],[8.66676,52.50958],[8.66625,52.51011],[8.66577,52.51018],[8.6652,52.5108],[8.66505,52.51116],[8.66755,52.51163],[8.66782,52.5139]],[[8.6698,52.5067],[8.6704,52.50706],[8.67013,52.50735],[8.66863,52.50766],[8.66775,52.50773],[8.66775,52.50764],[8.66546,52.50801],[8.66534,52.50762],[8.66765,52.5069],[8.6698,52.5067]],[[8.66963,52.50872],[8.66962,52.5086],[8.66992,52.50808],[8.67103,52.50875],[8.67072,52.50917],[8.66963,52.50872]]],[[[8.6596,52.50893],[8.6594,52.50856],[8.65816,52.50866],[8.65824,52.50886],[8.65934,52.5097],[8.65998,52.50938],[8.6596,52.50893]]],[[[8.66071,52.50403],[8.66013,52.50476],[8.65814,52.50501],[8.65825,52.50529],[8.65882,52.50572],[8.65887,52.50581],[8.65872,52.50599],[8.65813,52.50583],[8.65805,52.50549],[8.65785,52.50534],[8.65671,52.50544],[8.65628,52.50607],[8.65633,52.50624],[8.65777,52.50661],[8.65825,52.50683],[8.6587,52.50726],[8.65891,52.5072],[8.65909,52.50693],[8.65869,52.50643],[8.65904,52.50633],[8.65958,52.5063],[8.6602,52.50655],[8.66061,52.50687],[8.66139,52.50669],[8.66114,52.50633],[8.66175,52.50557],[8.6622,52.50529],[8.66204,52.50396],[8.66071,52.50403]]]]}},{"type":"Feature","properties":{"slice":"ura","kind":"wald"},"geometry":{"type":"Polygon","coordinates":[[[8.66861,52.50508],[8.66871,52.50579],[8.67111,52.50565],[8.67139,52.50516],[8.6697,52.50457],[8.67014,52.50406],[8.66778,52.50323],[8.66666,52.50315],[8.66557,52.50315],[8.66332,52.50415],[8.66369,52.50486],[8.6656,52.50481],[8.66619,52.50497],[8.66776,52.50486],[8.66861,52.50508]]]}},{"type":"Feature","properties":{"slice":"ura","kind":"wald"},"geometry":{"type":"Polygon","coordinates":[[[8.67414,52.50165],[8.67207,52.50236],[8.67226,52.5026],[8.67266,52.5027],[8.67217,52.50299],[8.67337,52.50373],[8.67423,52.50349],[8.67437,52.50361],[8.6747,52.50358],[8.67486,52.50373],[8.67491,52.50391],[8.67839,52.5038],[8.67854,52.50373],[8.6776,52.50329],[8.67759,52.50304],[8.67748,52.50299],[8.67764,52.50267],[8.67576,52.50269],[8.67414,52.50165]]]}},{"type":"Feature","properties":{"slice":"ura","kind":"wald"},"geometry":{"type":"Polygon","coordinates":[[[9.01266,52.1985],[9.01324,52.19766],[9.01385,52.19787],[9.01413,52.19773],[9.01538,52.19791],[9.01557,52.19762],[9.01464,52.19725],[9.01395,52.19686],[9.01364,52.19682],[9.01318,52.19743],[9.01237,52.19749],[9.01192,52.19854],[9.01266,52.1985]]]}},{"type":"Feature","properties":{"slice":"ura","kind":"wald"},"geometry":{"type":"Polygon","coordinates":[[[9.01314,52.25156],[9.0106,52.25176],[9.01032,52.25181],[9.01013,52.25196],[9.00915,52.25205],[9.009,52.25243],[9.01061,52.25222],[9.01213,52.2521],[9.01307,52.25213],[9.01314,52.25156]]]}},{"type":"Feature","properties":{"slice":"ura","kind":"wald"},"geometry":{"type":"Polygon","coordinates":[[[9.06533,52.22696],[9.06336,52.22692],[9.05937,52.22653],[9.05923,52.22647],[9.05939,52.22632],[9.06106,52.22617],[9.06104,52.22604],[9.05963,52.22579],[9.05979,52.22566],[9.06032,52.22572],[9.06095,52.2257],[9.06141,52.22561],[9.06142,52.22545],[9.06122,52.22512],[9.06073,52.22495],[9.06019,52.22494],[9.05999,52.22482],[9.05992,52.22367],[9.05976,52.22346],[9.0597,52.22317],[9.06068,52.2231],[9.06104,52.22297],[9.06107,52.22256],[9.06071,52.22215],[9.05889,52.22149],[9.05434,52.22035],[9.05289,52.21978],[9.05165,52.21966],[9.0505,52.21977],[9.04847,52.22015],[9.04716,52.22051],[9.04599,52.22092],[9.04468,52.22203],[9.0438,52.22302],[9.04303,52.22344],[9.04181,52.22442],[9.03977,52.2254],[9.0398,52.22593],[9.04065,52.22675],[9.04072,52.22753],[9.04115,52.22785],[9.04145,52.22852],[9.0417,52.22873],[9.04249,52.22878],[9.04245,52.22764],[9.04361,52.22731],[9.04416,52.22692],[9.04455,52.22643],[9.045,52.22615],[9.04674,52.22648],[9.04514,52.22761],[9.04486,52.22832],[9.04506,52.22869],[9.04477,52.22897],[9.04468,52.22937],[9.04412,52.22945],[9.044,52.22968],[9.04354,52.23],[9.04354,52.23024],[9.04408,52.23016],[9.04535,52.22956],[9.04559,52.22972],[9.04555,52.23002],[9.04524,52.23075],[9.04526,52.23108],[9.04476,52.23146],[9.04435,52.23161],[9.0442,52.23201],[9.04434,52.23212],[9.04481,52.23214],[9.04519,52.23203],[9.04532,52.2319],[9.04503,52.23163],[9.04597,52.23125],[9.04647,52.23126],[9.04705,52.23102],[9.04717,52.23077],[9.04712,52.23063],[9.04728,52.23044],[9.04725,52.22991],[9.04909,52.22976],[9.04913,52.22943],[9.04825,52.22928],[9.04813,52.22903],[9.04889,52.22876],[9.04949,52.22872],[9.0499,52.22913],[9.05008,52.22917],[9.05109,52.22867],[9.05199,52.22837],[9.05238,52.22867],[9.05079,52.22941],[9.05123,52.22959],[9.05157,52.23003],[9.05153,52.23035],[9.05117,52.23046],[9.05184,52.23115],[9.0553,52.23037],[9.0549,52.2296],[9.0544,52.22909],[9.05308,52.22843],[9.05299,52.22831],[9.05384,52.22827],[9.05403,52.22847],[9.0547,52.22805],[9.05561,52.22816],[9.05611,52.22828],[9.0561,52.22908],[9.05622,52.22937],[9.05807,52.22927],[9.0581,52.22894],[9.05929,52.22853],[9.0612,52.22818],[9.06083,52.22779],[9.063,52.22738],[9.06456,52.22731],[9.06472,52.2277],[9.06533,52.22773],[9.06533,52.22749],[9.06744,52.22731],[9.06745,52.22709],[9.06533,52.22696]]]}},{"type":"Feature","properties":{"slice":"ura","kind":"wald"},"geometry":{"type":"Polygon","coordinates":[[[9.03917,52.20879],[9.0389,52.20846],[9.039,52.20827],[9.03947,52.20816],[9.04002,52.20827],[9.04112,52.20874],[9.04144,52.20846],[9.04052,52.20798],[9.03983,52.2077],[9.04026,52.20747],[9.04049,52.20722],[9.04077,52.2068],[9.04062,52.20658],[9.0399,52.20655],[9.03922,52.20666],[9.03914,52.20674],[9.03921,52.20739],[9.03909,52.20763],[9.03859,52.20794],[9.03778,52.20796],[9.03642,52.20783],[9.03599,52.20784],[9.03579,52.208],[9.03587,52.20834],[9.03624,52.20867],[9.03641,52.20915],[9.03628,52.20948],[9.03663,52.20959],[9.03688,52.2093],[9.03734,52.20917],[9.03907,52.209],[9.03917,52.20879]]]}},{"type":"Feature","properties":{"slice":"ura","kind":"wald"},"geometry":{"type":"Polygon","coordinates":[[[9.04552,52.20947],[9.04562,52.20861],[9.04592,52.20815],[9.04571,52.20703],[9.0448,52.20671],[9.04451,52.2068],[9.04515,52.2074],[9.04439,52.2078],[9.04382,52.20793],[9.04368,52.20818],[9.04403,52.20825],[9.04543,52.20808],[9.04555,52.20819],[9.04526,52.20835],[9.04486,52.20873],[9.0451,52.2092],[9.04488,52.20938],[9.0444,52.20942],[9.04406,52.20955],[9.04392,52.20973],[9.04328,52.20975],[9.04228,52.21001],[9.04223,52.21023],[9.04247,52.21035],[9.0431,52.21044],[9.04336,52.21064],[9.04366,52.21098],[9.04372,52.2114],[9.0439,52.2114],[9.04421,52.2106],[9.04489,52.21058],[9.04485,52.21035],[9.04444,52.21024],[9.04458,52.21011],[9.04567,52.20995],[9.04552,52.20947]]]}},{"type":"Feature","properties":{"slice":"ura","kind":"wald"},"geometry":{"type":"Polygon","coordinates":[[[9.01698,52.34185],[9.0169,52.34127],[9.01569,52.34079],[9.01558,52.34038],[9.0151,52.34064],[9.01467,52.34114],[9.01498,52.34147],[9.01666,52.34217],[9.01698,52.34185]]]}},{"type":"Feature","properties":{"slice":"ura","kind":"wald"},"geometry":{"type":"Polygon","coordinates":[[[9.01302,52.34286],[9.01125,52.34311],[9.01126,52.34326],[9.01096,52.3434],[9.01163,52.34411],[9.01314,52.34348],[9.01302,52.34286]]]}},{"type":"Feature","properties":{"slice":"ura","kind":"wald"},"geometry":{"type":"Polygon","coordinates":[[[9.02102,52.34483],[9.02003,52.34454],[9.01893,52.34489],[9.01687,52.3451],[9.01691,52.34562],[9.01445,52.34589],[9.01524,52.34647],[9.01554,52.34687],[9.01603,52.34668],[9.01726,52.34682],[9.01809,52.34726],[9.02033,52.34664],[9.02062,52.34695],[9.0218,52.34681],[9.02248,52.34686],[9.02247,52.34562],[9.02238,52.34563],[9.02102,52.34483]]]}},{"type":"Feature","properties":{"slice":"ura","kind":"wald"},"geometry":{"type":"Polygon","coordinates":[[[9.10012,52.39942],[9.10108,52.39914],[9.10105,52.39898],[9.10065,52.39881],[9.09901,52.39737],[9.09864,52.39809],[9.09908,52.39887],[9.09938,52.39886],[9.10012,52.39942]]]}},{"type":"Feature","properties":{"slice":"ura","kind":"wald"},"geometry":{"type":"Polygon","coordinates":[[[9.09709,52.39183],[9.0978,52.39179],[9.09766,52.39135],[9.09722,52.39128],[9.09586,52.39204],[9.09596,52.39296],[9.09676,52.39302],[9.09736,52.39297],[9.09709,52.39183]]]}},{"type":"Feature","properties":{"slice":"ura","kind":"wald"},"geometry":{"type":"Polygon","coordinates":[[[9.09679,52.38732],[9.09568,52.3872],[9.09491,52.38755],[9.09496,52.38809],[9.09547,52.3882],[9.0973,52.38823],[9.0974,52.38801],[9.09725,52.38748],[9.09679,52.38732]]]}},{"type":"Feature","properties":{"slice":"ura","kind":"wald"},"geometry":{"type":"Polygon","coordinates":[[[9.09115,52.37734],[9.091,52.37633],[9.09021,52.37587],[9.08956,52.37571],[9.08915,52.37575],[9.08891,52.37591],[9.08879,52.37616],[9.08994,52.37723],[9.0902,52.37762],[9.09115,52.37734]]]}},{"type":"Feature","properties":{"slice":"ura","kind":"wald"},"geometry":{"type":"Polygon","coordinates":[[[9.08985,52.36739],[9.08952,52.36492],[9.08952,52.36408],[9.08916,52.3634],[9.08816,52.36241],[9.0872,52.36159],[9.08602,52.35978],[9.08585,52.35892],[9.08611,52.35742],[9.08578,52.35629],[9.08492,52.35541],[9.08449,52.35564],[9.08429,52.35604],[9.08392,52.35628],[9.08399,52.35733],[9.08296,52.35726],[9.08291,52.35711],[9.08266,52.35691],[9.08197,52.35667],[9.08135,52.35664],[9.08037,52.35681],[9.08015,52.35704],[9.07918,52.35727],[9.07845,52.35736],[9.07851,52.35763],[9.07947,52.35761],[9.08045,52.35775],[9.08145,52.35781],[9.08201,52.35834],[9.08168,52.35843],[9.07973,52.35819],[9.07922,52.35841],[9.0783,52.3586],[9.07723,52.35858],[9.07686,52.35816],[9.07602,52.35818],[9.07622,52.3585],[9.07643,52.36211],[9.07617,52.36218],[9.0761,52.36323],[9.07574,52.36334],[9.07553,52.36364],[9.07744,52.36399],[9.07722,52.36639],[9.07553,52.36838],[9.07579,52.36875],[9.08536,52.3692],[9.08611,52.36718],[9.08985,52.36739]]]}},{"type":"Feature","properties":{"slice":"ura","kind":"wald"},"geometry":{"type":"Polygon","coordinates":[[[9.0657,52.35104],[9.06486,52.35117],[9.06465,52.35158],[9.06447,52.35173],[9.06371,52.35164],[9.06282,52.35197],[9.0623,52.35208],[9.06128,52.35181],[9.06022,52.35173],[9.05977,52.35195],[9.05931,52.3528],[9.05894,52.35308],[9.05838,52.35334],[9.05803,52.35365],[9.05788,52.35423],[9.05855,52.35439],[9.0589,52.35472],[9.05882,52.355],[9.05945,52.35508],[9.06005,52.35544],[9.06006,52.35574],[9.0591,52.35621],[9.05909,52.35667],[9.05975,52.35717],[9.0594,52.35751],[9.05958,52.35781],[9.05932,52.358],[9.05888,52.35808],[9.05864,52.35848],[9.05864,52.35887],[9.05908,52.35905],[9.05882,52.35924],[9.05837,52.35892],[9.05814,52.35891],[9.05789,52.35915],[9.05785,52.35952],[9.05807,52.35985],[9.05759,52.36052],[9.05858,52.3613],[9.05879,52.36183],[9.05875,52.36236],[9.05892,52.3626],[9.06015,52.36272],[9.06047,52.3623],[9.06054,52.36195],[9.06036,52.3618],[9.06,52.36169],[9.05906,52.3615],[9.05871,52.36124],[9.0586,52.36084],[9.05956,52.36086],[9.06065,52.361],[9.06106,52.36069],[9.06149,52.3605],[9.06183,52.36014],[9.0623,52.35993],[9.06225,52.35967],[9.06325,52.35901],[9.06354,52.35904],[9.06359,52.35981],[9.0643,52.36018],[9.06431,52.36042],[9.06387,52.36072],[9.0637,52.361],[9.06366,52.36129],[9.06298,52.36154],[9.06227,52.36164],[9.06203,52.36184],[9.06275,52.36242],[9.06306,52.36252],[9.06307,52.36262],[9.06266,52.36305],[9.06212,52.36347],[9.06109,52.36367],[9.06097,52.36388],[9.06059,52.36397],[9.06009,52.36436],[9.05921,52.36449],[9.05904,52.36523],[9.05805,52.36648],[9.0564,52.3671],[9.05612,52.36749],[9.05581,52.36866],[9.05577,52.36915],[9.05682,52.3692],[9.05742,52.36861],[9.05916,52.36855],[9.05955,52.36868],[9.05951,52.36915],[9.0584,52.36913],[9.058,52.36923],[9.05781,52.36953],[9.05773,52.37031],[9.05933,52.3707],[9.06016,52.37021],[9.06169,52.37015],[9.06199,52.37027],[9.06215,52.37145],[9.06254,52.37174],[9.06428,52.37231],[9.0663,52.37207],[9.06715,52.37219],[9.06667,52.37154],[9.06643,52.36936],[9.06461,52.36952],[9.0646,52.36923],[9.06436,52.36912],[9.06442,52.36889],[9.06509,52.36885],[9.06526,52.36852],[9.06612,52.36854],[9.06641,52.36825],[9.06711,52.36826],[9.068,52.36683],[9.06858,52.36681],[9.06909,52.36608],[9.06967,52.36581],[9.06987,52.36558],[9.0697,52.36533],[9.06666,52.36545],[9.06649,52.36405],[9.06482,52.3643],[9.06471,52.36412],[9.06411,52.36414],[9.06325,52.3644],[9.06295,52.3643],[9.06277,52.36395],[9.06318,52.36362],[9.06305,52.3631],[9.06311,52.36285],[9.06329,52.36299],[9.06341,52.36326],[9.06395,52.36331],[9.06422,52.36358],[9.06457,52.36378],[9.06525,52.36356],[9.06737,52.36333],[9.06806,52.36333],[9.06837,52.36351],[9.069,52.36335],[9.06873,52.35954],[9.0709,52.35915],[9.07241,52.35836],[9.0691,52.35849],[9.06844,52.35867],[9.06775,52.36024],[9.06766,52.36222],[9.0675,52.36281],[9.0671,52.36286],[9.06646,52.36281],[9.06561,52.36319],[9.06445,52.36261],[9.06579,52.36177],[9.06594,52.36121],[9.0665,52.36063],[9.06623,52.36041],[9.06616,52.35943],[9.06576,52.35938],[9.06545,52.35946],[9.06525,52.3596],[9.06496,52.3596],[9.06462,52.35947],[9.06434,52.3588],[9.06451,52.35851],[9.065,52.35831],[9.06497,52.3581],[9.06603,52.35775],[9.06652,52.35696],[9.06743,52.35666],[9.0691,52.35647],[9.06915,52.35581],[9.06933,52.35559],[9.07367,52.35553],[9.07399,52.35519],[9.07381,52.35474],[9.07489,52.35495],[9.08016,52.35468],[9.08032,52.35441],[9.07953,52.35403],[9.07868,52.35397],[9.07783,52.3538],[9.07737,52.35334],[9.07717,52.35264],[9.07562,52.35183],[9.07484,52.35236],[9.07451,52.35231],[9.074,52.35246],[9.07343,52.35242],[9.07337,52.3521],[9.07367,52.35164],[9.07405,52.35128],[9.07256,52.3513],[9.07148,52.35085],[9.07,52.35045],[9.06946,52.35013],[9.06771,52.34931],[9.06696,52.3494],[9.06661,52.34967],[9.06619,52.35027],[9.06612,52.35069],[9.0657,52.35104]],[[9.06285,52.36732],[9.06253,52.36821],[9.06194,52.36817],[9.06215,52.36718],[9.06119,52.36714],[9.06147,52.36691],[9.06153,52.36673],[9.05947,52.36608],[9.05966,52.36577],[9.05953,52.36548],[9.06004,52.36503],[9.06067,52.36486],[9.06127,52.36488],[9.06247,52.3652],[9.06227,52.36597],[9.06324,52.36616],[9.06314,52.36635],[9.06365,52.36649],[9.06285,52.36732]],[[9.0638,52.35321],[9.06263,52.35352],[9.06189,52.35316],[9.06149,52.35324],[9.06118,52.35354],[9.06084,52.35358],[9.06067,52.35369],[9.06013,52.35376],[9.05974,52.3537],[9.05977,52.3533],[9.06003,52.35306],[9.06044,52.35286],[9.06135,52.3529],[9.06389,52.35197],[9.06424,52.35255],[9.0641,52.35278],[9.06406,52.35309],[9.0638,52.35321]],[[9.06376,52.35608],[9.0639,52.35581],[9.06432,52.35572],[9.0651,52.35579],[9.06511,52.35624],[9.06481,52.35641],[9.06408,52.35644],[9.06376,52.35608]],[[9.06176,52.35719],[9.06153,52.3574],[9.06179,52.35759],[9.06138,52.3578],[9.06076,52.35753],[9.06088,52.35699],[9.06111,52.35674],[9.06176,52.35719]]]}},{"type":"Feature","properties":{"slice":"ura","kind":"wald"},"geometry":{"type":"Polygon","coordinates":[[[9.06452,52.3474],[9.06321,52.34721],[9.06173,52.34719],[9.06174,52.34759],[9.0621,52.34774],[9.06273,52.34784],[9.06352,52.34779],[9.06432,52.34792],[9.06519,52.34759],[9.06452,52.3474]]]}},{"type":"Feature","properties":{"slice":"ura","kind":"wald"},"geometry":{"type":"Polygon","coordinates":[[[9.06134,52.35057],[9.062,52.35051],[9.06294,52.34983],[9.06383,52.34955],[9.06389,52.34903],[9.0635,52.34844],[9.06269,52.3482],[9.0612,52.34796],[9.06082,52.34796],[9.06073,52.34838],[9.06053,52.34857],[9.06072,52.34974],[9.06057,52.35024],[9.06058,52.35078],[9.06134,52.35057]]]}},{"type":"Feature","properties":{"slice":"ura","kind":"wald"},"geometry":{"type":"Polygon","coordinates":[[[9.05968,52.34165],[9.05962,52.34021],[9.05847,52.34065],[9.05725,52.34044],[9.05701,52.3405],[9.05677,52.34044],[9.05628,52.34064],[9.05569,52.3406],[9.05479,52.34043],[9.05263,52.34054],[9.05264,52.34038],[9.05314,52.34012],[9.05341,52.33978],[9.05231,52.33981],[9.05155,52.34005],[9.05239,52.34048],[9.05264,52.34121],[9.0538,52.34089],[9.0547,52.34192],[9.05557,52.34168],[9.05659,52.34175],[9.05736,52.34193],[9.05804,52.34196],[9.05881,52.34215],[9.05931,52.34182],[9.05968,52.34165]]]}},{"type":"Feature","properties":{"slice":"ura","kind":"wald"},"geometry":{"type":"Polygon","coordinates":[[[9.04547,52.34402],[9.0451,52.344],[9.04351,52.3449],[9.04481,52.34494],[9.04545,52.34464],[9.04606,52.34422],[9.04547,52.34402]]]}},{"type":"Feature","properties":{"slice":"ura","kind":"wald"},"geometry":{"type":"Polygon","coordinates":[[[9.03266,52.3444],[9.03127,52.34473],[9.02935,52.34534],[9.03036,52.34643],[9.03157,52.34602],[9.03238,52.34647],[9.03407,52.34573],[9.0335,52.34531],[9.03305,52.34437],[9.03266,52.3444]]]}},{"type":"Feature","properties":{"slice":"ura","kind":"wald"},"geometry":{"type":"Polygon","coordinates":[[[9.03002,52.3525],[9.02915,52.35194],[9.03005,52.35123],[9.03021,52.35074],[9.03019,52.35046],[9.02904,52.35016],[9.02727,52.3511],[9.02641,52.35076],[9.02549,52.35119],[9.02463,52.35145],[9.0243,52.35104],[9.02286,52.351],[9.02195,52.35081],[9.02161,52.35086],[9.02178,52.35137],[9.02213,52.35172],[9.02223,52.35206],[9.0222,52.35218],[9.02183,52.35238],[9.02265,52.35329],[9.02368,52.35311],[9.02405,52.3531],[9.02554,52.35392],[9.02903,52.35276],[9.02944,52.35314],[9.02989,52.35288],[9.03002,52.3525]]]}},{"type":"Feature","properties":{"slice":"ura","kind":"wald"},"geometry":{"type":"Polygon","coordinates":[[[9.03892,52.35484],[9.03789,52.35396],[9.03759,52.35382],[9.03647,52.35423],[9.0356,52.3539],[9.03491,52.35352],[9.03465,52.35389],[9.03714,52.35514],[9.03804,52.35495],[9.03892,52.35484]]]}},{"type":"Feature","properties":{"slice":"ura","kind":"wald"},"geometry":{"type":"MultiPolygon","coordinates":[[[[9.04639,52.35604],[9.04797,52.35612],[9.04768,52.35562],[9.04814,52.35555],[9.04896,52.35561],[9.0502,52.35596],[9.05014,52.35696],[9.04957,52.35695],[9.04848,52.35712],[9.04857,52.35734],[9.04885,52.35744],[9.05084,52.35739],[9.05207,52.35835],[9.05156,52.35997],[9.051,52.36022],[9.0501,52.36039],[9.05087,52.36174],[9.05093,52.36233],[9.05136,52.36319],[9.05164,52.36333],[9.05246,52.36313],[9.0525,52.36283],[9.05208,52.36212],[9.05205,52.36193],[9.05243,52.36178],[9.05262,52.36182],[9.0535,52.36164],[9.05391,52.36143],[9.05509,52.36157],[9.0555,52.36133],[9.05652,52.36105],[9.05645,52.36075],[9.05609,52.36038],[9.05506,52.35976],[9.05453,52.35963],[9.05438,52.35894],[9.05443,52.35874],[9.05547,52.3587],[9.05552,52.35882],[9.05663,52.35889],[9.05681,52.35875],[9.05716,52.35814],[9.05671,52.35809],[9.05451,52.35831],[9.05392,52.35762],[9.05699,52.3577],[9.05699,52.35714],[9.05528,52.35653],[9.05513,52.3555],[9.05707,52.35579],[9.05706,52.35557],[9.05638,52.35498],[9.05597,52.35447],[9.05335,52.35437],[9.05307,52.35425],[9.05233,52.35425],[9.0505,52.35442],[9.05042,52.35355],[9.05059,52.35345],[9.05278,52.35313],[9.05519,52.35261],[9.05401,52.35211],[9.05317,52.35201],[9.05186,52.3521],[9.05042,52.35202],[9.0505,52.35329],[9.04635,52.35401],[9.04634,52.35424],[9.04484,52.35459],[9.04505,52.35541],[9.04554,52.35552],[9.04579,52.3561],[9.04639,52.35604]]],[[[9.04529,52.35612],[9.04513,52.35603],[9.04438,52.3559],[9.04429,52.35572],[9.04379,52.35573],[9.04339,52.35584],[9.04302,52.35585],[9.04318,52.3562],[9.04458,52.3565],[9.0452,52.3565],[9.04535,52.35643],[9.04529,52.35612]]]]}},{"type":"Feature","properties":{"slice":"ura","kind":"wald"},"geometry":{"type":"Polygon","coordinates":[[[9.04739,52.35757],[9.04611,52.35733],[9.04573,52.3574],[9.04574,52.35759],[9.04603,52.35787],[9.04614,52.35839],[9.04744,52.35835],[9.04739,52.35757]]]}},{"type":"Feature","properties":{"slice":"ura","kind":"wald"},"geometry":{"type":"Polygon","coordinates":[[[9.04049,52.36266],[9.037,52.36304],[9.03603,52.36271],[9.03526,52.36257],[9.03477,52.36273],[9.03478,52.3631],[9.03546,52.36423],[9.03648,52.36441],[9.03724,52.36539],[9.03772,52.36534],[9.03893,52.36482],[9.03837,52.36453],[9.03825,52.36346],[9.04058,52.36348],[9.04135,52.3634],[9.04128,52.36269],[9.04049,52.36266]]]}},{"type":"Feature","properties":{"slice":"ura","kind":"wald"},"geometry":{"type":"Polygon","coordinates":[[[9.07582,52.36529],[9.07462,52.36479],[9.07427,52.36451],[9.07375,52.36444],[9.0735,52.36505],[9.07353,52.36547],[9.07437,52.36591],[9.07558,52.36601],[9.07608,52.3656],[9.07582,52.36529]]]}},{"type":"Feature","properties":{"slice":"ura","kind":"wald"},"geometry":{"type":"Polygon","coordinates":[[[9.07251,52.36999],[9.07335,52.37096],[9.07371,52.37108],[9.07519,52.37109],[9.07599,52.371],[9.07683,52.37046],[9.07691,52.36965],[9.07569,52.36998],[9.07511,52.36941],[9.07379,52.3691],[9.07251,52.36999]]]}},{"type":"Feature","properties":{"slice":"ura","kind":"wald"},"geometry":{"type":"Polygon","coordinates":[[[9.0744,52.3718],[9.07373,52.37192],[9.07358,52.37228],[9.07372,52.37261],[9.07191,52.37282],[9.07246,52.37398],[9.0703,52.3741],[9.06991,52.37388],[9.0696,52.37384],[9.0695,52.37327],[9.06937,52.37303],[9.06883,52.37313],[9.06784,52.37394],[9.06895,52.37393],[9.06975,52.37399],[9.07017,52.37423],[9.06767,52.3745],[9.06734,52.37448],[9.06715,52.37432],[9.06564,52.37577],[9.06684,52.3757],[9.06715,52.37544],[9.06853,52.37545],[9.07001,52.37496],[9.07024,52.37475],[9.07178,52.37447],[9.0742,52.37473],[9.07366,52.3751],[9.07306,52.37533],[9.07211,52.37532],[9.0715,52.37545],[9.07067,52.3755],[9.06969,52.37597],[9.0685,52.37611],[9.06879,52.37646],[9.06963,52.37679],[9.07032,52.37688],[9.07166,52.37694],[9.07237,52.37683],[9.07178,52.37619],[9.07174,52.37559],[9.07279,52.37564],[9.0735,52.37582],[9.07443,52.37581],[9.0746,52.37602],[9.07492,52.37618],[9.07504,52.37643],[9.07504,52.37673],[9.07533,52.37705],[9.07551,52.37744],[9.07663,52.37816],[9.07712,52.37829],[9.07763,52.3783],[9.07911,52.37781],[9.07932,52.37802],[9.08274,52.37766],[9.08322,52.3764],[9.08084,52.37628],[9.08028,52.37603],[9.08057,52.37574],[9.08188,52.37587],[9.08206,52.37566],[9.07658,52.37473],[9.07628,52.37459],[9.07627,52.3727],[9.07666,52.37271],[9.07682,52.37167],[9.0744,52.3718]]]}},{"type":"Feature","properties":{"slice":"ura","kind":"wald"},"geometry":{"type":"Polygon","coordinates":[[[9.06828,52.37796],[9.06763,52.37759],[9.06679,52.37757],[9.06635,52.37764],[9.06625,52.3778],[9.06653,52.37818],[9.0664,52.3783],[9.06559,52.37836],[9.06518,52.3786],[9.0648,52.37899],[9.06533,52.37943],[9.06552,52.38011],[9.06569,52.38007],[9.06686,52.3805],[9.06646,52.38007],[9.06719,52.37962],[9.06788,52.37952],[9.06789,52.3794],[9.06812,52.37934],[9.06852,52.37946],[9.06941,52.38009],[9.06971,52.38018],[9.06973,52.37998],[9.06899,52.37937],[9.06933,52.37893],[9.06867,52.37884],[9.06834,52.37857],[9.06819,52.37837],[9.06828,52.37796]]]}},{"type":"Feature","properties":{"slice":"ura","kind":"wald"},"geometry":{"type":"Polygon","coordinates":[[[9.0762,52.37867],[9.07587,52.37847],[9.07528,52.37834],[9.07495,52.37803],[9.07445,52.37778],[9.07364,52.37836],[9.07302,52.37811],[9.0724,52.37847],[9.07181,52.37828],[9.07142,52.37822],[9.07113,52.37822],[9.07089,52.37838],[9.07145,52.37903],[9.07183,52.37915],[9.07214,52.37914],[9.07218,52.37949],[9.07253,52.3798],[9.07186,52.38016],[9.07223,52.38043],[9.07257,52.38057],[9.0723,52.38109],[9.07113,52.3814],[9.07173,52.38168],[9.07173,52.38225],[9.07197,52.3825],[9.07246,52.38264],[9.07323,52.38259],[9.07295,52.38181],[9.07263,52.38176],[9.07246,52.38121],[9.07521,52.38118],[9.07579,52.3817],[9.08,52.38011],[9.07945,52.37939],[9.0773,52.3797],[9.07716,52.38026],[9.07569,52.38054],[9.07462,52.38056],[9.07315,52.38031],[9.07275,52.38017],[9.07277,52.37979],[9.07398,52.37966],[9.07561,52.37909],[9.07593,52.37905],[9.07584,52.37885],[9.0762,52.37867]]]}},{"type":"Feature","properties":{"slice":"ura","kind":"wald"},"geometry":{"type":"Polygon","coordinates":[[[9.08205,52.38057],[9.08151,52.38052],[9.0812,52.38063],[9.07998,52.38176],[9.08058,52.38223],[9.08102,52.38246],[9.08114,52.38214],[9.08242,52.38103],[9.08205,52.38057]]]}},{"type":"Feature","properties":{"slice":"ura","kind":"wald"},"geometry":{"type":"Polygon","coordinates":[[[9.08592,52.37906],[9.08563,52.37878],[9.08494,52.37964],[9.08473,52.37968],[9.08414,52.37964],[9.08423,52.38087],[9.08455,52.38106],[9.08531,52.38135],[9.08509,52.38159],[9.08496,52.3822],[9.08506,52.38257],[9.08545,52.38251],[9.08636,52.38255],[9.08659,52.38242],[9.08667,52.38225],[9.08661,52.38195],[9.08605,52.38145],[9.08589,52.38106],[9.08523,52.38075],[9.08526,52.38015],[9.08594,52.37925],[9.08592,52.37906]]]}},{"type":"Feature","properties":{"slice":"ura","kind":"wald"},"geometry":{"type":"Polygon","coordinates":[[[9.07503,52.38496],[9.07441,52.38471],[9.07422,52.38401],[9.07234,52.38377],[9.07046,52.38477],[9.07065,52.38528],[9.07104,52.38536],[9.0712,52.38548],[9.07122,52.38565],[9.07081,52.38622],[9.07088,52.38644],[9.07143,52.3868],[9.07141,52.38728],[9.07122,52.38797],[9.07051,52.3884],[9.07066,52.3888],[9.07097,52.38932],[9.07157,52.38912],[9.07203,52.38921],[9.0725,52.38963],[9.0737,52.3898],[9.07407,52.38993],[9.07413,52.3908],[9.0753,52.39132],[9.07648,52.39132],[9.07747,52.39111],[9.07821,52.39109],[9.07863,52.39095],[9.07791,52.39047],[9.07754,52.39012],[9.07708,52.3899],[9.07631,52.38939],[9.07517,52.38954],[9.07451,52.3892],[9.07438,52.38899],[9.07341,52.389],[9.07324,52.38885],[9.07242,52.38876],[9.07205,52.38792],[9.07197,52.3873],[9.07292,52.38678],[9.07434,52.3868],[9.07453,52.3867],[9.07393,52.38641],[9.07448,52.38595],[9.07452,52.38574],[9.07524,52.38546],[9.0754,52.38528],[9.07537,52.38517],[9.07503,52.38496]]]}},{"type":"Feature","properties":{"slice":"ura","kind":"wald"},"geometry":{"type":"Polygon","coordinates":[[[9.06817,52.38504],[9.06816,52.38461],[9.06784,52.38423],[9.06714,52.38419],[9.06666,52.38404],[9.06653,52.38328],[9.06756,52.38324],[9.06799,52.3834],[9.0691,52.38278],[9.06906,52.38257],[9.0677,52.38227],[9.06664,52.38237],[9.06588,52.38252],[9.06516,52.3817],[9.06436,52.38135],[9.06359,52.38195],[9.06397,52.3824],[9.06411,52.38299],[9.06546,52.38265],[9.06576,52.38272],[9.06592,52.38348],[9.06516,52.3837],[9.06519,52.3838],[9.06705,52.38602],[9.06739,52.38609],[9.06785,52.38609],[9.06794,52.38569],[9.06841,52.38553],[9.06817,52.38504]]]}},{"type":"Feature","properties":{"slice":"ura","kind":"wald"},"geometry":{"type":"Polygon","coordinates":[[[9.06361,52.38011],[9.06365,52.37974],[9.06227,52.37979],[9.06278,52.3806],[9.06378,52.38045],[9.06361,52.38011]]]}},{"type":"Feature","properties":{"slice":"ura","kind":"wald"},"geometry":{"type":"Polygon","coordinates":[[[9.05894,52.37677],[9.05873,52.37618],[9.05842,52.37595],[9.05755,52.37598],[9.05745,52.3757],[9.05772,52.37538],[9.05627,52.37547],[9.0565,52.37601],[9.05671,52.37703],[9.05894,52.37677]]]}},{"type":"Feature","properties":{"slice":"ura","kind":"wald"},"geometry":{"type":"Polygon","coordinates":[[[9.05697,52.37375],[9.05416,52.37411],[9.05444,52.37444],[9.05404,52.37458],[9.05423,52.37484],[9.05733,52.37422],[9.05697,52.37375]]]}},{"type":"Feature","properties":{"slice":"ura","kind":"wald"},"geometry":{"type":"Polygon","coordinates":[[[9.05266,52.37227],[9.05059,52.37264],[9.05055,52.3718],[9.04767,52.37219],[9.0478,52.37236],[9.04915,52.37287],[9.05044,52.37357],[9.05059,52.37375],[9.0505,52.37332],[9.0529,52.37292],[9.05266,52.37227]]]}},{"type":"Feature","properties":{"slice":"ura","kind":"wald"},"geometry":{"type":"Polygon","coordinates":[[[9.04182,52.37033],[9.04185,52.3702],[9.04238,52.37005],[9.04333,52.36994],[9.04324,52.36956],[9.04159,52.36975],[9.04007,52.37025],[9.03973,52.37015],[9.03909,52.37074],[9.04013,52.37137],[9.0402,52.37161],[9.04065,52.37222],[9.04123,52.3727],[9.04153,52.37266],[9.04187,52.37247],[9.04184,52.37229],[9.04146,52.37191],[9.04217,52.37178],[9.04235,52.37148],[9.04203,52.37136],[9.04248,52.37036],[9.04182,52.37033]]]}},{"type":"Feature","properties":{"slice":"ura","kind":"wald"},"geometry":{"type":"Polygon","coordinates":[[[9.04611,52.37859],[9.04494,52.37844],[9.04425,52.37721],[9.04219,52.37711],[9.04222,52.3776],[9.04236,52.37784],[9.0422,52.37843],[9.0437,52.37846],[9.04396,52.37894],[9.04488,52.37897],[9.04489,52.37886],[9.04508,52.37883],[9.04526,52.37888],[9.04621,52.37888],[9.04611,52.37859]]]}},{"type":"Feature","properties":{"slice":"ura","kind":"wald"},"geometry":{"type":"Polygon","coordinates":[[[9.03416,52.37854],[9.03429,52.37612],[9.0349,52.37569],[9.03513,52.3754],[9.03465,52.37516],[9.03428,52.37511],[9.03379,52.37517],[9.0336,52.37512],[9.03268,52.37419],[9.032,52.37412],[9.03164,52.3743],[9.03158,52.3746],[9.0324,52.3758],[9.03306,52.37583],[9.0332,52.37608],[9.03359,52.37635],[9.03375,52.37673],[9.03334,52.37701],[9.03273,52.37718],[9.03269,52.37768],[9.03318,52.37858],[9.03416,52.37854]]]}},{"type":"Feature","properties":{"slice":"ura","kind":"wald"},"geometry":{"type":"Polygon","coordinates":[[[9.02,52.37194],[9.01397,52.36712],[9.01177,52.36724],[9.0114,52.3678],[9.01082,52.36792],[9.00994,52.3686],[9.00987,52.36897],[9.00926,52.36942],[9.00781,52.37015],[9.0076,52.37037],[9.00732,52.37083],[9.0081,52.37148],[9.00714,52.3714],[9.00834,52.37271],[9.00913,52.37265],[9.00841,52.37177],[9.00841,52.3715],[9.01175,52.37131],[9.01194,52.37144],[9.0122,52.3725],[9.01619,52.37262],[9.01705,52.37276],[9.01716,52.3733],[9.01417,52.37371],[9.01377,52.37383],[9.0136,52.37416],[9.01325,52.37454],[9.01202,52.37467],[9.01185,52.37474],[9.01187,52.37507],[9.01323,52.37589],[9.0188,52.37537],[9.02035,52.37571],[9.02072,52.37601],[9.02011,52.37699],[9.02019,52.37734],[9.02072,52.37742],[9.02009,52.37921],[9.02089,52.3796],[9.02125,52.38002],[9.02121,52.38024],[9.02523,52.38181],[9.02657,52.37952],[9.02702,52.37845],[9.0283,52.37907],[9.02853,52.37894],[9.02891,52.3789],[9.02912,52.37861],[9.02972,52.37858],[9.03004,52.37842],[9.03014,52.37787],[9.02891,52.37743],[9.02818,52.37734],[9.02613,52.37799],[9.0249,52.37725],[9.02707,52.3767],[9.02871,52.37653],[9.02884,52.37608],[9.03057,52.37642],[9.03095,52.37585],[9.03012,52.37471],[9.02976,52.37371],[9.03036,52.37341],[9.02866,52.37179],[9.02736,52.37104],[9.02647,52.36984],[9.02597,52.37002],[9.0257,52.37052],[9.02566,52.37131],[9.02623,52.37145],[9.02614,52.37243],[9.02533,52.37246],[9.02503,52.37269],[9.0251,52.3731],[9.0254,52.37347],[9.02589,52.37386],[9.02511,52.37405],[9.02399,52.37328],[9.02377,52.37266],[9.02379,52.37233],[9.02256,52.37257],[9.02163,52.37135],[9.02,52.37194]],[[9.02833,52.37578],[9.02721,52.37526],[9.02614,52.3749],[9.02585,52.3747],[9.02652,52.37426],[9.02874,52.37524],[9.02861,52.37558],[9.02833,52.37578]]]}},{"type":"Feature","properties":{"slice":"ura","kind":"wald"},"geometry":{"type":"Polygon","coordinates":[[[9.02443,52.3882],[9.02357,52.38728],[9.02235,52.38729],[9.02255,52.38774],[9.02306,52.38834],[9.02443,52.3882]]]}},{"type":"Feature","properties":{"slice":"ura","kind":"wald"},"geometry":{"type":"Polygon","coordinates":[[[9.02652,52.38676],[9.02547,52.3859],[9.02393,52.38608],[9.02416,52.38685],[9.02449,52.38686],[9.02564,52.38749],[9.02652,52.38676]]]}},{"type":"Feature","properties":{"slice":"ura","kind":"wald"},"geometry":{"type":"Polygon","coordinates":[[[9.02029,52.38271],[9.02252,52.38159],[9.02202,52.38131],[9.01961,52.38218],[9.02029,52.38271]]]}},{"type":"Feature","properties":{"slice":"ura","kind":"wald"},"geometry":{"type":"Polygon","coordinates":[[[9.02916,52.38247],[9.03005,52.38253],[9.0313,52.38268],[9.03067,52.3822],[9.03009,52.38138],[9.02961,52.38169],[9.02903,52.38231],[9.02916,52.38247]]]}},{"type":"Feature","properties":{"slice":"ura","kind":"wald"},"geometry":{"type":"Polygon","coordinates":[[[9.05049,52.38303],[9.04956,52.38349],[9.04947,52.38387],[9.04987,52.38489],[9.0509,52.38442],[9.05127,52.38412],[9.05112,52.38373],[9.05147,52.38318],[9.05049,52.38303]]]}},{"type":"Feature","properties":{"slice":"ura","kind":"wald"},"geometry":{"type":"Polygon","coordinates":[[[9.09426,52.39718],[9.0937,52.39714],[9.0935,52.39681],[9.09241,52.39672],[9.09202,52.39649],[9.09151,52.39639],[9.09113,52.3962],[9.0889,52.39674],[9.08892,52.3971],[9.08926,52.39747],[9.09045,52.39702],[9.0905,52.39688],[9.09151,52.3967],[9.09194,52.39698],[9.09233,52.39694],[9.09294,52.39745],[9.09431,52.39735],[9.09426,52.39718]]]}},{"type":"Feature","properties":{"slice":"ura","kind":"wald"},"geometry":{"type":"Polygon","coordinates":[[[9.08684,52.3991],[9.08839,52.40023],[9.08912,52.40033],[9.08985,52.40025],[9.09075,52.40002],[9.09069,52.39944],[9.0895,52.39948],[9.0891,52.39882],[9.08892,52.39815],[9.08845,52.39762],[9.08827,52.39673],[9.08712,52.39656],[9.08709,52.39614],[9.08655,52.39616],[9.08653,52.3967],[9.08526,52.39712],[9.08506,52.39736],[9.08516,52.39798],[9.08611,52.39827],[9.08625,52.39837],[9.08751,52.39805],[9.08795,52.39814],[9.0881,52.39833],[9.08802,52.39842],[9.08763,52.3986],[9.08739,52.39885],[9.08684,52.3991]]]}},{"type":"Feature","properties":{"slice":"ura","kind":"wald"},"geometry":{"type":"Polygon","coordinates":[[[9.0844,52.3987],[9.08373,52.39836],[9.08218,52.39834],[9.08175,52.39828],[9.08155,52.39804],[9.07958,52.39845],[9.07908,52.39839],[9.07838,52.39764],[9.07968,52.39735],[9.07998,52.39724],[9.08133,52.39732],[9.08139,52.39712],[9.08189,52.39672],[9.08191,52.39617],[9.08182,52.39607],[9.08103,52.3963],[9.08063,52.3965],[9.08015,52.39651],[9.07973,52.39661],[9.07927,52.39649],[9.07862,52.39607],[9.07909,52.39558],[9.08024,52.39562],[9.08083,52.39539],[9.07998,52.3952],[9.07781,52.39501],[9.07687,52.39516],[9.07677,52.39539],[9.07835,52.39543],[9.07837,52.39555],[9.07787,52.39584],[9.0764,52.39559],[9.07549,52.39622],[9.07512,52.39623],[9.07462,52.39592],[9.0742,52.39584],[9.07399,52.39586],[9.07402,52.39628],[9.07393,52.39665],[9.07297,52.39708],[9.07252,52.39647],[9.0722,52.39546],[9.06964,52.39552],[9.06882,52.39548],[9.06841,52.39535],[9.06756,52.3949],[9.06681,52.39472],[9.0657,52.39519],[9.06536,52.39529],[9.06517,52.39516],[9.0654,52.39452],[9.06572,52.3938],[9.06626,52.39324],[9.06787,52.39301],[9.0688,52.39298],[9.06892,52.39375],[9.06821,52.39421],[9.06843,52.39459],[9.07025,52.39392],[9.07052,52.39335],[9.07181,52.39302],[9.07118,52.39278],[9.07115,52.39207],[9.07137,52.3919],[9.0719,52.39198],[9.07227,52.39256],[9.07268,52.39213],[9.07267,52.39197],[9.07216,52.39151],[9.07207,52.39116],[9.07152,52.3915],[9.0706,52.39153],[9.07038,52.39171],[9.07011,52.39246],[9.06978,52.39274],[9.0687,52.39282],[9.06819,52.39276],[9.06805,52.39243],[9.06812,52.39209],[9.06785,52.39177],[9.06711,52.39178],[9.06669,52.39215],[9.06599,52.39243],[9.06419,52.39252],[9.0637,52.39239],[9.06317,52.39206],[9.06196,52.39227],[9.06193,52.39375],[9.06369,52.39364],[9.06394,52.39389],[9.06378,52.39443],[9.0642,52.39514],[9.06453,52.39546],[9.06475,52.39556],[9.06484,52.39571],[9.06459,52.39624],[9.06567,52.39669],[9.06662,52.39671],[9.06743,52.39701],[9.06786,52.39727],[9.06853,52.39742],[9.06894,52.39768],[9.06917,52.39795],[9.06949,52.39811],[9.07268,52.39743],[9.07397,52.39729],[9.07564,52.39697],[9.07752,52.39695],[9.07746,52.39741],[9.0769,52.39746],[9.077,52.39809],[9.07681,52.39821],[9.07481,52.39784],[9.07429,52.39787],[9.07331,52.3981],[9.07296,52.39839],[9.07288,52.39879],[9.07244,52.39901],[9.07304,52.39941],[9.07419,52.39995],[9.07363,52.4003],[9.07307,52.40039],[9.07087,52.40025],[9.07053,52.40034],[9.06993,52.40072],[9.06956,52.40143],[9.06905,52.40201],[9.06906,52.40238],[9.0694,52.40307],[9.07013,52.40381],[9.07164,52.40466],[9.07307,52.40533],[9.07535,52.40434],[9.07598,52.40449],[9.07656,52.40419],[9.0748,52.40292],[9.0743,52.40266],[9.07437,52.40253],[9.07607,52.40186],[9.07845,52.40126],[9.07979,52.40101],[9.08077,52.40061],[9.08165,52.40038],[9.08273,52.39977],[9.08268,52.39934],[9.08313,52.39871],[9.0844,52.3987]]]}},{"type":"Feature","properties":{"slice":"ura","kind":"wald"},"geometry":{"type":"Polygon","coordinates":[[[9.08669,52.39547],[9.08587,52.39558],[9.08544,52.39532],[9.08521,52.39509],[9.08543,52.39493],[9.08627,52.3947],[9.0877,52.39455],[9.08728,52.3936],[9.08311,52.39449],[9.08313,52.39562],[9.08421,52.39569],[9.08597,52.39598],[9.08693,52.39554],[9.08669,52.39547]]]}},{"type":"Feature","properties":{"slice":"ura","kind":"wald"},"geometry":{"type":"Polygon","coordinates":[[[9.07732,52.3945],[9.07781,52.39452],[9.07798,52.39442],[9.07793,52.39378],[9.07811,52.39359],[9.07926,52.39333],[9.07928,52.39248],[9.0795,52.39233],[9.07979,52.39225],[9.07932,52.39189],[9.07901,52.39134],[9.07825,52.39165],[9.07822,52.39202],[9.078,52.39257],[9.07731,52.39268],[9.07711,52.39257],[9.07648,52.39269],[9.07634,52.39283],[9.07643,52.39396],[9.07632,52.39426],[9.07732,52.3945]]]}},{"type":"Feature","properties":{"slice":"ura","kind":"wald"},"geometry":{"type":"Polygon","coordinates":[[[9.0849,52.39073],[9.08388,52.39056],[9.0839,52.3908],[9.08321,52.39092],[9.08323,52.39129],[9.08407,52.39195],[9.08556,52.39188],[9.0849,52.39073]]]}},{"type":"Feature","properties":{"slice":"ura","kind":"wald"},"geometry":{"type":"Polygon","coordinates":[[[9.05045,52.39111],[9.04947,52.39093],[9.04923,52.39146],[9.0474,52.3916],[9.04782,52.3929],[9.04828,52.39309],[9.04984,52.39296],[9.05026,52.39283],[9.05027,52.39207],[9.05167,52.39188],[9.05045,52.39111]]]}},{"type":"Feature","properties":{"slice":"ura","kind":"wald"},"geometry":{"type":"Polygon","coordinates":[[[9.04176,52.39222],[9.04185,52.39125],[9.04127,52.3907],[9.04002,52.38985],[9.03983,52.38951],[9.03829,52.38893],[9.03836,52.38965],[9.03856,52.39004],[9.03909,52.39031],[9.0398,52.39051],[9.03979,52.39073],[9.03934,52.39065],[9.03943,52.39134],[9.04047,52.39155],[9.04176,52.39222]]]}},{"type":"Feature","properties":{"slice":"ura","kind":"wald"},"geometry":{"type":"Polygon","coordinates":[[[9.05574,52.3973],[9.05514,52.39702],[9.05393,52.39618],[9.05321,52.39585],[9.05343,52.3968],[9.05301,52.39691],[9.05327,52.39785],[9.0535,52.39807],[9.05425,52.39801],[9.05442,52.39795],[9.05446,52.39763],[9.05574,52.3973]]]}},{"type":"Feature","properties":{"slice":"ura","kind":"wald"},"geometry":{"type":"Polygon","coordinates":[[[9.08525,52.40103],[9.08458,52.40094],[9.08384,52.40118],[9.08324,52.40149],[9.08277,52.40164],[9.08225,52.40166],[9.08227,52.40149],[9.08249,52.40128],[9.08165,52.40123],[9.08207,52.40249],[9.08235,52.40265],[9.08323,52.40248],[9.08365,52.40255],[9.08421,52.40255],[9.08449,52.40265],[9.08583,52.40191],[9.08616,52.40158],[9.08615,52.40143],[9.08525,52.40103]]]}},{"type":"Feature","properties":{"slice":"ura","kind":"wald"},"geometry":{"type":"Polygon","coordinates":[[[9.0746,52.40787],[9.07393,52.40761],[9.07341,52.40774],[9.07317,52.4079],[9.07257,52.408],[9.07204,52.40818],[9.07184,52.40835],[9.07133,52.40913],[9.07051,52.40932],[9.07003,52.40998],[9.06918,52.40974],[9.06917,52.40893],[9.06856,52.4091],[9.06852,52.40937],[9.06797,52.40959],[9.06597,52.40878],[9.06501,52.40829],[9.06598,52.40781],[9.06619,52.40744],[9.0634,52.40633],[9.06266,52.40664],[9.06139,52.40682],[9.06103,52.40832],[9.06027,52.40941],[9.05807,52.40951],[9.0583,52.41016],[9.05965,52.41003],[9.06026,52.41004],[9.06014,52.41064],[9.06029,52.41107],[9.06086,52.41124],[9.06146,52.41122],[9.06208,52.41109],[9.06262,52.41086],[9.06273,52.41015],[9.06418,52.40981],[9.06466,52.40979],[9.06673,52.41017],[9.06524,52.41167],[9.06633,52.41176],[9.06647,52.41149],[9.06678,52.41116],[9.06744,52.41112],[9.06822,52.4112],[9.06903,52.41115],[9.06958,52.41101],[9.06984,52.41078],[9.07014,52.41067],[9.07138,52.41029],[9.07176,52.41055],[9.0721,52.41043],[9.07236,52.4108],[9.07291,52.41081],[9.07315,52.41145],[9.07537,52.41166],[9.08162,52.41327],[9.08389,52.41265],[9.08295,52.41238],[9.08279,52.41169],[9.08243,52.4116],[9.08081,52.41163],[9.0795,52.4119],[9.0788,52.41178],[9.07838,52.41157],[9.07812,52.41156],[9.07796,52.41148],[9.07783,52.41121],[9.07734,52.41086],[9.07752,52.41068],[9.07723,52.41039],[9.07692,52.41047],[9.07641,52.4099],[9.07615,52.41005],[9.07633,52.41041],[9.07619,52.41051],[9.07624,52.41072],[9.07596,52.41086],[9.07595,52.411],[9.07422,52.41134],[9.07371,52.41072],[9.07333,52.41074],[9.07375,52.41008],[9.07289,52.40999],[9.07364,52.40936],[9.07423,52.40856],[9.0746,52.40787]]]}},{"type":"Feature","properties":{"slice":"ura","kind":"wald"},"geometry":{"type":"MultiPolygon","coordinates":[[[[9.11048,52.4105],[9.10961,52.41051],[9.109,52.40994],[9.10958,52.40935],[9.10928,52.40912],[9.10879,52.40905],[9.10862,52.40881],[9.10841,52.4087],[9.10824,52.40877],[9.10807,52.40874],[9.1077,52.40844],[9.1072,52.40824],[9.10679,52.40824],[9.10551,52.40858],[9.104,52.40862],[9.1038,52.40872],[9.10426,52.40955],[9.10484,52.40972],[9.10543,52.40957],[9.10614,52.40953],[9.10623,52.40964],[9.10529,52.41037],[9.10526,52.4105],[9.10391,52.41034],[9.10353,52.41051],[9.10263,52.41007],[9.10155,52.40996],[9.10072,52.40999],[9.10009,52.40984],[9.09953,52.40906],[9.09832,52.40902],[9.09734,52.40932],[9.09714,52.40956],[9.09693,52.41051],[9.09597,52.41029],[9.09628,52.41002],[9.09584,52.40967],[9.09525,52.40981],[9.09442,52.40927],[9.0939,52.40931],[9.0938,52.40902],[9.09488,52.40886],[9.09501,52.40906],[9.09517,52.40912],[9.09538,52.40881],[9.09515,52.40839],[9.09501,52.40828],[9.09473,52.40839],[9.0943,52.40832],[9.09356,52.40802],[9.09325,52.40809],[9.09315,52.40839],[9.09274,52.40862],[9.09114,52.40874],[9.0896,52.40892],[9.08994,52.40932],[9.09015,52.40976],[9.08689,52.41013],[9.08674,52.40934],[9.08665,52.40921],[9.08636,52.40913],[9.08596,52.40954],[9.08537,52.40981],[9.08385,52.40934],[9.083,52.40921],[9.08252,52.40897],[9.08047,52.40941],[9.08099,52.40989],[9.08274,52.40962],[9.08316,52.41007],[9.08366,52.41027],[9.08423,52.41036],[9.08473,52.41025],[9.08513,52.41026],[9.08558,52.41053],[9.08612,52.41072],[9.08663,52.41078],[9.08682,52.41104],[9.08683,52.4115],[9.08757,52.41153],[9.08763,52.41121],[9.08745,52.41089],[9.0892,52.41066],[9.09017,52.41063],[9.09193,52.41034],[9.09341,52.41031],[9.094,52.41046],[9.09422,52.41107],[9.09359,52.41129],[9.09312,52.41168],[9.09276,52.41182],[9.09238,52.41221],[9.09187,52.41247],[9.0919,52.41265],[9.09249,52.41296],[9.09271,52.41336],[9.09364,52.4136],[9.09392,52.4138],[9.09451,52.41388],[9.0945,52.41423],[9.0941,52.4146],[9.09289,52.41422],[9.09222,52.41393],[9.09184,52.41398],[9.0915,52.41417],[9.09014,52.41443],[9.08941,52.4145],[9.08924,52.41423],[9.08887,52.41421],[9.08837,52.41402],[9.08658,52.41456],[9.08361,52.41484],[9.0837,52.41411],[9.08278,52.41411],[9.0817,52.4139],[9.08139,52.41415],[9.0815,52.41468],[9.08318,52.41478],[9.08324,52.41568],[9.08277,52.41586],[9.08091,52.41596],[9.08074,52.41592],[9.08058,52.4154],[9.07926,52.41536],[9.07853,52.4152],[9.07797,52.41519],[9.0778,52.41527],[9.07929,52.41661],[9.07857,52.41689],[9.07858,52.41705],[9.07706,52.41748],[9.07694,52.41805],[9.07734,52.41817],[9.07956,52.41768],[9.07956,52.41715],[9.08079,52.41721],[9.08098,52.41715],[9.08101,52.41671],[9.08136,52.41656],[9.08236,52.41645],[9.0826,52.41648],[9.08277,52.41663],[9.08351,52.4164],[9.08415,52.41562],[9.08357,52.41516],[9.08587,52.41498],[9.08658,52.41535],[9.08669,52.41556],[9.08673,52.41614],[9.08867,52.41585],[9.08866,52.41624],[9.08905,52.41682],[9.08996,52.41677],[9.08973,52.41633],[9.08966,52.41553],[9.09206,52.41546],[9.09242,52.41532],[9.09289,52.41574],[9.09512,52.41486],[9.09579,52.41472],[9.09649,52.41475],[9.09709,52.41467],[9.09727,52.4145],[9.09936,52.41404],[9.09985,52.41416],[9.10013,52.41453],[9.10118,52.41407],[9.10125,52.41315],[9.09831,52.41289],[9.09804,52.41275],[9.09781,52.41245],[9.09792,52.41232],[9.10099,52.41266],[9.10265,52.414],[9.10296,52.41389],[9.10168,52.41253],[9.10073,52.412],[9.10034,52.41208],[9.10024,52.41225],[9.09746,52.41192],[9.0969,52.41201],[9.09649,52.41269],[9.0955,52.41299],[9.09524,52.41316],[9.09455,52.41326],[9.09401,52.41278],[9.094,52.41236],[9.0955,52.41088],[9.09638,52.41084],[9.09797,52.41058],[9.09944,52.41023],[9.0997,52.41035],[9.09989,52.41058],[9.10039,52.41073],[9.10071,52.41092],[9.10099,52.41134],[9.10114,52.41185],[9.10196,52.41221],[9.10243,52.41254],[9.10388,52.41159],[9.10501,52.41185],[9.10603,52.412],[9.10802,52.41116],[9.11028,52.41068],[9.11035,52.41078],[9.10928,52.41155],[9.10898,52.41173],[9.1089,52.4115],[9.10739,52.41263],[9.10585,52.41343],[9.1059,52.41378],[9.10358,52.41394],[9.10337,52.41404],[9.10372,52.41458],[9.1067,52.41413],[9.10776,52.41406],[9.10859,52.41374],[9.10907,52.41363],[9.10908,52.41341],[9.10853,52.41342],[9.10843,52.41328],[9.10867,52.4124],[9.10971,52.41249],[9.11049,52.41281],[9.11118,52.41302],[9.11128,52.4127],[9.11273,52.41205],[9.11305,52.41168],[9.11343,52.41157],[9.11444,52.41191],[9.11452,52.41221],[9.11435,52.41275],[9.11439,52.41309],[9.114,52.41325],[9.11244,52.41349],[9.11225,52.41359],[9.11248,52.414],[9.11292,52.41432],[9.11222,52.41483],[9.11131,52.41474],[9.11062,52.41556],[9.11028,52.41585],[9.11013,52.4163],[9.10861,52.41615],[9.10844,52.41656],[9.10853,52.41699],[9.10846,52.41728],[9.1087,52.41747],[9.10888,52.41772],[9.10998,52.418],[9.1104,52.41822],[9.11073,52.41812],[9.11145,52.41678],[9.11256,52.41693],[9.1124,52.41737],[9.11326,52.418],[9.11359,52.41765],[9.11355,52.41743],[9.11514,52.41743],[9.11545,52.41767],[9.11554,52.41812],[9.11591,52.41841],[9.11688,52.41842],[9.11744,52.41858],[9.11749,52.419],[9.11806,52.41963],[9.11837,52.42021],[9.11884,52.42061],[9.11973,52.42103],[9.12028,52.42088],[9.11906,52.41924],[9.11823,52.41873],[9.11791,52.41841],[9.11799,52.41818],[9.11786,52.41761],[9.11714,52.41759],[9.11656,52.41769],[9.11627,52.41766],[9.11569,52.4169],[9.11368,52.4168],[9.11099,52.41629],[9.11069,52.41616],[9.11166,52.41568],[9.1122,52.41555],[9.11307,52.41494],[9.11363,52.41499],[9.11532,52.41501],[9.11638,52.41513],[9.11748,52.41564],[9.11784,52.41599],[9.11801,52.41649],[9.1188,52.41636],[9.11972,52.41572],[9.12215,52.41661],[9.12216,52.41646],[9.12046,52.41525],[9.12064,52.41497],[9.12115,52.41478],[9.12191,52.41489],[9.12222,52.41478],[9.12235,52.41452],[9.1221,52.41419],[9.12298,52.41357],[9.12265,52.41356],[9.12201,52.41385],[9.12115,52.41369],[9.12031,52.41337],[9.1196,52.41367],[9.11894,52.4129],[9.1205,52.41225],[9.11865,52.41077],[9.11839,52.41062],[9.11779,52.41065],[9.11755,52.41109],[9.11583,52.41171],[9.11539,52.4116],[9.11515,52.41094],[9.11559,52.41058],[9.11586,52.41022],[9.11365,52.40948],[9.11263,52.40962],[9.11153,52.40865],[9.11118,52.40802],[9.11076,52.40835],[9.10963,52.40772],[9.10974,52.40737],[9.10965,52.40725],[9.10877,52.40718],[9.10862,52.40806],[9.10988,52.40913],[9.11036,52.40879],[9.11134,52.4092],[9.11155,52.40947],[9.11151,52.41019],[9.11048,52.4105]],[[9.11423,52.41006],[9.11435,52.4111],[9.11291,52.41115],[9.11287,52.41021],[9.11423,52.41006]]],[[[9.10889,52.40667],[9.10889,52.40552],[9.10844,52.40546],[9.10801,52.40599],[9.10808,52.40666],[9.10857,52.40684],[9.10889,52.40667]]],[[[9.11047,52.40732],[9.11226,52.40764],[9.11325,52.40744],[9.11425,52.40615],[9.1144,52.40583],[9.11363,52.40595],[9.11333,52.40609],[9.11332,52.40673],[9.11286,52.4073],[9.11188,52.40746],[9.11171,52.40733],[9.1117,52.40688],[9.11193,52.40593],[9.11126,52.40558],[9.11088,52.40568],[9.11074,52.40673],[9.11033,52.40705],[9.11047,52.40732]]]]}},{"type":"Feature","properties":{"slice":"ura","kind":"wald"},"geometry":{"type":"Polygon","coordinates":[[[9.10685,52.41599],[9.10711,52.41559],[9.10682,52.41534],[9.10668,52.41502],[9.10636,52.41484],[9.10455,52.41477],[9.10373,52.41503],[9.10308,52.41517],[9.10279,52.41518],[9.10256,52.41596],[9.1023,52.41642],[9.10232,52.41666],[9.10412,52.41671],[9.10536,52.41689],[9.10618,52.41666],[9.10691,52.41629],[9.10685,52.41599]]]}},{"type":"Feature","properties":{"slice":"ura","kind":"wald"},"geometry":{"type":"Polygon","coordinates":[[[9.10049,52.43108],[9.09952,52.43082],[9.09971,52.43124],[9.09964,52.4316],[9.09897,52.43173],[9.09896,52.43243],[9.09559,52.4326],[9.09608,52.43328],[9.09664,52.43369],[9.09707,52.43377],[9.09712,52.43341],[9.09968,52.43327],[9.10028,52.43354],[9.10057,52.433],[9.10079,52.43195],[9.10062,52.43124],[9.10049,52.43108]]]}},{"type":"Feature","properties":{"slice":"ura","kind":"wald"},"geometry":{"type":"Polygon","coordinates":[[[9.11508,52.47736],[9.11458,52.47704],[9.11457,52.47611],[9.11439,52.47605],[9.11365,52.47603],[9.11328,52.47609],[9.11327,52.47651],[9.11294,52.47676],[9.11191,52.47681],[9.11198,52.47796],[9.11365,52.47797],[9.11504,52.47781],[9.11508,52.47736]]]}},{"type":"Feature","properties":{"slice":"ura","kind":"wald"},"geometry":{"type":"Polygon","coordinates":[[[9.1076,52.47542],[9.1077,52.47446],[9.10642,52.47446],[9.10636,52.47543],[9.1076,52.47542]]]}},{"type":"Feature","properties":{"slice":"ura","kind":"wald"},"geometry":{"type":"Polygon","coordinates":[[[9.11128,52.47289],[9.11112,52.4728],[9.111,52.47256],[9.10892,52.47238],[9.10825,52.47303],[9.10936,52.47317],[9.10945,52.47307],[9.10981,52.47295],[9.11025,52.47302],[9.11048,52.47335],[9.11126,52.47302],[9.11128,52.47289]]]}},{"type":"Feature","properties":{"slice":"ura","kind":"wald"},"geometry":{"type":"Polygon","coordinates":[[[9.10506,52.46967],[9.10513,52.46927],[9.10458,52.46917],[9.1051,52.46877],[9.10545,52.46876],[9.10549,52.46825],[9.10532,52.46812],[9.1044,52.4683],[9.10392,52.46786],[9.10375,52.46742],[9.10383,52.4671],[9.10487,52.46716],[9.10484,52.4668],[9.10448,52.46673],[9.10334,52.46682],[9.10285,52.46594],[9.10261,52.46617],[9.10231,52.46632],[9.10258,52.46684],[9.10316,52.46725],[9.10313,52.4674],[9.10299,52.46747],[9.10262,52.46746],[9.1027,52.46801],[9.10315,52.46851],[9.1034,52.46854],[9.10423,52.46839],[9.10416,52.46874],[9.10395,52.46913],[9.10392,52.46959],[9.10441,52.47009],[9.10492,52.46989],[9.10506,52.46967]]]}},{"type":"Feature","properties":{"slice":"ura","kind":"wald"},"geometry":{"type":"Polygon","coordinates":[[[9.09417,52.4652],[9.08906,52.46681],[9.08958,52.46733],[9.09684,52.46935],[9.09704,52.46929],[9.09417,52.4652]]]}},{"type":"Feature","properties":{"slice":"ura","kind":"wald"},"geometry":{"type":"Polygon","coordinates":[[[9.08977,52.46246],[9.08949,52.46266],[9.08939,52.46295],[9.08943,52.46327],[9.09166,52.4636],[9.09171,52.46261],[9.08977,52.46246]]]}},{"type":"Feature","properties":{"slice":"ura","kind":"wald"},"geometry":{"type":"Polygon","coordinates":[[[9.09424,52.46226],[9.09358,52.46204],[9.09553,52.45974],[9.09568,52.45917],[9.09534,52.45882],[9.09365,52.45827],[9.09136,52.45848],[9.09029,52.45879],[9.09299,52.46288],[9.09424,52.46226]]]}},{"type":"Feature","properties":{"slice":"ura","kind":"wald"},"geometry":{"type":"Polygon","coordinates":[[[9.08785,52.46068],[9.08745,52.46057],[9.08716,52.46058],[9.08697,52.46068],[9.08609,52.46064],[9.0856,52.46117],[9.08826,52.46153],[9.08849,52.4612],[9.08852,52.4606],[9.08785,52.46068]]]}},{"type":"Feature","properties":{"slice":"ura","kind":"wald"},"geometry":{"type":"Polygon","coordinates":[[[9.09521,52.45603],[9.0952,52.45561],[9.09325,52.45534],[9.09308,52.45512],[9.09308,52.45404],[9.09083,52.45431],[9.09086,52.45606],[9.09173,52.45683],[9.09277,52.45666],[9.09285,52.45636],[9.09415,52.45628],[9.09499,52.45629],[9.09521,52.45603]]]}},{"type":"Feature","properties":{"slice":"ura","kind":"wald"},"geometry":{"type":"Polygon","coordinates":[[[9.09395,52.45256],[9.09504,52.4528],[9.09524,52.45266],[9.09546,52.4522],[9.09541,52.45061],[9.095,52.45003],[9.09619,52.44977],[9.09568,52.44918],[9.09491,52.44873],[9.09327,52.44907],[9.0922,52.44847],[9.09154,52.44848],[9.09068,52.44875],[9.0897,52.44785],[9.089,52.44758],[9.0884,52.4477],[9.08827,52.44801],[9.08828,52.44876],[9.08819,52.44912],[9.08774,52.44966],[9.08812,52.45015],[9.08791,52.45024],[9.08821,52.45057],[9.08707,52.4507],[9.08634,52.45088],[9.08629,52.4515],[9.08643,52.45189],[9.08736,52.452],[9.08736,52.45228],[9.08774,52.45243],[9.08855,52.45238],[9.08866,52.45305],[9.09222,52.45294],[9.09247,52.45264],[9.09303,52.45256],[9.09395,52.45256]]]}},{"type":"Feature","properties":{"slice":"ura","kind":"wald"},"geometry":{"type":"Polygon","coordinates":[[[9.08282,52.45299],[9.08006,52.45171],[9.07992,52.45135],[9.07963,52.45113],[9.07867,52.45107],[9.07776,52.45085],[9.07717,52.4508],[9.07703,52.45104],[9.0771,52.45123],[9.07644,52.45152],[9.07547,52.45183],[9.07509,52.45208],[9.07619,52.4525],[9.07619,52.45277],[9.0759,52.45282],[9.07586,52.45304],[9.07682,52.45343],[9.0768,52.45362],[9.07667,52.45374],[9.07672,52.45383],[9.0778,52.45396],[9.07858,52.45432],[9.08082,52.45475],[9.08116,52.45487],[9.08163,52.45466],[9.0824,52.45473],[9.08301,52.45452],[9.08323,52.45437],[9.08328,52.45422],[9.08303,52.45398],[9.08253,52.45379],[9.08241,52.45352],[9.08289,52.4532],[9.08282,52.45299]]]}},{"type":"Feature","properties":{"slice":"ura","kind":"wald"},"geometry":{"type":"Polygon","coordinates":[[[9.07456,52.45094],[9.07502,52.44997],[9.07404,52.44955],[9.07403,52.44946],[9.07419,52.44943],[9.07433,52.44928],[9.0703,52.44794],[9.07001,52.44796],[9.06893,52.44845],[9.06865,52.44887],[9.06836,52.449],[9.06871,52.44952],[9.06854,52.44956],[9.06932,52.45017],[9.06947,52.45115],[9.07041,52.45117],[9.0706,52.45095],[9.07118,52.45105],[9.07141,52.45073],[9.07161,52.45079],[9.07199,52.45119],[9.07192,52.45163],[9.07284,52.45221],[9.0732,52.45214],[9.07399,52.45217],[9.07426,52.4519],[9.07456,52.45094]]]}},{"type":"Feature","properties":{"slice":"ura","kind":"wald"},"geometry":{"type":"Polygon","coordinates":[[[9.06851,52.4469],[9.06631,52.44466],[9.06403,52.44396],[9.06357,52.44434],[9.06196,52.44391],[9.06181,52.44479],[9.06135,52.44521],[9.06076,52.44539],[9.06097,52.44648],[9.06163,52.44641],[9.06199,52.44677],[9.06146,52.44739],[9.06235,52.44779],[9.0631,52.44793],[9.06364,52.44811],[9.06443,52.44768],[9.06464,52.44733],[9.06599,52.44733],[9.06699,52.44753],[9.06851,52.4469]]]}},{"type":"Feature","properties":{"slice":"ura","kind":"wald"},"geometry":{"type":"Polygon","coordinates":[[[9.05942,52.45136],[9.0577,52.4508],[9.05734,52.4515],[9.05659,52.4522],[9.05617,52.45201],[9.05572,52.45166],[9.05507,52.45138],[9.05514,52.45121],[9.0558,52.45094],[9.05634,52.45115],[9.05681,52.45091],[9.0566,52.45043],[9.05676,52.4502],[9.05705,52.45009],[9.0574,52.45008],[9.05773,52.44999],[9.05777,52.44974],[9.05819,52.44942],[9.05796,52.44921],[9.0573,52.44926],[9.05706,52.44918],[9.05697,52.44898],[9.05706,52.44881],[9.057,52.44859],[9.05583,52.44879],[9.05553,52.44926],[9.0552,52.4493],[9.05476,52.44915],[9.05436,52.44927],[9.0544,52.44954],[9.05468,52.44966],[9.05507,52.4497],[9.05527,52.44948],[9.05554,52.44948],[9.05588,52.44961],[9.05601,52.44972],[9.05602,52.45011],[9.05584,52.4504],[9.05538,52.45043],[9.05492,52.45036],[9.05461,52.45001],[9.05393,52.45006],[9.0542,52.45058],[9.05478,52.45112],[9.05491,52.45134],[9.05389,52.4518],[9.05286,52.45205],[9.05248,52.45192],[9.05186,52.45155],[9.05133,52.45059],[9.05105,52.45046],[9.05092,52.45058],[9.05099,52.45128],[9.05078,52.45162],[9.05111,52.45217],[9.05075,52.45259],[9.05126,52.45245],[9.0526,52.45231],[9.05486,52.45223],[9.05633,52.45245],[9.05811,52.45296],[9.05942,52.45136]]]}},{"type":"Feature","properties":{"slice":"ura","kind":"wald"},"geometry":{"type":"Polygon","coordinates":[[[9.04993,52.45234],[9.04885,52.45254],[9.0488,52.45297],[9.04865,52.45324],[9.04914,52.45327],[9.04988,52.45308],[9.05026,52.45323],[9.05035,52.45337],[9.05026,52.45371],[9.05005,52.4538],[9.04969,52.45372],[9.04945,52.45354],[9.04836,52.45443],[9.04866,52.45462],[9.04902,52.4547],[9.04939,52.45442],[9.04979,52.45427],[9.0503,52.45425],[9.05095,52.45461],[9.05117,52.45418],[9.05113,52.45386],[9.05174,52.45363],[9.04993,52.45234]]]}},{"type":"Feature","properties":{"slice":"ura","kind":"wald"},"geometry":{"type":"Polygon","coordinates":[[[9.04782,52.45173],[9.04732,52.45102],[9.04675,52.45057],[9.04627,52.45024],[9.04598,52.45017],[9.04599,52.4503],[9.04632,52.45066],[9.04615,52.45119],[9.0462,52.4514],[9.0466,52.45192],[9.04698,52.45167],[9.04782,52.45173]]]}},{"type":"Feature","properties":{"slice":"ura","kind":"wald"},"geometry":{"type":"Polygon","coordinates":[[[9.04828,52.44911],[9.04898,52.44905],[9.04905,52.44895],[9.04887,52.44884],[9.04828,52.44882],[9.04703,52.44898],[9.04659,52.44886],[9.04638,52.44866],[9.04609,52.44869],[9.046,52.44885],[9.04614,52.44912],[9.04657,52.44937],[9.04672,52.44963],[9.04704,52.44978],[9.04739,52.44974],[9.0474,52.44981],[9.04818,52.44985],[9.04837,52.44975],[9.04836,52.4494],[9.04808,52.4495],[9.04776,52.44948],[9.04772,52.44937],[9.04783,52.44927],[9.04828,52.44911]]]}},{"type":"Feature","properties":{"slice":"ura","kind":"wald"},"geometry":{"type":"Polygon","coordinates":[[[9.04578,52.44788],[9.04666,52.44732],[9.04706,52.44718],[9.04791,52.44765],[9.04871,52.4471],[9.04895,52.44656],[9.04875,52.44604],[9.04785,52.44677],[9.04726,52.44699],[9.04657,52.44661],[9.04585,52.4461],[9.04553,52.44623],[9.04564,52.44664],[9.04542,52.44688],[9.04517,52.44697],[9.04503,52.44714],[9.04501,52.44743],[9.04462,52.44769],[9.04446,52.44796],[9.04415,52.44804],[9.04395,52.44827],[9.04397,52.44845],[9.04425,52.44862],[9.04451,52.44866],[9.04505,52.44867],[9.04525,52.44862],[9.0451,52.44847],[9.04578,52.44788]]]}},{"type":"Feature","properties":{"slice":"ura","kind":"wald"},"geometry":{"type":"Polygon","coordinates":[[[9.04833,52.44474],[9.04937,52.44455],[9.04801,52.44236],[9.04781,52.44227],[9.04774,52.44244],[9.04782,52.44305],[9.04842,52.44433],[9.04814,52.44444],[9.04833,52.44474]]]}},{"type":"Feature","properties":{"slice":"ura","kind":"wald"},"geometry":{"type":"Polygon","coordinates":[[[9.05805,52.44478],[9.05629,52.44534],[9.05631,52.44554],[9.05905,52.44523],[9.05916,52.44482],[9.05971,52.44464],[9.06001,52.44447],[9.06049,52.44435],[9.06058,52.44398],[9.06156,52.44342],[9.06175,52.44277],[9.06082,52.44288],[9.06055,52.44231],[9.06182,52.44209],[9.06194,52.44183],[9.06155,52.44125],[9.0616,52.44113],[9.06194,52.44103],[9.06265,52.44117],[9.06284,52.44109],[9.06307,52.44073],[9.06314,52.44034],[9.06143,52.44047],[9.0615,52.44055],[9.05945,52.44086],[9.0595,52.44157],[9.05748,52.44224],[9.05787,52.44253],[9.05856,52.44285],[9.05998,52.44308],[9.05988,52.44332],[9.05957,52.44336],[9.05902,52.44358],[9.05902,52.44395],[9.05865,52.44399],[9.05731,52.44287],[9.05627,52.44335],[9.05669,52.44381],[9.05717,52.44371],[9.05805,52.44478]]]}},{"type":"Feature","properties":{"slice":"ura","kind":"wald"},"geometry":{"type":"MultiPolygon","coordinates":[[[[9.05691,52.43986],[9.05639,52.43889],[9.05599,52.43846],[9.0553,52.43835],[9.05438,52.43859],[9.05411,52.4386],[9.0529,52.43804],[9.0524,52.43841],[9.05319,52.4392],[9.05371,52.43983],[9.05413,52.44001],[9.05434,52.43973],[9.05427,52.43949],[9.05408,52.43928],[9.05381,52.43913],[9.05374,52.43885],[9.05428,52.43878],[9.05463,52.43885],[9.05553,52.43882],[9.05589,52.43921],[9.05633,52.43996],[9.05691,52.43986]]],[[[9.05667,52.44037],[9.05632,52.44007],[9.05581,52.44005],[9.0554,52.44008],[9.05524,52.44035],[9.05498,52.44045],[9.05523,52.44068],[9.05584,52.44103],[9.05615,52.44099],[9.05683,52.44066],[9.05667,52.44037]]]]}},{"type":"Feature","properties":{"slice":"ura","kind":"wald"},"geometry":{"type":"Polygon","coordinates":[[[9.06227,52.43817],[9.06338,52.43811],[9.06377,52.43796],[9.06409,52.43767],[9.06401,52.43748],[9.06228,52.43671],[9.06252,52.43759],[9.06227,52.43817]]]}},{"type":"Feature","properties":{"slice":"ura","kind":"wald"},"geometry":{"type":"Polygon","coordinates":[[[9.06822,52.43601],[9.0675,52.43601],[9.06745,52.43634],[9.06769,52.43652],[9.06809,52.43661],[9.06895,52.43701],[9.06947,52.43777],[9.07049,52.43831],[9.07088,52.4387],[9.07124,52.43854],[9.07127,52.43833],[9.07011,52.43762],[9.06951,52.43711],[9.06984,52.4366],[9.06979,52.43608],[9.06861,52.43571],[9.06822,52.43601]]]}},{"type":"Feature","properties":{"slice":"ura","kind":"wald"},"geometry":{"type":"Polygon","coordinates":[[[9.07179,52.43292],[9.0722,52.4332],[9.07254,52.43333],[9.07296,52.43326],[9.07321,52.43314],[9.07363,52.43309],[9.07374,52.43295],[9.07366,52.4327],[9.07319,52.4323],[9.07288,52.43179],[9.07155,52.43225],[9.07119,52.43249],[9.07107,52.4327],[9.07179,52.43292]]]}},{"type":"Feature","properties":{"slice":"ura","kind":"wald"},"geometry":{"type":"Polygon","coordinates":[[[9.06803,52.42955],[9.06649,52.42959],[9.06526,52.42985],[9.06483,52.4301],[9.06468,52.43052],[9.06393,52.4315],[9.06395,52.43172],[9.0644,52.43206],[9.06483,52.43207],[9.06536,52.43184],[9.06593,52.43133],[9.06682,52.43022],[9.06845,52.43007],[9.06854,52.4296],[9.06803,52.42955]]]}},{"type":"Feature","properties":{"slice":"ura","kind":"wald"},"geometry":{"type":"Polygon","coordinates":[[[9.06475,52.42924],[9.0648,52.42888],[9.06511,52.42848],[9.06582,52.42778],[9.06599,52.42746],[9.06591,52.4272],[9.06505,52.42707],[9.06402,52.42711],[9.06266,52.42698],[9.0628,52.42816],[9.06301,52.42898],[9.06339,52.42898],[9.06394,52.42913],[9.06475,52.42924]]]}},{"type":"Feature","properties":{"slice":"ura","kind":"wald"},"geometry":{"type":"Polygon","coordinates":[[[9.11894,52.40568],[9.11855,52.40622],[9.11813,52.40638],[9.1166,52.40676],[9.1169,52.40693],[9.11766,52.40779],[9.11982,52.40776],[9.11986,52.4074],[9.1203,52.40681],[9.12068,52.40606],[9.1203,52.40568],[9.11969,52.40563],[9.11894,52.40568]]]}},{"type":"Feature","properties":{"slice":"ura","kind":"wald"},"geometry":{"type":"Polygon","coordinates":[[[9.1155,52.40396],[9.11537,52.40373],[9.11508,52.40353],[9.11211,52.40337],[9.11141,52.40344],[9.11147,52.40364],[9.11127,52.40385],[9.11126,52.40408],[9.11194,52.40425],[9.11504,52.40431],[9.1155,52.40396]]]}},{"type":"Feature","properties":{"slice":"ura","kind":"wald"},"geometry":{"type":"MultiPolygon","coordinates":[[[[9.10456,52.40217],[9.10315,52.40224],[9.10276,52.40205],[9.10198,52.40199],[9.10159,52.40177],[9.10154,52.40152],[9.10179,52.40096],[9.10154,52.40106],[9.10086,52.40104],[9.10059,52.40112],[9.10066,52.40179],[9.10052,52.40227],[9.10126,52.40288],[9.10154,52.40292],[9.10344,52.40279],[9.10385,52.40286],[9.10475,52.40285],[9.10456,52.40217]]],[[[9.09988,52.4021],[9.09966,52.40201],[9.09945,52.40175],[9.09902,52.40179],[9.09865,52.40197],[9.09785,52.40199],[9.09808,52.4025],[9.09982,52.40228],[9.09988,52.4021]]],[[[9.09727,52.40234],[9.09706,52.40215],[9.09722,52.40196],[9.09719,52.40181],[9.09686,52.40173],[9.09617,52.40226],[9.0971,52.40268],[9.09776,52.40244],[9.09727,52.40234]]]]}},{"type":"Feature","properties":{"slice":"ura","kind":"wald"},"geometry":{"type":"Polygon","coordinates":[[[9.06261,52.40369],[9.06213,52.40389],[9.06167,52.40399],[9.06132,52.4043],[9.06289,52.40524],[9.06343,52.40513],[9.06364,52.4045],[9.06261,52.40369]]]}},{"type":"Feature","properties":{"slice":"ura","kind":"wald"},"geometry":{"type":"Polygon","coordinates":[[[9.05547,52.40565],[9.05428,52.40594],[9.05357,52.40599],[9.0536,52.40642],[9.05372,52.40673],[9.05397,52.407],[9.054,52.40724],[9.05463,52.40723],[9.0552,52.40699],[9.05554,52.40655],[9.05582,52.40647],[9.0558,52.40615],[9.05547,52.40565]]]}},{"type":"Feature","properties":{"slice":"ura","kind":"wald"},"geometry":{"type":"Polygon","coordinates":[[[9.05379,52.40212],[9.04978,52.40186],[9.04963,52.40205],[9.05158,52.40282],[9.05368,52.40285],[9.05351,52.40257],[9.05379,52.40212]]]}},{"type":"Feature","properties":{"slice":"ura","kind":"wald"},"geometry":{"type":"Polygon","coordinates":[[[9.02862,52.40383],[9.02781,52.40449],[9.02864,52.40479],[9.02961,52.40497],[9.03021,52.40465],[9.03032,52.40446],[9.03018,52.40422],[9.02955,52.40381],[9.02862,52.40383]]]}},{"type":"Feature","properties":{"slice":"ura","kind":"wald"},"geometry":{"type":"Polygon","coordinates":[[[9.02611,52.40568],[9.0245,52.40432],[9.02388,52.40434],[9.02322,52.40469],[9.02394,52.40527],[9.02421,52.40579],[9.02479,52.40624],[9.02611,52.40568]]]}},{"type":"Feature","properties":{"slice":"ura","kind":"wald"},"geometry":{"type":"Polygon","coordinates":[[[9.01445,52.41411],[9.01382,52.41421],[9.0135,52.41553],[9.01441,52.41583],[9.01446,52.41531],[9.01479,52.41503],[9.01517,52.41499],[9.01527,52.41413],[9.01445,52.41411]]]}},{"type":"Feature","properties":{"slice":"ura","kind":"wald"},"geometry":{"type":"Polygon","coordinates":[[[9.03172,52.41447],[9.03192,52.41481],[9.03251,52.41479],[9.03244,52.41503],[9.03186,52.41501],[9.0319,52.41557],[9.03305,52.41557],[9.03312,52.4152],[9.03295,52.41499],[9.033,52.41483],[9.03331,52.41453],[9.03329,52.41424],[9.03198,52.41421],[9.03172,52.41447]]]}},{"type":"Feature","properties":{"slice":"ura","kind":"wald"},"geometry":{"type":"Polygon","coordinates":[[[9.03218,52.41773],[9.03297,52.41756],[9.03388,52.41748],[9.03387,52.417],[9.03359,52.41638],[9.03269,52.41658],[9.03166,52.41667],[9.03179,52.41706],[9.03171,52.41735],[9.03186,52.41766],[9.03218,52.41773]]]}},{"type":"Feature","properties":{"slice":"ura","kind":"wald"},"geometry":{"type":"Polygon","coordinates":[[[9.0432,52.41642],[9.04295,52.41702],[9.04438,52.4171],[9.04482,52.41784],[9.04547,52.41798],[9.04681,52.4181],[9.0469,52.41891],[9.04565,52.41883],[9.04546,52.41895],[9.04542,52.41922],[9.04567,52.41938],[9.04666,52.41945],[9.04742,52.41916],[9.04832,52.41994],[9.04916,52.42006],[9.04925,52.41963],[9.0496,52.41968],[9.05017,52.41965],[9.04999,52.41929],[9.04956,52.41911],[9.04963,52.41895],[9.05001,52.4188],[9.05002,52.41806],[9.0487,52.4179],[9.04853,52.41771],[9.04895,52.41706],[9.04847,52.41702],[9.04703,52.41711],[9.04687,52.41686],[9.04671,52.41677],[9.04579,52.41671],[9.04583,52.41636],[9.0432,52.41642]]]}},{"type":"Feature","properties":{"slice":"ura","kind":"wald"},"geometry":{"type":"Polygon","coordinates":[[[9.05425,52.41955],[9.0537,52.42026],[9.0536,52.42055],[9.05388,52.42088],[9.05461,52.42072],[9.0555,52.4196],[9.05552,52.41924],[9.05531,52.41907],[9.05524,52.41888],[9.05508,52.41879],[9.05425,52.41955]]]}},{"type":"Feature","properties":{"slice":"ura","kind":"wald"},"geometry":{"type":"Polygon","coordinates":[[[9.07211,52.4193],[9.07106,52.41909],[9.07077,52.41917],[9.07077,52.41938],[9.07056,52.41946],[9.07056,52.41967],[9.07121,52.41979],[9.07116,52.41989],[9.07006,52.42007],[9.06972,52.42025],[9.07127,52.42041],[9.07211,52.4193]]]}},{"type":"Feature","properties":{"slice":"ura","kind":"wald"},"geometry":{"type":"Polygon","coordinates":[[[9.07769,52.41412],[9.07644,52.41433],[9.076,52.41418],[9.07561,52.41418],[9.07447,52.41452],[9.07416,52.41489],[9.07766,52.41475],[9.07784,52.41455],[9.07786,52.41436],[9.07769,52.41412]]]}},{"type":"Feature","properties":{"slice":"ura","kind":"wald"},"geometry":{"type":"Polygon","coordinates":[[[9.08697,52.41216],[9.08874,52.41241],[9.08912,52.41225],[9.09004,52.41208],[9.08942,52.41177],[9.08823,52.41185],[9.08697,52.41216]]]}},{"type":"Feature","properties":{"slice":"ura","kind":"wald"},"geometry":{"type":"Polygon","coordinates":[[[9.09563,52.42178],[9.09362,52.42056],[9.09343,52.42066],[9.09318,52.421],[9.09331,52.42115],[9.09438,52.4217],[9.0951,52.42219],[9.09554,52.42192],[9.09563,52.42178]]]}},{"type":"Feature","properties":{"slice":"ura","kind":"wald"},"geometry":{"type":"Polygon","coordinates":[[[9.09926,52.42343],[9.09879,52.42343],[9.09844,52.42375],[9.09807,52.42426],[9.09798,52.42447],[9.09818,52.42474],[9.09856,52.42496],[9.09882,52.42478],[9.09915,52.42438],[9.0994,52.42353],[9.09926,52.42343]]]}},{"type":"Feature","properties":{"slice":"ura","kind":"wald"},"geometry":{"type":"Polygon","coordinates":[[[9.03391,52.41906],[9.03079,52.41927],[9.03084,52.41952],[9.03145,52.41983],[9.03438,52.41966],[9.03462,52.41946],[9.03488,52.41905],[9.03391,52.41906]]]}},{"type":"Feature","properties":{"slice":"ura","kind":"wald"},"geometry":{"type":"Polygon","coordinates":[[[9.04462,52.44182],[9.04469,52.4425],[9.04454,52.44297],[9.0447,52.44322],[9.04495,52.44319],[9.04539,52.44302],[9.04567,52.4426],[9.04563,52.44232],[9.04586,52.44224],[9.04591,52.44183],[9.04462,52.44182]]]}},{"type":"Feature","properties":{"slice":"ura","kind":"wald"},"geometry":{"type":"Polygon","coordinates":[[[9.07613,52.44124],[9.07424,52.44072],[9.07402,52.44084],[9.07373,52.4415],[9.07423,52.44167],[9.07694,52.44217],[9.07744,52.44147],[9.07613,52.44124]]]}},{"type":"Feature","properties":{"slice":"ura","kind":"wald"},"geometry":{"type":"Polygon","coordinates":[[[9.02576,52.45886],[9.02562,52.45908],[9.02577,52.45931],[9.02607,52.45958],[9.02652,52.45969],[9.02702,52.45961],[9.02775,52.45904],[9.02763,52.45872],[9.02576,52.45886]]]}},{"type":"Feature","properties":{"slice":"ura","kind":"wald"},"geometry":{"type":"Polygon","coordinates":[[[9.03221,52.45594],[9.03217,52.45523],[9.03171,52.45517],[9.03135,52.45521],[9.03099,52.4554],[9.03001,52.4553],[9.02958,52.45541],[9.02948,52.4561],[9.02974,52.4562],[9.03004,52.45611],[9.03021,52.45597],[9.03061,52.45592],[9.0312,52.45595],[9.03152,52.4561],[9.03191,52.45611],[9.03221,52.45594]]]}},{"type":"Feature","properties":{"slice":"ura","kind":"wald"},"geometry":{"type":"MultiPolygon","coordinates":[[[[8.8769,52.13367],[8.87547,52.13459],[8.87631,52.13474],[8.87719,52.13556],[8.87816,52.1357],[8.88039,52.13585],[8.88223,52.13619],[8.88256,52.13592],[8.88266,52.1357],[8.88257,52.1355],[8.88141,52.13493],[8.88105,52.13437],[8.88044,52.13425],[8.88026,52.13373],[8.88087,52.13369],[8.88095,52.13342],[8.88162,52.13371],[8.88227,52.1332],[8.87608,52.13321],[8.8769,52.13367]]],[[[8.88413,52.13336],[8.88452,52.13377],[8.8855,52.13374],[8.886,52.13366],[8.88653,52.13379],[8.88673,52.13391],[8.88638,52.13448],[8.88698,52.13448],[8.88766,52.13522],[8.88841,52.13482],[8.88877,52.13566],[8.88913,52.13502],[8.88957,52.13466],[8.89051,52.13418],[8.8918,52.13412],[8.89206,52.13319],[8.88367,52.1332],[8.88413,52.13336]]]]}},{"type":"Feature","properties":{"slice":"ura","kind":"wald"},"geometry":{"type":"Polygon","coordinates":[[[8.88384,52.16222],[8.88475,52.16192],[8.88519,52.16153],[8.88557,52.16144],[8.88606,52.1617],[8.88631,52.16224],[8.88681,52.16275],[8.88804,52.16325],[8.88869,52.16315],[8.88918,52.16299],[8.8896,52.16323],[8.89046,52.1631],[8.89078,52.16322],[8.89134,52.16322],[8.89216,52.16289],[8.89391,52.16297],[8.89645,52.16348],[8.89639,52.16318],[8.89681,52.16313],[8.89694,52.16277],[8.89747,52.1622],[8.89746,52.16185],[8.89758,52.16164],[8.89747,52.16135],[8.89782,52.16089],[8.89805,52.16116],[8.8989,52.16118],[8.89945,52.16101],[8.89979,52.16027],[8.89973,52.15966],[8.8993,52.15811],[8.89835,52.15743],[8.89713,52.15705],[8.89616,52.15664],[8.89574,52.15675],[8.89561,52.15655],[8.89585,52.15641],[8.89471,52.15489],[8.89416,52.1539],[8.89407,52.15355],[8.89437,52.15312],[8.89443,52.15266],[8.89378,52.15151],[8.89296,52.15175],[8.89283,52.15142],[8.89436,52.1504],[8.89509,52.15001],[8.89545,52.14964],[8.89546,52.14919],[8.89489,52.14879],[8.8939,52.14859],[8.89317,52.14863],[8.89281,52.14912],[8.89279,52.14961],[8.8929,52.15019],[8.89246,52.15027],[8.89133,52.15007],[8.89043,52.14963],[8.88877,52.14924],[8.88647,52.14918],[8.88461,52.14942],[8.88443,52.14956],[8.88359,52.14974],[8.88149,52.15123],[8.88085,52.15086],[8.88343,52.14927],[8.88422,52.14927],[8.88467,52.14906],[8.8848,52.14878],[8.88479,52.14851],[8.88457,52.14814],[8.88389,52.14775],[8.88335,52.14782],[8.88321,52.14747],[8.88424,52.14722],[8.88395,52.1467],[8.88438,52.14648],[8.88298,52.14529],[8.88237,52.14458],[8.88221,52.14418],[8.88252,52.14384],[8.883,52.14353],[8.88365,52.1434],[8.88483,52.14376],[8.88618,52.14477],[8.88725,52.14508],[8.88794,52.14572],[8.88826,52.1465],[8.88985,52.14659],[8.8913,52.14637],[8.89238,52.14629],[8.89251,52.14689],[8.89274,52.14687],[8.89347,52.14584],[8.89332,52.14535],[8.89259,52.14486],[8.89182,52.14457],[8.89177,52.14491],[8.89265,52.14544],[8.89213,52.14576],[8.89095,52.14568],[8.89047,52.14547],[8.88998,52.14506],[8.89059,52.14458],[8.88923,52.14385],[8.88867,52.14325],[8.88816,52.14316],[8.88783,52.14317],[8.8874,52.14301],[8.88668,52.14293],[8.88593,52.14237],[8.88519,52.14219],[8.88464,52.14214],[8.88395,52.14185],[8.88289,52.14164],[8.88085,52.14167],[8.88046,52.14156],[8.88019,52.14126],[8.87981,52.14167],[8.87795,52.14182],[8.87747,52.14167],[8.87662,52.1416],[8.87613,52.14143],[8.87542,52.14067],[8.87576,52.14016],[8.87461,52.13936],[8.87464,52.13902],[8.8734,52.13827],[8.87388,52.138],[8.87483,52.13839],[8.87511,52.13847],[8.87532,52.13845],[8.87552,52.13822],[8.87493,52.13808],[8.87507,52.13783],[8.87549,52.13776],[8.87593,52.13743],[8.87633,52.13672],[8.87641,52.13618],[8.87568,52.13592],[8.87565,52.13573],[8.8748,52.13516],[8.87399,52.13489],[8.87309,52.13472],[8.87228,52.13474],[8.87114,52.13586],[8.87047,52.13617],[8.86977,52.13619],[8.86993,52.13646],[8.86976,52.13689],[8.86924,52.13697],[8.86869,52.13681],[8.86709,52.13562],[8.86654,52.13513],[8.86639,52.1349],[8.86641,52.13452],[8.8662,52.13437],[8.86599,52.13432],[8.86567,52.13449],[8.86515,52.13419],[8.86499,52.1344],[8.866,52.13542],[8.86696,52.13589],[8.86793,52.13669],[8.86798,52.13686],[8.86706,52.1372],[8.86596,52.13723],[8.86395,52.13678],[8.86272,52.13635],[8.86327,52.13588],[8.86264,52.13536],[8.86197,52.13568],[8.86145,52.13605],[8.86129,52.13625],[8.86142,52.13651],[8.86189,52.13664],[8.8621,52.13678],[8.86222,52.13699],[8.86304,52.13708],[8.86351,52.13723],[8.86446,52.13784],[8.86535,52.13851],[8.86621,52.13872],[8.86707,52.13879],[8.86807,52.13852],[8.86889,52.13839],[8.86914,52.13828],[8.86933,52.13831],[8.86987,52.138],[8.87109,52.1383],[8.86995,52.13896],[8.86994,52.13936],[8.87004,52.13973],[8.87044,52.13967],[8.8707,52.13915],[8.87138,52.13897],[8.87204,52.13932],[8.87222,52.13918],[8.87169,52.13832],[8.8726,52.13818],[8.87308,52.13866],[8.87366,52.13897],[8.87305,52.13923],[8.87326,52.13937],[8.8744,52.1398],[8.87397,52.14033],[8.87533,52.14102],[8.8755,52.1413],[8.87611,52.14171],[8.87616,52.14191],[8.8759,52.14206],[8.87523,52.1421],[8.87269,52.14158],[8.87072,52.14139],[8.868,52.14156],[8.86713,52.14014],[8.8668,52.13979],[8.86662,52.13994],[8.86694,52.14155],[8.86723,52.14219],[8.8679,52.14304],[8.86719,52.14437],[8.8669,52.14468],[8.86688,52.14513],[8.86948,52.14572],[8.86992,52.14561],[8.87047,52.14558],[8.87101,52.14576],[8.87186,52.14577],[8.87338,52.14544],[8.87455,52.1454],[8.87508,52.14517],[8.87559,52.1451],[8.87585,52.14516],[8.87619,52.14542],[8.87636,52.14599],[8.87669,52.14654],[8.87689,52.14661],[8.87733,52.14651],[8.87781,52.14662],[8.8784,52.14703],[8.87874,52.14716],[8.87932,52.147],[8.8794,52.14706],[8.87988,52.14697],[8.88017,52.14724],[8.87972,52.14743],[8.87979,52.14818],[8.88023,52.14855],[8.88091,52.14854],[8.88093,52.14884],[8.87906,52.1489],[8.87645,52.14876],[8.87617,52.14871],[8.87591,52.14855],[8.87409,52.14874],[8.87287,52.14896],[8.87306,52.14945],[8.87504,52.14964],[8.87655,52.14947],[8.87996,52.14939],[8.87975,52.1497],[8.87975,52.15001],[8.87788,52.15056],[8.87714,52.15087],[8.87646,52.15129],[8.87894,52.15215],[8.88029,52.15123],[8.88091,52.15162],[8.87825,52.15373],[8.87822,52.15386],[8.87976,52.15463],[8.88067,52.15497],[8.88148,52.15584],[8.8836,52.15518],[8.88457,52.15478],[8.88534,52.15556],[8.88274,52.15651],[8.88192,52.15699],[8.88122,52.15731],[8.88189,52.15747],[8.8818,52.1581],[8.88016,52.15907],[8.88044,52.15949],[8.87929,52.15996],[8.87875,52.16027],[8.87832,52.16011],[8.87767,52.1605],[8.87693,52.16078],[8.87592,52.16097],[8.87391,52.16112],[8.87513,52.16244],[8.87537,52.16288],[8.87527,52.16338],[8.87473,52.16377],[8.87349,52.1643],[8.87336,52.16484],[8.87086,52.16599],[8.87134,52.16623],[8.87677,52.16423],[8.87744,52.1641],[8.87735,52.16357],[8.87831,52.16302],[8.8786,52.16272],[8.87889,52.16262],[8.87895,52.16247],[8.8799,52.16224],[8.88032,52.16246],[8.88035,52.16291],[8.88056,52.16316],[8.88141,52.16315],[8.88183,52.1631],[8.8822,52.1629],[8.88226,52.16258],[8.88246,52.16241],[8.88323,52.1623],[8.8836,52.16213],[8.88384,52.16222]]]}},{"type":"Feature","properties":{"slice":"ura","kind":"wald"},"geometry":{"type":"Polygon","coordinates":[[[8.88245,52.13761],[8.88108,52.13736],[8.88075,52.13794],[8.8827,52.13878],[8.88304,52.13787],[8.88245,52.13761]]]}},{"type":"Feature","properties":{"slice":"ura","kind":"wald"},"geometry":{"type":"Polygon","coordinates":[[[8.89723,52.14219],[8.89702,52.14213],[8.89618,52.14238],[8.8954,52.14249],[8.89526,52.14263],[8.89386,52.14277],[8.89363,52.14292],[8.89365,52.14324],[8.89355,52.14343],[8.89377,52.14413],[8.89423,52.14381],[8.89476,52.14367],[8.89457,52.14334],[8.89508,52.14318],[8.8951,52.14294],[8.89628,52.14271],[8.89728,52.14231],[8.89723,52.14219]]]}},{"type":"Feature","properties":{"slice":"ura","kind":"wald"},"geometry":{"type":"Polygon","coordinates":[[[8.86783,52.13328],[8.8687,52.13336],[8.86886,52.13322],[8.86782,52.13322],[8.86783,52.13328]]]}},{"type":"Feature","properties":{"slice":"ura","kind":"wald"},"geometry":{"type":"Polygon","coordinates":[[[8.86266,52.13323],[8.86119,52.13323],[8.86107,52.1336],[8.8607,52.13412],[8.86099,52.1342],[8.86137,52.134],[8.86184,52.13444],[8.86212,52.13432],[8.86181,52.13403],[8.86172,52.13376],[8.86188,52.13362],[8.86272,52.13343],[8.86266,52.13323]]]}},{"type":"Feature","properties":{"slice":"ura","kind":"wald"},"geometry":{"type":"Polygon","coordinates":[[[8.85451,52.13628],[8.85483,52.13484],[8.85507,52.1345],[8.85516,52.13405],[8.85408,52.13436],[8.85393,52.13531],[8.8534,52.13635],[8.85425,52.13702],[8.85491,52.13739],[8.85522,52.13764],[8.85491,52.13822],[8.85485,52.1385],[8.85491,52.13882],[8.85525,52.13908],[8.85628,52.13891],[8.85641,52.13881],[8.85641,52.13856],[8.8558,52.1386],[8.85553,52.13837],[8.85588,52.13771],[8.85592,52.13741],[8.85498,52.13692],[8.85451,52.13628]]]}},{"type":"Feature","properties":{"slice":"ura","kind":"wald"},"geometry":{"type":"Polygon","coordinates":[[[8.8524,52.13919],[8.85199,52.13907],[8.85176,52.13908],[8.85136,52.1392],[8.85114,52.13901],[8.85104,52.1387],[8.85138,52.13863],[8.85175,52.13865],[8.85197,52.13875],[8.85227,52.13862],[8.85095,52.13784],[8.85059,52.13791],[8.85,52.13754],[8.85077,52.1369],[8.85136,52.13615],[8.85099,52.13608],[8.8507,52.13614],[8.8507,52.1364],[8.84971,52.13726],[8.8491,52.13668],[8.84862,52.13705],[8.8491,52.1373],[8.8494,52.13776],[8.85018,52.13814],[8.85067,52.13856],[8.85065,52.139],[8.8509,52.13919],[8.85091,52.13931],[8.85038,52.13948],[8.85135,52.13989],[8.85205,52.14028],[8.85299,52.13954],[8.8524,52.13919]]]}},{"type":"Feature","properties":{"slice":"ura","kind":"wald"},"geometry":{"type":"Polygon","coordinates":[[[8.8386,52.13741],[8.83831,52.13747],[8.83765,52.13677],[8.83829,52.13648],[8.83855,52.13624],[8.83861,52.13598],[8.8383,52.13601],[8.8378,52.13635],[8.8362,52.13693],[8.83558,52.13818],[8.83472,52.13851],[8.83452,52.13913],[8.83479,52.1391],[8.83561,52.13868],[8.83657,52.13829],[8.83775,52.13827],[8.83816,52.13803],[8.83882,52.13781],[8.83891,52.1377],[8.8386,52.13741]]]}},{"type":"Feature","properties":{"slice":"ura","kind":"wald"},"geometry":{"type":"Polygon","coordinates":[[[8.84107,52.13414],[8.84178,52.13433],[8.84244,52.13411],[8.84353,52.13359],[8.84376,52.13325],[8.8403,52.13325],[8.84107,52.13414]]]}},{"type":"Feature","properties":{"slice":"ura","kind":"wald"},"geometry":{"type":"Polygon","coordinates":[[[8.85005,52.13438],[8.85042,52.13416],[8.85021,52.13356],[8.84989,52.13324],[8.84911,52.13331],[8.84873,52.13356],[8.84936,52.13448],[8.85005,52.13438]]]}},{"type":"Feature","properties":{"slice":"ura","kind":"wald"},"geometry":{"type":"Polygon","coordinates":[[[8.84703,52.14937],[8.84844,52.149],[8.8488,52.14898],[8.84973,52.14921],[8.85003,52.14889],[8.85103,52.14906],[8.85156,52.149],[8.85163,52.14878],[8.85113,52.14853],[8.8516,52.1477],[8.85398,52.14727],[8.85498,52.14717],[8.85362,52.14651],[8.85301,52.14663],[8.85256,52.147],[8.85208,52.14718],[8.85149,52.14722],[8.85026,52.1479],[8.85054,52.14811],[8.85009,52.14832],[8.84903,52.14836],[8.84852,52.14854],[8.84759,52.14846],[8.84708,52.14856],[8.84593,52.149],[8.84703,52.14937]]]}},{"type":"Feature","properties":{"slice":"ura","kind":"wald"},"geometry":{"type":"Polygon","coordinates":[[[8.83513,52.16352],[8.83538,52.16314],[8.83547,52.16254],[8.83536,52.16234],[8.83504,52.16244],[8.83457,52.16297],[8.83425,52.16313],[8.83395,52.16318],[8.83398,52.16396],[8.83513,52.16352]]]}},{"type":"Feature","properties":{"slice":"ura","kind":"wald"},"geometry":{"type":"Polygon","coordinates":[[[8.83816,52.1617],[8.83782,52.16266],[8.83796,52.16313],[8.83921,52.16481],[8.83931,52.16555],[8.83945,52.16585],[8.83976,52.16593],[8.84006,52.16568],[8.83951,52.16466],[8.8393,52.16408],[8.83949,52.16351],[8.8395,52.16271],[8.84032,52.16231],[8.84063,52.16201],[8.8406,52.16174],[8.84007,52.16165],[8.83989,52.16152],[8.83942,52.16152],[8.83895,52.16166],[8.83816,52.1617]]]}},{"type":"Feature","properties":{"slice":"ura","kind":"wald"},"geometry":{"type":"Polygon","coordinates":[[[8.84298,52.16518],[8.84308,52.16529],[8.84325,52.16523],[8.8446,52.16338],[8.84524,52.16338],[8.84525,52.16359],[8.84547,52.16373],[8.84568,52.16372],[8.84579,52.16352],[8.8459,52.16347],[8.84662,52.16359],[8.84717,52.16377],[8.84755,52.16398],[8.84745,52.16421],[8.84701,52.16447],[8.84713,52.16466],[8.84753,52.16479],[8.8481,52.16462],[8.84776,52.16417],[8.84783,52.16413],[8.84839,52.16441],[8.85066,52.16453],[8.85127,52.16476],[8.85278,52.16427],[8.84856,52.16167],[8.84614,52.15999],[8.84477,52.16059],[8.84371,52.16152],[8.8436,52.16284],[8.84406,52.16371],[8.84348,52.16426],[8.84298,52.16518]]]}},{"type":"Feature","properties":{"slice":"ura","kind":"wald"},"geometry":{"type":"Polygon","coordinates":[[[8.90147,52.16375],[8.9023,52.16394],[8.903,52.16428],[8.9059,52.16502],[8.90484,52.1641],[8.90358,52.16317],[8.9016,52.16295],[8.90147,52.16375]]]}},{"type":"Feature","properties":{"slice":"ura","kind":"wald"},"geometry":{"type":"Polygon","coordinates":[[[8.91176,52.19348],[8.91369,52.19309],[8.91414,52.19282],[8.91347,52.19205],[8.91285,52.19182],[8.91229,52.19182],[8.9122,52.19187],[8.91239,52.19268],[8.91107,52.19267],[8.91102,52.19275],[8.91176,52.19348]]]}},{"type":"Feature","properties":{"slice":"ura","kind":"wald"},"geometry":{"type":"Polygon","coordinates":[[[8.92499,52.19259],[8.92445,52.19223],[8.92333,52.1919],[8.92262,52.19147],[8.92234,52.19106],[8.92203,52.19097],[8.92151,52.19035],[8.9208,52.18983],[8.92046,52.18978],[8.92018,52.18952],[8.91999,52.18848],[8.91967,52.1882],[8.91951,52.18842],[8.91993,52.18901],[8.92004,52.18984],[8.9198,52.1902],[8.92085,52.19039],[8.92149,52.19072],[8.9216,52.19087],[8.92131,52.19125],[8.92141,52.19146],[8.9232,52.19239],[8.92434,52.19262],[8.92522,52.19309],[8.92556,52.19303],[8.92555,52.19284],[8.92499,52.19259]]]}},{"type":"Feature","properties":{"slice":"ura","kind":"wald"},"geometry":{"type":"Polygon","coordinates":[[[8.92301,52.19446],[8.92297,52.19413],[8.92265,52.19397],[8.92191,52.19389],[8.92143,52.19366],[8.92098,52.19355],[8.92076,52.19368],[8.92051,52.19368],[8.91885,52.19319],[8.91841,52.19314],[8.91824,52.19324],[8.91825,52.19342],[8.91867,52.1936],[8.92006,52.19398],[8.92023,52.19475],[8.92061,52.19491],[8.92237,52.19504],[8.92285,52.19498],[8.92301,52.19446]]]}},{"type":"Feature","properties":{"slice":"ura","kind":"wald"},"geometry":{"type":"Polygon","coordinates":[[[8.92351,52.19651],[8.92321,52.19635],[8.92264,52.19642],[8.9222,52.19704],[8.9219,52.19727],[8.92087,52.19764],[8.92025,52.19794],[8.92007,52.19816],[8.92008,52.1983],[8.922,52.19789],[8.92232,52.19752],[8.92351,52.19651]]]}},{"type":"Feature","properties":{"slice":"ura","kind":"wald"},"geometry":{"type":"Polygon","coordinates":[[[8.91559,52.19881],[8.91468,52.19815],[8.9146,52.19778],[8.91569,52.198],[8.9158,52.19788],[8.91466,52.19763],[8.91467,52.19715],[8.91435,52.1961],[8.91408,52.1958],[8.9141,52.19553],[8.91384,52.19561],[8.9138,52.19648],[8.91316,52.19702],[8.91254,52.19732],[8.91227,52.19702],[8.9121,52.1971],[8.91271,52.19764],[8.91268,52.19779],[8.91133,52.1984],[8.91022,52.19855],[8.90954,52.1985],[8.90949,52.19864],[8.90883,52.19909],[8.90847,52.19965],[8.90874,52.1997],[8.91232,52.19917],[8.91207,52.19949],[8.91242,52.19955],[8.91325,52.19991],[8.91405,52.19943],[8.91551,52.19898],[8.91559,52.19881]]]}},{"type":"Feature","properties":{"slice":"ura","kind":"wald"},"geometry":{"type":"Polygon","coordinates":[[[8.94105,52.1979],[8.9406,52.19808],[8.94103,52.1988],[8.94172,52.19878],[8.94105,52.1979]]]}},{"type":"Feature","properties":{"slice":"ura","kind":"wald"},"geometry":{"type":"Polygon","coordinates":[[[8.94444,52.19635],[8.94492,52.19624],[8.94471,52.19569],[8.94357,52.19565],[8.94305,52.19515],[8.94281,52.19504],[8.94216,52.19401],[8.94252,52.19384],[8.94224,52.19349],[8.94304,52.19323],[8.94329,52.19322],[8.9433,52.1937],[8.94319,52.19374],[8.94428,52.19485],[8.94482,52.1947],[8.94478,52.19441],[8.94443,52.19419],[8.94418,52.1942],[8.94406,52.19403],[8.94404,52.19343],[8.94442,52.19333],[8.9445,52.19289],[8.94238,52.19269],[8.94198,52.19303],[8.94087,52.19345],[8.94091,52.19378],[8.93905,52.19448],[8.9389,52.19492],[8.93843,52.1951],[8.93845,52.19516],[8.94097,52.1946],[8.94214,52.19508],[8.94224,52.19548],[8.94173,52.1956],[8.9421,52.19593],[8.9425,52.19589],[8.94282,52.19609],[8.94334,52.19662],[8.94448,52.19657],[8.94444,52.19635]]]}},{"type":"Feature","properties":{"slice":"ura","kind":"wald"},"geometry":{"type":"Polygon","coordinates":[[[8.95681,52.1932],[8.95573,52.19333],[8.95507,52.19356],[8.95505,52.1938],[8.95478,52.19408],[8.95482,52.19433],[8.95534,52.19431],[8.95538,52.19443],[8.95737,52.19406],[8.95773,52.19318],[8.95681,52.1932]]]}},{"type":"Feature","properties":{"slice":"ura","kind":"wald"},"geometry":{"type":"Polygon","coordinates":[[[8.87249,52.19752],[8.87408,52.19737],[8.87363,52.19699],[8.87235,52.19622],[8.87212,52.19591],[8.87165,52.19622],[8.87146,52.19709],[8.87249,52.19752]]]}},{"type":"Feature","properties":{"slice":"ura","kind":"wald"},"geometry":{"type":"Polygon","coordinates":[[[8.87676,52.19659],[8.87684,52.19615],[8.87757,52.19604],[8.87763,52.19571],[8.87752,52.19549],[8.87679,52.19533],[8.87462,52.19526],[8.87462,52.19556],[8.87574,52.19586],[8.87649,52.19598],[8.87621,52.19686],[8.8766,52.19687],[8.87676,52.19659]]]}},{"type":"Feature","properties":{"slice":"ura","kind":"wald"},"geometry":{"type":"MultiPolygon","coordinates":[[[[8.8492,52.19842],[8.84927,52.19804],[8.8498,52.19702],[8.85001,52.19577],[8.8498,52.19576],[8.84944,52.19586],[8.84954,52.19592],[8.84935,52.19626],[8.84931,52.19652],[8.84902,52.1966],[8.84903,52.19673],[8.8489,52.19683],[8.84877,52.19682],[8.84865,52.19711],[8.84821,52.19695],[8.84799,52.19713],[8.8483,52.19736],[8.84821,52.19744],[8.84834,52.19747],[8.84848,52.19783],[8.84888,52.198],[8.84905,52.19852],[8.8492,52.19842]]],[[[8.85066,52.19837],[8.85037,52.19811],[8.85093,52.19777],[8.85124,52.19743],[8.85023,52.19736],[8.84969,52.19837],[8.85031,52.19864],[8.85066,52.19837]]]]}},{"type":"Feature","properties":{"slice":"ura","kind":"wald"},"geometry":{"type":"Polygon","coordinates":[[[8.84589,52.19362],[8.84547,52.19389],[8.84616,52.19413],[8.84601,52.19428],[8.84654,52.19441],[8.84636,52.19461],[8.84836,52.19505],[8.8486,52.19456],[8.84589,52.19362]]]}},{"type":"Feature","properties":{"slice":"ura","kind":"wald"},"geometry":{"type":"Polygon","coordinates":[[[8.83538,52.18638],[8.83598,52.18604],[8.83671,52.1854],[8.83784,52.18492],[8.83809,52.18532],[8.83861,52.18528],[8.83841,52.18604],[8.83916,52.18683],[8.83858,52.18777],[8.83918,52.18842],[8.84019,52.18824],[8.84106,52.1877],[8.84165,52.18807],[8.84208,52.18762],[8.84335,52.1872],[8.84473,52.18696],[8.84669,52.18721],[8.8483,52.18732],[8.85077,52.18792],[8.85008,52.18917],[8.84976,52.19013],[8.84977,52.19039],[8.85006,52.19061],[8.85069,52.19085],[8.85255,52.19128],[8.85294,52.19014],[8.85425,52.18789],[8.85553,52.1853],[8.85621,52.18355],[8.85698,52.18236],[8.85572,52.18224],[8.85476,52.18204],[8.85489,52.18167],[8.85668,52.17855],[8.85827,52.17897],[8.85877,52.17856],[8.85833,52.17838],[8.85808,52.17818],[8.8582,52.17788],[8.85739,52.17792],[8.8563,52.1769],[8.85697,52.17703],[8.85777,52.17745],[8.85991,52.17812],[8.86003,52.17786],[8.85988,52.1776],[8.85986,52.17733],[8.86005,52.17697],[8.85949,52.17661],[8.86004,52.1752],[8.86024,52.17388],[8.85933,52.17385],[8.85864,52.17366],[8.86004,52.1725],[8.86001,52.17237],[8.85939,52.17239],[8.85897,52.17204],[8.85802,52.1723],[8.85739,52.17303],[8.85737,52.17401],[8.8565,52.17397],[8.85618,52.17378],[8.85627,52.1733],[8.85667,52.17263],[8.8562,52.17264],[8.85616,52.17286],[8.85551,52.1735],[8.85516,52.17348],[8.85473,52.17399],[8.85582,52.17451],[8.85677,52.17548],[8.85577,52.17611],[8.85408,52.17467],[8.85296,52.1736],[8.85236,52.17375],[8.85001,52.17386],[8.84754,52.17359],[8.84691,52.17304],[8.84678,52.17254],[8.84616,52.17195],[8.84533,52.17142],[8.84423,52.17132],[8.84153,52.17143],[8.83877,52.17145],[8.83869,52.17226],[8.83881,52.17298],[8.83686,52.17299],[8.836,52.17334],[8.8346,52.17412],[8.8346,52.17461],[8.83381,52.17503],[8.83208,52.17547],[8.83218,52.17652],[8.83013,52.17669],[8.82978,52.17666],[8.82977,52.17645],[8.82945,52.17642],[8.82892,52.17657],[8.82844,52.17682],[8.82862,52.17703],[8.8301,52.17749],[8.83218,52.17799],[8.83077,52.17913],[8.83112,52.17949],[8.83111,52.17967],[8.8309,52.17975],[8.82918,52.17997],[8.82857,52.17988],[8.8281,52.18],[8.8276,52.18031],[8.82737,52.18065],[8.82609,52.18115],[8.8268,52.18137],[8.82736,52.18141],[8.8277,52.18135],[8.82806,52.18184],[8.82838,52.18205],[8.82895,52.18208],[8.82922,52.18217],[8.82935,52.18232],[8.82993,52.18264],[8.83025,52.18339],[8.83049,52.18357],[8.83088,52.18419],[8.83093,52.18482],[8.83133,52.18503],[8.83191,52.18503],[8.83208,52.18516],[8.83213,52.18534],[8.83175,52.18542],[8.83227,52.18615],[8.83435,52.186],[8.83445,52.18639],[8.83434,52.1865],[8.83198,52.18698],[8.83229,52.18736],[8.83302,52.18753],[8.83303,52.1877],[8.83284,52.18779],[8.83155,52.18776],[8.83138,52.18811],[8.83116,52.18899],[8.83165,52.18904],[8.83187,52.18896],[8.83191,52.18884],[8.83154,52.18859],[8.83171,52.18846],[8.83199,52.18839],[8.83244,52.18842],[8.83299,52.1883],[8.83299,52.18795],[8.83347,52.18788],[8.83357,52.18763],[8.8345,52.1875],[8.83464,52.18727],[8.83466,52.18654],[8.83538,52.18638]]]}},{"type":"Feature","properties":{"slice":"ura","kind":"wald"},"geometry":{"type":"Polygon","coordinates":[[[8.84924,52.1731],[8.85036,52.17306],[8.85148,52.17216],[8.85213,52.17306],[8.85339,52.17279],[8.85288,52.17201],[8.85368,52.17072],[8.85453,52.17033],[8.85534,52.16977],[8.85574,52.16939],[8.85585,52.16908],[8.85546,52.1689],[8.85395,52.16945],[8.8535,52.16967],[8.85298,52.17005],[8.85183,52.17137],[8.8504,52.1717],[8.84904,52.17235],[8.84796,52.17309],[8.84809,52.1733],[8.84924,52.1731]]]}},{"type":"Feature","properties":{"slice":"ura","kind":"wald"},"geometry":{"type":"Polygon","coordinates":[[[8.8499,52.16949],[8.84852,52.16888],[8.84496,52.16892],[8.84403,52.16888],[8.84356,52.1682],[8.84197,52.1681],[8.84146,52.16802],[8.84137,52.16838],[8.84074,52.16872],[8.84075,52.16898],[8.84147,52.16904],[8.84191,52.16893],[8.84221,52.16854],[8.84298,52.16856],[8.84321,52.16873],[8.84287,52.16891],[8.84255,52.1696],[8.8428,52.17022],[8.84341,52.17036],[8.84406,52.17035],[8.84494,52.1695],[8.84549,52.16945],[8.84664,52.16952],[8.8476,52.16973],[8.84952,52.16959],[8.85108,52.16985],[8.85214,52.16982],[8.8519,52.16967],[8.8499,52.16949]]]}},{"type":"Feature","properties":{"slice":"ura","kind":"wald"},"geometry":{"type":"Polygon","coordinates":[[[8.86435,52.17094],[8.86287,52.17288],[8.86287,52.17313],[8.86317,52.17324],[8.86313,52.17362],[8.86334,52.17392],[8.86282,52.17504],[8.86336,52.17507],[8.86364,52.17457],[8.86398,52.17418],[8.86393,52.17368],[8.86413,52.17296],[8.86471,52.17287],[8.86516,52.17186],[8.86509,52.17139],[8.86521,52.17081],[8.86477,52.17064],[8.86435,52.17094]]]}},{"type":"Feature","properties":{"slice":"ura","kind":"wald"},"geometry":{"type":"Polygon","coordinates":[[[8.88068,52.1719],[8.88072,52.17165],[8.88162,52.17153],[8.88217,52.1714],[8.88275,52.17139],[8.88253,52.17101],[8.88169,52.1711],[8.88166,52.17122],[8.88082,52.17117],[8.88008,52.17068],[8.87969,52.16976],[8.88017,52.16977],[8.8801,52.16957],[8.87982,52.16935],[8.87921,52.1686],[8.8793,52.16793],[8.87944,52.16763],[8.87844,52.16809],[8.87772,52.16858],[8.87834,52.16949],[8.87849,52.17003],[8.87845,52.17088],[8.87742,52.17165],[8.87721,52.17168],[8.87706,52.17206],[8.87578,52.17284],[8.87623,52.17297],[8.87688,52.17286],[8.87723,52.17294],[8.87753,52.17313],[8.87842,52.17284],[8.87877,52.17283],[8.8791,52.17292],[8.88017,52.17248],[8.88107,52.17232],[8.88068,52.1719]]]}},{"type":"Feature","properties":{"slice":"ura","kind":"wald"},"geometry":{"type":"Polygon","coordinates":[[[8.9587,52.21965],[8.95893,52.21937],[8.95946,52.2191],[8.95954,52.21891],[8.95932,52.21824],[8.959,52.21808],[8.95758,52.21798],[8.95636,52.21819],[8.9561,52.21836],[8.95643,52.21858],[8.95672,52.21898],[8.95684,52.21928],[8.95656,52.21936],[8.95613,52.21905],[8.9553,52.21913],[8.95588,52.22024],[8.95581,52.22063],[8.95354,52.22051],[8.9531,52.22054],[8.95264,52.22101],[8.9524,52.22174],[8.95378,52.22232],[8.95326,52.22265],[8.9539,52.22302],[8.95493,52.22307],[8.95538,52.22326],[8.95639,52.22326],[8.95804,52.22336],[8.95883,52.22359],[8.95853,52.224],[8.95955,52.2243],[8.96008,52.22474],[8.96075,52.22491],[8.96058,52.22518],[8.95949,52.22508],[8.95834,52.22557],[8.9581,52.22574],[8.9578,52.22619],[8.95757,52.22625],[8.95768,52.22638],[8.95792,52.22646],[8.95798,52.22688],[8.95866,52.22694],[8.95897,52.22656],[8.96077,52.22777],[8.9604,52.22808],[8.96252,52.22823],[8.96297,52.22769],[8.96304,52.22732],[8.96208,52.2274],[8.9619,52.22733],[8.9619,52.22684],[8.96234,52.22665],[8.96499,52.22613],[8.96665,52.22561],[8.96674,52.22553],[8.9664,52.22437],[8.96661,52.22414],[8.96745,52.22427],[8.96757,52.22453],[8.9675,52.22497],[8.96871,52.22508],[8.96872,52.22465],[8.96794,52.22398],[8.96767,52.22343],[8.96706,52.22303],[8.96611,52.22299],[8.96558,52.22337],[8.96482,52.22311],[8.96413,52.22314],[8.96367,52.22347],[8.96335,52.22358],[8.96312,52.22339],[8.96303,52.22308],[8.96299,52.22231],[8.96316,52.22222],[8.96389,52.22217],[8.964,52.22118],[8.96155,52.22092],[8.96166,52.22027],[8.95984,52.22046],[8.95898,52.2201],[8.9587,52.21965]],[[8.96341,52.22428],[8.96142,52.22419],[8.96113,52.2239],[8.96118,52.22377],[8.96228,52.22375],[8.96225,52.22332],[8.96245,52.22322],[8.96263,52.22329],[8.96254,52.22356],[8.96267,52.2238],[8.96354,52.22391],[8.96351,52.22424],[8.96341,52.22428]]]}},{"type":"Feature","properties":{"slice":"ura","kind":"wald"},"geometry":{"type":"Polygon","coordinates":[[[8.98236,52.21346],[8.9809,52.21348],[8.98108,52.21395],[8.98106,52.21479],[8.98169,52.21522],[8.98163,52.21548],[8.98246,52.21573],[8.98299,52.21564],[8.98342,52.21535],[8.98297,52.21496],[8.98251,52.21476],[8.98221,52.21453],[8.98226,52.21422],[8.98275,52.21373],[8.98338,52.21332],[8.98236,52.21346]]]}},{"type":"Feature","properties":{"slice":"ura","kind":"wald"},"geometry":{"type":"Polygon","coordinates":[[[8.90399,52.20031],[8.9033,52.20041],[8.90308,52.2002],[8.90212,52.20007],[8.90138,52.20051],[8.90145,52.20076],[8.90124,52.20108],[8.90153,52.2014],[8.90184,52.20225],[8.9015,52.20266],[8.90149,52.20289],[8.90174,52.20317],[8.9025,52.2033],[8.90301,52.20356],[8.90254,52.20391],[8.90195,52.20396],[8.90104,52.20424],[8.90003,52.20446],[8.90038,52.20484],[8.90191,52.20451],[8.90301,52.2042],[8.9044,52.20332],[8.90619,52.20329],[8.90628,52.20285],[8.90573,52.20265],[8.90464,52.20257],[8.90399,52.20245],[8.9038,52.20236],[8.90347,52.20175],[8.90338,52.20124],[8.90477,52.20124],[8.90485,52.20098],[8.90482,52.20057],[8.90399,52.20031]]]}},{"type":"Feature","properties":{"slice":"ura","kind":"wald"},"geometry":{"type":"Polygon","coordinates":[[[8.87237,52.19936],[8.87224,52.19979],[8.87303,52.20011],[8.87358,52.20045],[8.87358,52.20076],[8.87482,52.20035],[8.87448,52.19986],[8.87475,52.19951],[8.87464,52.19925],[8.87446,52.19916],[8.87276,52.19893],[8.87237,52.19936]]]}},{"type":"Feature","properties":{"slice":"ura","kind":"wald"},"geometry":{"type":"Polygon","coordinates":[[[8.89711,52.20952],[8.89674,52.20962],[8.89653,52.20982],[8.89589,52.20995],[8.89556,52.21022],[8.89557,52.21046],[8.89598,52.21076],[8.89647,52.21094],[8.89698,52.21126],[8.89731,52.21133],[8.89788,52.21185],[8.89794,52.21234],[8.89823,52.21241],[8.89851,52.21227],[8.89846,52.2118],[8.89902,52.21152],[8.8987,52.21136],[8.89821,52.21149],[8.89764,52.21102],[8.89876,52.21079],[8.89848,52.21063],[8.89777,52.21071],[8.89736,52.21096],[8.8969,52.21091],[8.89665,52.21064],[8.89641,52.21052],[8.89644,52.21039],[8.89679,52.21042],[8.89755,52.20993],[8.8978,52.20969],[8.89711,52.20952]]]}},{"type":"Feature","properties":{"slice":"ura","kind":"wald"},"geometry":{"type":"Polygon","coordinates":[[[8.9105,52.23125],[8.90946,52.2319],[8.90908,52.23181],[8.90878,52.23195],[8.90872,52.23222],[8.90925,52.23263],[8.91005,52.23298],[8.91074,52.23233],[8.91084,52.23213],[8.91142,52.23203],[8.91167,52.23143],[8.9105,52.23125]]]}},{"type":"Feature","properties":{"slice":"ura","kind":"wald"},"geometry":{"type":"Polygon","coordinates":[[[8.99373,52.26045],[8.99491,52.26047],[8.99509,52.26025],[8.99536,52.26018],[8.99563,52.25993],[8.99567,52.25971],[8.99598,52.25946],[8.99727,52.25896],[8.99761,52.25861],[8.99861,52.25824],[8.99902,52.258],[8.9991,52.25772],[8.99893,52.25701],[8.99906,52.25665],[8.99903,52.25641],[8.99861,52.25598],[8.99857,52.25562],[8.99805,52.25572],[8.99747,52.25597],[8.99692,52.25635],[8.99664,52.25687],[8.99502,52.25696],[8.99461,52.25711],[8.99362,52.25773],[8.99279,52.25768],[8.99274,52.25782],[8.99307,52.25814],[8.99417,52.25896],[8.99374,52.25977],[8.99373,52.26045]]]}},{"type":"Feature","properties":{"slice":"ura","kind":"wald"},"geometry":{"type":"Polygon","coordinates":[[[8.99019,52.2604],[8.99062,52.26026],[8.99035,52.2594],[8.98978,52.25948],[8.98928,52.25836],[8.98867,52.25832],[8.98844,52.25797],[8.98807,52.258],[8.98805,52.2583],[8.98693,52.25854],[8.98722,52.2588],[8.98672,52.25913],[8.9861,52.2592],[8.98601,52.25953],[8.98345,52.25944],[8.98304,52.25918],[8.98098,52.2592],[8.98067,52.25951],[8.97976,52.25961],[8.97888,52.25939],[8.97875,52.25925],[8.9788,52.25826],[8.97806,52.25672],[8.97812,52.25646],[8.97893,52.25638],[8.97924,52.25645],[8.9797,52.25628],[8.97972,52.25526],[8.97816,52.25497],[8.97762,52.25497],[8.97648,52.2548],[8.97555,52.25496],[8.97474,52.255],[8.97441,52.25476],[8.97416,52.25442],[8.97419,52.25406],[8.97393,52.25415],[8.97366,52.25507],[8.973,52.25512],[8.97236,52.25534],[8.97105,52.25515],[8.96982,52.25517],[8.96836,52.25539],[8.96826,52.25568],[8.96882,52.25621],[8.96903,52.25666],[8.96941,52.25691],[8.9695,52.25713],[8.96938,52.25736],[8.96903,52.25759],[8.96894,52.25775],[8.96904,52.25799],[8.97015,52.25836],[8.9708,52.25885],[8.97106,52.25927],[8.97113,52.25953],[8.97106,52.25983],[8.97109,52.26041],[8.97137,52.26099],[8.97136,52.26125],[8.97092,52.26132],[8.97082,52.26144],[8.97037,52.2614],[8.97002,52.26143],[8.96974,52.26154],[8.96891,52.26153],[8.96847,52.26163],[8.96797,52.26162],[8.96793,52.26195],[8.96892,52.26398],[8.9712,52.26538],[8.97109,52.26415],[8.97129,52.26308],[8.97224,52.26221],[8.97405,52.26172],[8.97449,52.26174],[8.97435,52.26243],[8.97554,52.26237],[8.97594,52.26222],[8.97688,52.2622],[8.9772,52.26228],[8.9778,52.26209],[8.97891,52.2616],[8.98,52.26139],[8.98205,52.26142],[8.98256,52.26121],[8.98459,52.26119],[8.98476,52.26104],[8.98562,52.26121],[8.98641,52.26116],[8.98667,52.26124],[8.98737,52.26101],[8.9902,52.26093],[8.99019,52.2604]],[[8.97461,52.26121],[8.97467,52.26032],[8.97562,52.26009],[8.97443,52.25846],[8.97466,52.25705],[8.97573,52.25683],[8.97774,52.25831],[8.97798,52.25979],[8.97461,52.26121]]]}},{"type":"Feature","properties":{"slice":"ura","kind":"wald"},"geometry":{"type":"Polygon","coordinates":[[[8.97744,52.25111],[8.97778,52.25022],[8.97772,52.24955],[8.97697,52.24958],[8.97646,52.24948],[8.97619,52.2492],[8.97623,52.24905],[8.97527,52.24912],[8.97503,52.24933],[8.97508,52.24967],[8.97457,52.24996],[8.97488,52.25133],[8.97312,52.25101],[8.97247,52.25084],[8.9722,52.25039],[8.97197,52.2504],[8.97183,52.25034],[8.97154,52.24997],[8.97134,52.24988],[8.97111,52.25015],[8.97103,52.25044],[8.97043,52.25083],[8.9701,52.25074],[8.96981,52.25075],[8.9695,52.25098],[8.96841,52.25125],[8.96865,52.25193],[8.96838,52.25283],[8.96851,52.25323],[8.96808,52.25377],[8.968,52.25402],[8.9681,52.25435],[8.96898,52.25423],[8.97023,52.25382],[8.97067,52.25349],[8.97132,52.2533],[8.97208,52.25319],[8.97413,52.2532],[8.97425,52.25299],[8.97432,52.25255],[8.9745,52.25234],[8.97482,52.25226],[8.97538,52.25223],[8.97571,52.25197],[8.97683,52.25161],[8.97744,52.25111]]]}},{"type":"Feature","properties":{"slice":"ura","kind":"wald"},"geometry":{"type":"Polygon","coordinates":[[[8.94743,52.26205],[8.94751,52.26178],[8.94971,52.26149],[8.95006,52.26172],[8.95005,52.26195],[8.95018,52.2621],[8.94985,52.26214],[8.94985,52.2623],[8.95003,52.26244],[8.95007,52.26271],[8.95072,52.26296],[8.95077,52.26318],[8.95151,52.26313],[8.95164,52.26331],[8.9525,52.26379],[8.9534,52.264],[8.95311,52.26543],[8.95356,52.26547],[8.95416,52.26614],[8.95461,52.2665],[8.95682,52.26655],[8.95683,52.26672],[8.95727,52.26654],[8.95902,52.26646],[8.9593,52.26596],[8.96035,52.26602],[8.96047,52.26554],[8.96856,52.26848],[8.96854,52.26931],[8.9694,52.26926],[8.96952,52.26983],[8.96869,52.2699],[8.96908,52.27301],[8.9699,52.27266],[8.97029,52.27294],[8.97031,52.27327],[8.97499,52.27328],[8.97513,52.27292],[8.97538,52.27294],[8.97691,52.27363],[8.97665,52.274],[8.97669,52.27429],[8.97697,52.27452],[8.97707,52.27485],[8.97744,52.27508],[8.97829,52.27486],[8.97855,52.27464],[8.97852,52.27427],[8.97877,52.27394],[8.97863,52.27351],[8.97843,52.27197],[8.97819,52.27154],[8.97765,52.27099],[8.97706,52.27059],[8.9766,52.27073],[8.97576,52.27121],[8.97548,52.27125],[8.97469,52.2708],[8.97357,52.27078],[8.97268,52.27026],[8.97279,52.27017],[8.97358,52.27032],[8.97372,52.27014],[8.97146,52.26851],[8.97158,52.26705],[8.97138,52.26675],[8.97118,52.26575],[8.96114,52.26541],[8.9614,52.26491],[8.96172,52.26459],[8.96327,52.26403],[8.96286,52.26367],[8.96197,52.26342],[8.96141,52.26317],[8.96137,52.26283],[8.96224,52.26257],[8.96178,52.26146],[8.96148,52.26104],[8.96152,52.26008],[8.96138,52.25916],[8.96209,52.2583],[8.96418,52.25653],[8.9652,52.25669],[8.96571,52.25688],[8.96573,52.2582],[8.9655,52.25945],[8.96567,52.26054],[8.96596,52.26142],[8.96643,52.2621],[8.96682,52.2622],[8.96747,52.26199],[8.9677,52.2617],[8.96826,52.25826],[8.96654,52.25613],[8.96597,52.25612],[8.96523,52.25599],[8.96438,52.25623],[8.9644,52.25542],[8.96455,52.25452],[8.96553,52.25324],[8.96316,52.25337],[8.96112,52.25321],[8.95879,52.25286],[8.95796,52.25319],[8.95549,52.25382],[8.95552,52.25419],[8.9558,52.25435],[8.95665,52.25438],[8.95695,52.25449],[8.95729,52.25475],[8.95731,52.25491],[8.95704,52.25525],[8.95635,52.25545],[8.95542,52.25509],[8.95481,52.25494],[8.95472,52.25479],[8.95498,52.25459],[8.9548,52.25451],[8.95457,52.25426],[8.95383,52.2541],[8.95335,52.25393],[8.95294,52.25421],[8.95312,52.25454],[8.95322,52.25507],[8.95284,52.25529],[8.95275,52.25557],[8.95311,52.25586],[8.95357,52.25604],[8.95459,52.25602],[8.95471,52.25608],[8.95461,52.25633],[8.95443,52.25645],[8.95437,52.25673],[8.95387,52.25675],[8.95317,52.25669],[8.9528,52.257],[8.95148,52.25694],[8.9512,52.25712],[8.9508,52.25711],[8.95032,52.25721],[8.95044,52.25847],[8.94859,52.25857],[8.94814,52.2582],[8.94752,52.25807],[8.94784,52.25764],[8.94781,52.25725],[8.94753,52.25691],[8.94717,52.25696],[8.94674,52.25712],[8.94652,52.25733],[8.94598,52.25735],[8.94556,52.25721],[8.94527,52.25745],[8.94541,52.25804],[8.94528,52.25815],[8.94586,52.25899],[8.94593,52.25924],[8.94628,52.2595],[8.9467,52.25951],[8.94698,52.25965],[8.9471,52.26024],[8.94747,52.26064],[8.94761,52.26091],[8.94723,52.26128],[8.94716,52.26149],[8.94735,52.26174],[8.94729,52.26195],[8.94396,52.2625],[8.9437,52.26332],[8.94456,52.26399],[8.94503,52.26409],[8.94523,52.2639],[8.94527,52.26308],[8.94543,52.26248],[8.94715,52.26216],[8.94743,52.26205]],[[8.96042,52.25874],[8.96022,52.25889],[8.95965,52.25899],[8.95919,52.25886],[8.95906,52.25862],[8.95922,52.25784],[8.95957,52.25757],[8.96005,52.25755],[8.96025,52.25768],[8.96069,52.25778],[8.96081,52.25792],[8.96067,52.25813],[8.96079,52.25868],[8.96042,52.25874]],[[8.95189,52.26307],[8.95155,52.26209],[8.95115,52.26189],[8.95046,52.26136],[8.95167,52.26146],[8.95212,52.26165],[8.95229,52.26185],[8.95234,52.26229],[8.95227,52.26268],[8.95235,52.26301],[8.95255,52.26318],[8.95259,52.26344],[8.95252,52.26354],[8.95236,52.26344],[8.95235,52.26332],[8.95189,52.26307]]]}},{"type":"Feature","properties":{"slice":"ura","kind":"wald"},"geometry":{"type":"MultiPolygon","coordinates":[[[[8.79753,52.13422],[8.79635,52.13542],[8.79749,52.13606],[8.79719,52.13652],[8.7994,52.13687],[8.80023,52.13727],[8.80085,52.13728],[8.80089,52.13697],[8.8011,52.13664],[8.80208,52.13661],[8.80196,52.13587],[8.80529,52.13578],[8.80833,52.13543],[8.81209,52.13536],[8.8128,52.13539],[8.81284,52.13499],[8.81205,52.13474],[8.81141,52.13438],[8.81081,52.13429],[8.8101,52.13403],[8.80922,52.13328],[8.7979,52.13329],[8.79753,52.13422]]],[[[8.81318,52.13334],[8.81313,52.13353],[8.81404,52.13388],[8.81419,52.13441],[8.81336,52.13509],[8.81354,52.13536],[8.81515,52.13521],[8.81513,52.13488],[8.81447,52.13462],[8.81418,52.13328],[8.81305,52.13328],[8.81318,52.13334]]]]}},{"type":"Feature","properties":{"slice":"ura","kind":"wald"},"geometry":{"type":"Polygon","coordinates":[[[8.79568,52.13329],[8.79411,52.13329],[8.7942,52.13363],[8.79476,52.13434],[8.79616,52.13349],[8.79568,52.13329]]]}},{"type":"Feature","properties":{"slice":"ura","kind":"wald"},"geometry":{"type":"Polygon","coordinates":[[[8.74843,52.13521],[8.74315,52.13351],[8.74306,52.13384],[8.74258,52.13396],[8.74215,52.13382],[8.74157,52.13332],[8.74095,52.13332],[8.74062,52.13375],[8.74061,52.13392],[8.74076,52.13404],[8.74181,52.13402],[8.74174,52.13436],[8.74139,52.13437],[8.74071,52.13459],[8.74066,52.13496],[8.74103,52.13498],[8.74078,52.1354],[8.7412,52.13539],[8.74131,52.13552],[8.74136,52.13598],[8.74152,52.13606],[8.74212,52.13617],[8.74304,52.13669],[8.74335,52.13698],[8.74332,52.13721],[8.742,52.13702],[8.742,52.13772],[8.74216,52.1384],[8.74049,52.13789],[8.74055,52.13701],[8.73998,52.13677],[8.7392,52.13667],[8.73939,52.13789],[8.73958,52.13848],[8.73899,52.1385],[8.739,52.13903],[8.73968,52.13908],[8.73978,52.13955],[8.74081,52.1396],[8.74107,52.13974],[8.74135,52.14024],[8.74137,52.14058],[8.74356,52.14045],[8.74401,52.14027],[8.74549,52.14018],[8.74666,52.14063],[8.74689,52.14062],[8.74775,52.14028],[8.74816,52.14023],[8.75061,52.14033],[8.75062,52.1401],[8.74951,52.13995],[8.74952,52.13919],[8.74966,52.13899],[8.7483,52.13883],[8.7482,52.1387],[8.74848,52.13854],[8.74884,52.1385],[8.7495,52.13861],[8.75001,52.13872],[8.75035,52.13891],[8.7504,52.1391],[8.75157,52.13929],[8.75116,52.13885],[8.75099,52.13838],[8.75204,52.13843],[8.75323,52.13869],[8.75349,52.13845],[8.75359,52.13801],[8.75221,52.1378],[8.75096,52.1375],[8.7506,52.13728],[8.75029,52.13697],[8.74736,52.13568],[8.74719,52.13552],[8.74728,52.13536],[8.74843,52.13521]],[[8.75057,52.13834],[8.74943,52.13838],[8.74851,52.13819],[8.74788,52.13756],[8.7476,52.13706],[8.74783,52.13652],[8.74808,52.13641],[8.74863,52.13655],[8.74936,52.13684],[8.75008,52.13725],[8.75022,52.13742],[8.75028,52.13799],[8.75071,52.13813],[8.75057,52.13834]],[[8.74519,52.13593],[8.745,52.13586],[8.7441,52.13578],[8.7439,52.13538],[8.74284,52.13538],[8.7427,52.13487],[8.74521,52.13502],[8.74593,52.13596],[8.74519,52.13593]]]}},{"type":"Feature","properties":{"slice":"ura","kind":"wald"},"geometry":{"type":"Polygon","coordinates":[[[8.75641,52.13431],[8.75526,52.13331],[8.75459,52.13331],[8.75413,52.1336],[8.75383,52.13432],[8.75552,52.13476],[8.75657,52.13495],[8.75697,52.1349],[8.75641,52.13431]]]}},{"type":"Feature","properties":{"slice":"ura","kind":"wald"},"geometry":{"type":"Polygon","coordinates":[[[8.75059,52.13343],[8.75039,52.13359],[8.75003,52.13367],[8.75171,52.13437],[8.75205,52.13456],[8.75236,52.13464],[8.75299,52.13414],[8.75059,52.13343]]]}},{"type":"Feature","properties":{"slice":"ura","kind":"wald"},"geometry":{"type":"Polygon","coordinates":[[[8.7484,52.14102],[8.74737,52.14115],[8.74719,52.14136],[8.74572,52.14138],[8.74558,52.1416],[8.74235,52.14182],[8.74067,52.14234],[8.74026,52.14237],[8.7405,52.14341],[8.74255,52.14317],[8.74319,52.14381],[8.74447,52.14456],[8.74472,52.14455],[8.74431,52.14391],[8.74732,52.14386],[8.74793,52.14411],[8.74844,52.14421],[8.74885,52.1442],[8.74933,52.14385],[8.7514,52.14376],[8.75234,52.14355],[8.75242,52.143],[8.75281,52.14304],[8.7532,52.14321],[8.75366,52.14372],[8.75449,52.14347],[8.75424,52.14285],[8.75327,52.1428],[8.75314,52.14245],[8.75226,52.14225],[8.75236,52.1418],[8.75138,52.14176],[8.75131,52.14125],[8.7484,52.14102]]]}},{"type":"Feature","properties":{"slice":"ura","kind":"wald"},"geometry":{"type":"MultiPolygon","coordinates":[[[[8.73209,52.1425],[8.73114,52.14244],[8.73038,52.14259],[8.72896,52.14203],[8.7291,52.14185],[8.72888,52.14171],[8.72845,52.14169],[8.72675,52.14188],[8.72657,52.14208],[8.72713,52.14252],[8.72757,52.14263],[8.72785,52.1426],[8.72823,52.14242],[8.72908,52.14277],[8.73015,52.14353],[8.73112,52.1434],[8.73109,52.14315],[8.73138,52.14291],[8.73209,52.1425]]],[[[8.72909,52.141],[8.72817,52.14058],[8.72745,52.14037],[8.72671,52.14036],[8.72703,52.14084],[8.72814,52.14135],[8.72913,52.14169],[8.72947,52.14153],[8.72909,52.141]]]]}},{"type":"Feature","properties":{"slice":"ura","kind":"wald"},"geometry":{"type":"Polygon","coordinates":[[[8.73013,52.14044],[8.73112,52.13949],[8.73215,52.13935],[8.73248,52.13901],[8.73103,52.13895],[8.73022,52.139],[8.73029,52.1396],[8.72997,52.14],[8.73013,52.14044]]]}},{"type":"Feature","properties":{"slice":"ura","kind":"wald"},"geometry":{"type":"MultiPolygon","coordinates":[[[[8.73208,52.15426],[8.73252,52.1535],[8.73228,52.15337],[8.73192,52.15351],[8.73184,52.15378],[8.73159,52.15385],[8.73144,52.15361],[8.73157,52.15317],[8.73255,52.15287],[8.73233,52.15259],[8.73282,52.1525],[8.73303,52.15279],[8.73322,52.15274],[8.73259,52.15155],[8.7317,52.14932],[8.73228,52.14936],[8.73321,52.14966],[8.73358,52.15002],[8.73353,52.15047],[8.7338,52.15046],[8.73389,52.14976],[8.73348,52.14937],[8.73339,52.14893],[8.73304,52.14855],[8.7328,52.14843],[8.73266,52.14854],[8.73288,52.14907],[8.73277,52.14911],[8.73228,52.14873],[8.73204,52.14882],[8.73138,52.14888],[8.73111,52.1482],[8.73172,52.14815],[8.73151,52.14773],[8.73189,52.14707],[8.73138,52.14689],[8.73262,52.14614],[8.73342,52.14557],[8.73242,52.14558],[8.7324,52.14502],[8.73191,52.14484],[8.73235,52.14481],[8.73234,52.14461],[8.73285,52.14444],[8.73546,52.14425],[8.7366,52.14427],[8.73747,52.14406],[8.73821,52.14384],[8.73866,52.14362],[8.73841,52.14324],[8.73688,52.14356],[8.73664,52.14336],[8.73601,52.14352],[8.73593,52.14377],[8.73504,52.14394],[8.73333,52.1441],[8.73173,52.14441],[8.73065,52.14442],[8.72954,52.14406],[8.72815,52.1434],[8.72701,52.14303],[8.72641,52.14269],[8.724,52.14083],[8.72342,52.14048],[8.72296,52.13959],[8.72283,52.13842],[8.72221,52.13823],[8.72145,52.13782],[8.72138,52.13771],[8.72091,52.13784],[8.72155,52.13859],[8.72161,52.13889],[8.72123,52.13902],[8.72073,52.139],[8.71674,52.13719],[8.71649,52.13716],[8.71569,52.13798],[8.71453,52.13863],[8.7137,52.13879],[8.71239,52.1386],[8.71033,52.13772],[8.70921,52.13699],[8.71176,52.13418],[8.71238,52.13429],[8.71305,52.1339],[8.71321,52.13394],[8.7135,52.13372],[8.71486,52.1338],[8.71484,52.1344],[8.71351,52.13457],[8.71358,52.13464],[8.71676,52.13499],[8.71702,52.13515],[8.7188,52.13398],[8.71933,52.13349],[8.71869,52.13332],[8.71217,52.13332],[8.7118,52.13402],[8.71157,52.13332],[8.70414,52.13332],[8.70392,52.13347],[8.70473,52.13347],[8.70592,52.13365],[8.70423,52.13672],[8.70478,52.13689],[8.7046,52.1371],[8.70411,52.13699],[8.70243,52.13972],[8.70189,52.14072],[8.69921,52.14261],[8.70138,52.14501],[8.70244,52.1456],[8.70372,52.146],[8.70496,52.14527],[8.70432,52.14447],[8.7037,52.14388],[8.70309,52.14366],[8.70303,52.14354],[8.70329,52.14344],[8.70334,52.14325],[8.70262,52.14282],[8.70208,52.14263],[8.70136,52.14246],[8.70135,52.14234],[8.70173,52.14222],[8.7023,52.14248],[8.70347,52.14236],[8.70603,52.14281],[8.70966,52.14376],[8.71035,52.14287],[8.7119,52.14324],[8.71216,52.14341],[8.71218,52.14395],[8.71333,52.14446],[8.71287,52.14496],[8.71348,52.14538],[8.71413,52.14597],[8.71558,52.14658],[8.71573,52.14687],[8.71951,52.14775],[8.71999,52.14831],[8.72039,52.14925],[8.72081,52.14923],[8.7211,52.14945],[8.72116,52.14962],[8.72155,52.14964],[8.72166,52.14914],[8.7219,52.14897],[8.72239,52.1491],[8.72269,52.14902],[8.72515,52.14881],[8.7251,52.14861],[8.72636,52.14838],[8.72762,52.14796],[8.72837,52.14783],[8.72973,52.14805],[8.72826,52.14831],[8.7269,52.14869],[8.72682,52.14902],[8.72614,52.1493],[8.7253,52.14939],[8.72496,52.14952],[8.72514,52.15029],[8.72381,52.15058],[8.72379,52.15085],[8.72488,52.15069],[8.72494,52.15103],[8.72421,52.15176],[8.72463,52.15172],[8.72588,52.15133],[8.72579,52.15079],[8.72594,52.15064],[8.72647,52.15049],[8.72849,52.15302],[8.72881,52.15292],[8.7289,52.15311],[8.72858,52.15326],[8.729,52.15372],[8.72936,52.15364],[8.72928,52.15323],[8.73005,52.15256],[8.73109,52.15282],[8.73079,52.15336],[8.73037,52.15347],[8.73065,52.15416],[8.7302,52.15451],[8.73093,52.15505],[8.73093,52.15562],[8.73178,52.1569],[8.73233,52.15733],[8.73263,52.15719],[8.73284,52.15693],[8.73289,52.15674],[8.73362,52.15664],[8.73374,52.15646],[8.73358,52.15612],[8.73372,52.1559],[8.73369,52.15572],[8.73253,52.15569],[8.73225,52.15546],[8.73194,52.15478],[8.73208,52.15426]]],[[[8.73089,52.15652],[8.73088,52.15732],[8.7308,52.15758],[8.73102,52.15773],[8.73088,52.15826],[8.73141,52.15871],[8.73148,52.15898],[8.73177,52.15889],[8.73189,52.1587],[8.73177,52.15836],[8.73175,52.15769],[8.73089,52.15652]]]]}},{"type":"Feature","properties":{"slice":"ura","kind":"wald"},"geometry":{"type":"MultiPolygon","coordinates":[[[[8.73455,52.14612],[8.73449,52.1463],[8.73653,52.14789],[8.73825,52.14823],[8.73895,52.14857],[8.73982,52.14924],[8.73992,52.14995],[8.74038,52.15023],[8.74061,52.15078],[8.7407,52.15138],[8.74026,52.15264],[8.74028,52.1536],[8.74114,52.15374],[8.74113,52.15454],[8.74085,52.15501],[8.74039,52.15541],[8.74024,52.15586],[8.73966,52.15636],[8.73867,52.15667],[8.73876,52.15742],[8.74086,52.15736],[8.74152,52.15718],[8.74358,52.15707],[8.74366,52.15738],[8.74484,52.15741],[8.74481,52.15766],[8.7443,52.15773],[8.74425,52.15795],[8.74434,52.15815],[8.74549,52.15774],[8.74729,52.15772],[8.74919,52.15818],[8.74896,52.15861],[8.74867,52.15856],[8.74762,52.15939],[8.74727,52.15936],[8.7469,52.16014],[8.74643,52.16046],[8.74599,52.16054],[8.74539,52.1605],[8.74396,52.16067],[8.74284,52.16064],[8.7428,52.16039],[8.74322,52.15994],[8.74406,52.15959],[8.7442,52.15929],[8.7445,52.15912],[8.74493,52.15902],[8.74506,52.15891],[8.74492,52.15878],[8.74438,52.1588],[8.7432,52.15933],[8.74246,52.16013],[8.74268,52.16153],[8.74438,52.16192],[8.74547,52.16236],[8.74659,52.16302],[8.74818,52.16251],[8.74806,52.16179],[8.74747,52.16093],[8.74733,52.1609],[8.74611,52.16122],[8.7453,52.16113],[8.7448,52.16126],[8.74473,52.161],[8.74515,52.16095],[8.74753,52.16034],[8.75009,52.15872],[8.75059,52.15745],[8.75034,52.15723],[8.74987,52.15709],[8.75002,52.15671],[8.74923,52.15728],[8.74686,52.15699],[8.74407,52.15695],[8.744,52.15676],[8.74494,52.15558],[8.74436,52.15467],[8.74469,52.15383],[8.74457,52.15307],[8.74467,52.15156],[8.74256,52.15143],[8.74195,52.15257],[8.74172,52.15262],[8.7417,52.15223],[8.74117,52.15175],[8.74152,52.15081],[8.74103,52.15016],[8.74019,52.14995],[8.74009,52.14952],[8.74015,52.14892],[8.74,52.14874],[8.7391,52.14828],[8.73703,52.1475],[8.73635,52.14685],[8.73564,52.14632],[8.73484,52.14608],[8.73455,52.14612]]],[[[8.73971,52.1544],[8.73943,52.15479],[8.73921,52.15535],[8.73923,52.1557],[8.73898,52.15573],[8.73877,52.15535],[8.73833,52.15541],[8.73784,52.15541],[8.73788,52.15574],[8.73738,52.15572],[8.7372,52.15474],[8.73727,52.15461],[8.73686,52.15452],[8.73655,52.1535],[8.73601,52.15225],[8.7355,52.15174],[8.73452,52.1522],[8.73444,52.15304],[8.73375,52.1531],[8.73366,52.15333],[8.73417,52.15337],[8.73503,52.15321],[8.73614,52.15563],[8.73625,52.15652],[8.73636,52.15672],[8.73663,52.15677],[8.73686,52.15694],[8.73735,52.1571],[8.73792,52.1567],[8.73951,52.15617],[8.74059,52.15484],[8.74059,52.15452],[8.73971,52.1544]]]]}},{"type":"Feature","properties":{"slice":"ura","kind":"wald"},"geometry":{"type":"Polygon","coordinates":[[[8.78816,52.16987],[8.78858,52.16983],[8.78881,52.1693],[8.79066,52.16919],[8.79083,52.16848],[8.79258,52.16807],[8.79318,52.1681],[8.79428,52.1688],[8.7943,52.16934],[8.79131,52.16938],[8.79138,52.16993],[8.79102,52.17003],[8.79104,52.17121],[8.79118,52.17128],[8.79178,52.17132],[8.79198,52.17083],[8.79211,52.17008],[8.79298,52.17043],[8.79295,52.17177],[8.79344,52.17228],[8.79354,52.17258],[8.79409,52.17276],[8.79406,52.17389],[8.79471,52.17469],[8.79557,52.17391],[8.79613,52.17292],[8.79724,52.17199],[8.79842,52.17161],[8.79874,52.1722],[8.79865,52.17323],[8.79902,52.17415],[8.79989,52.17442],[8.80011,52.17402],[8.80086,52.17395],[8.80092,52.17372],[8.80047,52.17356],[8.80094,52.17308],[8.80147,52.17322],[8.80216,52.17375],[8.80212,52.17396],[8.80259,52.17407],[8.80327,52.17484],[8.80275,52.17543],[8.8035,52.17669],[8.80359,52.17745],[8.8034,52.17815],[8.80378,52.17828],[8.80483,52.17772],[8.80515,52.17742],[8.80568,52.17725],[8.80524,52.17693],[8.80538,52.17675],[8.8052,52.17656],[8.80551,52.17628],[8.8059,52.17648],[8.80733,52.1758],[8.80724,52.17569],[8.80912,52.17506],[8.80998,52.17595],[8.81057,52.17574],[8.81109,52.17575],[8.81156,52.1759],[8.81059,52.17694],[8.81097,52.17716],[8.8106,52.17741],[8.81026,52.17725],[8.81041,52.17633],[8.8102,52.17607],[8.80979,52.17631],[8.8079,52.17694],[8.80773,52.17726],[8.80659,52.1773],[8.80541,52.17752],[8.80546,52.17798],[8.80578,52.1781],[8.80545,52.17844],[8.8063,52.17875],[8.80665,52.17848],[8.80787,52.17857],[8.80725,52.17945],[8.80696,52.18011],[8.80697,52.18083],[8.8054,52.18037],[8.80493,52.18037],[8.80477,52.18059],[8.80545,52.1809],[8.80528,52.18123],[8.80609,52.1816],[8.80622,52.18202],[8.80575,52.18226],[8.8058,52.18274],[8.80515,52.18294],[8.80558,52.18421],[8.80618,52.18445],[8.80677,52.185],[8.80696,52.18532],[8.80721,52.18553],[8.80941,52.18948],[8.8098,52.18962],[8.81033,52.18972],[8.80971,52.18898],[8.81025,52.1888],[8.81094,52.18949],[8.8115,52.1893],[8.81274,52.18907],[8.81394,52.18909],[8.81421,52.18879],[8.8149,52.18831],[8.81475,52.18816],[8.81367,52.18854],[8.81187,52.18867],[8.81117,52.18796],[8.81283,52.18761],[8.81267,52.18738],[8.81067,52.18741],[8.81077,52.18661],[8.81019,52.18533],[8.81231,52.18413],[8.81252,52.18431],[8.81269,52.18464],[8.81302,52.1862],[8.81348,52.18612],[8.81318,52.18566],[8.81302,52.18498],[8.81356,52.18454],[8.81443,52.18459],[8.81434,52.18412],[8.81453,52.1838],[8.81494,52.18345],[8.81528,52.18284],[8.81613,52.1825],[8.81577,52.18135],[8.81482,52.18129],[8.81508,52.17957],[8.81496,52.17923],[8.81471,52.17893],[8.81588,52.17816],[8.81618,52.17832],[8.81677,52.17886],[8.81755,52.17931],[8.81778,52.17979],[8.81844,52.17993],[8.81885,52.1803],[8.8195,52.18018],[8.81984,52.1798],[8.82038,52.17954],[8.82047,52.17969],[8.82141,52.17962],[8.82117,52.17949],[8.82171,52.17934],[8.82231,52.17972],[8.8239,52.17956],[8.82403,52.17982],[8.82336,52.18049],[8.8238,52.18102],[8.82384,52.18143],[8.82443,52.18151],[8.82536,52.1819],[8.82763,52.18237],[8.82727,52.18217],[8.82537,52.18174],[8.82439,52.18113],[8.82394,52.18052],[8.82453,52.17976],[8.82437,52.17904],[8.82407,52.17883],[8.82403,52.17854],[8.82208,52.17892],[8.81929,52.17928],[8.8178,52.17931],[8.81772,52.1792],[8.81847,52.17888],[8.81846,52.17864],[8.81883,52.17809],[8.82043,52.1784],[8.82082,52.17812],[8.82024,52.17787],[8.82046,52.17744],[8.82139,52.17776],[8.82252,52.17726],[8.82229,52.17702],[8.82178,52.17683],[8.82243,52.17641],[8.82085,52.17556],[8.82154,52.17492],[8.81998,52.17435],[8.8201,52.17378],[8.81992,52.17343],[8.82167,52.17329],[8.82064,52.17297],[8.82097,52.17263],[8.82266,52.17245],[8.82497,52.17178],[8.82579,52.17164],[8.82587,52.17128],[8.82566,52.17113],[8.82477,52.17165],[8.82331,52.17145],[8.82315,52.17163],[8.82247,52.17163],[8.81559,52.17084],[8.81563,52.17031],[8.81537,52.16983],[8.81522,52.16932],[8.81552,52.16911],[8.81807,52.16897],[8.81924,52.16874],[8.82026,52.16843],[8.82253,52.16824],[8.82245,52.16802],[8.823,52.16757],[8.82201,52.16706],[8.82174,52.16737],[8.82197,52.16746],[8.82161,52.1678],[8.81958,52.1672],[8.81756,52.16697],[8.8175,52.16723],[8.8178,52.16741],[8.81772,52.1677],[8.81855,52.16789],[8.81813,52.16861],[8.81753,52.16856],[8.81714,52.1688],[8.81564,52.16889],[8.81242,52.16832],[8.81235,52.1669],[8.81201,52.16619],[8.81217,52.16595],[8.81236,52.16533],[8.81237,52.16419],[8.81278,52.16426],[8.81365,52.16461],[8.81414,52.16468],[8.81481,52.1649],[8.81569,52.16507],[8.81635,52.16546],[8.81718,52.16582],[8.81873,52.16598],[8.81965,52.16634],[8.82023,52.1667],[8.82059,52.16636],[8.82,52.1661],[8.81844,52.1656],[8.81701,52.16528],[8.8139,52.16408],[8.8137,52.16384],[8.81424,52.16354],[8.81542,52.16341],[8.81792,52.16347],[8.818,52.16329],[8.81681,52.16328],[8.81618,52.16283],[8.81571,52.1627],[8.81616,52.16218],[8.81392,52.16159],[8.81377,52.16189],[8.81304,52.16171],[8.8127,52.16187],[8.81254,52.16203],[8.81053,52.1617],[8.81001,52.16179],[8.80758,52.16138],[8.80749,52.16152],[8.80682,52.16127],[8.80661,52.16172],[8.80714,52.16179],[8.80702,52.16205],[8.80658,52.16214],[8.80219,52.16253],[8.80216,52.16274],[8.80151,52.16286],[8.80144,52.16266],[8.79852,52.16289],[8.79653,52.16312],[8.7966,52.16338],[8.79632,52.1634],[8.79661,52.16445],[8.79607,52.16466],[8.79517,52.16299],[8.79414,52.1632],[8.79228,52.16371],[8.79024,52.16339],[8.78902,52.16348],[8.78888,52.16308],[8.79038,52.16297],[8.78916,52.162],[8.78942,52.16143],[8.78802,52.16127],[8.78839,52.16095],[8.78714,52.16081],[8.78553,52.16037],[8.78723,52.15943],[8.78884,52.15872],[8.78881,52.15853],[8.7876,52.15851],[8.78597,52.15838],[8.78589,52.15813],[8.78614,52.15803],[8.78646,52.15801],[8.78647,52.15788],[8.78681,52.15765],[8.78579,52.15738],[8.78526,52.15734],[8.785,52.15744],[8.7843,52.15802],[8.78366,52.15828],[8.78306,52.15845],[8.78316,52.15882],[8.78255,52.15931],[8.78186,52.15937],[8.78174,52.15955],[8.78244,52.16009],[8.78324,52.16053],[8.78326,52.16078],[8.78261,52.16122],[8.78058,52.16208],[8.78002,52.16266],[8.77935,52.16305],[8.77841,52.16252],[8.77787,52.16282],[8.77729,52.16251],[8.77708,52.1626],[8.7766,52.16237],[8.77627,52.16263],[8.77719,52.16308],[8.77669,52.1634],[8.77586,52.16315],[8.77493,52.16426],[8.77407,52.16453],[8.77365,52.16427],[8.77365,52.16396],[8.77275,52.16345],[8.77371,52.16243],[8.77448,52.16273],[8.77612,52.16169],[8.77679,52.16098],[8.77715,52.16091],[8.77805,52.16112],[8.77855,52.1607],[8.77971,52.15995],[8.78151,52.15899],[8.78201,52.15832],[8.78234,52.15816],[8.78307,52.15799],[8.7837,52.15763],[8.78379,52.15719],[8.7846,52.15572],[8.78324,52.15609],[8.78253,52.15651],[8.78192,52.15636],[8.78119,52.15644],[8.77993,52.156],[8.77951,52.15578],[8.77913,52.15583],[8.77668,52.15468],[8.77754,52.15412],[8.77814,52.15356],[8.77727,52.15356],[8.77729,52.15327],[8.77835,52.15232],[8.77855,52.15158],[8.77928,52.15173],[8.78003,52.15148],[8.78021,52.15056],[8.77967,52.15053],[8.77945,52.15134],[8.77809,52.15118],[8.77738,52.15124],[8.7767,52.15096],[8.77489,52.15101],[8.77266,52.15088],[8.77223,52.15099],[8.77042,52.1504],[8.76965,52.15025],[8.76878,52.15018],[8.76742,52.14975],[8.76702,52.14944],[8.7662,52.14908],[8.76552,52.14888],[8.76427,52.14986],[8.76367,52.14962],[8.76342,52.14928],[8.76315,52.1493],[8.76297,52.1488],[8.76147,52.14931],[8.75727,52.15035],[8.75706,52.15067],[8.75708,52.15129],[8.75675,52.15214],[8.75786,52.15242],[8.75779,52.15304],[8.75688,52.15492],[8.76267,52.15609],[8.76737,52.15698],[8.7692,52.15409],[8.76978,52.15352],[8.77062,52.15365],[8.77255,52.15297],[8.77374,52.15353],[8.77297,52.1545],[8.77317,52.15457],[8.77286,52.15518],[8.77235,52.15507],[8.77158,52.15548],[8.76982,52.15536],[8.76995,52.15616],[8.77152,52.15661],[8.7726,52.15724],[8.77084,52.15815],[8.77091,52.15822],[8.77056,52.15854],[8.77013,52.15843],[8.76905,52.15913],[8.76859,52.15889],[8.76799,52.15943],[8.76867,52.15986],[8.77108,52.16033],[8.77109,52.16112],[8.77061,52.16272],[8.76846,52.16239],[8.76965,52.16292],[8.7709,52.16369],[8.7724,52.16509],[8.77323,52.16462],[8.77349,52.16466],[8.7737,52.16493],[8.77364,52.1656],[8.77374,52.16622],[8.77327,52.16733],[8.77246,52.16742],[8.77273,52.16828],[8.77306,52.16829],[8.77306,52.16859],[8.7735,52.16856],[8.77325,52.16794],[8.77345,52.16742],[8.77448,52.16733],[8.77482,52.16712],[8.77713,52.16705],[8.77741,52.16724],[8.77872,52.16782],[8.77954,52.16725],[8.77974,52.16687],[8.78072,52.16612],[8.78331,52.16619],[8.78278,52.16696],[8.78193,52.1679],[8.78202,52.16804],[8.78443,52.1677],[8.78371,52.16891],[8.78477,52.16886],[8.78483,52.16912],[8.78572,52.16923],[8.78579,52.17066],[8.78649,52.17068],[8.78665,52.17051],[8.78706,52.17051],[8.78685,52.17161],[8.7877,52.17159],[8.78866,52.17269],[8.7899,52.17314],[8.78947,52.17388],[8.78965,52.17409],[8.78978,52.17455],[8.787,52.17364],[8.78617,52.17301],[8.78585,52.17249],[8.78553,52.1727],[8.78555,52.17301],[8.78694,52.17387],[8.78973,52.17499],[8.79043,52.17471],[8.79126,52.17418],[8.79081,52.17412],[8.79002,52.17414],[8.79005,52.17389],[8.79081,52.17375],[8.78996,52.1715],[8.78846,52.17138],[8.78816,52.16987]],[[8.81122,52.17349],[8.81025,52.17316],[8.8109,52.17206],[8.81123,52.17066],[8.81404,52.17083],[8.81391,52.17179],[8.81299,52.17288],[8.8123,52.17293],[8.8114,52.17332],[8.81122,52.17349]],[[8.8181,52.17608],[8.81737,52.17459],[8.81907,52.17428],[8.8198,52.17578],[8.8181,52.17608]],[[8.78886,52.16904],[8.78759,52.16979],[8.78714,52.16938],[8.78696,52.16901],[8.78821,52.16836],[8.78929,52.16795],[8.78977,52.16827],[8.78999,52.16861],[8.78886,52.16904]],[[8.81543,52.17382],[8.81686,52.1733],[8.81705,52.17379],[8.81574,52.17418],[8.81543,52.17382]],[[8.78729,52.16251],[8.7867,52.16213],[8.78699,52.16186],[8.78752,52.1617],[8.78814,52.16202],[8.78729,52.16251]],[[8.81326,52.17344],[8.81365,52.17289],[8.81429,52.17298],[8.81458,52.17352],[8.81326,52.17344]]]}},{"type":"Feature","properties":{"slice":"ura","kind":"wald"},"geometry":{"type":"Polygon","coordinates":[[[8.83036,52.14602],[8.82944,52.14579],[8.82794,52.14588],[8.82684,52.14563],[8.82535,52.14575],[8.82472,52.14625],[8.82381,52.14641],[8.82317,52.14672],[8.82302,52.14718],[8.82149,52.14767],[8.8213,52.14735],[8.82015,52.14779],[8.8206,52.14883],[8.82086,52.14893],[8.8236,52.1486],[8.82648,52.14817],[8.82799,52.1479],[8.82854,52.14769],[8.82888,52.14764],[8.8291,52.14769],[8.82866,52.14807],[8.82814,52.14836],[8.82691,52.14855],[8.82706,52.149],[8.82875,52.14868],[8.82872,52.14844],[8.83021,52.14792],[8.83132,52.1477],[8.8316,52.14704],[8.83036,52.14602]]]}},{"type":"Feature","properties":{"slice":"ura","kind":"wald"},"geometry":{"type":"Polygon","coordinates":[[[8.82992,52.14209],[8.82825,52.14218],[8.82811,52.14248],[8.82715,52.1425],[8.82743,52.14272],[8.82798,52.14292],[8.82808,52.1433],[8.82887,52.14313],[8.82922,52.14261],[8.82985,52.14224],[8.82992,52.14209]]]}},{"type":"Feature","properties":{"slice":"ura","kind":"wald"},"geometry":{"type":"Polygon","coordinates":[[[8.83179,52.14173],[8.83142,52.14176],[8.83109,52.14225],[8.83096,52.14272],[8.83058,52.14301],[8.83096,52.14329],[8.83158,52.14331],[8.83154,52.14274],[8.83182,52.14226],[8.83179,52.14173]]]}},{"type":"Feature","properties":{"slice":"ura","kind":"wald"},"geometry":{"type":"Polygon","coordinates":[[[8.82139,52.15119],[8.82143,52.15065],[8.81978,52.15146],[8.81902,52.15073],[8.81885,52.15076],[8.81753,52.15001],[8.81745,52.14933],[8.81624,52.1501],[8.81687,52.15046],[8.81749,52.15022],[8.81822,52.15081],[8.81737,52.15175],[8.81878,52.15205],[8.81954,52.15162],[8.82118,52.15163],[8.82139,52.15119]]]}},{"type":"Feature","properties":{"slice":"ura","kind":"wald"},"geometry":{"type":"Polygon","coordinates":[[[8.81495,52.15093],[8.81465,52.15054],[8.81376,52.14983],[8.81278,52.15024],[8.81331,52.15071],[8.8129,52.15123],[8.81289,52.15143],[8.81304,52.15164],[8.81319,52.15157],[8.81329,52.15123],[8.81368,52.15107],[8.81453,52.15141],[8.81424,52.15161],[8.81384,52.15172],[8.81325,52.15215],[8.81283,52.15193],[8.81235,52.15222],[8.8118,52.15212],[8.81109,52.15254],[8.80974,52.15378],[8.80908,52.15392],[8.80912,52.15401],[8.80948,52.15416],[8.80901,52.15449],[8.80874,52.15445],[8.80862,52.15462],[8.80881,52.15485],[8.81025,52.15417],[8.81,52.15382],[8.81256,52.15289],[8.8137,52.15234],[8.815,52.15149],[8.81495,52.15093]]]}},{"type":"Feature","properties":{"slice":"ura","kind":"wald"},"geometry":{"type":"Polygon","coordinates":[[[8.79587,52.15135],[8.79559,52.15183],[8.79506,52.15232],[8.79414,52.15271],[8.79396,52.15282],[8.79383,52.15304],[8.79455,52.15336],[8.79583,52.1535],[8.79676,52.15386],[8.79776,52.15438],[8.79917,52.15528],[8.79762,52.15619],[8.7989,52.15742],[8.80003,52.15708],[8.80078,52.15799],[8.80143,52.15841],[8.8018,52.15842],[8.80232,52.15811],[8.80262,52.15779],[8.80323,52.15756],[8.80529,52.15631],[8.80578,52.15673],[8.8067,52.15599],[8.80804,52.1552],[8.80682,52.15424],[8.80591,52.15327],[8.8055,52.15294],[8.80578,52.1525],[8.80684,52.15144],[8.80675,52.15073],[8.80702,52.15037],[8.80772,52.1499],[8.80928,52.14978],[8.80927,52.14934],[8.8118,52.14877],[8.80999,52.14825],[8.80904,52.14751],[8.80856,52.14663],[8.8074,52.14848],[8.80618,52.14999],[8.80435,52.14969],[8.80209,52.14866],[8.80104,52.1479],[8.80036,52.1476],[8.79926,52.14664],[8.79869,52.14625],[8.7957,52.14591],[8.79394,52.14672],[8.79288,52.14588],[8.7926,52.14604],[8.7932,52.14687],[8.79259,52.14738],[8.79666,52.15047],[8.79657,52.15057],[8.79552,52.15013],[8.79433,52.14925],[8.79406,52.14919],[8.79332,52.14951],[8.79278,52.14915],[8.79162,52.14905],[8.7916,52.14785],[8.79118,52.14786],[8.79111,52.14752],[8.79133,52.14752],[8.79117,52.14711],[8.79221,52.14619],[8.79167,52.14561],[8.7914,52.14505],[8.7915,52.14418],[8.79034,52.14405],[8.79078,52.14311],[8.79014,52.14309],[8.79009,52.14345],[8.78953,52.14353],[8.79003,52.14431],[8.79021,52.14504],[8.79022,52.14581],[8.79047,52.14577],[8.79055,52.14617],[8.79036,52.14631],[8.78986,52.14713],[8.78847,52.14781],[8.78753,52.1469],[8.78723,52.14712],[8.78801,52.14792],[8.78831,52.14803],[8.7871,52.14846],[8.78685,52.14846],[8.78659,52.14858],[8.78761,52.14891],[8.78784,52.14908],[8.78799,52.14934],[8.78895,52.14898],[8.78931,52.14927],[8.78878,52.14973],[8.78918,52.15027],[8.78991,52.15083],[8.79036,52.15094],[8.79054,52.15092],[8.79051,52.15018],[8.79153,52.15012],[8.79217,52.15017],[8.79309,52.15002],[8.79374,52.14998],[8.79345,52.14972],[8.79392,52.14945],[8.79514,52.15023],[8.79602,52.15064],[8.79587,52.15135]],[[8.79093,52.14984],[8.79037,52.14985],[8.79031,52.14968],[8.79022,52.14927],[8.79044,52.14815],[8.79106,52.14819],[8.79124,52.14863],[8.79112,52.14975],[8.79093,52.14984]]]}},{"type":"Feature","properties":{"slice":"ura","kind":"wald"},"geometry":{"type":"Polygon","coordinates":[[[8.81989,52.15918],[8.81899,52.15872],[8.81772,52.15763],[8.81798,52.15733],[8.81838,52.15725],[8.81856,52.1571],[8.81848,52.15699],[8.81787,52.15683],[8.81752,52.15689],[8.81721,52.15716],[8.81684,52.15768],[8.81591,52.15768],[8.81549,52.15796],[8.81532,52.15831],[8.81739,52.15839],[8.81768,52.15868],[8.81903,52.15908],[8.8196,52.15948],[8.81989,52.15918]]]}},{"type":"Feature","properties":{"slice":"ura","kind":"wald"},"geometry":{"type":"Polygon","coordinates":[[[8.81982,52.16056],[8.81885,52.15993],[8.81842,52.15952],[8.81753,52.15947],[8.81644,52.15959],[8.81549,52.1596],[8.81569,52.15991],[8.81735,52.15993],[8.81819,52.16007],[8.81912,52.16043],[8.81899,52.16081],[8.81876,52.16064],[8.81794,52.16044],[8.81764,52.16089],[8.81846,52.16132],[8.81886,52.16125],[8.81895,52.16148],[8.81946,52.16125],[8.82088,52.16113],[8.81982,52.16056]]]}},{"type":"Feature","properties":{"slice":"ura","kind":"wald"},"geometry":{"type":"Polygon","coordinates":[[[8.82203,52.16248],[8.82173,52.16199],[8.81959,52.16217],[8.81971,52.16256],[8.82084,52.16264],[8.82203,52.16248]]]}},{"type":"Feature","properties":{"slice":"ura","kind":"wald"},"geometry":{"type":"Polygon","coordinates":[[[8.82721,52.15838],[8.82869,52.15836],[8.82835,52.15805],[8.82796,52.15748],[8.82694,52.15783],[8.82721,52.15838]]]}},{"type":"Feature","properties":{"slice":"ura","kind":"wald"},"geometry":{"type":"Polygon","coordinates":[[[8.83249,52.17342],[8.83205,52.17319],[8.83151,52.1732],[8.83102,52.17278],[8.83071,52.17278],[8.83033,52.17292],[8.82961,52.17334],[8.82956,52.17349],[8.82976,52.17364],[8.83065,52.17367],[8.83211,52.17354],[8.83249,52.17342]]]}},{"type":"Feature","properties":{"slice":"ura","kind":"wald"},"geometry":{"type":"Polygon","coordinates":[[[8.83032,52.18517],[8.82982,52.18459],[8.82969,52.18415],[8.82925,52.18348],[8.82895,52.18337],[8.82872,52.18343],[8.8288,52.18374],[8.82907,52.1841],[8.8292,52.18483],[8.82859,52.18472],[8.82757,52.18469],[8.82662,52.18469],[8.82628,52.18474],[8.8264,52.18484],[8.83009,52.18526],[8.83032,52.18517]]]}},{"type":"Feature","properties":{"slice":"ura","kind":"wald"},"geometry":{"type":"MultiPolygon","coordinates":[[[[8.82663,52.1855],[8.82677,52.18609],[8.82826,52.18614],[8.82936,52.18641],[8.83118,52.1866],[8.83121,52.18642],[8.83141,52.18626],[8.83132,52.18601],[8.82663,52.1855]]],[[[8.83135,52.18678],[8.83109,52.18689],[8.83055,52.18764],[8.83,52.18768],[8.82959,52.18886],[8.82943,52.18964],[8.82957,52.18981],[8.82996,52.1896],[8.83063,52.1879],[8.83108,52.18735],[8.83155,52.18695],[8.83135,52.18678]]]]}},{"type":"Feature","properties":{"slice":"ura","kind":"wald"},"geometry":{"type":"Polygon","coordinates":[[[8.82618,52.18849],[8.82542,52.18776],[8.82507,52.18774],[8.82486,52.18726],[8.82442,52.18661],[8.82412,52.18673],[8.82444,52.18722],[8.82452,52.18756],[8.82355,52.18687],[8.82286,52.18704],[8.82266,52.18694],[8.82243,52.18695],[8.82209,52.18673],[8.82155,52.18669],[8.82137,52.18672],[8.82129,52.18698],[8.8217,52.18703],[8.82193,52.18788],[8.82078,52.18748],[8.82063,52.18784],[8.82203,52.1885],[8.82232,52.1883],[8.82283,52.18845],[8.82321,52.18791],[8.82523,52.18817],[8.82582,52.18898],[8.82658,52.18965],[8.82724,52.18998],[8.82709,52.18883],[8.82695,52.18842],[8.82618,52.18849]]]}},{"type":"Feature","properties":{"slice":"ura","kind":"wald"},"geometry":{"type":"Polygon","coordinates":[[[8.83067,52.18953],[8.83001,52.19007],[8.82981,52.19058],[8.82986,52.19099],[8.83044,52.19188],[8.83052,52.19228],[8.83043,52.19235],[8.8296,52.19214],[8.82946,52.19231],[8.82915,52.19235],[8.82917,52.19286],[8.82893,52.19374],[8.82844,52.19455],[8.82882,52.19465],[8.82908,52.19461],[8.82906,52.19536],[8.83082,52.19431],[8.8306,52.19406],[8.83102,52.19381],[8.83118,52.19286],[8.83097,52.19263],[8.83071,52.19198],[8.83074,52.19181],[8.83055,52.19145],[8.83055,52.19116],[8.83035,52.19088],[8.83029,52.19045],[8.83059,52.18997],[8.83096,52.18974],[8.83067,52.18953]]]}},{"type":"Feature","properties":{"slice":"ura","kind":"wald"},"geometry":{"type":"Polygon","coordinates":[[[8.82494,52.19791],[8.82422,52.19779],[8.82362,52.19781],[8.82338,52.19799],[8.82297,52.1986],[8.82311,52.19866],[8.82326,52.19889],[8.8238,52.19897],[8.82494,52.19791]]]}},{"type":"Feature","properties":{"slice":"ura","kind":"wald"},"geometry":{"type":"Polygon","coordinates":[[[8.79218,52.19629],[8.792,52.19612],[8.79173,52.19609],[8.79142,52.19614],[8.79097,52.19596],[8.79073,52.19597],[8.79047,52.19641],[8.791,52.19656],[8.79121,52.19678],[8.79118,52.19698],[8.7919,52.19703],[8.7922,52.1966],[8.79218,52.19629]]]}},{"type":"Feature","properties":{"slice":"ura","kind":"wald"},"geometry":{"type":"Polygon","coordinates":[[[8.79311,52.18875],[8.79358,52.18773],[8.79495,52.18772],[8.79486,52.18753],[8.79419,52.18754],[8.79384,52.18745],[8.79328,52.18745],[8.79284,52.18879],[8.79128,52.18943],[8.79078,52.18868],[8.79052,52.18754],[8.79022,52.18739],[8.79031,52.18814],[8.79093,52.18952],[8.79071,52.19],[8.79113,52.19019],[8.79336,52.18974],[8.79358,52.18952],[8.79358,52.18897],[8.79311,52.18875]],[[8.7934,52.18943],[8.79226,52.18951],[8.79218,52.18931],[8.7923,52.18918],[8.79304,52.1889],[8.7934,52.18943]]]}},{"type":"Feature","properties":{"slice":"ura","kind":"wald"},"geometry":{"type":"Polygon","coordinates":[[[8.79299,52.18572],[8.79359,52.1857],[8.79367,52.18488],[8.79385,52.18484],[8.79435,52.18365],[8.7943,52.18352],[8.7941,52.18361],[8.79397,52.1838],[8.79356,52.18374],[8.79348,52.18361],[8.79353,52.18344],[8.79339,52.18337],[8.79278,52.18358],[8.79278,52.18379],[8.79368,52.18414],[8.79336,52.18503],[8.79292,52.18547],[8.79162,52.18601],[8.79121,52.186],[8.79099,52.1858],[8.79114,52.18506],[8.79143,52.18455],[8.79133,52.18415],[8.79144,52.18378],[8.7912,52.18385],[8.79109,52.18396],[8.7909,52.18439],[8.79063,52.18435],[8.79052,52.1842],[8.79031,52.18415],[8.79017,52.18434],[8.79012,52.18511],[8.7898,52.18566],[8.78951,52.18591],[8.78912,52.18589],[8.78856,52.1855],[8.78714,52.18475],[8.78717,52.18497],[8.78773,52.18557],[8.78845,52.18594],[8.78988,52.18696],[8.79029,52.18688],[8.79197,52.18611],[8.79297,52.18605],[8.79299,52.18572]]]}},{"type":"Feature","properties":{"slice":"ura","kind":"wald"},"geometry":{"type":"Polygon","coordinates":[[[8.80116,52.18338],[8.80097,52.18272],[8.80054,52.18243],[8.79912,52.18195],[8.79777,52.18165],[8.79714,52.18231],[8.79847,52.18263],[8.79889,52.18226],[8.80036,52.1826],[8.80039,52.18279],[8.80029,52.18294],[8.80058,52.18306],[8.8005,52.18326],[8.80116,52.18338]]]}},{"type":"Feature","properties":{"slice":"ura","kind":"wald"},"geometry":{"type":"Polygon","coordinates":[[[8.80145,52.18203],[8.8026,52.18233],[8.8034,52.18245],[8.80337,52.18196],[8.80245,52.1817],[8.80241,52.18145],[8.8014,52.18169],[8.80088,52.1817],[8.80091,52.18205],[8.80145,52.18203]]]}},{"type":"Feature","properties":{"slice":"ura","kind":"wald"},"geometry":{"type":"Polygon","coordinates":[[[8.78853,52.18142],[8.78919,52.18144],[8.78939,52.18117],[8.78974,52.18094],[8.78949,52.18008],[8.78912,52.18057],[8.78857,52.18112],[8.78837,52.18122],[8.78799,52.18132],[8.78752,52.18135],[8.7882,52.18076],[8.78803,52.18076],[8.78636,52.18132],[8.78576,52.18159],[8.78559,52.18183],[8.78551,52.18221],[8.78562,52.18268],[8.78591,52.18265],[8.78592,52.18228],[8.78608,52.18198],[8.78754,52.18217],[8.78773,52.18193],[8.78837,52.1816],[8.78853,52.18142]]]}},{"type":"Feature","properties":{"slice":"ura","kind":"wald"},"geometry":{"type":"Polygon","coordinates":[[[8.78239,52.18783],[8.78417,52.18755],[8.78622,52.18767],[8.78606,52.18723],[8.78547,52.18678],[8.78584,52.1866],[8.78546,52.18624],[8.78498,52.18636],[8.78432,52.18605],[8.78364,52.18555],[8.78287,52.18565],[8.78345,52.18632],[8.78365,52.187],[8.78361,52.18737],[8.7822,52.18756],[8.78239,52.18783]]]}},{"type":"Feature","properties":{"slice":"ura","kind":"wald"},"geometry":{"type":"Polygon","coordinates":[[[8.78418,52.19374],[8.78423,52.19448],[8.78409,52.19476],[8.7827,52.1954],[8.78186,52.19558],[8.78192,52.19372],[8.78241,52.19354],[8.78243,52.19299],[8.78274,52.19291],[8.78274,52.19269],[8.78334,52.19267],[8.78358,52.19222],[8.78262,52.19222],[8.78255,52.19201],[8.78209,52.19211],[8.78212,52.19264],[8.78199,52.19306],[8.78173,52.19345],[8.78133,52.19349],[8.78121,52.19377],[8.7815,52.19404],[8.78146,52.19435],[8.78116,52.19447],[8.78153,52.19574],[8.78107,52.19592],[8.78109,52.19613],[8.78119,52.19618],[8.78289,52.19565],[8.78337,52.19536],[8.78445,52.19502],[8.78458,52.19337],[8.78418,52.19374]]]}},{"type":"Feature","properties":{"slice":"ura","kind":"wald"},"geometry":{"type":"Polygon","coordinates":[[[8.77848,52.18809],[8.77834,52.18799],[8.77812,52.18838],[8.77785,52.18943],[8.77759,52.18987],[8.77685,52.19068],[8.77687,52.19099],[8.77671,52.19149],[8.77655,52.19169],[8.77613,52.1918],[8.77558,52.19229],[8.77474,52.19209],[8.77456,52.19147],[8.77432,52.19106],[8.77354,52.19094],[8.77316,52.1906],[8.77156,52.18974],[8.77131,52.18985],[8.77174,52.1902],[8.7726,52.19068],[8.77308,52.19126],[8.7736,52.1916],[8.77432,52.19227],[8.77433,52.19246],[8.77517,52.1925],[8.77556,52.19263],[8.77498,52.19322],[8.77527,52.19323],[8.7761,52.19296],[8.77631,52.19283],[8.77673,52.19244],[8.7761,52.19231],[8.77645,52.19195],[8.77758,52.19131],[8.7779,52.19168],[8.77902,52.19141],[8.77917,52.1914],[8.7793,52.19149],[8.77931,52.19168],[8.77822,52.19185],[8.77844,52.19209],[8.78129,52.19161],[8.78324,52.1915],[8.7847,52.1917],[8.78416,52.19083],[8.78384,52.19063],[8.78377,52.19046],[8.78392,52.19009],[8.78433,52.1901],[8.78458,52.18981],[8.78294,52.18981],[8.78295,52.19005],[8.78231,52.19021],[8.78225,52.19063],[8.78175,52.19127],[8.78001,52.19141],[8.77944,52.19127],[8.7796,52.19115],[8.78012,52.19106],[8.78019,52.19094],[8.77863,52.1907],[8.77867,52.19006],[8.77915,52.18923],[8.7792,52.1884],[8.77897,52.18788],[8.77848,52.18809]]]}},{"type":"Feature","properties":{"slice":"ura","kind":"wald"},"geometry":{"type":"Polygon","coordinates":[[[8.77166,52.18527],[8.77238,52.18356],[8.77373,52.18346],[8.77359,52.18278],[8.77268,52.18277],[8.77268,52.18255],[8.77241,52.18256],[8.7724,52.18228],[8.77251,52.18228],[8.77237,52.18157],[8.77211,52.18164],[8.77201,52.18099],[8.77334,52.18063],[8.77362,52.17987],[8.77349,52.1797],[8.77332,52.17979],[8.77293,52.18035],[8.77263,52.1805],[8.77181,52.18057],[8.77179,52.18034],[8.77214,52.18004],[8.77228,52.17948],[8.77179,52.17934],[8.77164,52.17972],[8.77106,52.18004],[8.77096,52.17958],[8.77067,52.17935],[8.77031,52.17921],[8.77007,52.17873],[8.76957,52.1781],[8.76845,52.17711],[8.76842,52.17693],[8.76968,52.1758],[8.76972,52.17557],[8.76928,52.17559],[8.76893,52.17593],[8.76868,52.17599],[8.76854,52.1761],[8.76816,52.17656],[8.76804,52.17675],[8.76804,52.17711],[8.76914,52.17806],[8.77009,52.17928],[8.77025,52.17938],[8.76985,52.17957],[8.7704,52.18058],[8.77092,52.18116],[8.77121,52.18185],[8.77121,52.18524],[8.77166,52.18527]]]}},{"type":"Feature","properties":{"slice":"ura","kind":"wald"},"geometry":{"type":"Polygon","coordinates":[[[8.76953,52.18183],[8.76815,52.18174],[8.76731,52.18175],[8.76683,52.18191],[8.76429,52.18099],[8.76525,52.1803],[8.7654,52.17997],[8.76555,52.17991],[8.76575,52.17993],[8.76619,52.17957],[8.7657,52.17946],[8.76564,52.17924],[8.76679,52.17909],[8.76684,52.17859],[8.76788,52.17859],[8.76819,52.17827],[8.76723,52.17828],[8.76689,52.17823],[8.76682,52.17795],[8.76599,52.17804],[8.76567,52.17866],[8.76524,52.17863],[8.765,52.17911],[8.76509,52.17936],[8.76505,52.17964],[8.76419,52.17916],[8.76488,52.17844],[8.76466,52.17838],[8.76333,52.17867],[8.76157,52.17855],[8.76182,52.17945],[8.76231,52.18031],[8.76343,52.18116],[8.76619,52.18213],[8.76614,52.18254],[8.76775,52.18244],[8.7682,52.18218],[8.76953,52.18214],[8.76953,52.18183]],[[8.76483,52.18016],[8.76457,52.18031],[8.76347,52.18005],[8.76268,52.17976],[8.76321,52.1795],[8.76371,52.17954],[8.76396,52.17941],[8.76506,52.17985],[8.76483,52.18016]]]}},{"type":"Feature","properties":{"slice":"ura","kind":"wald"},"geometry":{"type":"Polygon","coordinates":[[[8.7564,52.18449],[8.75697,52.18397],[8.75707,52.18381],[8.75697,52.18369],[8.75658,52.18364],[8.75586,52.18444],[8.75549,52.18449],[8.75551,52.18439],[8.75613,52.18388],[8.75599,52.18382],[8.75493,52.18417],[8.75419,52.18464],[8.75418,52.18504],[8.75335,52.18537],[8.7535,52.18566],[8.75231,52.18609],[8.75241,52.18617],[8.75276,52.18623],[8.75313,52.18617],[8.7564,52.18449]]]}},{"type":"Feature","properties":{"slice":"ura","kind":"wald"},"geometry":{"type":"Polygon","coordinates":[[[8.75456,52.18285],[8.7547,52.18255],[8.75458,52.18249],[8.75238,52.18322],[8.75178,52.1828],[8.75131,52.183],[8.75177,52.1836],[8.75198,52.18415],[8.75475,52.18314],[8.75456,52.18285]]]}},{"type":"Feature","properties":{"slice":"ura","kind":"wald"},"geometry":{"type":"Polygon","coordinates":[[[8.75183,52.18588],[8.75152,52.18573],[8.75047,52.18379],[8.74982,52.18355],[8.74973,52.18308],[8.74881,52.18225],[8.7477,52.18141],[8.74739,52.1814],[8.74731,52.18166],[8.74845,52.18237],[8.74938,52.1833],[8.74748,52.18297],[8.74733,52.18327],[8.74656,52.18311],[8.74622,52.1838],[8.74667,52.18414],[8.74695,52.18401],[8.74734,52.18445],[8.74784,52.18467],[8.74824,52.18467],[8.74855,52.18455],[8.74781,52.18332],[8.74937,52.18359],[8.75011,52.18449],[8.75035,52.18441],[8.75089,52.18531],[8.75087,52.18559],[8.75049,52.18573],[8.75064,52.186],[8.75024,52.18608],[8.75037,52.18624],[8.75099,52.18632],[8.75077,52.18651],[8.75109,52.18664],[8.75132,52.18662],[8.75194,52.18609],[8.75183,52.18588]]]}},{"type":"Feature","properties":{"slice":"ura","kind":"wald"},"geometry":{"type":"Polygon","coordinates":[[[8.74684,52.18814],[8.74632,52.18762],[8.74618,52.18728],[8.74597,52.18731],[8.74509,52.18774],[8.74683,52.18836],[8.74684,52.18814]]]}},{"type":"Feature","properties":{"slice":"ura","kind":"wald"},"geometry":{"type":"Polygon","coordinates":[[[8.74379,52.18919],[8.74412,52.18885],[8.74448,52.18819],[8.74385,52.18761],[8.74371,52.18656],[8.74332,52.18567],[8.74361,52.18553],[8.74181,52.18394],[8.74218,52.18367],[8.74318,52.18335],[8.74358,52.1833],[8.74325,52.18291],[8.74227,52.18301],[8.74125,52.18358],[8.74168,52.1844],[8.74132,52.18446],[8.74129,52.18465],[8.74156,52.18487],[8.74232,52.18528],[8.74268,52.18559],[8.74273,52.18578],[8.74214,52.18562],[8.74218,52.18585],[8.74207,52.18597],[8.7428,52.18623],[8.74297,52.18742],[8.74286,52.18851],[8.74327,52.1892],[8.74364,52.18953],[8.74379,52.18919]]]}},{"type":"Feature","properties":{"slice":"ura","kind":"wald"},"geometry":{"type":"Polygon","coordinates":[[[8.73498,52.19653],[8.735,52.19593],[8.73313,52.19567],[8.73338,52.19502],[8.73313,52.19501],[8.73255,52.19526],[8.73144,52.19558],[8.7314,52.1958],[8.73106,52.19593],[8.73116,52.19659],[8.73045,52.19666],[8.73042,52.19711],[8.73114,52.19726],[8.73194,52.19731],[8.73247,52.1972],[8.73309,52.19696],[8.73411,52.19687],[8.73488,52.19673],[8.73498,52.19653]]]}},{"type":"Feature","properties":{"slice":"ura","kind":"wald"},"geometry":{"type":"Polygon","coordinates":[[[8.72991,52.19152],[8.73043,52.19148],[8.73035,52.19104],[8.73093,52.19116],[8.73201,52.19099],[8.73159,52.19077],[8.732,52.19024],[8.73206,52.18969],[8.732,52.18932],[8.73165,52.18869],[8.73159,52.18834],[8.73144,52.18807],[8.73163,52.18799],[8.73189,52.18808],[8.73207,52.18796],[8.73153,52.18769],[8.7311,52.187],[8.73086,52.18711],[8.731,52.18759],[8.73045,52.18773],[8.73007,52.18773],[8.72994,52.18762],[8.72989,52.18738],[8.72997,52.18706],[8.72988,52.18696],[8.72956,52.18701],[8.72951,52.18742],[8.72966,52.1881],[8.72891,52.18863],[8.72934,52.18882],[8.72964,52.18866],[8.72999,52.18874],[8.73085,52.18853],[8.73108,52.19],[8.73131,52.19007],[8.73115,52.19021],[8.73101,52.19019],[8.73062,52.19051],[8.73027,52.19069],[8.72989,52.19076],[8.72921,52.19074],[8.7292,52.19117],[8.72933,52.19147],[8.72991,52.19152]]]}},{"type":"Feature","properties":{"slice":"ura","kind":"wald"},"geometry":{"type":"Polygon","coordinates":[[[8.71667,52.19608],[8.71561,52.19511],[8.71607,52.19477],[8.71581,52.19433],[8.7153,52.19458],[8.71513,52.19459],[8.71506,52.19412],[8.71553,52.19391],[8.71505,52.19362],[8.71505,52.1933],[8.7142,52.19322],[8.71393,52.19329],[8.71376,52.1934],[8.7135,52.19344],[8.7135,52.19382],[8.71276,52.19347],[8.71259,52.19352],[8.71262,52.19372],[8.7135,52.19418],[8.71355,52.19429],[8.71428,52.19456],[8.71494,52.19522],[8.71531,52.19535],[8.71575,52.19564],[8.71597,52.19593],[8.7166,52.19623],[8.71667,52.19608]]]}},{"type":"Feature","properties":{"slice":"ura","kind":"wald"},"geometry":{"type":"Polygon","coordinates":[[[8.70843,52.1887],[8.70809,52.18892],[8.70681,52.18901],[8.70744,52.1893],[8.70704,52.18975],[8.70622,52.18983],[8.70631,52.19014],[8.70609,52.19029],[8.70593,52.1898],[8.70567,52.18946],[8.70522,52.18926],[8.70514,52.18991],[8.70496,52.19039],[8.7062,52.19073],[8.70654,52.1906],[8.70686,52.19061],[8.70695,52.19041],[8.7087,52.18896],[8.70843,52.1887]]]}},{"type":"Feature","properties":{"slice":"ura","kind":"wald"},"geometry":{"type":"Polygon","coordinates":[[[8.70487,52.18863],[8.70666,52.18785],[8.70568,52.18754],[8.70724,52.18497],[8.70811,52.18411],[8.70808,52.18385],[8.7076,52.18392],[8.70725,52.18381],[8.70667,52.18378],[8.70655,52.18405],[8.70671,52.1842],[8.70664,52.18437],[8.70612,52.18438],[8.7059,52.1846],[8.7062,52.18469],[8.70588,52.18509],[8.70572,52.18577],[8.70539,52.18596],[8.70526,52.18613],[8.70481,52.18637],[8.70496,52.18657],[8.70489,52.18671],[8.70418,52.18738],[8.70429,52.18756],[8.70412,52.18767],[8.70389,52.18772],[8.70189,52.18754],[8.70159,52.18797],[8.70197,52.18811],[8.7022,52.18812],[8.70244,52.18799],[8.70285,52.18845],[8.701,52.18967],[8.70042,52.18977],[8.6995,52.18972],[8.69948,52.19004],[8.70043,52.19018],[8.70118,52.19047],[8.70123,52.1903],[8.70253,52.18978],[8.70317,52.18921],[8.70325,52.18895],[8.70381,52.18899],[8.70487,52.18863]]]}},{"type":"Feature","properties":{"slice":"ura","kind":"wald"},"geometry":{"type":"Polygon","coordinates":[[[8.69447,52.18288],[8.69281,52.18264],[8.6931,52.18319],[8.69222,52.18331],[8.69385,52.1838],[8.6942,52.18346],[8.69447,52.18288]]]}},{"type":"Feature","properties":{"slice":"ura","kind":"wald"},"geometry":{"type":"Polygon","coordinates":[[[8.68621,52.19778],[8.68616,52.19764],[8.68389,52.1978],[8.68388,52.19769],[8.68302,52.19781],[8.68245,52.19795],[8.68412,52.19842],[8.6846,52.19865],[8.68477,52.19864],[8.68488,52.19826],[8.68593,52.1983],[8.68621,52.19778]]]}},{"type":"Feature","properties":{"slice":"ura","kind":"wald"},"geometry":{"type":"Polygon","coordinates":[[[8.67817,52.18285],[8.67727,52.18235],[8.67695,52.18247],[8.67666,52.18213],[8.67708,52.18176],[8.67678,52.18147],[8.67636,52.18122],[8.67631,52.18111],[8.67513,52.18144],[8.67514,52.18163],[8.6754,52.18173],[8.67575,52.18198],[8.67556,52.18212],[8.6757,52.18283],[8.67639,52.18313],[8.67722,52.18309],[8.6775,52.18321],[8.67794,52.18312],[8.67817,52.18285]]]}},{"type":"Feature","properties":{"slice":"ura","kind":"wald"},"geometry":{"type":"Polygon","coordinates":[[[8.67925,52.17022],[8.67954,52.17036],[8.67946,52.1702],[8.67957,52.16878],[8.67975,52.1686],[8.67928,52.16856],[8.67902,52.16877],[8.67831,52.16882],[8.67822,52.16894],[8.67825,52.16943],[8.67811,52.16956],[8.67823,52.17002],[8.67925,52.17022]]]}},{"type":"Feature","properties":{"slice":"ura","kind":"wald"},"geometry":{"type":"Polygon","coordinates":[[[8.67647,52.16829],[8.67554,52.16856],[8.67696,52.16974],[8.6775,52.16973],[8.67765,52.16941],[8.67758,52.16883],[8.67647,52.16829]]]}},{"type":"Feature","properties":{"slice":"ura","kind":"wald"},"geometry":{"type":"Polygon","coordinates":[[[8.67613,52.16748],[8.67713,52.16784],[8.67797,52.16798],[8.67829,52.16813],[8.67862,52.16817],[8.67929,52.16804],[8.67923,52.16777],[8.67986,52.16763],[8.67979,52.16742],[8.6786,52.16742],[8.67873,52.16711],[8.67854,52.16708],[8.6781,52.16723],[8.67706,52.16719],[8.67667,52.16716],[8.67636,52.16689],[8.67613,52.16748]]]}},{"type":"Feature","properties":{"slice":"ura","kind":"wald"},"geometry":{"type":"Polygon","coordinates":[[[8.68721,52.16628],[8.68606,52.16603],[8.68575,52.16659],[8.68631,52.16669],[8.68657,52.16684],[8.68686,52.16688],[8.68721,52.16628]]]}},{"type":"Feature","properties":{"slice":"ura","kind":"wald"},"geometry":{"type":"Polygon","coordinates":[[[8.68663,52.16552],[8.68697,52.16542],[8.68728,52.16541],[8.68746,52.16552],[8.6881,52.16475],[8.68962,52.16429],[8.68937,52.16369],[8.69045,52.16338],[8.68998,52.16191],[8.68913,52.16184],[8.68921,52.16136],[8.68941,52.16108],[8.68924,52.16091],[8.68891,52.16087],[8.68881,52.16049],[8.68847,52.1605],[8.68861,52.16103],[8.68803,52.16185],[8.68798,52.16197],[8.68816,52.16216],[8.68789,52.16248],[8.68793,52.16281],[8.68851,52.16287],[8.68852,52.16298],[8.68785,52.16432],[8.6875,52.16467],[8.68642,52.16537],[8.68663,52.16552]]]}},{"type":"Feature","properties":{"slice":"ura","kind":"wald"},"geometry":{"type":"Polygon","coordinates":[[[8.69721,52.16306],[8.69768,52.16262],[8.69808,52.16272],[8.69823,52.16267],[8.69798,52.16237],[8.69821,52.16203],[8.69918,52.16221],[8.69891,52.1628],[8.6994,52.16286],[8.70045,52.16147],[8.7016,52.16158],[8.70062,52.16292],[8.70059,52.1631],[8.70031,52.16329],[8.70084,52.1644],[8.7029,52.16429],[8.70406,52.16434],[8.70439,52.16428],[8.70434,52.16412],[8.70169,52.16406],[8.70129,52.16348],[8.70135,52.16319],[8.70175,52.16279],[8.70229,52.16255],[8.70206,52.16225],[8.70205,52.16204],[8.70233,52.16155],[8.70231,52.1613],[8.70177,52.1613],[8.70183,52.161],[8.70108,52.16101],[8.70104,52.16074],[8.70306,52.16063],[8.70302,52.16025],[8.70241,52.15999],[8.70076,52.15991],[8.69949,52.15994],[8.69848,52.1604],[8.6991,52.16057],[8.69837,52.16147],[8.69716,52.16103],[8.69666,52.16163],[8.69637,52.16223],[8.69655,52.16276],[8.69642,52.16314],[8.69721,52.16306]]]}},{"type":"Feature","properties":{"slice":"ura","kind":"wald"},"geometry":{"type":"Polygon","coordinates":[[[8.69207,52.15796],[8.69223,52.15831],[8.69196,52.15854],[8.69223,52.15888],[8.69244,52.15858],[8.69349,52.15807],[8.69431,52.15788],[8.69461,52.15814],[8.69471,52.15838],[8.69515,52.15831],[8.69534,52.15859],[8.69581,52.15818],[8.69619,52.15835],[8.69626,52.15831],[8.69591,52.15718],[8.69785,52.15702],[8.69793,52.15742],[8.69741,52.15754],[8.69761,52.15788],[8.69821,52.15789],[8.69849,52.15833],[8.69883,52.15857],[8.69889,52.15893],[8.6991,52.15926],[8.70126,52.15785],[8.7013,52.15769],[8.70049,52.15727],[8.70086,52.15672],[8.70144,52.15746],[8.70122,52.15599],[8.70102,52.15551],[8.70241,52.15558],[8.7033,52.15627],[8.70528,52.15514],[8.70585,52.15431],[8.70662,52.15429],[8.7074,52.15419],[8.70806,52.1533],[8.70839,52.15327],[8.70867,52.1531],[8.70909,52.15309],[8.70946,52.15275],[8.70768,52.15278],[8.70432,52.15213],[8.7043,52.15204],[8.70441,52.15198],[8.70648,52.15205],[8.70671,52.15195],[8.70578,52.15134],[8.70441,52.15072],[8.70482,52.15047],[8.70278,52.14953],[8.70165,52.14914],[8.70089,52.14896],[8.70106,52.14888],[8.69874,52.1473],[8.69809,52.14661],[8.69903,52.14655],[8.6991,52.14645],[8.70009,52.14653],[8.70089,52.14667],[8.70088,52.14632],[8.70169,52.14628],[8.70158,52.14607],[8.69927,52.14586],[8.69886,52.1451],[8.69759,52.14552],[8.69728,52.14581],[8.69466,52.14554],[8.69513,52.14504],[8.69461,52.14494],[8.69403,52.14527],[8.69377,52.14508],[8.69538,52.14394],[8.69442,52.14338],[8.69549,52.14237],[8.69653,52.14103],[8.6968,52.14041],[8.69617,52.1396],[8.69564,52.13911],[8.69511,52.13949],[8.69518,52.13996],[8.69633,52.14054],[8.69533,52.14087],[8.69465,52.14147],[8.69431,52.14191],[8.69363,52.14212],[8.69122,52.1425],[8.69083,52.14279],[8.69151,52.14471],[8.69115,52.1448],[8.69066,52.1447],[8.69075,52.14437],[8.69003,52.14293],[8.68812,52.14363],[8.68651,52.1431],[8.68581,52.14459],[8.68528,52.14484],[8.68605,52.145],[8.68751,52.14499],[8.68965,52.1453],[8.69146,52.14522],[8.69168,52.14567],[8.69798,52.1462],[8.69818,52.14631],[8.69644,52.14628],[8.69404,52.14607],[8.69203,52.14596],[8.6885,52.14537],[8.68752,52.14572],[8.6887,52.14582],[8.68648,52.14638],[8.68664,52.14713],[8.68401,52.1474],[8.68397,52.1468],[8.68295,52.14684],[8.67925,52.1465],[8.67752,52.14692],[8.67763,52.14714],[8.67851,52.14699],[8.67952,52.14692],[8.68017,52.14701],[8.67985,52.14819],[8.68018,52.14828],[8.68029,52.14807],[8.6825,52.1483],[8.68212,52.14968],[8.68092,52.14968],[8.68063,52.15145],[8.68029,52.15266],[8.6805,52.15297],[8.6805,52.15321],[8.68068,52.15331],[8.68063,52.15346],[8.68001,52.15346],[8.67996,52.15353],[8.67973,52.15357],[8.6797,52.1537],[8.67856,52.15361],[8.67867,52.15394],[8.68041,52.1539],[8.68149,52.15363],[8.68237,52.15352],[8.68282,52.15367],[8.68327,52.15412],[8.68202,52.15443],[8.68237,52.15474],[8.68239,52.15509],[8.68314,52.15516],[8.68408,52.15534],[8.68475,52.15554],[8.68478,52.15574],[8.68419,52.15581],[8.68295,52.15573],[8.68266,52.15551],[8.68231,52.15547],[8.68228,52.15561],[8.68096,52.15568],[8.68115,52.15603],[8.68196,52.15607],[8.68252,52.15592],[8.6831,52.15597],[8.68357,52.15611],[8.68306,52.15631],[8.68275,52.15625],[8.68228,52.15647],[8.68189,52.15638],[8.68147,52.15643],[8.68192,52.157],[8.68216,52.1578],[8.68269,52.15684],[8.68347,52.15645],[8.68552,52.15586],[8.68385,52.15474],[8.68479,52.15461],[8.68633,52.15458],[8.68679,52.15476],[8.68877,52.15495],[8.68949,52.15479],[8.68988,52.15451],[8.68995,52.15417],[8.69094,52.15418],[8.69093,52.15398],[8.68945,52.15386],[8.68932,52.15365],[8.68927,52.15314],[8.68849,52.15321],[8.68795,52.1527],[8.68841,52.15219],[8.68889,52.15252],[8.68919,52.15235],[8.68954,52.15247],[8.68979,52.15234],[8.68939,52.15153],[8.68779,52.15191],[8.6871,52.15196],[8.68689,52.15079],[8.68739,52.15077],[8.6882,52.15061],[8.68847,52.14945],[8.68866,52.14936],[8.6892,52.14927],[8.68952,52.14959],[8.68986,52.15011],[8.69031,52.15023],[8.69114,52.15014],[8.69181,52.15101],[8.69103,52.15116],[8.69225,52.15286],[8.69269,52.15289],[8.6937,52.1535],[8.69427,52.15367],[8.69395,52.15395],[8.69349,52.15368],[8.69255,52.15361],[8.69237,52.15384],[8.6927,52.15431],[8.69265,52.15471],[8.69155,52.15502],[8.68956,52.15529],[8.68748,52.15537],[8.68766,52.15583],[8.6872,52.15651],[8.68597,52.15722],[8.68577,52.15682],[8.68538,52.15644],[8.68514,52.15633],[8.68521,52.15742],[8.68446,52.15813],[8.68405,52.15903],[8.68456,52.15912],[8.68507,52.15859],[8.6863,52.15785],[8.68718,52.15768],[8.68772,52.15768],[8.68805,52.15777],[8.68813,52.15787],[8.68792,52.15978],[8.68841,52.15983],[8.68912,52.15946],[8.68992,52.15936],[8.69075,52.15833],[8.69145,52.15693],[8.69306,52.15606],[8.69353,52.15592],[8.69367,52.15603],[8.69415,52.15687],[8.69413,52.15716],[8.69298,52.15766],[8.69207,52.15796]],[[8.6951,52.15654],[8.69508,52.15627],[8.69526,52.1555],[8.69631,52.15549],[8.69662,52.1553],[8.69694,52.15447],[8.69783,52.15449],[8.69798,52.15421],[8.69833,52.15426],[8.69707,52.1564],[8.69595,52.15629],[8.6951,52.15654]],[[8.68503,52.15121],[8.68492,52.15098],[8.68493,52.1506],[8.68532,52.14993],[8.68574,52.14989],[8.6861,52.15097],[8.68503,52.15121]],[[8.69022,52.15832],[8.68945,52.15925],[8.68902,52.15922],[8.68887,52.15885],[8.68936,52.15835],[8.6894,52.15811],[8.68956,52.1579],[8.69008,52.15792],[8.69022,52.15832]],[[8.70024,52.15378],[8.70151,52.15383],[8.70133,52.1543],[8.70026,52.15426],[8.70024,52.15378]]]}},{"type":"Feature","properties":{"slice":"ura","kind":"wald"},"geometry":{"type":"Polygon","coordinates":[[[8.68128,52.16012],[8.68077,52.16024],[8.67931,52.15973],[8.67987,52.15822],[8.67968,52.15823],[8.67915,52.15932],[8.6785,52.16],[8.67927,52.16004],[8.68005,52.16022],[8.68078,52.16068],[8.68084,52.1608],[8.68112,52.16062],[8.68132,52.16076],[8.68106,52.16085],[8.68105,52.16104],[8.68081,52.16132],[8.68146,52.16124],[8.68216,52.16132],[8.6826,52.16149],[8.68277,52.16111],[8.68222,52.16094],[8.68142,52.16052],[8.68184,52.15984],[8.68163,52.15976],[8.68128,52.16012]]]}},{"type":"Feature","properties":{"slice":"ura","kind":"wald"},"geometry":{"type":"Polygon","coordinates":[[[8.67209,52.1638],[8.67155,52.16412],[8.67125,52.16466],[8.67193,52.1651],[8.67194,52.16554],[8.67183,52.16568],[8.67221,52.16578],[8.67271,52.16582],[8.67315,52.16571],[8.67347,52.16554],[8.67342,52.1654],[8.67256,52.16559],[8.67217,52.1655],[8.6723,52.16515],[8.67266,52.165],[8.67289,52.16399],[8.67304,52.16391],[8.67227,52.16357],[8.67209,52.1638]]]}},{"type":"Feature","properties":{"slice":"ura","kind":"wald"},"geometry":{"type":"Polygon","coordinates":[[[8.68592,52.16887],[8.68545,52.16839],[8.68482,52.16859],[8.68441,52.16852],[8.68387,52.16917],[8.68429,52.16929],[8.68474,52.16889],[8.68515,52.16895],[8.68559,52.16912],[8.68575,52.16925],[8.6865,52.16923],[8.68652,52.16896],[8.68592,52.16887]]]}},{"type":"Feature","properties":{"slice":"ura","kind":"wald"},"geometry":{"type":"Polygon","coordinates":[[[8.69078,52.16745],[8.69093,52.16777],[8.6918,52.16776],[8.69222,52.16801],[8.69256,52.1686],[8.69272,52.16953],[8.69402,52.17222],[8.69449,52.17298],[8.69432,52.17315],[8.69462,52.17366],[8.6951,52.17411],[8.69602,52.17433],[8.69615,52.17426],[8.69537,52.17384],[8.69543,52.17353],[8.69514,52.17331],[8.69529,52.17312],[8.69517,52.17281],[8.69564,52.17259],[8.69498,52.17224],[8.69485,52.17256],[8.69456,52.1726],[8.69419,52.17194],[8.69397,52.17109],[8.69361,52.17035],[8.693,52.16975],[8.69291,52.16862],[8.69262,52.16826],[8.69224,52.1674],[8.69174,52.16745],[8.6917,52.16708],[8.69114,52.16715],[8.69049,52.16714],[8.69078,52.16745]]]}},{"type":"Feature","properties":{"slice":"ura","kind":"wald"},"geometry":{"type":"Polygon","coordinates":[[[8.69179,52.16641],[8.69162,52.16579],[8.69128,52.16585],[8.691,52.16603],[8.69043,52.16618],[8.69019,52.16638],[8.69164,52.16647],[8.69179,52.16641]]]}},{"type":"Feature","properties":{"slice":"ura","kind":"wald"},"geometry":{"type":"Polygon","coordinates":[[[8.69865,52.16398],[8.69892,52.16358],[8.69771,52.1634],[8.69729,52.16383],[8.69865,52.16398]]]}},{"type":"Feature","properties":{"slice":"ura","kind":"wald"},"geometry":{"type":"Polygon","coordinates":[[[8.71113,52.16126],[8.71045,52.16116],[8.70937,52.16087],[8.70827,52.16095],[8.70782,52.16105],[8.70729,52.16152],[8.70782,52.1618],[8.70966,52.1619],[8.71024,52.16188],[8.71057,52.16161],[8.71116,52.16175],[8.71128,52.16157],[8.71113,52.16126]]]}},{"type":"Feature","properties":{"slice":"ura","kind":"wald"},"geometry":{"type":"Polygon","coordinates":[[[8.71586,52.167],[8.71482,52.16576],[8.71536,52.1655],[8.71352,52.16473],[8.71282,52.16436],[8.71211,52.1644],[8.71166,52.16451],[8.71136,52.16446],[8.71079,52.16457],[8.71019,52.16457],[8.70946,52.16466],[8.70914,52.16478],[8.70782,52.16558],[8.70785,52.16569],[8.70878,52.1655],[8.70932,52.16554],[8.71073,52.16515],[8.71142,52.16505],[8.71271,52.16511],[8.71359,52.16551],[8.71386,52.16576],[8.71383,52.16599],[8.71496,52.16676],[8.71508,52.16713],[8.71545,52.16719],[8.71558,52.16754],[8.71576,52.16756],[8.71602,52.16748],[8.71586,52.167]]]}},{"type":"Feature","properties":{"slice":"ura","kind":"wald"},"geometry":{"type":"Polygon","coordinates":[[[8.7182,52.1607],[8.7176,52.16135],[8.71784,52.16144],[8.71831,52.16124],[8.71872,52.16133],[8.71886,52.16148],[8.72105,52.16165],[8.72203,52.16153],[8.72397,52.16142],[8.72613,52.16106],[8.7281,52.16046],[8.73156,52.15929],[8.7313,52.15915],[8.73074,52.15937],[8.72914,52.15939],[8.72873,52.15963],[8.72816,52.15983],[8.72763,52.16026],[8.72698,52.16033],[8.72635,52.16075],[8.72514,52.16099],[8.72481,52.1612],[8.72452,52.16126],[8.72391,52.1613],[8.72359,52.16075],[8.72358,52.1604],[8.72428,52.15986],[8.72388,52.15762],[8.72299,52.15767],[8.72272,52.15731],[8.72166,52.1576],[8.72098,52.1579],[8.72118,52.159],[8.72228,52.15891],[8.7223,52.16085],[8.72227,52.16103],[8.72207,52.16127],[8.72185,52.16135],[8.72123,52.16132],[8.72108,52.16141],[8.71909,52.16135],[8.71893,52.16128],[8.71886,52.16116],[8.71913,52.16056],[8.71967,52.15991],[8.72055,52.15908],[8.72043,52.15865],[8.72018,52.15864],[8.72,52.15896],[8.71924,52.15974],[8.71867,52.15985],[8.71839,52.15982],[8.7182,52.1607]]]}},{"type":"Feature","properties":{"slice":"ura","kind":"wald"},"geometry":{"type":"Polygon","coordinates":[[[8.72267,52.15453],[8.72288,52.15417],[8.72189,52.15352],[8.72072,52.15295],[8.71602,52.15152],[8.71458,52.15102],[8.71514,52.15163],[8.71471,52.15195],[8.71429,52.15201],[8.7143,52.1522],[8.71416,52.1523],[8.71429,52.15253],[8.71477,52.15251],[8.71496,52.15291],[8.71525,52.15321],[8.71563,52.15308],[8.71593,52.15285],[8.71632,52.15234],[8.7174,52.15236],[8.71775,52.1527],[8.71756,52.15333],[8.71847,52.15316],[8.71914,52.15401],[8.72025,52.15378],[8.72062,52.15447],[8.72047,52.15456],[8.72118,52.15457],[8.72137,52.15474],[8.72087,52.15513],[8.72024,52.15518],[8.71993,52.15491],[8.71933,52.15482],[8.71861,52.15505],[8.71816,52.15507],[8.71771,52.15487],[8.71758,52.15474],[8.71768,52.15465],[8.71764,52.15437],[8.717,52.15431],[8.71703,52.15381],[8.71585,52.15421],[8.7175,52.15491],[8.71772,52.15536],[8.7181,52.15566],[8.71862,52.15558],[8.71887,52.15586],[8.71856,52.1562],[8.71829,52.15617],[8.71756,52.15628],[8.71766,52.15659],[8.71927,52.15642],[8.72137,52.1561],[8.72266,52.1557],[8.72267,52.15453]]]}},{"type":"Feature","properties":{"slice":"ura","kind":"wald"},"geometry":{"type":"Polygon","coordinates":[[[8.71796,52.14894],[8.71674,52.14885],[8.71642,52.14855],[8.71579,52.14839],[8.71526,52.14797],[8.71419,52.1478],[8.71406,52.14888],[8.71304,52.14988],[8.71223,52.14958],[8.71171,52.15052],[8.71255,52.15073],[8.71361,52.15],[8.7158,52.1508],[8.7172,52.15009],[8.71826,52.14936],[8.71786,52.14917],[8.71796,52.14894]]]}},{"type":"Feature","properties":{"slice":"ura","kind":"wald"},"geometry":{"type":"Polygon","coordinates":[[[8.71002,52.14967],[8.71014,52.14821],[8.70901,52.14802],[8.7084,52.14803],[8.70823,52.14876],[8.70941,52.14974],[8.70968,52.15003],[8.70969,52.15028],[8.71055,52.15019],[8.71002,52.14967]]]}},{"type":"Feature","properties":{"slice":"ura","kind":"wald"},"geometry":{"type":"Polygon","coordinates":[[[8.70551,52.14947],[8.70519,52.14863],[8.70538,52.14828],[8.70578,52.14784],[8.70532,52.14759],[8.70426,52.14761],[8.7037,52.14703],[8.70245,52.1479],[8.7033,52.1489],[8.70399,52.14885],[8.7043,52.14951],[8.70537,52.14994],[8.70551,52.14947]]]}},{"type":"Feature","properties":{"slice":"ura","kind":"wald"},"geometry":{"type":"Polygon","coordinates":[[[8.71029,52.15792],[8.71038,52.15744],[8.70975,52.15758],[8.70795,52.15723],[8.70775,52.15676],[8.7075,52.15673],[8.70711,52.1568],[8.70666,52.15669],[8.70638,52.15651],[8.70645,52.15632],[8.70683,52.15621],[8.70649,52.15608],[8.70638,52.1561],[8.70625,52.15563],[8.70527,52.15637],[8.70475,52.15693],[8.7055,52.15753],[8.70617,52.1572],[8.70668,52.15721],[8.70841,52.15756],[8.70993,52.15807],[8.70954,52.15857],[8.71017,52.15882],[8.71044,52.1585],[8.71029,52.15792]]]}},{"type":"Feature","properties":{"slice":"ura","kind":"wald"},"geometry":{"type":"Polygon","coordinates":[[[8.70883,52.14414],[8.70817,52.144],[8.70743,52.14396],[8.70684,52.144],[8.70645,52.14435],[8.70612,52.14483],[8.70605,52.14532],[8.70708,52.14551],[8.70739,52.14481],[8.70826,52.1452],[8.70864,52.14514],[8.70913,52.14431],[8.70883,52.14414]]]}},{"type":"Feature","properties":{"slice":"ura","kind":"wald"},"geometry":{"type":"Polygon","coordinates":[[[8.69674,52.1382],[8.69646,52.13737],[8.69657,52.13718],[8.69573,52.13544],[8.6937,52.13409],[8.69225,52.13331],[8.69099,52.13331],[8.69488,52.13791],[8.69674,52.1382]]]}},{"type":"Feature","properties":{"slice":"ura","kind":"wald"},"geometry":{"type":"Polygon","coordinates":[[[8.68795,52.14272],[8.68817,52.14247],[8.687,52.14231],[8.68608,52.142],[8.68604,52.14179],[8.68738,52.14004],[8.68733,52.1398],[8.68581,52.13946],[8.68421,52.1392],[8.68381,52.13836],[8.68199,52.13826],[8.68172,52.13831],[8.68156,52.13907],[8.68223,52.13908],[8.68247,52.13919],[8.68266,52.13915],[8.68301,52.13922],[8.6839,52.1392],[8.68418,52.13932],[8.68555,52.13959],[8.68559,52.13996],[8.6854,52.14034],[8.68577,52.14051],[8.68582,52.14063],[8.68568,52.14092],[8.68497,52.14182],[8.68401,52.14204],[8.68287,52.14262],[8.68285,52.14288],[8.68265,52.14304],[8.68349,52.14335],[8.68391,52.14294],[8.68363,52.14272],[8.6837,52.14261],[8.68422,52.14225],[8.68546,52.14234],[8.68795,52.14272]]]}},{"type":"Feature","properties":{"slice":"ura","kind":"wald"},"geometry":{"type":"Polygon","coordinates":[[[8.76699,52.14266],[8.76564,52.14305],[8.76508,52.14307],[8.76505,52.14312],[8.76572,52.14338],[8.76607,52.14379],[8.76691,52.14389],[8.76715,52.14369],[8.76739,52.14301],[8.76733,52.14265],[8.76699,52.14266]]]}},{"type":"Feature","properties":{"slice":"ura","kind":"wald"},"geometry":{"type":"Polygon","coordinates":[[[8.77526,52.14659],[8.77528,52.14694],[8.77795,52.14684],[8.7773,52.14633],[8.7764,52.14578],[8.77603,52.14626],[8.77533,52.1465],[8.77526,52.14659]]]}},{"type":"Feature","properties":{"slice":"ura","kind":"wald"},"geometry":{"type":"Polygon","coordinates":[[[8.78362,52.14763],[8.78312,52.14806],[8.78309,52.14846],[8.78365,52.14933],[8.78401,52.14929],[8.78453,52.14861],[8.78403,52.14803],[8.78385,52.14758],[8.78362,52.14763]]]}},{"type":"Feature","properties":{"slice":"ura","kind":"wald"},"geometry":{"type":"MultiPolygon","coordinates":[[[[8.78691,52.14503],[8.78581,52.14504],[8.78499,52.14491],[8.78441,52.14465],[8.78438,52.14439],[8.78508,52.14424],[8.78496,52.14346],[8.784,52.14264],[8.78389,52.14242],[8.7834,52.14238],[8.78326,52.14223],[8.78338,52.14192],[8.78369,52.14171],[8.78374,52.14155],[8.78353,52.14093],[8.7834,52.14078],[8.78241,52.14038],[8.78234,52.14045],[8.78307,52.14255],[8.78371,52.14385],[8.7836,52.14484],[8.78441,52.14512],[8.78561,52.1453],[8.78695,52.14533],[8.78709,52.14518],[8.78691,52.14503]]],[[[8.78548,52.14413],[8.78585,52.14379],[8.78796,52.1437],[8.78825,52.14364],[8.7883,52.14347],[8.78861,52.1435],[8.78853,52.14287],[8.78766,52.14282],[8.78764,52.14312],[8.78664,52.14329],[8.78532,52.14341],[8.78546,52.14371],[8.78548,52.14413]]]]}},{"type":"Feature","properties":{"slice":"ura","kind":"wald"},"geometry":{"type":"Polygon","coordinates":[[[8.803,52.14137],[8.80305,52.14094],[8.80194,52.14047],[8.80089,52.14065],[8.79989,52.14108],[8.80007,52.1414],[8.80076,52.14141],[8.80129,52.14153],[8.80187,52.1418],[8.80253,52.14196],[8.80326,52.14188],[8.803,52.14137]]]}},{"type":"Feature","properties":{"slice":"ura","kind":"wald"},"geometry":{"type":"Polygon","coordinates":[[[8.81054,52.14408],[8.81057,52.14364],[8.81033,52.14346],[8.80968,52.14327],[8.80931,52.14358],[8.80805,52.14594],[8.80828,52.14616],[8.80866,52.14576],[8.80959,52.14408],[8.81054,52.14408]]]}},{"type":"Feature","properties":{"slice":"ura","kind":"wald"},"geometry":{"type":"Polygon","coordinates":[[[8.7535,52.16449],[8.75321,52.16549],[8.75309,52.16566],[8.75604,52.16619],[8.75579,52.16589],[8.75589,52.16568],[8.75627,52.16532],[8.75657,52.16516],[8.7535,52.16449]]]}},{"type":"Feature","properties":{"slice":"ura","kind":"wald"},"geometry":{"type":"Polygon","coordinates":[[[8.76296,52.16606],[8.76211,52.16552],[8.76113,52.16579],[8.75994,52.16574],[8.76077,52.16473],[8.75973,52.16438],[8.75808,52.16368],[8.75801,52.16378],[8.7584,52.1642],[8.75871,52.16477],[8.75896,52.16572],[8.75881,52.16671],[8.75834,52.16728],[8.75777,52.16779],[8.75743,52.16757],[8.7575,52.16711],[8.7572,52.16698],[8.75621,52.16681],[8.75627,52.16653],[8.75605,52.16644],[8.75563,52.16652],[8.75445,52.16766],[8.75234,52.16706],[8.75181,52.16678],[8.75155,52.16638],[8.75054,52.16599],[8.7507,52.16633],[8.75137,52.16665],[8.75167,52.16715],[8.75231,52.16745],[8.75205,52.16767],[8.75243,52.16808],[8.75137,52.16854],[8.75253,52.16879],[8.7526,52.16834],[8.75281,52.16802],[8.75315,52.16794],[8.75364,52.16803],[8.75427,52.16832],[8.7546,52.16883],[8.75495,52.1692],[8.75537,52.16948],[8.75565,52.16927],[8.75626,52.16947],[8.7563,52.16956],[8.75685,52.1693],[8.75732,52.16943],[8.75764,52.16963],[8.75825,52.1698],[8.75777,52.16871],[8.75873,52.16828],[8.75908,52.16792],[8.75926,52.1672],[8.75924,52.16688],[8.75992,52.16683],[8.76005,52.16617],[8.7608,52.16615],[8.7614,52.16621],[8.76185,52.16633],[8.76296,52.16606]]]}},{"type":"Feature","properties":{"slice":"ura","kind":"wald"},"geometry":{"type":"Polygon","coordinates":[[[8.7419,52.17241],[8.74126,52.1723],[8.74062,52.17231],[8.7397,52.17238],[8.73951,52.17247],[8.73932,52.17274],[8.73939,52.17296],[8.73978,52.17341],[8.74025,52.17355],[8.74089,52.17355],[8.74136,52.17338],[8.74167,52.17303],[8.7419,52.17241]]]}},{"type":"Feature","properties":{"slice":"ura","kind":"wald"},"geometry":{"type":"Polygon","coordinates":[[[8.74155,52.17195],[8.74103,52.17139],[8.7403,52.1709],[8.74022,52.17051],[8.73856,52.17019],[8.73767,52.17037],[8.73734,52.17067],[8.73729,52.17123],[8.73719,52.17136],[8.73673,52.1715],[8.73625,52.1718],[8.73713,52.17167],[8.7379,52.17163],[8.73875,52.17175],[8.739,52.17193],[8.73915,52.17197],[8.73983,52.17195],[8.74014,52.172],[8.74155,52.17195]]]}},{"type":"Feature","properties":{"slice":"ura","kind":"wald"},"geometry":{"type":"Polygon","coordinates":[[[8.73624,52.177],[8.73592,52.17683],[8.73543,52.17673],[8.73513,52.1763],[8.73481,52.17613],[8.73415,52.17597],[8.7339,52.17604],[8.73346,52.17633],[8.73282,52.17639],[8.73258,52.17647],[8.73267,52.17678],[8.73423,52.17726],[8.73498,52.17725],[8.73624,52.177]]]}},{"type":"Feature","properties":{"slice":"ura","kind":"wald"},"geometry":{"type":"Polygon","coordinates":[[[8.77882,52.18055],[8.77883,52.17976],[8.77955,52.17954],[8.77939,52.17917],[8.77839,52.17911],[8.77814,52.17918],[8.778,52.17974],[8.77822,52.18042],[8.77882,52.18055]]]}},{"type":"Feature","properties":{"slice":"ura","kind":"wald"},"geometry":{"type":"Polygon","coordinates":[[[8.79958,52.1901],[8.79972,52.18982],[8.79971,52.18914],[8.79942,52.18904],[8.79932,52.18866],[8.79945,52.18795],[8.79987,52.18789],[8.79984,52.18836],[8.80085,52.18815],[8.80119,52.18804],[8.80122,52.18797],[8.80118,52.18789],[8.8005,52.18784],[8.80023,52.18778],[8.79983,52.18757],[8.79928,52.18747],[8.79875,52.18825],[8.7988,52.18876],[8.7991,52.19007],[8.79958,52.1901]]]}},{"type":"Feature","properties":{"slice":"ura","kind":"wald"},"geometry":{"type":"Polygon","coordinates":[[[8.80248,52.1921],[8.80355,52.19139],[8.80368,52.19099],[8.80363,52.19042],[8.80306,52.19004],[8.80274,52.19007],[8.8028,52.19103],[8.80267,52.19147],[8.80196,52.19178],[8.80248,52.1921]]]}},{"type":"Feature","properties":{"slice":"ura","kind":"wald"},"geometry":{"type":"MultiPolygon","coordinates":[[[[8.811,52.19533],[8.81021,52.19494],[8.80946,52.195],[8.80931,52.19511],[8.80963,52.19586],[8.81011,52.1956],[8.81074,52.19545],[8.811,52.19533]]],[[[8.8089,52.19561],[8.80832,52.19566],[8.8081,52.19548],[8.80792,52.19509],[8.807,52.19523],[8.80717,52.19538],[8.80718,52.19559],[8.80781,52.19557],[8.8083,52.19595],[8.80892,52.19593],[8.8089,52.19561]]]]}},{"type":"Feature","properties":{"slice":"ura","kind":"wald"},"geometry":{"type":"Polygon","coordinates":[[[8.72631,52.18855],[8.72635,52.18952],[8.7267,52.18978],[8.72652,52.19002],[8.72658,52.19015],[8.72699,52.19017],[8.72714,52.19009],[8.72716,52.18949],[8.72683,52.1891],[8.72664,52.18858],[8.72631,52.18855]]]}},{"type":"Feature","properties":{"slice":"ura","kind":"wald"},"geometry":{"type":"Polygon","coordinates":[[[8.72304,52.19004],[8.72042,52.19013],[8.72054,52.18824],[8.71988,52.18825],[8.71975,52.18802],[8.71964,52.18811],[8.71972,52.18846],[8.71992,52.18861],[8.71979,52.1889],[8.71934,52.18915],[8.71925,52.18936],[8.71935,52.18966],[8.71927,52.18988],[8.71978,52.19005],[8.71961,52.19019],[8.71752,52.19033],[8.71739,52.19042],[8.71806,52.19075],[8.71817,52.19089],[8.71879,52.19087],[8.71867,52.1905],[8.71896,52.19047],[8.71918,52.1906],[8.72148,52.1904],[8.72175,52.19073],[8.72269,52.19117],[8.72266,52.19143],[8.72313,52.19183],[8.72304,52.19004]]]}},{"type":"Feature","properties":{"slice":"ura","kind":"wald"},"geometry":{"type":"Polygon","coordinates":[[[8.71619,52.18638],[8.71654,52.18546],[8.71625,52.18539],[8.71641,52.18427],[8.71562,52.18428],[8.71562,52.18525],[8.7153,52.1853],[8.71539,52.18591],[8.71534,52.18629],[8.71619,52.18638]]]}},{"type":"Feature","properties":{"slice":"ura","kind":"wald"},"geometry":{"type":"Polygon","coordinates":[[[8.97007,52.22104],[8.96994,52.22123],[8.96998,52.2215],[8.97033,52.2216],[8.97025,52.22206],[8.97046,52.2223],[8.97127,52.22235],[8.97171,52.22219],[8.97186,52.22187],[8.97176,52.22156],[8.97141,52.22118],[8.97038,52.2209],[8.97007,52.22104]]]}},{"type":"Feature","properties":{"slice":"ura","kind":"wald"},"geometry":{"type":"Polygon","coordinates":[[[8.97497,52.22651],[8.9748,52.22678],[8.97492,52.22694],[8.97463,52.22738],[8.97471,52.2277],[8.97487,52.22792],[8.97593,52.22694],[8.97577,52.22658],[8.97537,52.22642],[8.97497,52.22651]]]}},{"type":"Feature","properties":{"slice":"ura","kind":"wald"},"geometry":{"type":"Polygon","coordinates":[[[9.00142,52.21528],[9.00249,52.21513],[9.00449,52.21582],[9.00475,52.21554],[9.0053,52.21564],[9.00523,52.21608],[9.00885,52.21623],[9.01114,52.21657],[9.01072,52.21604],[9.01056,52.21552],[9.01063,52.21505],[9.01043,52.21467],[9.01008,52.21441],[9.00975,52.21404],[9.0114,52.21398],[9.01124,52.21318],[9.01137,52.21261],[9.01205,52.21227],[9.01221,52.21164],[9.00911,52.21134],[9.0073,52.21168],[9.00691,52.21109],[9.00672,52.21049],[9.0061,52.20962],[9.00569,52.20944],[9.00436,52.20986],[9.00307,52.21077],[9.00117,52.21176],[9.00116,52.21111],[8.99766,52.21191],[8.99602,52.21253],[8.99643,52.21284],[8.99648,52.21304],[8.99635,52.21347],[8.99647,52.21371],[8.99596,52.21396],[8.99586,52.21424],[8.99554,52.21433],[8.9943,52.21569],[8.99401,52.21629],[8.99365,52.21643],[8.99372,52.21661],[8.99418,52.21674],[8.99429,52.21694],[8.99411,52.21714],[8.99412,52.21755],[8.99356,52.2174],[8.9929,52.21734],[8.99274,52.21785],[8.99374,52.21796],[8.99415,52.21785],[8.99465,52.21803],[8.99528,52.21813],[8.99599,52.21842],[8.99681,52.21887],[8.99908,52.21838],[8.99954,52.21802],[8.9994,52.21765],[8.99904,52.21756],[8.99878,52.21761],[8.99855,52.21773],[8.99822,52.21771],[8.99802,52.21756],[8.99787,52.21671],[8.99803,52.21652],[8.99841,52.21649],[8.99892,52.21679],[8.99937,52.2172],[8.9998,52.21728],[9.00019,52.21709],[9.00017,52.21682],[9.00044,52.21619],[9.00035,52.21598],[9.00056,52.21563],[9.00108,52.21562],[9.00097,52.21516],[9.00084,52.2151],[9.00142,52.21528]],[[8.99667,52.21699],[8.99561,52.21732],[8.99536,52.21708],[8.99513,52.21654],[8.99504,52.21604],[8.99517,52.21566],[8.99605,52.2158],[8.9964,52.21563],[8.99697,52.21551],[8.99729,52.21558],[8.99736,52.21643],[8.99667,52.21699]]]}},{"type":"Feature","properties":{"slice":"ura","kind":"wald"},"geometry":{"type":"Polygon","coordinates":[[[8.97878,52.21546],[8.97777,52.21543],[8.97701,52.21532],[8.97661,52.21541],[8.9766,52.21559],[8.97728,52.21594],[8.9785,52.21598],[8.97872,52.21584],[8.97878,52.21546]]]}},{"type":"Feature","properties":{"slice":"ura","kind":"wald"},"geometry":{"type":"Polygon","coordinates":[[[8.98533,52.20539],[8.98531,52.20511],[8.98475,52.2048],[8.98252,52.20466],[8.98173,52.20479],[8.98173,52.205],[8.98189,52.20518],[8.98358,52.20533],[8.98459,52.20561],[8.98533,52.20539]]]}},{"type":"Feature","properties":{"slice":"ura","kind":"wald"},"geometry":{"type":"Polygon","coordinates":[[[8.98598,52.20566],[8.986,52.20587],[8.98763,52.20653],[8.9881,52.20641],[8.98862,52.20614],[8.9878,52.20563],[8.98705,52.20552],[8.98598,52.20566]]]}},{"type":"Feature","properties":{"slice":"ura","kind":"wald"},"geometry":{"type":"Polygon","coordinates":[[[8.91091,52.20189],[8.91151,52.20106],[8.91134,52.20042],[8.91092,52.20059],[8.91084,52.20139],[8.90899,52.2014],[8.90857,52.20034],[8.9079,52.20047],[8.9083,52.2013],[8.90898,52.2019],[8.90879,52.20191],[8.90814,52.20237],[8.90689,52.20301],[8.90683,52.20333],[8.90769,52.205],[8.90785,52.20503],[8.90836,52.20575],[8.90848,52.20519],[8.90931,52.2051],[8.90931,52.20482],[8.90986,52.20477],[8.90995,52.20499],[8.91143,52.2051],[8.91224,52.20505],[8.91212,52.20442],[8.9126,52.20409],[8.91237,52.20381],[8.91212,52.2032],[8.91215,52.20275],[8.9128,52.20266],[8.91517,52.2026],[8.9149,52.20232],[8.91424,52.20198],[8.91367,52.2018],[8.91279,52.202],[8.91284,52.20216],[8.91306,52.20231],[8.91261,52.20243],[8.91239,52.20259],[8.91221,52.20251],[8.91241,52.20204],[8.91217,52.20194],[8.91091,52.20189]]]}},{"type":"Feature","properties":{"slice":"ura","kind":"wald"},"geometry":{"type":"Polygon","coordinates":[[[8.91831,52.20312],[8.91819,52.20355],[8.91664,52.20467],[8.91661,52.20482],[8.91639,52.20499],[8.91655,52.20516],[8.91769,52.20451],[8.91836,52.2042],[8.91839,52.20401],[8.91856,52.20394],[8.91948,52.20408],[8.91978,52.20392],[8.91995,52.20362],[8.91962,52.20356],[8.919,52.20358],[8.91901,52.20336],[8.91924,52.2031],[8.91905,52.20287],[8.91819,52.20272],[8.91831,52.20312]]]}},{"type":"Feature","properties":{"slice":"ura","kind":"wald"},"geometry":{"type":"Polygon","coordinates":[[[8.89539,52.19968],[8.89547,52.19945],[8.8953,52.19926],[8.89503,52.19921],[8.89434,52.19954],[8.89383,52.19949],[8.89264,52.19925],[8.89238,52.19936],[8.8918,52.19948],[8.88982,52.199],[8.88942,52.19882],[8.88884,52.19882],[8.88845,52.19899],[8.88827,52.19921],[8.88769,52.19924],[8.88752,52.1995],[8.88759,52.19971],[8.8875,52.19986],[8.88623,52.19988],[8.88601,52.19975],[8.88584,52.19992],[8.886,52.20028],[8.88542,52.20031],[8.88602,52.20091],[8.88526,52.20104],[8.88537,52.20152],[8.88655,52.20192],[8.8869,52.20186],[8.88777,52.20252],[8.88725,52.2028],[8.88759,52.20303],[8.88758,52.20321],[8.88621,52.20311],[8.88749,52.20353],[8.88845,52.20409],[8.88894,52.20412],[8.88929,52.20329],[8.89027,52.20267],[8.89041,52.20245],[8.89035,52.20234],[8.88977,52.2023],[8.88954,52.20204],[8.88938,52.20197],[8.88922,52.20168],[8.88981,52.2015],[8.89037,52.20154],[8.89066,52.20176],[8.89065,52.20193],[8.89094,52.20199],[8.89123,52.20195],[8.89098,52.20138],[8.89207,52.2012],[8.89206,52.20103],[8.89082,52.20077],[8.89052,52.20059],[8.89041,52.20027],[8.89063,52.20013],[8.89172,52.19993],[8.89225,52.20041],[8.89238,52.2006],[8.89227,52.20077],[8.89257,52.20108],[8.89302,52.2013],[8.89344,52.20175],[8.89406,52.20217],[8.89463,52.20171],[8.89574,52.2015],[8.89574,52.20123],[8.89589,52.20087],[8.89541,52.20053],[8.89493,52.20062],[8.89504,52.20085],[8.89544,52.20109],[8.89417,52.20135],[8.89373,52.20153],[8.89356,52.20131],[8.89371,52.2012],[8.89492,52.20102],[8.89449,52.20047],[8.89572,52.20027],[8.89539,52.19968]]]}},{"type":"Feature","properties":{"slice":"ura","kind":"wald"},"geometry":{"type":"Polygon","coordinates":[[[8.8978,52.21362],[8.89692,52.21284],[8.89667,52.21281],[8.89564,52.21186],[8.89502,52.2115],[8.8942,52.21162],[8.8939,52.21158],[8.89338,52.21185],[8.8937,52.21256],[8.89403,52.21293],[8.89411,52.21326],[8.8944,52.21354],[8.89473,52.21422],[8.89578,52.21398],[8.89601,52.21403],[8.89621,52.21436],[8.8978,52.21362]]]}},{"type":"Feature","properties":{"slice":"ura","kind":"wald"},"geometry":{"type":"Polygon","coordinates":[[[8.8881,52.21475],[8.8878,52.21462],[8.88706,52.21476],[8.88655,52.21494],[8.88608,52.21487],[8.8856,52.21489],[8.88549,52.21502],[8.88583,52.21581],[8.88819,52.21555],[8.8881,52.21475]]]}},{"type":"Feature","properties":{"slice":"ura","kind":"wald"},"geometry":{"type":"MultiPolygon","coordinates":[[[[8.57763,52.13338],[8.57886,52.13373],[8.57975,52.13342],[8.57969,52.13331],[8.57935,52.1334],[8.57922,52.13324],[8.57774,52.13323],[8.57763,52.13338]]],[[[8.58019,52.13357],[8.58094,52.13352],[8.581,52.13392],[8.58235,52.13406],[8.5826,52.13365],[8.58367,52.13346],[8.58393,52.13327],[8.58229,52.13333],[8.58224,52.13324],[8.58005,52.13324],[8.58019,52.13357]]]]}},{"type":"Feature","properties":{"slice":"ura","kind":"wald"},"geometry":{"type":"Polygon","coordinates":[[[8.58942,52.13516],[8.58752,52.13495],[8.58727,52.13525],[8.58765,52.1356],[8.58814,52.13575],[8.58847,52.13575],[8.58934,52.13551],[8.58942,52.13516]]]}},{"type":"Feature","properties":{"slice":"ura","kind":"wald"},"geometry":{"type":"Polygon","coordinates":[[[8.59075,52.13853],[8.59043,52.13885],[8.59016,52.13933],[8.59032,52.14032],[8.59045,52.14032],[8.59069,52.14005],[8.59096,52.14006],[8.59122,52.14017],[8.59134,52.1404],[8.59136,52.14066],[8.59159,52.14088],[8.59138,52.141],[8.59129,52.14117],[8.59108,52.14123],[8.59065,52.14113],[8.59065,52.14098],[8.59035,52.14087],[8.58994,52.14108],[8.58992,52.14216],[8.58925,52.14222],[8.58933,52.14254],[8.59144,52.14236],[8.59145,52.14262],[8.5908,52.14271],[8.59047,52.14299],[8.59041,52.14322],[8.59049,52.14368],[8.59284,52.1435],[8.59286,52.14324],[8.59344,52.14319],[8.59343,52.1435],[8.59447,52.14347],[8.5944,52.14379],[8.5947,52.1443],[8.59489,52.1443],[8.59574,52.14369],[8.59546,52.14353],[8.5946,52.14323],[8.59385,52.14304],[8.59376,52.14272],[8.59526,52.14244],[8.59491,52.1417],[8.5931,52.14174],[8.59307,52.14148],[8.59361,52.14145],[8.59367,52.14127],[8.59257,52.14093],[8.59263,52.14085],[8.59252,52.14069],[8.59202,52.14069],[8.59174,52.13962],[8.5913,52.13931],[8.59117,52.13897],[8.59113,52.13833],[8.59075,52.13853]]]}},{"type":"Feature","properties":{"slice":"ura","kind":"wald"},"geometry":{"type":"Polygon","coordinates":[[[8.58555,52.14228],[8.5848,52.14201],[8.58458,52.14223],[8.58411,52.14208],[8.58431,52.14184],[8.58415,52.14177],[8.5838,52.1417],[8.58318,52.14168],[8.58345,52.14198],[8.58299,52.14208],[8.58273,52.14186],[8.58222,52.14204],[8.58241,52.14236],[8.5829,52.14236],[8.58299,52.14263],[8.58205,52.1427],[8.58186,52.14289],[8.58243,52.14303],[8.58311,52.14339],[8.58373,52.14342],[8.58461,52.14372],[8.58456,52.14348],[8.58467,52.14336],[8.58492,52.14336],[8.58514,52.14379],[8.58533,52.1435],[8.58555,52.14228]]]}},{"type":"Feature","properties":{"slice":"ura","kind":"wald"},"geometry":{"type":"Polygon","coordinates":[[[8.57705,52.14076],[8.57755,52.14],[8.57698,52.13991],[8.57755,52.13897],[8.57635,52.13894],[8.57611,52.1395],[8.57611,52.1402],[8.57658,52.14059],[8.57705,52.14076]]]}},{"type":"Feature","properties":{"slice":"ura","kind":"wald"},"geometry":{"type":"Polygon","coordinates":[[[8.57612,52.14199],[8.57439,52.14136],[8.57263,52.14098],[8.57128,52.14062],[8.57121,52.14105],[8.5726,52.14155],[8.57364,52.14183],[8.57409,52.14185],[8.57453,52.1418],[8.57467,52.14192],[8.57476,52.14222],[8.57544,52.1423],[8.57592,52.14249],[8.57612,52.14199]]]}},{"type":"Feature","properties":{"slice":"ura","kind":"wald"},"geometry":{"type":"Polygon","coordinates":[[[8.55546,52.14395],[8.55563,52.14294],[8.55551,52.14278],[8.55343,52.14365],[8.55354,52.14388],[8.55322,52.14396],[8.55296,52.14386],[8.55136,52.14444],[8.55,52.14406],[8.54855,52.14522],[8.55089,52.14529],[8.54903,52.1466],[8.54913,52.14706],[8.55291,52.14498],[8.55546,52.14395]]]}},{"type":"Feature","properties":{"slice":"ura","kind":"wald"},"geometry":{"type":"Polygon","coordinates":[[[8.54815,52.14439],[8.54814,52.14312],[8.54802,52.14269],[8.54706,52.1428],[8.54717,52.14442],[8.54815,52.14439]]]}},{"type":"Feature","properties":{"slice":"ura","kind":"wald"},"geometry":{"type":"Polygon","coordinates":[[[8.54552,52.14713],[8.54525,52.14649],[8.5387,52.14761],[8.53893,52.14822],[8.53891,52.14858],[8.53903,52.14877],[8.53985,52.1486],[8.53994,52.14838],[8.54225,52.14829],[8.54454,52.14788],[8.5455,52.14753],[8.54552,52.14713]]]}},{"type":"Feature","properties":{"slice":"ura","kind":"wald"},"geometry":{"type":"Polygon","coordinates":[[[8.53927,52.14572],[8.53594,52.14598],[8.53546,52.14434],[8.53389,52.14449],[8.5341,52.14582],[8.53443,52.14588],[8.53469,52.14663],[8.53485,52.14772],[8.53618,52.14746],[8.53779,52.14687],[8.53893,52.14627],[8.53927,52.14572]]]}},{"type":"Feature","properties":{"slice":"ura","kind":"wald"},"geometry":{"type":"Polygon","coordinates":[[[8.53724,52.14848],[8.53356,52.14888],[8.5332,52.14897],[8.53357,52.14968],[8.53434,52.14963],[8.5346,52.15011],[8.53585,52.15004],[8.53687,52.14977],[8.53688,52.14885],[8.53729,52.1487],[8.53724,52.14848]]]}},{"type":"Feature","properties":{"slice":"ura","kind":"wald"},"geometry":{"type":"Polygon","coordinates":[[[8.53165,52.14396],[8.53173,52.14329],[8.53202,52.14226],[8.53135,52.14241],[8.53114,52.1424],[8.53073,52.142],[8.53076,52.14072],[8.53066,52.13975],[8.52951,52.13994],[8.52902,52.14013],[8.5293,52.14134],[8.52975,52.14175],[8.5298,52.14231],[8.53019,52.14233],[8.52993,52.14279],[8.52996,52.14344],[8.53027,52.14414],[8.53089,52.14412],[8.53165,52.14396]]]}},{"type":"Feature","properties":{"slice":"ura","kind":"wald"},"geometry":{"type":"Polygon","coordinates":[[[8.53697,52.14117],[8.53676,52.14057],[8.53645,52.14053],[8.53635,52.14034],[8.53567,52.14036],[8.53573,52.14144],[8.53632,52.14162],[8.53692,52.14162],[8.53697,52.14117]]]}},{"type":"Feature","properties":{"slice":"ura","kind":"wald"},"geometry":{"type":"Polygon","coordinates":[[[8.52735,52.14301],[8.52691,52.14363],[8.52594,52.14356],[8.52591,52.14439],[8.52711,52.14448],[8.52725,52.14487],[8.528,52.14484],[8.52795,52.14431],[8.52811,52.14343],[8.52801,52.14306],[8.52758,52.14291],[8.52735,52.14301]]]}},{"type":"Feature","properties":{"slice":"ura","kind":"wald"},"geometry":{"type":"Polygon","coordinates":[[[8.52338,52.14182],[8.52282,52.14183],[8.52195,52.14207],[8.51999,52.14227],[8.51978,52.14158],[8.51927,52.14174],[8.51935,52.14251],[8.51901,52.14294],[8.51893,52.14325],[8.51865,52.14351],[8.51783,52.14374],[8.51811,52.14423],[8.51812,52.14442],[8.51923,52.14448],[8.52013,52.14499],[8.52156,52.14541],[8.52246,52.1454],[8.52315,52.14533],[8.52345,52.14513],[8.52365,52.14482],[8.52347,52.14409],[8.52371,52.1436],[8.52499,52.14363],[8.52338,52.14182]]]}},{"type":"Feature","properties":{"slice":"ura","kind":"wald"},"geometry":{"type":"Polygon","coordinates":[[[8.51489,52.14114],[8.51374,52.14118],[8.51267,52.14108],[8.51242,52.14172],[8.51243,52.14223],[8.5142,52.1423],[8.5152,52.14176],[8.51489,52.14114]]]}},{"type":"Feature","properties":{"slice":"ura","kind":"wald"},"geometry":{"type":"Polygon","coordinates":[[[8.50134,52.13646],[8.5027,52.13655],[8.50311,52.13672],[8.50356,52.13681],[8.50341,52.13752],[8.50308,52.13755],[8.50288,52.13778],[8.50268,52.13864],[8.50272,52.1389],[8.50311,52.13897],[8.5031,52.13929],[8.50285,52.13984],[8.50283,52.14019],[8.50306,52.14047],[8.50483,52.1404],[8.50393,52.13916],[8.50368,52.13915],[8.50331,52.13877],[8.50331,52.13853],[8.50372,52.13788],[8.50403,52.13795],[8.50377,52.13874],[8.50396,52.13901],[8.50451,52.1389],[8.50554,52.13932],[8.50752,52.13853],[8.50735,52.13834],[8.50786,52.13802],[8.50696,52.13758],[8.50502,52.13692],[8.50505,52.13623],[8.50252,52.13609],[8.50248,52.13574],[8.50142,52.13577],[8.50151,52.13453],[8.50055,52.13524],[8.50005,52.13593],[8.49967,52.13679],[8.50007,52.13703],[8.50069,52.13675],[8.50083,52.13688],[8.50095,52.13727],[8.50076,52.13795],[8.50006,52.13817],[8.49844,52.13794],[8.49876,52.13877],[8.49828,52.13882],[8.49803,52.13892],[8.49732,52.13895],[8.49704,52.1395],[8.49643,52.13986],[8.49646,52.14009],[8.49661,52.14028],[8.49637,52.14049],[8.49657,52.1407],[8.49731,52.14114],[8.49755,52.1423],[8.49966,52.1428],[8.49958,52.14243],[8.499,52.14174],[8.49888,52.14065],[8.49909,52.14059],[8.49981,52.14061],[8.50152,52.14086],[8.5015,52.13806],[8.50134,52.13646]]]}},{"type":"Feature","properties":{"slice":"ura","kind":"wald"},"geometry":{"type":"Polygon","coordinates":[[[8.50213,52.13378],[8.50312,52.13378],[8.50347,52.13387],[8.5047,52.13379],[8.50508,52.13379],[8.50519,52.13385],[8.50525,52.13313],[8.50204,52.13312],[8.50213,52.13378]]]}},{"type":"Feature","properties":{"slice":"ura","kind":"wald"},"geometry":{"type":"Polygon","coordinates":[[[8.50781,52.13467],[8.51037,52.13521],[8.51165,52.13565],[8.5125,52.13567],[8.51255,52.13483],[8.5121,52.1348],[8.51207,52.13459],[8.51261,52.13463],[8.51335,52.13371],[8.51173,52.1334],[8.51159,52.13323],[8.51066,52.13314],[8.50867,52.13313],[8.50781,52.13467]]]}},{"type":"Feature","properties":{"slice":"ura","kind":"wald"},"geometry":{"type":"Polygon","coordinates":[[[8.51455,52.15452],[8.51437,52.15512],[8.51491,52.15514],[8.51655,52.15543],[8.5169,52.15478],[8.51645,52.15469],[8.51655,52.15454],[8.51698,52.15456],[8.51717,52.15445],[8.51737,52.15368],[8.51523,52.15425],[8.51455,52.15452]]]}},{"type":"Feature","properties":{"slice":"ura","kind":"wald"},"geometry":{"type":"Polygon","coordinates":[[[8.51748,52.15453],[8.5197,52.15488],[8.52079,52.15303],[8.51839,52.15356],[8.51843,52.15385],[8.51806,52.15388],[8.51804,52.15358],[8.51787,52.15364],[8.51748,52.15453]]]}},{"type":"Feature","properties":{"slice":"ura","kind":"wald"},"geometry":{"type":"Polygon","coordinates":[[[8.52019,52.15505],[8.52178,52.15524],[8.52295,52.15299],[8.52257,52.15301],[8.52235,52.15326],[8.52217,52.1532],[8.52231,52.15292],[8.52175,52.1529],[8.52019,52.15505]]]}},{"type":"Feature","properties":{"slice":"ura","kind":"wald"},"geometry":{"type":"Polygon","coordinates":[[[8.52858,52.15305],[8.52917,52.15257],[8.52906,52.15232],[8.52871,52.15232],[8.52788,52.15268],[8.52713,52.15263],[8.52675,52.15308],[8.52626,52.15341],[8.52626,52.15396],[8.52668,52.15399],[8.52684,52.15439],[8.52799,52.15456],[8.52804,52.15511],[8.52785,52.15558],[8.5293,52.15594],[8.52972,52.15554],[8.52837,52.15454],[8.52858,52.15445],[8.52826,52.15383],[8.52791,52.15345],[8.52858,52.15305]]]}},{"type":"Feature","properties":{"slice":"ura","kind":"wald"},"geometry":{"type":"Polygon","coordinates":[[[8.53228,52.15544],[8.53221,52.15489],[8.53166,52.15427],[8.52963,52.15525],[8.52995,52.15543],[8.53069,52.15556],[8.53161,52.15581],[8.53256,52.15594],[8.53249,52.15565],[8.53228,52.15544]]]}},{"type":"Feature","properties":{"slice":"ura","kind":"wald"},"geometry":{"type":"Polygon","coordinates":[[[8.52795,52.1578],[8.52928,52.15826],[8.53093,52.15871],[8.53174,52.15862],[8.53138,52.15782],[8.53181,52.15814],[8.53228,52.15837],[8.53279,52.15822],[8.53177,52.15754],[8.53138,52.15672],[8.53122,52.15675],[8.53061,52.15641],[8.5296,52.1574],[8.52841,52.15643],[8.52795,52.1578]]]}},{"type":"Feature","properties":{"slice":"ura","kind":"wald"},"geometry":{"type":"Polygon","coordinates":[[[8.53643,52.15379],[8.53803,52.15547],[8.53887,52.15687],[8.53959,52.1587],[8.53998,52.15919],[8.54128,52.15871],[8.54239,52.15983],[8.54266,52.15708],[8.54468,52.15704],[8.54511,52.15806],[8.54524,52.15908],[8.54504,52.1616],[8.54559,52.16147],[8.54608,52.16054],[8.54806,52.16044],[8.54806,52.16007],[8.54836,52.15992],[8.54841,52.15949],[8.54874,52.15946],[8.54896,52.1592],[8.54894,52.1589],[8.54888,52.15864],[8.54826,52.15825],[8.5481,52.15743],[8.54756,52.15673],[8.54745,52.15623],[8.54761,52.15623],[8.54763,52.15522],[8.54741,52.1552],[8.54734,52.15554],[8.54685,52.1555],[8.54689,52.1551],[8.54446,52.15476],[8.54416,52.15634],[8.54289,52.15636],[8.54285,52.15663],[8.54246,52.1566],[8.5424,52.15631],[8.54271,52.15627],[8.54255,52.15549],[8.54282,52.1549],[8.54245,52.15474],[8.54204,52.15467],[8.5421,52.15431],[8.54142,52.15426],[8.54098,52.15443],[8.54082,52.15462],[8.54059,52.15461],[8.54036,52.15392],[8.54028,52.15333],[8.54034,52.15267],[8.53947,52.15231],[8.53924,52.15262],[8.53977,52.15345],[8.53989,52.15381],[8.53991,52.15417],[8.53944,52.15476],[8.53807,52.15383],[8.53807,52.15344],[8.53787,52.15258],[8.53798,52.15191],[8.53705,52.15171],[8.53572,52.1521],[8.53448,52.15131],[8.534,52.15212],[8.53643,52.15379]]]}},{"type":"Feature","properties":{"slice":"ura","kind":"wald"},"geometry":{"type":"Polygon","coordinates":[[[8.54665,52.15332],[8.54746,52.15363],[8.54768,52.15354],[8.54803,52.15363],[8.54949,52.1538],[8.55051,52.1538],[8.55067,52.15389],[8.55162,52.15398],[8.552,52.15423],[8.55212,52.15398],[8.55177,52.15383],[8.55178,52.1537],[8.55199,52.15363],[8.55418,52.15479],[8.55519,52.15568],[8.55517,52.15587],[8.55572,52.15608],[8.55589,52.1563],[8.5567,52.15669],[8.55666,52.15626],[8.55599,52.15585],[8.5562,52.15535],[8.55489,52.15517],[8.55463,52.15422],[8.55437,52.15403],[8.55343,52.15389],[8.5532,52.15363],[8.55302,52.15381],[8.55268,52.15364],[8.5521,52.15347],[8.55218,52.15327],[8.55272,52.15333],[8.55284,52.1523],[8.55307,52.15164],[8.55292,52.15104],[8.55259,52.15101],[8.55248,52.15078],[8.55222,52.15052],[8.5515,52.15055],[8.5514,52.15068],[8.55141,52.15085],[8.55032,52.15076],[8.54965,52.15082],[8.54929,52.15101],[8.54925,52.15137],[8.54939,52.15168],[8.55012,52.15269],[8.54995,52.15276],[8.54979,52.15262],[8.54894,52.15263],[8.54881,52.15235],[8.54761,52.15228],[8.54612,52.1516],[8.54494,52.15115],[8.54471,52.15112],[8.54421,52.15125],[8.54372,52.15174],[8.54398,52.15199],[8.54462,52.15233],[8.545,52.15228],[8.5469,52.15305],[8.54665,52.15332]]]}},{"type":"Feature","properties":{"slice":"ura","kind":"wald"},"geometry":{"type":"Polygon","coordinates":[[[8.55576,52.15643],[8.55557,52.15614],[8.55508,52.15589],[8.55484,52.15545],[8.55438,52.15514],[8.55404,52.15501],[8.55385,52.15502],[8.55439,52.15597],[8.55457,52.15679],[8.55547,52.15677],[8.55524,52.15781],[8.55499,52.15778],[8.55485,52.15803],[8.55448,52.158],[8.55437,52.15834],[8.55468,52.15841],[8.5545,52.1587],[8.55419,52.15867],[8.55404,52.15902],[8.55491,52.15932],[8.55523,52.15951],[8.55548,52.15954],[8.55638,52.15918],[8.55694,52.15874],[8.5577,52.15856],[8.55745,52.15833],[8.55795,52.15815],[8.55781,52.15787],[8.55679,52.1581],[8.55668,52.15793],[8.55725,52.1575],[8.55713,52.15704],[8.55576,52.15643]]]}},{"type":"Feature","properties":{"slice":"ura","kind":"wald"},"geometry":{"type":"Polygon","coordinates":[[[8.56437,52.15627],[8.56396,52.15536],[8.5642,52.1552],[8.56416,52.15495],[8.56404,52.15487],[8.56351,52.15501],[8.56289,52.15535],[8.56133,52.1553],[8.55987,52.15537],[8.55852,52.15518],[8.55844,52.15541],[8.55906,52.15554],[8.55869,52.15648],[8.5589,52.15672],[8.5591,52.15674],[8.55948,52.15674],[8.56007,52.15659],[8.56101,52.15656],[8.56188,52.15645],[8.56236,52.15642],[8.56281,52.1565],[8.56437,52.15627]]]}},{"type":"Feature","properties":{"slice":"ura","kind":"wald"},"geometry":{"type":"Polygon","coordinates":[[[8.55985,52.15303],[8.55898,52.15305],[8.5588,52.15262],[8.55858,52.1525],[8.55854,52.15203],[8.55721,52.15205],[8.5573,52.15264],[8.55774,52.15264],[8.55788,52.1528],[8.55843,52.15283],[8.55858,52.1532],[8.5584,52.15372],[8.55893,52.15362],[8.55923,52.15334],[8.55985,52.15303]]]}},{"type":"Feature","properties":{"slice":"ura","kind":"wald"},"geometry":{"type":"Polygon","coordinates":[[[8.55623,52.15154],[8.55816,52.1519],[8.55951,52.15182],[8.5602,52.14974],[8.55997,52.14887],[8.55922,52.14841],[8.5579,52.14796],[8.55685,52.1479],[8.55638,52.14814],[8.55633,52.14849],[8.55652,52.1488],[8.55741,52.14921],[8.55807,52.1499],[8.55801,52.151],[8.55768,52.1512],[8.55727,52.15119],[8.5568,52.15105],[8.55659,52.15077],[8.55621,52.14985],[8.55572,52.14971],[8.55532,52.14985],[8.55536,52.15016],[8.55561,52.15055],[8.55571,52.15092],[8.55563,52.15109],[8.55522,52.15076],[8.55473,52.15054],[8.55431,52.15077],[8.55443,52.15109],[8.55483,52.1514],[8.55553,52.15175],[8.55628,52.15174],[8.55623,52.15154]]]}},{"type":"Feature","properties":{"slice":"ura","kind":"wald"},"geometry":{"type":"Polygon","coordinates":[[[8.56513,52.1509],[8.56518,52.15118],[8.56502,52.15142],[8.56562,52.15168],[8.56559,52.15226],[8.5654,52.15228],[8.56508,52.15252],[8.56554,52.15278],[8.56639,52.15303],[8.56645,52.1534],[8.56808,52.15419],[8.57092,52.15266],[8.5717,52.15274],[8.5718,52.15318],[8.57263,52.15317],[8.57268,52.15247],[8.57299,52.15176],[8.57377,52.15082],[8.5739,52.15044],[8.57248,52.15119],[8.57148,52.15238],[8.57136,52.15121],[8.57011,52.15136],[8.56997,52.1515],[8.56989,52.15255],[8.56852,52.15251],[8.56873,52.15207],[8.56878,52.15073],[8.56925,52.15039],[8.56973,52.15014],[8.5689,52.14935],[8.56878,52.14895],[8.56819,52.14908],[8.5682,52.14939],[8.56803,52.14945],[8.56753,52.14949],[8.56734,52.14984],[8.56745,52.15036],[8.56813,52.15044],[8.56801,52.15163],[8.56769,52.15221],[8.56736,52.15253],[8.56663,52.15254],[8.56664,52.152],[8.56623,52.15201],[8.56629,52.15174],[8.56675,52.1517],[8.56671,52.15118],[8.56708,52.1507],[8.56653,52.15053],[8.56671,52.15022],[8.56568,52.15007],[8.56513,52.1509]]]}},{"type":"Feature","properties":{"slice":"ura","kind":"wald"},"geometry":{"type":"Polygon","coordinates":[[[8.57868,52.14939],[8.57854,52.14734],[8.57844,52.14725],[8.57746,52.14731],[8.57733,52.14743],[8.57658,52.14744],[8.57544,52.14805],[8.57521,52.14944],[8.57673,52.14937],[8.57868,52.14939]]]}},{"type":"Feature","properties":{"slice":"ura","kind":"wald"},"geometry":{"type":"Polygon","coordinates":[[[8.57092,52.1486],[8.57092,52.14835],[8.57133,52.14829],[8.57144,52.14854],[8.57218,52.14844],[8.57213,52.14828],[8.57174,52.14819],[8.57109,52.14814],[8.57113,52.14717],[8.56977,52.14712],[8.56979,52.14779],[8.56907,52.14796],[8.56898,52.14814],[8.5699,52.14828],[8.56988,52.14872],[8.57079,52.14866],[8.57092,52.1486]]]}},{"type":"Feature","properties":{"slice":"ura","kind":"wald"},"geometry":{"type":"Polygon","coordinates":[[[8.58013,52.1525],[8.57999,52.15297],[8.58059,52.1531],[8.58098,52.15275],[8.58139,52.15285],[8.58174,52.15327],[8.58204,52.15334],[8.58236,52.15328],[8.58291,52.15343],[8.58324,52.15346],[8.58354,52.15399],[8.58393,52.15369],[8.58399,52.15342],[8.58457,52.15349],[8.58487,52.15302],[8.58439,52.15275],[8.58389,52.15297],[8.58362,52.15274],[8.58386,52.15247],[8.58256,52.15179],[8.58214,52.15212],[8.58168,52.15185],[8.58189,52.15157],[8.58095,52.1512],[8.58013,52.1525]]]}},{"type":"Feature","properties":{"slice":"ura","kind":"wald"},"geometry":{"type":"Polygon","coordinates":[[[8.58697,52.15451],[8.58634,52.1544],[8.5859,52.15451],[8.58553,52.15471],[8.58419,52.15488],[8.58439,52.15566],[8.58548,52.15753],[8.58634,52.15736],[8.58623,52.15709],[8.58716,52.15686],[8.58731,52.15705],[8.58834,52.15657],[8.58811,52.1559],[8.58783,52.15547],[8.58783,52.15511],[8.58747,52.15494],[8.58697,52.15451]]]}},{"type":"Feature","properties":{"slice":"ura","kind":"wald"},"geometry":{"type":"Polygon","coordinates":[[[8.58026,52.16069],[8.57916,52.16069],[8.57913,52.16083],[8.57876,52.16082],[8.57875,52.1606],[8.57809,52.16057],[8.57778,52.16088],[8.57845,52.16136],[8.57984,52.16147],[8.57979,52.16095],[8.58033,52.16085],[8.58026,52.16069]]]}},{"type":"Feature","properties":{"slice":"ura","kind":"wald"},"geometry":{"type":"Polygon","coordinates":[[[8.58543,52.16028],[8.58459,52.16051],[8.58454,52.16092],[8.58512,52.16094],[8.58512,52.16133],[8.58658,52.16123],[8.58676,52.16031],[8.58666,52.16014],[8.58543,52.16028]]]}},{"type":"Feature","properties":{"slice":"ura","kind":"wald"},"geometry":{"type":"Polygon","coordinates":[[[8.5875,52.15902],[8.58614,52.15899],[8.58615,52.15942],[8.58667,52.15941],[8.58665,52.15976],[8.58742,52.15973],[8.5875,52.15902]]]}},{"type":"Feature","properties":{"slice":"ura","kind":"wald"},"geometry":{"type":"Polygon","coordinates":[[[8.59343,52.16447],[8.59602,52.16422],[8.59729,52.16418],[8.59786,52.16434],[8.60029,52.16551],[8.60182,52.16537],[8.60074,52.16475],[8.60074,52.16445],[8.60044,52.16423],[8.60047,52.164],[8.60065,52.16378],[8.6004,52.16282],[8.60001,52.16221],[8.6,52.16201],[8.59942,52.16158],[8.59926,52.16126],[8.59931,52.16063],[8.59902,52.1604],[8.5989,52.16001],[8.5991,52.15843],[8.59956,52.15805],[8.59913,52.15801],[8.59855,52.15823],[8.59779,52.1608],[8.59776,52.16124],[8.59813,52.16167],[8.59873,52.162],[8.59848,52.16342],[8.59727,52.1632],[8.59637,52.16322],[8.59577,52.16317],[8.59516,52.16297],[8.59363,52.16266],[8.59375,52.16241],[8.59339,52.16217],[8.59355,52.16188],[8.59304,52.16182],[8.59302,52.16205],[8.59279,52.16203],[8.59266,52.16211],[8.5927,52.16254],[8.5924,52.16297],[8.59178,52.16301],[8.59168,52.16317],[8.59079,52.1638],[8.58971,52.16362],[8.58965,52.16358],[8.58993,52.16336],[8.58992,52.1632],[8.58966,52.16309],[8.58814,52.16318],[8.58698,52.16301],[8.58649,52.1622],[8.58682,52.16202],[8.58645,52.16157],[8.5846,52.1617],[8.58489,52.16301],[8.58468,52.16306],[8.58387,52.16293],[8.58365,52.16321],[8.5833,52.16317],[8.58347,52.16284],[8.58348,52.16263],[8.58323,52.16265],[8.5831,52.16244],[8.58274,52.16244],[8.58254,52.162],[8.58309,52.16188],[8.58325,52.16172],[8.58354,52.16164],[8.58355,52.16141],[8.58383,52.16134],[8.58407,52.16115],[8.58271,52.1607],[8.58235,52.16106],[8.58133,52.16107],[8.58175,52.16176],[8.58177,52.16206],[8.5814,52.16208],[8.58156,52.16306],[8.5806,52.16325],[8.58058,52.16347],[8.58125,52.16351],[8.58143,52.16324],[8.58189,52.16324],[8.58191,52.16355],[8.58472,52.16371],[8.58483,52.16362],[8.58508,52.16361],[8.58713,52.16356],[8.58798,52.16368],[8.58939,52.1637],[8.58912,52.16438],[8.58901,52.16519],[8.58755,52.16521],[8.58751,52.16551],[8.58684,52.16557],[8.58682,52.16527],[8.58657,52.16529],[8.58652,52.16573],[8.58939,52.16573],[8.5897,52.16671],[8.59024,52.16673],[8.59226,52.16623],[8.59222,52.16597],[8.59182,52.166],[8.59135,52.16526],[8.59031,52.16521],[8.5902,52.16496],[8.59224,52.1646],[8.59231,52.16448],[8.59321,52.1644],[8.59343,52.16447]],[[8.59484,52.16377],[8.59345,52.1641],[8.59281,52.16401],[8.59231,52.16376],[8.5918,52.1637],[8.59181,52.16349],[8.59253,52.16334],[8.59342,52.16332],[8.59402,52.1634],[8.59484,52.16377]],[[8.59867,52.16424],[8.59958,52.16401],[8.59993,52.16463],[8.59929,52.16475],[8.59906,52.16474],[8.59867,52.16424]],[[8.58946,52.1646],[8.58968,52.16431],[8.59035,52.16452],[8.59017,52.16476],[8.58946,52.1646]],[[8.59012,52.16622],[8.59001,52.16599],[8.59041,52.16588],[8.59057,52.16609],[8.59012,52.16622]]]}},{"type":"Feature","properties":{"slice":"ura","kind":"wald"},"geometry":{"type":"Polygon","coordinates":[[[8.58439,52.16427],[8.58369,52.16429],[8.58371,52.16552],[8.58356,52.16628],[8.58369,52.16629],[8.58416,52.16611],[8.58439,52.16427]]]}},{"type":"Feature","properties":{"slice":"ura","kind":"wald"},"geometry":{"type":"Polygon","coordinates":[[[8.57684,52.16624],[8.5755,52.1661],[8.57436,52.16608],[8.57338,52.16589],[8.57211,52.16664],[8.57117,52.1673],[8.5736,52.16725],[8.57611,52.16737],[8.57684,52.16624]]]}},{"type":"Feature","properties":{"slice":"ura","kind":"wald"},"geometry":{"type":"Polygon","coordinates":[[[8.56677,52.17063],[8.56623,52.17069],[8.56466,52.17133],[8.56575,52.17141],[8.56574,52.17165],[8.56625,52.17171],[8.56633,52.17217],[8.56699,52.17219],[8.5675,52.17306],[8.56818,52.17373],[8.56903,52.17369],[8.56907,52.17343],[8.56953,52.17342],[8.56955,52.1737],[8.56994,52.17376],[8.5702,52.17361],[8.5711,52.17377],[8.57239,52.17381],[8.57291,52.17336],[8.57267,52.17321],[8.57325,52.17267],[8.57307,52.17255],[8.57375,52.17192],[8.57368,52.17175],[8.57412,52.17137],[8.57331,52.171],[8.57279,52.17102],[8.57274,52.17116],[8.57321,52.17122],[8.57325,52.17162],[8.5732,52.172],[8.57264,52.17266],[8.57221,52.17262],[8.57204,52.17275],[8.57144,52.17265],[8.57062,52.17289],[8.57038,52.17265],[8.56978,52.17268],[8.57006,52.17294],[8.56907,52.17303],[8.56902,52.17321],[8.56819,52.17325],[8.56847,52.17115],[8.56677,52.17063]]]}},{"type":"Feature","properties":{"slice":"ura","kind":"wald"},"geometry":{"type":"Polygon","coordinates":[[[8.56402,52.17153],[8.56321,52.17162],[8.56314,52.17195],[8.56262,52.172],[8.56267,52.17162],[8.56171,52.17166],[8.56161,52.1719],[8.56103,52.17191],[8.56109,52.17157],[8.5607,52.17154],[8.56065,52.17201],[8.56116,52.17223],[8.56202,52.17241],[8.56343,52.17247],[8.56402,52.17256],[8.56402,52.17153]]]}},{"type":"Feature","properties":{"slice":"ura","kind":"wald"},"geometry":{"type":"Polygon","coordinates":[[[8.57377,52.17254],[8.57339,52.17308],[8.574,52.17325],[8.57416,52.17306],[8.57442,52.1731],[8.57498,52.17307],[8.57505,52.17329],[8.57526,52.1733],[8.57535,52.17353],[8.57495,52.17355],[8.57502,52.17416],[8.57566,52.17394],[8.57585,52.17321],[8.57541,52.1732],[8.57539,52.17297],[8.57569,52.17279],[8.57597,52.17287],[8.5762,52.17283],[8.57628,52.17332],[8.57659,52.1733],[8.57647,52.17253],[8.57694,52.17202],[8.57507,52.17175],[8.57528,52.17102],[8.57499,52.17099],[8.57503,52.17064],[8.57463,52.17069],[8.57463,52.17176],[8.57538,52.17198],[8.57533,52.17228],[8.57606,52.17239],[8.57506,52.17289],[8.57469,52.17209],[8.57377,52.17254]]]}},{"type":"Feature","properties":{"slice":"ura","kind":"wald"},"geometry":{"type":"Polygon","coordinates":[[[8.53799,52.16427],[8.53869,52.16459],[8.53854,52.16502],[8.54082,52.16574],[8.54156,52.16557],[8.54101,52.16393],[8.54099,52.16361],[8.54046,52.16355],[8.5402,52.16358],[8.53994,52.16351],[8.53987,52.16332],[8.53925,52.16316],[8.53905,52.16285],[8.53626,52.16292],[8.53799,52.16427]]]}},{"type":"Feature","properties":{"slice":"ura","kind":"wald"},"geometry":{"type":"Polygon","coordinates":[[[8.54942,52.16768],[8.54946,52.16756],[8.54807,52.16769],[8.54804,52.16812],[8.54727,52.16823],[8.54751,52.16905],[8.54854,52.16876],[8.54855,52.16897],[8.54984,52.16859],[8.54995,52.16908],[8.55078,52.16906],[8.55098,52.16882],[8.55134,52.16874],[8.55243,52.16893],[8.55246,52.16879],[8.55272,52.16862],[8.55174,52.168],[8.55205,52.16778],[8.55036,52.16788],[8.55019,52.16754],[8.54986,52.16762],[8.54996,52.16793],[8.54959,52.16796],[8.54942,52.16768]]]}},{"type":"Feature","properties":{"slice":"ura","kind":"wald"},"geometry":{"type":"Polygon","coordinates":[[[8.55433,52.16638],[8.55514,52.16604],[8.55528,52.16554],[8.55579,52.1653],[8.55611,52.16419],[8.55661,52.16412],[8.55648,52.16355],[8.55631,52.1635],[8.55586,52.16316],[8.55546,52.16363],[8.55454,52.16402],[8.55362,52.16408],[8.55357,52.16321],[8.55332,52.16268],[8.55268,52.16285],[8.55224,52.16255],[8.5532,52.16214],[8.55302,52.16132],[8.55248,52.16137],[8.55249,52.161],[8.55129,52.16115],[8.55074,52.16173],[8.55052,52.16251],[8.55028,52.16275],[8.55044,52.16344],[8.55089,52.16332],[8.55128,52.16305],[8.5515,52.16322],[8.55166,52.16351],[8.55244,52.16416],[8.55306,52.16482],[8.55388,52.16523],[8.55377,52.16637],[8.55433,52.16638]]]}},{"type":"Feature","properties":{"slice":"ura","kind":"wald"},"geometry":{"type":"Polygon","coordinates":[[[8.53337,52.16896],[8.53396,52.17022],[8.53325,52.1706],[8.53288,52.171],[8.53213,52.17102],[8.53156,52.17076],[8.53076,52.17068],[8.53128,52.17204],[8.53184,52.17208],[8.5321,52.17223],[8.53229,52.17248],[8.5332,52.1725],[8.53343,52.17281],[8.53431,52.17296],[8.53523,52.17295],[8.53495,52.17401],[8.53527,52.17422],[8.5354,52.17558],[8.53495,52.17574],[8.53479,52.17541],[8.53397,52.17543],[8.53355,52.17485],[8.53326,52.17465],[8.53284,52.17466],[8.53269,52.17475],[8.53234,52.17608],[8.53614,52.17631],[8.53624,52.17609],[8.5373,52.17598],[8.5376,52.17586],[8.53782,52.17559],[8.53786,52.17471],[8.53745,52.17401],[8.53711,52.17379],[8.53699,52.17361],[8.53727,52.17319],[8.53729,52.17288],[8.5375,52.17245],[8.53752,52.17206],[8.53659,52.172],[8.53573,52.17185],[8.5354,52.1705],[8.53429,52.1693],[8.53412,52.16871],[8.53337,52.16896]]]}},{"type":"Feature","properties":{"slice":"ura","kind":"wald"},"geometry":{"type":"Polygon","coordinates":[[[8.52561,52.17278],[8.527,52.1728],[8.52692,52.17202],[8.52551,52.17211],[8.52561,52.17278]]]}},{"type":"Feature","properties":{"slice":"ura","kind":"wald"},"geometry":{"type":"Polygon","coordinates":[[[8.54085,52.17389],[8.54254,52.17447],[8.54304,52.1747],[8.54314,52.17423],[8.54056,52.17334],[8.54089,52.17288],[8.54131,52.17295],[8.54142,52.17278],[8.54048,52.17261],[8.54002,52.17259],[8.53975,52.17267],[8.53951,52.17288],[8.53949,52.17317],[8.53964,52.17337],[8.54085,52.17389]]]}},{"type":"Feature","properties":{"slice":"ura","kind":"wald"},"geometry":{"type":"Polygon","coordinates":[[[8.54573,52.17658],[8.54556,52.17639],[8.54451,52.17718],[8.54557,52.17757],[8.54652,52.17682],[8.54573,52.17658]]]}},{"type":"Feature","properties":{"slice":"ura","kind":"wald"},"geometry":{"type":"Polygon","coordinates":[[[8.53422,52.18064],[8.53555,52.18082],[8.53606,52.18041],[8.53599,52.18022],[8.53536,52.17984],[8.53466,52.17985],[8.53422,52.18064]]]}},{"type":"Feature","properties":{"slice":"ura","kind":"wald"},"geometry":{"type":"Polygon","coordinates":[[[8.51877,52.18571],[8.51779,52.1851],[8.51743,52.18474],[8.51622,52.18382],[8.51562,52.18388],[8.51833,52.186],[8.51877,52.18571]]]}},{"type":"Feature","properties":{"slice":"ura","kind":"wald"},"geometry":{"type":"Polygon","coordinates":[[[8.50472,52.19401],[8.50468,52.19331],[8.50543,52.19229],[8.50169,52.19236],[8.5017,52.19254],[8.50144,52.19247],[8.50048,52.19258],[8.5002,52.19246],[8.49999,52.19249],[8.50002,52.19269],[8.50035,52.19276],[8.50051,52.19288],[8.50045,52.19319],[8.50054,52.19335],[8.50031,52.19376],[8.49991,52.19391],[8.50017,52.19397],[8.50472,52.19401]]]}},{"type":"Feature","properties":{"slice":"ura","kind":"wald"},"geometry":{"type":"Polygon","coordinates":[[[8.50363,52.21701],[8.50376,52.21689],[8.50377,52.21611],[8.5037,52.21582],[8.50336,52.2157],[8.50257,52.21571],[8.50234,52.21549],[8.50188,52.2156],[8.4998,52.21569],[8.49938,52.21518],[8.49788,52.21564],[8.49673,52.21613],[8.49684,52.21503],[8.49674,52.21464],[8.49433,52.21469],[8.49424,52.21449],[8.49393,52.21438],[8.49426,52.21379],[8.49478,52.21378],[8.49482,52.21371],[8.49505,52.21373],[8.49517,52.21355],[8.49675,52.2137],[8.49689,52.21314],[8.49746,52.21325],[8.49742,52.21356],[8.49827,52.21355],[8.49837,52.21332],[8.49997,52.21363],[8.50025,52.21336],[8.49705,52.21258],[8.49529,52.21222],[8.4956,52.21184],[8.49586,52.21202],[8.49804,52.21057],[8.49565,52.20885],[8.49613,52.20853],[8.49459,52.20756],[8.49514,52.20739],[8.49644,52.20825],[8.4975,52.2075],[8.49827,52.20752],[8.49688,52.20581],[8.49813,52.2056],[8.49849,52.20616],[8.49948,52.20598],[8.49966,52.20631],[8.50094,52.20608],[8.50151,52.20699],[8.50184,52.20731],[8.50183,52.20677],[8.50216,52.20685],[8.50244,52.20702],[8.50288,52.20701],[8.50332,52.2076],[8.50259,52.2077],[8.50343,52.20856],[8.50403,52.20849],[8.50411,52.2083],[8.5036,52.20782],[8.50354,52.20764],[8.50471,52.20761],[8.50653,52.20704],[8.50715,52.20693],[8.50634,52.20594],[8.50729,52.20572],[8.50817,52.20689],[8.50877,52.20687],[8.51016,52.20792],[8.5112,52.20752],[8.51101,52.20722],[8.51056,52.20707],[8.50982,52.20645],[8.51045,52.2062],[8.51,52.20579],[8.50943,52.20592],[8.50881,52.20532],[8.50917,52.20519],[8.50934,52.20536],[8.50966,52.20523],[8.50955,52.20493],[8.51017,52.20478],[8.51011,52.20463],[8.51064,52.20454],[8.51115,52.205],[8.51292,52.20452],[8.5136,52.20517],[8.51418,52.20498],[8.51383,52.20453],[8.51415,52.20432],[8.51445,52.20455],[8.51507,52.20395],[8.51545,52.2034],[8.516,52.20335],[8.51653,52.20312],[8.51563,52.20176],[8.51352,52.20212],[8.51321,52.20108],[8.51554,52.20058],[8.51595,52.20165],[8.51681,52.2015],[8.5177,52.20264],[8.51886,52.2022],[8.51818,52.20121],[8.51982,52.20085],[8.51996,52.20148],[8.51967,52.20164],[8.51973,52.20268],[8.52037,52.20259],[8.52106,52.20333],[8.52196,52.20239],[8.52305,52.20221],[8.52461,52.20182],[8.5246,52.20134],[8.5219,52.20201],[8.52041,52.20002],[8.51969,52.20017],[8.51961,52.19991],[8.52014,52.1997],[8.52002,52.19955],[8.5158,52.20048],[8.51513,52.20047],[8.51479,52.19957],[8.51526,52.1994],[8.51499,52.19905],[8.51466,52.19899],[8.5141,52.19792],[8.51321,52.19799],[8.51147,52.19616],[8.50883,52.19625],[8.50719,52.19636],[8.50723,52.19398],[8.50617,52.19395],[8.50605,52.19638],[8.50384,52.19655],[8.50348,52.19554],[8.50314,52.19569],[8.50297,52.19587],[8.50275,52.19572],[8.50258,52.19543],[8.50205,52.19553],[8.50184,52.19526],[8.50167,52.19536],[8.50045,52.19541],[8.49963,52.19455],[8.49915,52.19465],[8.49893,52.19492],[8.49844,52.19467],[8.4987,52.19451],[8.49882,52.19426],[8.49874,52.19322],[8.49883,52.1928],[8.4987,52.19256],[8.49874,52.1921],[8.4984,52.19191],[8.4981,52.19219],[8.49778,52.19271],[8.49753,52.19293],[8.49633,52.19291],[8.49508,52.19301],[8.49322,52.19302],[8.49305,52.19309],[8.49295,52.19355],[8.49264,52.19398],[8.49291,52.1942],[8.49292,52.19476],[8.49345,52.19522],[8.49353,52.19672],[8.49186,52.19695],[8.49165,52.19491],[8.48479,52.19653],[8.48461,52.19684],[8.48476,52.19815],[8.48508,52.19803],[8.48567,52.19892],[8.48557,52.19904],[8.4842,52.19907],[8.48174,52.19962],[8.48101,52.19938],[8.47919,52.19787],[8.47746,52.19781],[8.47696,52.1989],[8.47731,52.19912],[8.47662,52.2006],[8.48322,52.20252],[8.48309,52.20274],[8.49136,52.20863],[8.49012,52.21065],[8.49285,52.21209],[8.49222,52.21293],[8.49173,52.21387],[8.49058,52.21367],[8.49012,52.21411],[8.48954,52.21411],[8.48894,52.21499],[8.48972,52.21516],[8.49031,52.21425],[8.49091,52.21439],[8.49104,52.21466],[8.49136,52.21484],[8.49195,52.21493],[8.492,52.21483],[8.49342,52.2153],[8.49463,52.21631],[8.49511,52.21628],[8.49505,52.2161],[8.49514,52.21601],[8.4958,52.21615],[8.49664,52.21669],[8.49706,52.21653],[8.49756,52.21679],[8.49755,52.21699],[8.49912,52.2171],[8.49987,52.21796],[8.50083,52.21867],[8.50135,52.21897],[8.50149,52.21898],[8.50189,52.21885],[8.50189,52.21837],[8.50328,52.21869],[8.50421,52.21874],[8.50462,52.21891],[8.50482,52.21967],[8.50322,52.21947],[8.50282,52.21954],[8.50236,52.21949],[8.50191,52.21933],[8.49987,52.21942],[8.49959,52.2196],[8.49956,52.21983],[8.50063,52.22018],[8.50137,52.22068],[8.50386,52.22148],[8.50448,52.2218],[8.50369,52.22318],[8.50317,52.22368],[8.50304,52.22404],[8.50319,52.22427],[8.50391,52.22445],[8.50515,52.22449],[8.50554,52.22461],[8.5062,52.22458],[8.5064,52.22443],[8.50588,52.2241],[8.50527,52.22383],[8.50531,52.22355],[8.50622,52.22356],[8.50689,52.22387],[8.50738,52.22435],[8.50777,52.2244],[8.50798,52.22426],[8.50792,52.22392],[8.5072,52.22316],[8.50572,52.22264],[8.50534,52.22236],[8.50787,52.22301],[8.5088,52.22341],[8.50925,52.22393],[8.5094,52.22446],[8.51029,52.22454],[8.51084,52.2247],[8.51127,52.22475],[8.51138,52.22453],[8.51117,52.22426],[8.51115,52.2237],[8.51069,52.2236],[8.51041,52.22346],[8.50997,52.22282],[8.50919,52.22253],[8.50736,52.22219],[8.50397,52.22073],[8.50347,52.2204],[8.50421,52.2205],[8.50634,52.22118],[8.50676,52.22115],[8.50647,52.22076],[8.506,52.22042],[8.50587,52.22014],[8.50561,52.21998],[8.50528,52.21962],[8.50532,52.21935],[8.50582,52.21957],[8.50604,52.21975],[8.50617,52.21999],[8.50611,52.22026],[8.50673,52.22059],[8.50747,52.22141],[8.50793,52.22167],[8.50824,52.22172],[8.50845,52.22161],[8.50848,52.22147],[8.50894,52.22108],[8.50945,52.22025],[8.50951,52.21848],[8.50967,52.21826],[8.50779,52.21825],[8.5075,52.21842],[8.50759,52.21874],[8.50694,52.21918],[8.50601,52.21925],[8.50402,52.21744],[8.50227,52.21788],[8.50188,52.21791],[8.50188,52.21675],[8.50363,52.21701]],[[8.50175,52.20173],[8.49868,52.2024],[8.49908,52.20327],[8.49818,52.20341],[8.49752,52.20375],[8.49642,52.20372],[8.49536,52.20381],[8.4945,52.20391],[8.49259,52.20426],[8.49244,52.20438],[8.49266,52.20489],[8.49222,52.20501],[8.49164,52.20499],[8.49148,52.20457],[8.49162,52.20432],[8.49244,52.20415],[8.4924,52.204],[8.49266,52.20385],[8.49252,52.20371],[8.49114,52.20403],[8.49122,52.20443],[8.49101,52.20466],[8.491,52.20486],[8.49075,52.20496],[8.49062,52.20538],[8.48513,52.20187],[8.48361,52.20062],[8.48411,52.20021],[8.48452,52.20034],[8.48507,52.20034],[8.48659,52.19996],[8.48707,52.19994],[8.4891,52.20095],[8.48853,52.20018],[8.48854,52.19999],[8.48956,52.19984],[8.48978,52.19997],[8.49028,52.19991],[8.49145,52.20055],[8.49066,52.20084],[8.49087,52.20196],[8.49301,52.2014],[8.49279,52.20108],[8.49365,52.2008],[8.49297,52.20008],[8.49373,52.19991],[8.49426,52.20037],[8.49548,52.20007],[8.49638,52.20098],[8.50006,52.20019],[8.50163,52.20158],[8.50169,52.20155],[8.50175,52.20173]],[[8.49917,52.19702],[8.49951,52.1986],[8.49753,52.19876],[8.497,52.19724],[8.49517,52.19734],[8.49349,52.19457],[8.49675,52.19417],[8.49798,52.19548],[8.49888,52.19539],[8.49948,52.19609],[8.50023,52.19629],[8.50044,52.19672],[8.49917,52.19702]],[[8.49223,52.20936],[8.49218,52.20882],[8.49331,52.20758],[8.49549,52.2091],[8.4936,52.21033],[8.49223,52.20936]],[[8.50116,52.2183],[8.50027,52.21756],[8.5002,52.21737],[8.50021,52.2166],[8.50033,52.21659],[8.50122,52.21669],[8.50144,52.21677],[8.50154,52.21689],[8.50108,52.21715],[8.50125,52.21741],[8.50143,52.21824],[8.50116,52.2183]],[[8.52017,52.20148],[8.5207,52.20131],[8.52133,52.20226],[8.52074,52.20245],[8.52017,52.20148]]]}},{"type":"Feature","properties":{"slice":"ura","kind":"wald"},"geometry":{"type":"Polygon","coordinates":[[[8.5108,52.1957],[8.51036,52.19442],[8.51038,52.19413],[8.50768,52.19406],[8.50769,52.19538],[8.50818,52.19539],[8.50821,52.19566],[8.5108,52.1957]]]}},{"type":"Feature","properties":{"slice":"ura","kind":"wald"},"geometry":{"type":"Polygon","coordinates":[[[8.52996,52.19889],[8.53007,52.19837],[8.52823,52.19841],[8.52656,52.19854],[8.52633,52.19893],[8.5269,52.19893],[8.52632,52.20023],[8.5271,52.20038],[8.52738,52.19953],[8.52834,52.19945],[8.52944,52.19919],[8.52964,52.19889],[8.52996,52.19889]]]}},{"type":"Feature","properties":{"slice":"ura","kind":"wald"},"geometry":{"type":"Polygon","coordinates":[[[8.52905,52.19649],[8.52897,52.19634],[8.5273,52.19666],[8.52718,52.19721],[8.52803,52.19714],[8.52903,52.19681],[8.52905,52.19649]]]}},{"type":"Feature","properties":{"slice":"ura","kind":"wald"},"geometry":{"type":"Polygon","coordinates":[[[8.52451,52.19577],[8.52401,52.19579],[8.52397,52.19546],[8.52346,52.19554],[8.52348,52.19591],[8.52381,52.19595],[8.52378,52.1962],[8.52369,52.19623],[8.52375,52.19666],[8.52418,52.19677],[8.52459,52.19586],[8.52451,52.19577]]]}},{"type":"Feature","properties":{"slice":"ura","kind":"wald"},"geometry":{"type":"Polygon","coordinates":[[[8.54375,52.19756],[8.54254,52.19805],[8.54269,52.1987],[8.54387,52.19865],[8.54375,52.19756]]]}},{"type":"Feature","properties":{"slice":"ura","kind":"wald"},"geometry":{"type":"Polygon","coordinates":[[[8.55021,52.19871],[8.55016,52.19819],[8.55027,52.19806],[8.55098,52.19803],[8.55094,52.19872],[8.55154,52.19877],[8.55155,52.19757],[8.55184,52.19762],[8.55216,52.19783],[8.55241,52.19868],[8.55276,52.19874],[8.55283,52.19863],[8.55345,52.19837],[8.55308,52.19732],[8.54989,52.19658],[8.5497,52.19666],[8.54876,52.19774],[8.54955,52.19802],[8.54975,52.19818],[8.54976,52.19843],[8.54996,52.19851],[8.54999,52.19871],[8.55021,52.19871]]]}},{"type":"Feature","properties":{"slice":"ura","kind":"wald"},"geometry":{"type":"Polygon","coordinates":[[[8.54507,52.19711],[8.5449,52.19582],[8.54438,52.19584],[8.54453,52.19734],[8.54507,52.19711]]]}},{"type":"Feature","properties":{"slice":"ura","kind":"wald"},"geometry":{"type":"Polygon","coordinates":[[[8.56826,52.199],[8.56948,52.19896],[8.56879,52.19874],[8.56925,52.1976],[8.56916,52.19688],[8.56683,52.1962],[8.56581,52.1977],[8.56625,52.19796],[8.56748,52.1984],[8.5674,52.19877],[8.56826,52.199]]]}},{"type":"Feature","properties":{"slice":"ura","kind":"wald"},"geometry":{"type":"Polygon","coordinates":[[[8.57511,52.19888],[8.57549,52.19864],[8.5744,52.19819],[8.57389,52.19877],[8.57511,52.19888]]]}},{"type":"Feature","properties":{"slice":"ura","kind":"wald"},"geometry":{"type":"Polygon","coordinates":[[[8.54981,52.18721],[8.54815,52.18743],[8.5478,52.18784],[8.54691,52.18806],[8.5472,52.18846],[8.54814,52.18836],[8.54854,52.18823],[8.54884,52.18805],[8.54934,52.18802],[8.54976,52.1879],[8.5501,52.18757],[8.54981,52.18721]]]}},{"type":"Feature","properties":{"slice":"ura","kind":"wald"},"geometry":{"type":"Polygon","coordinates":[[[8.55703,52.18466],[8.55647,52.18456],[8.55563,52.18416],[8.5551,52.18436],[8.55443,52.18446],[8.55376,52.18423],[8.55306,52.18436],[8.55365,52.18487],[8.55461,52.18549],[8.55597,52.18503],[8.55741,52.18489],[8.55703,52.18466]]]}},{"type":"Feature","properties":{"slice":"ura","kind":"wald"},"geometry":{"type":"Polygon","coordinates":[[[8.54782,52.18502],[8.54591,52.18512],[8.54606,52.18533],[8.54623,52.18538],[8.54775,52.18556],[8.54784,52.18543],[8.54782,52.18502]]]}},{"type":"Feature","properties":{"slice":"ura","kind":"wald"},"geometry":{"type":"Polygon","coordinates":[[[8.53752,52.18656],[8.53817,52.18758],[8.53855,52.18749],[8.5384,52.18715],[8.53884,52.18705],[8.53884,52.18672],[8.53752,52.18656]]]}},{"type":"Feature","properties":{"slice":"ura","kind":"wald"},"geometry":{"type":"Polygon","coordinates":[[[8.57227,52.18395],[8.57216,52.18377],[8.57105,52.18366],[8.57025,52.18343],[8.56906,52.18289],[8.56814,52.18269],[8.56797,52.18346],[8.5681,52.18372],[8.56856,52.18406],[8.5681,52.18407],[8.56781,52.18393],[8.5676,52.18345],[8.56653,52.18353],[8.56673,52.18445],[8.56715,52.18462],[8.56779,52.18476],[8.56769,52.18556],[8.56968,52.186],[8.56976,52.18575],[8.57227,52.18395]]]}},{"type":"Feature","properties":{"slice":"ura","kind":"wald"},"geometry":{"type":"Polygon","coordinates":[[[8.5797,52.18403],[8.57875,52.18354],[8.5788,52.18333],[8.5773,52.18319],[8.57707,52.18347],[8.57663,52.18337],[8.57651,52.18354],[8.57685,52.18369],[8.57678,52.18395],[8.57816,52.18437],[8.5785,52.18416],[8.57936,52.1844],[8.57892,52.18484],[8.58023,52.18549],[8.57784,52.18588],[8.57735,52.18606],[8.57702,52.18596],[8.57666,52.18656],[8.57706,52.18663],[8.57696,52.18671],[8.57827,52.18697],[8.58057,52.18733],[8.58056,52.18608],[8.58177,52.18593],[8.5835,52.18557],[8.58315,52.18514],[8.58246,52.18533],[8.58206,52.18503],[8.58525,52.18379],[8.58635,52.18315],[8.58625,52.18301],[8.58483,52.1829],[8.58408,52.18384],[8.58305,52.18386],[8.58308,52.18367],[8.58181,52.18373],[8.58165,52.18396],[8.58137,52.18413],[8.58016,52.18388],[8.5797,52.18403]]]}},{"type":"Feature","properties":{"slice":"ura","kind":"wald"},"geometry":{"type":"Polygon","coordinates":[[[8.58822,52.18997],[8.59035,52.19004],[8.59055,52.1892],[8.58835,52.18932],[8.58822,52.18997]]]}},{"type":"Feature","properties":{"slice":"ura","kind":"wald"},"geometry":{"type":"Polygon","coordinates":[[[8.59291,52.19165],[8.59265,52.19188],[8.59167,52.19195],[8.59126,52.19214],[8.59264,52.19237],[8.59241,52.19325],[8.59417,52.19341],[8.59562,52.19234],[8.59291,52.19165]]]}},{"type":"Feature","properties":{"slice":"ura","kind":"wald"},"geometry":{"type":"Polygon","coordinates":[[[8.59888,52.19115],[8.5987,52.19138],[8.59915,52.19154],[8.59817,52.19286],[8.59856,52.19301],[8.59792,52.19352],[8.59935,52.19387],[8.59865,52.19487],[8.60135,52.19512],[8.60119,52.1953],[8.59916,52.19525],[8.5985,52.19514],[8.59746,52.19654],[8.60047,52.19695],[8.60009,52.19803],[8.60008,52.19873],[8.60222,52.19864],[8.60108,52.19709],[8.60156,52.19698],[8.60116,52.19606],[8.60152,52.19602],[8.60192,52.19693],[8.60294,52.19675],[8.60201,52.19582],[8.60374,52.19557],[8.6034,52.19451],[8.60158,52.19466],[8.60182,52.1942],[8.59958,52.1938],[8.6,52.19307],[8.59945,52.19291],[8.59968,52.19268],[8.60021,52.19274],[8.60025,52.19252],[8.60241,52.19278],[8.60275,52.19221],[8.60068,52.19186],[8.60072,52.1916],[8.59888,52.19115]]]}},{"type":"Feature","properties":{"slice":"ura","kind":"wald"},"geometry":{"type":"Polygon","coordinates":[[[8.60826,52.19348],[8.60812,52.19264],[8.60855,52.19253],[8.6087,52.19276],[8.60943,52.19267],[8.60935,52.19195],[8.60541,52.19157],[8.6051,52.1923],[8.60402,52.19227],[8.60406,52.19302],[8.6039,52.19358],[8.60826,52.19348]]]}},{"type":"Feature","properties":{"slice":"ura","kind":"wald"},"geometry":{"type":"Polygon","coordinates":[[[8.61679,52.18542],[8.61516,52.18651],[8.615,52.18679],[8.61663,52.18732],[8.61704,52.18736],[8.61713,52.18692],[8.61695,52.18647],[8.61719,52.18631],[8.61717,52.18566],[8.61708,52.1854],[8.61787,52.18534],[8.61804,52.18519],[8.62021,52.18533],[8.62096,52.18494],[8.62116,52.18487],[8.62138,52.1849],[8.6215,52.18472],[8.62182,52.18456],[8.62175,52.18427],[8.62131,52.1841],[8.62049,52.18398],[8.6193,52.1831],[8.61899,52.18297],[8.61754,52.18305],[8.61602,52.18276],[8.61406,52.18258],[8.61254,52.18262],[8.61149,52.18288],[8.61098,52.18336],[8.61086,52.18394],[8.61103,52.18464],[8.61204,52.18474],[8.61298,52.18462],[8.61525,52.18406],[8.61575,52.18402],[8.61614,52.18411],[8.61634,52.18454],[8.61576,52.18492],[8.61621,52.18529],[8.61679,52.18542]]]}},{"type":"Feature","properties":{"slice":"ura","kind":"wald"},"geometry":{"type":"Polygon","coordinates":[[[8.61742,52.18021],[8.61778,52.18087],[8.61827,52.18089],[8.61845,52.18073],[8.61844,52.18059],[8.61785,52.18003],[8.61775,52.17931],[8.61804,52.17836],[8.61879,52.17698],[8.61984,52.1761],[8.62052,52.1752],[8.61987,52.17495],[8.61995,52.1747],[8.62057,52.17446],[8.62071,52.17422],[8.62055,52.17408],[8.62068,52.17396],[8.6211,52.17385],[8.62132,52.1737],[8.62059,52.17338],[8.62016,52.17374],[8.61891,52.1754],[8.61717,52.17627],[8.61752,52.1743],[8.6165,52.17414],[8.61664,52.17353],[8.61486,52.17347],[8.61329,52.17333],[8.61344,52.17355],[8.61328,52.17382],[8.61275,52.17601],[8.61204,52.17642],[8.61094,52.17676],[8.60995,52.17694],[8.60983,52.17721],[8.60989,52.17757],[8.61024,52.17758],[8.6103,52.17737],[8.61044,52.17738],[8.61058,52.1775],[8.61106,52.1774],[8.61113,52.17761],[8.61095,52.17789],[8.61126,52.17853],[8.61109,52.1789],[8.61167,52.17892],[8.61239,52.17912],[8.61315,52.17918],[8.61358,52.17932],[8.61403,52.17937],[8.61742,52.18021]]]}},{"type":"Feature","properties":{"slice":"ura","kind":"wald"},"geometry":{"type":"Polygon","coordinates":[[[8.62475,52.17351],[8.62436,52.1735],[8.62391,52.17365],[8.62361,52.17387],[8.62364,52.17408],[8.62544,52.17475],[8.62623,52.17479],[8.62679,52.17503],[8.63124,52.17527],[8.63125,52.17505],[8.63012,52.17494],[8.62924,52.1747],[8.62852,52.17461],[8.62682,52.17399],[8.62475,52.17351]]]}},{"type":"Feature","properties":{"slice":"ura","kind":"wald"},"geometry":{"type":"Polygon","coordinates":[[[8.61982,52.17019],[8.61974,52.16984],[8.62015,52.1696],[8.6199,52.16851],[8.6196,52.16844],[8.61941,52.16816],[8.61922,52.16814],[8.61921,52.16796],[8.61875,52.168],[8.61872,52.16819],[8.61744,52.16837],[8.61785,52.17015],[8.61831,52.1704],[8.61965,52.17028],[8.61982,52.17019]]]}},{"type":"Feature","properties":{"slice":"ura","kind":"wald"},"geometry":{"type":"Polygon","coordinates":[[[8.60519,52.17545],[8.60418,52.17568],[8.60229,52.17578],[8.60145,52.17567],[8.60063,52.17534],[8.59977,52.17531],[8.59971,52.17517],[8.59982,52.17513],[8.59969,52.17457],[8.60044,52.17447],[8.60075,52.1751],[8.60173,52.17544],[8.6036,52.17499],[8.60412,52.17504],[8.60524,52.1753],[8.60511,52.17453],[8.60465,52.1735],[8.60575,52.17325],[8.6063,52.17261],[8.605,52.1722],[8.60456,52.17236],[8.60388,52.17285],[8.60252,52.17273],[8.60211,52.17226],[8.60339,52.17211],[8.60351,52.17155],[8.60292,52.17169],[8.60195,52.17155],[8.6011,52.17184],[8.59955,52.17179],[8.59959,52.17251],[8.59941,52.17279],[8.59797,52.17277],[8.59778,52.17315],[8.59744,52.17307],[8.59756,52.17272],[8.59711,52.17264],[8.59659,52.17209],[8.59602,52.17221],[8.59524,52.1721],[8.59506,52.17293],[8.59522,52.17372],[8.59642,52.17401],[8.59644,52.17432],[8.59842,52.17489],[8.59884,52.17481],[8.5995,52.17532],[8.59988,52.17582],[8.5998,52.17602],[8.59885,52.17633],[8.59816,52.1771],[8.599,52.17764],[8.59854,52.17795],[8.59881,52.17827],[8.59832,52.17848],[8.59865,52.17926],[8.59914,52.17935],[8.5995,52.18048],[8.60153,52.18025],[8.602,52.18029],[8.60259,52.18059],[8.60291,52.18068],[8.60391,52.18066],[8.60393,52.18003],[8.60424,52.17964],[8.60352,52.17965],[8.60314,52.17975],[8.60306,52.17999],[8.60212,52.18017],[8.6018,52.1799],[8.6017,52.17924],[8.60149,52.17862],[8.6022,52.17847],[8.60288,52.17854],[8.60311,52.17883],[8.60455,52.17842],[8.60509,52.17804],[8.60575,52.17719],[8.60609,52.17658],[8.6061,52.17624],[8.60538,52.1757],[8.60519,52.17545]]]}},{"type":"Feature","properties":{"slice":"ura","kind":"wald"},"geometry":{"type":"Polygon","coordinates":[[[8.63182,52.18309],[8.63191,52.18001],[8.63113,52.17995],[8.63107,52.1831],[8.63182,52.18309]]]}},{"type":"Feature","properties":{"slice":"ura","kind":"wald"},"geometry":{"type":"Polygon","coordinates":[[[8.6332,52.18291],[8.63591,52.18245],[8.63638,52.18055],[8.63564,52.18042],[8.63494,52.1804],[8.63401,52.1799],[8.63353,52.17994],[8.63338,52.18006],[8.6334,52.18163],[8.63324,52.18193],[8.63306,52.1828],[8.6332,52.18291]]]}},{"type":"Feature","properties":{"slice":"ura","kind":"wald"},"geometry":{"type":"Polygon","coordinates":[[[8.64218,52.17896],[8.64254,52.17923],[8.64255,52.1795],[8.64199,52.17978],[8.64193,52.18003],[8.64252,52.18022],[8.64306,52.18115],[8.64389,52.18143],[8.64418,52.18188],[8.64509,52.18158],[8.64565,52.18216],[8.64498,52.18258],[8.64577,52.1829],[8.64754,52.18405],[8.64837,52.18411],[8.648,52.18477],[8.64796,52.18506],[8.64851,52.18483],[8.64863,52.18462],[8.64903,52.18442],[8.64937,52.18407],[8.65006,52.18358],[8.64913,52.18332],[8.64905,52.1832],[8.64999,52.18272],[8.65075,52.18288],[8.65088,52.18276],[8.65007,52.18243],[8.65061,52.1821],[8.65123,52.18194],[8.65138,52.18239],[8.65168,52.18256],[8.65224,52.18264],[8.6526,52.18289],[8.65298,52.18303],[8.65383,52.1817],[8.65249,52.18105],[8.65449,52.17922],[8.65419,52.17906],[8.65439,52.17881],[8.65195,52.1781],[8.65058,52.17778],[8.65008,52.17749],[8.6493,52.17732],[8.64907,52.17713],[8.649,52.17689],[8.64725,52.1763],[8.64757,52.17557],[8.64762,52.17484],[8.64212,52.17375],[8.64098,52.17476],[8.64069,52.1767],[8.63974,52.17757],[8.64171,52.17857],[8.64052,52.17908],[8.64065,52.17958],[8.64218,52.17896]]]}},{"type":"Feature","properties":{"slice":"ura","kind":"wald"},"geometry":{"type":"Polygon","coordinates":[[[8.65459,52.17517],[8.6534,52.17465],[8.65373,52.17458],[8.6541,52.1747],[8.65426,52.17444],[8.65479,52.17419],[8.65569,52.17322],[8.65652,52.17351],[8.6584,52.17258],[8.65825,52.17237],[8.65524,52.17074],[8.65494,52.17095],[8.65368,52.17059],[8.65335,52.17113],[8.65304,52.17115],[8.65264,52.1718],[8.65232,52.17194],[8.65298,52.1721],[8.65382,52.17254],[8.65209,52.17374],[8.65136,52.17339],[8.65178,52.17292],[8.65193,52.1726],[8.65079,52.17192],[8.64841,52.17079],[8.64883,52.17045],[8.6501,52.17095],[8.65117,52.16983],[8.65052,52.16972],[8.65037,52.16948],[8.64989,52.16917],[8.64948,52.16878],[8.6492,52.16894],[8.64833,52.1688],[8.64819,52.16851],[8.64852,52.16815],[8.64744,52.16751],[8.64703,52.16717],[8.64695,52.16699],[8.64739,52.16673],[8.64657,52.1665],[8.64569,52.16672],[8.64546,52.16707],[8.64623,52.16736],[8.64569,52.16799],[8.6469,52.16848],[8.6477,52.16992],[8.64661,52.17075],[8.64523,52.1715],[8.64672,52.17256],[8.64792,52.17324],[8.65024,52.17397],[8.65253,52.17481],[8.65451,52.1754],[8.65459,52.17517]]]}},{"type":"Feature","properties":{"slice":"ura","kind":"wald"},"geometry":{"type":"Polygon","coordinates":[[[8.63677,52.17147],[8.63616,52.172],[8.63539,52.17195],[8.63513,52.17223],[8.63475,52.1722],[8.63469,52.17256],[8.6359,52.17273],[8.63632,52.17233],[8.6366,52.17218],[8.63709,52.17228],[8.63744,52.17177],[8.63747,52.1716],[8.63677,52.17147]]]}},{"type":"Feature","properties":{"slice":"ura","kind":"wald"},"geometry":{"type":"Polygon","coordinates":[[[8.63197,52.17098],[8.63233,52.17054],[8.63098,52.17048],[8.63055,52.17072],[8.63086,52.17114],[8.63189,52.17121],[8.63197,52.17098]]]}},{"type":"Feature","properties":{"slice":"ura","kind":"wald"},"geometry":{"type":"Polygon","coordinates":[[[8.64566,52.16999],[8.64482,52.16962],[8.64346,52.1707],[8.64416,52.1711],[8.64566,52.16999]]]}},{"type":"Feature","properties":{"slice":"ura","kind":"wald"},"geometry":{"type":"Polygon","coordinates":[[[8.6316,52.16509],[8.63004,52.16477],[8.62984,52.1653],[8.6313,52.16555],[8.6316,52.16509]]]}},{"type":"Feature","properties":{"slice":"ura","kind":"wald"},"geometry":{"type":"Polygon","coordinates":[[[8.64372,52.16207],[8.64373,52.16155],[8.64334,52.16144],[8.64104,52.16115],[8.64101,52.16126],[8.64112,52.16143],[8.64097,52.16156],[8.64127,52.16172],[8.64114,52.16187],[8.64184,52.16223],[8.64255,52.16214],[8.64357,52.16241],[8.64372,52.16207]]]}},{"type":"Feature","properties":{"slice":"ura","kind":"wald"},"geometry":{"type":"Polygon","coordinates":[[[8.64305,52.15984],[8.64206,52.16015],[8.64051,52.16034],[8.63875,52.16033],[8.6384,52.16056],[8.64002,52.16057],[8.64092,52.16067],[8.64141,52.16049],[8.6416,52.16048],[8.6426,52.16073],[8.64282,52.16061],[8.64331,52.16072],[8.64353,52.16024],[8.64367,52.15955],[8.64305,52.15984]]]}},{"type":"Feature","properties":{"slice":"ura","kind":"wald"},"geometry":{"type":"Polygon","coordinates":[[[8.63965,52.1592],[8.64042,52.15852],[8.64038,52.15787],[8.64052,52.15732],[8.64032,52.15711],[8.63834,52.15691],[8.63791,52.15708],[8.63476,52.1568],[8.63454,52.15736],[8.63473,52.15781],[8.63698,52.15802],[8.63753,52.15798],[8.63854,52.15767],[8.6401,52.15789],[8.64,52.15795],[8.63867,52.158],[8.63692,52.1584],[8.6363,52.15864],[8.63569,52.15908],[8.63533,52.15923],[8.63524,52.15929],[8.63531,52.15946],[8.63706,52.15983],[8.63906,52.15997],[8.63965,52.1592]]]}},{"type":"Feature","properties":{"slice":"ura","kind":"wald"},"geometry":{"type":"Polygon","coordinates":[[[8.63421,52.15469],[8.63409,52.15362],[8.63248,52.15347],[8.63089,52.15365],[8.63051,52.1538],[8.62992,52.15383],[8.62992,52.15447],[8.62907,52.15445],[8.62875,52.15663],[8.62881,52.157],[8.6306,52.15719],[8.63129,52.15752],[8.63319,52.1577],[8.63325,52.15735],[8.63383,52.15663],[8.63368,52.15615],[8.63374,52.15574],[8.63409,52.15595],[8.63416,52.15582],[8.63421,52.15469]]]}},{"type":"Feature","properties":{"slice":"ura","kind":"wald"},"geometry":{"type":"Polygon","coordinates":[[[8.64851,52.154],[8.64755,52.15401],[8.6472,52.15476],[8.64742,52.15488],[8.64713,52.1554],[8.64766,52.15559],[8.647,52.15624],[8.64713,52.1564],[8.64727,52.15645],[8.64671,52.15717],[8.64686,52.15738],[8.64635,52.1579],[8.64888,52.15898],[8.64918,52.15943],[8.64927,52.16061],[8.64839,52.16233],[8.6473,52.16326],[8.64612,52.16371],[8.64597,52.16388],[8.64611,52.16432],[8.64555,52.16484],[8.64555,52.16497],[8.64643,52.16515],[8.64895,52.1649],[8.64881,52.16513],[8.64664,52.16533],[8.64657,52.16556],[8.64741,52.16544],[8.6482,52.16561],[8.6487,52.16562],[8.64947,52.16502],[8.64974,52.16496],[8.64994,52.165],[8.65046,52.16531],[8.65218,52.16598],[8.65242,52.16611],[8.65254,52.16633],[8.65421,52.16615],[8.65405,52.16607],[8.65489,52.16588],[8.65484,52.16571],[8.65548,52.16568],[8.65588,52.1656],[8.65678,52.16483],[8.65583,52.16422],[8.65528,52.16359],[8.6546,52.16228],[8.65357,52.16186],[8.6528,52.16129],[8.65338,52.16066],[8.65439,52.1611],[8.65478,52.16078],[8.65519,52.1609],[8.65567,52.1605],[8.65638,52.16035],[8.65705,52.16033],[8.65785,52.16044],[8.65656,52.16185],[8.65557,52.16241],[8.65543,52.16256],[8.65576,52.16265],[8.65615,52.16237],[8.65732,52.16264],[8.65816,52.16176],[8.65874,52.16189],[8.65905,52.16188],[8.65935,52.16168],[8.65985,52.16196],[8.66103,52.16201],[8.66113,52.16182],[8.66136,52.16178],[8.66208,52.16182],[8.6622,52.16163],[8.66032,52.16147],[8.65969,52.16148],[8.65904,52.16131],[8.65875,52.16102],[8.65878,52.16092],[8.65925,52.16073],[8.6596,52.16039],[8.6601,52.16035],[8.66036,52.15986],[8.65946,52.15967],[8.65963,52.15953],[8.65961,52.15885],[8.6605,52.15898],[8.66166,52.15929],[8.66154,52.15954],[8.66293,52.15989],[8.66319,52.15966],[8.6625,52.15915],[8.66258,52.15889],[8.66231,52.15864],[8.66186,52.15839],[8.66214,52.158],[8.6629,52.15809],[8.66324,52.15736],[8.66244,52.1569],[8.66269,52.1566],[8.66263,52.15645],[8.66243,52.15632],[8.66265,52.15618],[8.6627,52.15579],[8.66325,52.15559],[8.66384,52.15508],[8.66376,52.15496],[8.66142,52.15495],[8.66107,52.15457],[8.6598,52.15393],[8.65982,52.15364],[8.66089,52.15319],[8.66227,52.15361],[8.6632,52.15377],[8.66402,52.15383],[8.66548,52.15353],[8.66562,52.15326],[8.66509,52.15316],[8.66512,52.15288],[8.66295,52.15248],[8.66288,52.15201],[8.66231,52.15185],[8.66251,52.15131],[8.66258,52.1508],[8.66355,52.15086],[8.66441,52.15084],[8.66442,52.15053],[8.66642,52.15082],[8.66645,52.1493],[8.66652,52.14898],[8.66407,52.14861],[8.66518,52.1465],[8.66542,52.1463],[8.66601,52.14655],[8.66671,52.14663],[8.66707,52.14611],[8.66757,52.14616],[8.66764,52.1445],[8.66626,52.14428],[8.66441,52.1436],[8.66379,52.14487],[8.66287,52.14591],[8.66311,52.14647],[8.66313,52.14682],[8.6625,52.14695],[8.66261,52.14708],[8.66252,52.14719],[8.66217,52.14723],[8.66214,52.14769],[8.66141,52.14793],[8.66194,52.14823],[8.66213,52.1484],[8.66173,52.14857],[8.66084,52.14844],[8.66032,52.14817],[8.65905,52.14829],[8.65533,52.14764],[8.65469,52.14829],[8.65451,52.14854],[8.65447,52.14882],[8.65234,52.14893],[8.65312,52.14945],[8.65341,52.14978],[8.65367,52.15114],[8.65355,52.15149],[8.65396,52.15157],[8.65376,52.15206],[8.6537,52.15292],[8.65314,52.15389],[8.65317,52.15417],[8.65425,52.15449],[8.65324,52.1566],[8.65222,52.15825],[8.6494,52.15783],[8.65046,52.1576],[8.65231,52.15403],[8.65325,52.15197],[8.65158,52.15166],[8.65076,52.1532],[8.64922,52.15297],[8.64903,52.15308],[8.64851,52.154]]]}},{"type":"Feature","properties":{"slice":"ura","kind":"wald"},"geometry":{"type":"Polygon","coordinates":[[[8.64774,52.14971],[8.6491,52.14903],[8.64901,52.1485],[8.64956,52.14769],[8.64967,52.14712],[8.64562,52.14632],[8.64338,52.14582],[8.64288,52.14745],[8.64172,52.14714],[8.64131,52.14715],[8.64122,52.14791],[8.64091,52.14851],[8.64136,52.14861],[8.64184,52.14827],[8.64409,52.14868],[8.6465,52.14935],[8.64674,52.14889],[8.64681,52.14843],[8.64765,52.14856],[8.64726,52.14948],[8.64707,52.1502],[8.64774,52.14971]]]}},{"type":"Feature","properties":{"slice":"ura","kind":"wald"},"geometry":{"type":"Polygon","coordinates":[[[8.64291,52.15002],[8.64117,52.14954],[8.64042,52.14958],[8.63864,52.14917],[8.63833,52.1492],[8.63779,52.14987],[8.63871,52.15001],[8.64052,52.15064],[8.64139,52.15073],[8.64205,52.1507],[8.64249,52.15046],[8.64291,52.15002]]]}},{"type":"Feature","properties":{"slice":"ura","kind":"wald"},"geometry":{"type":"Polygon","coordinates":[[[8.63215,52.13865],[8.62926,52.13938],[8.62901,52.1394],[8.62879,52.13931],[8.62868,52.1391],[8.6281,52.13935],[8.62785,52.14005],[8.62809,52.14053],[8.62861,52.14051],[8.62865,52.14081],[8.62951,52.14071],[8.62943,52.14098],[8.62912,52.14128],[8.62928,52.14168],[8.6289,52.14208],[8.62919,52.14237],[8.63242,52.14233],[8.63281,52.14274],[8.63338,52.14279],[8.63361,52.14253],[8.63284,52.14212],[8.63268,52.14209],[8.63209,52.14215],[8.63201,52.14146],[8.63141,52.14152],[8.63141,52.14124],[8.63097,52.14095],[8.63089,52.14078],[8.63093,52.1405],[8.63125,52.14016],[8.63163,52.13999],[8.63272,52.13987],[8.63215,52.13865]]]}},{"type":"Feature","properties":{"slice":"ura","kind":"wald"},"geometry":{"type":"Polygon","coordinates":[[[8.62538,52.14257],[8.6253,52.14123],[8.62429,52.14141],[8.62376,52.14164],[8.62372,52.14188],[8.62398,52.14284],[8.62448,52.14233],[8.62497,52.14226],[8.62538,52.14257]]]}},{"type":"Feature","properties":{"slice":"ura","kind":"wald"},"geometry":{"type":"Polygon","coordinates":[[[8.62367,52.14333],[8.6227,52.1432],[8.62265,52.14372],[8.62332,52.14395],[8.62523,52.14436],[8.62536,52.14418],[8.62523,52.14368],[8.62367,52.14333]]]}},{"type":"Feature","properties":{"slice":"ura","kind":"wald"},"geometry":{"type":"MultiPolygon","coordinates":[[[[8.62342,52.13547],[8.62322,52.13514],[8.62323,52.1346],[8.62341,52.13346],[8.62358,52.13328],[8.6187,52.13328],[8.61884,52.13343],[8.61849,52.13361],[8.6172,52.13397],[8.6163,52.13327],[8.61577,52.13338],[8.6159,52.13384],[8.61631,52.13428],[8.62142,52.1353],[8.62346,52.13594],[8.62372,52.13563],[8.62342,52.13547]]],[[[8.62676,52.13328],[8.62703,52.13402],[8.62796,52.13407],[8.62791,52.13451],[8.62868,52.13444],[8.62858,52.1351],[8.62811,52.13518],[8.62827,52.13568],[8.62879,52.13568],[8.62887,52.13603],[8.62993,52.13599],[8.62979,52.13504],[8.62879,52.13374],[8.62874,52.13328],[8.62676,52.13328]]]]}},{"type":"Feature","properties":{"slice":"ura","kind":"wald"},"geometry":{"type":"Polygon","coordinates":[[[8.6561,52.1418],[8.6556,52.14181],[8.65517,52.14175],[8.65495,52.14218],[8.65443,52.14216],[8.65443,52.14193],[8.6543,52.1417],[8.65343,52.14167],[8.65563,52.14362],[8.65622,52.14248],[8.65622,52.1419],[8.6561,52.1418]]]}},{"type":"Feature","properties":{"slice":"ura","kind":"wald"},"geometry":{"type":"Polygon","coordinates":[[[8.66751,52.18055],[8.66783,52.17941],[8.66713,52.17899],[8.66732,52.17797],[8.66693,52.17801],[8.66666,52.17892],[8.66604,52.17887],[8.66579,52.18016],[8.66575,52.18088],[8.66715,52.18101],[8.66749,52.1812],[8.66739,52.1815],[8.66795,52.18178],[8.66799,52.18086],[8.66751,52.18055]]]}},{"type":"Feature","properties":{"slice":"ura","kind":"wald"},"geometry":{"type":"Polygon","coordinates":[[[8.66552,52.17698],[8.66422,52.17561],[8.66352,52.17546],[8.6631,52.17529],[8.66279,52.17526],[8.66259,52.1754],[8.66248,52.17563],[8.66314,52.17619],[8.6632,52.17663],[8.66282,52.17704],[8.66249,52.17727],[8.66229,52.17757],[8.66218,52.17791],[8.66188,52.17834],[8.66179,52.17882],[8.66154,52.17925],[8.66084,52.17909],[8.66085,52.17934],[8.66126,52.17997],[8.66366,52.18037],[8.6656,52.1832],[8.66715,52.18521],[8.66742,52.18545],[8.66779,52.18521],[8.66525,52.18207],[8.66423,52.18054],[8.66434,52.18024],[8.66613,52.17805],[8.66619,52.17784],[8.66552,52.17698]]]}},{"type":"Feature","properties":{"slice":"ura","kind":"wald"},"geometry":{"type":"Polygon","coordinates":[[[8.66267,52.18512],[8.66235,52.18558],[8.66232,52.18584],[8.66383,52.18587],[8.66442,52.18665],[8.66441,52.18688],[8.66384,52.18757],[8.6637,52.18794],[8.66342,52.18834],[8.66302,52.18848],[8.66229,52.18853],[8.66128,52.18848],[8.66107,52.18872],[8.65742,52.18935],[8.65686,52.18951],[8.6578,52.18957],[8.65992,52.18952],[8.66185,52.18956],[8.66376,52.1898],[8.66402,52.18968],[8.66401,52.18943],[8.66416,52.18915],[8.66451,52.18881],[8.6645,52.18837],[8.66421,52.18762],[8.66461,52.18725],[8.66469,52.1869],[8.66455,52.186],[8.66345,52.18535],[8.66276,52.18511],[8.66267,52.18512]]]}},{"type":"Feature","properties":{"slice":"ura","kind":"wald"},"geometry":{"type":"Polygon","coordinates":[[[8.63785,52.1908],[8.63753,52.19034],[8.63612,52.19054],[8.63641,52.19132],[8.63685,52.19192],[8.63872,52.19152],[8.63785,52.1908]]]}},{"type":"Feature","properties":{"slice":"ura","kind":"wald"},"geometry":{"type":"Polygon","coordinates":[[[8.63224,52.19557],[8.63009,52.19711],[8.62955,52.19723],[8.62956,52.19761],[8.63044,52.19747],[8.63137,52.19759],[8.63183,52.19776],[8.63274,52.19793],[8.6332,52.19786],[8.63338,52.19726],[8.63357,52.19718],[8.63401,52.19715],[8.63404,52.19694],[8.63384,52.19681],[8.63381,52.19665],[8.63426,52.19647],[8.63355,52.19593],[8.6333,52.19597],[8.633,52.19637],[8.63276,52.1963],[8.63238,52.19602],[8.63229,52.19584],[8.63238,52.19571],[8.63224,52.19557]]]}},{"type":"Feature","properties":{"slice":"ura","kind":"wald"},"geometry":{"type":"Polygon","coordinates":[[[8.62825,52.19732],[8.62664,52.19758],[8.62669,52.19804],[8.62718,52.19798],[8.62776,52.19782],[8.62839,52.19785],[8.62825,52.19732]]]}},{"type":"Feature","properties":{"slice":"ura","kind":"wald"},"geometry":{"type":"Polygon","coordinates":[[[8.53112,52.1341],[8.53109,52.13438],[8.53065,52.13445],[8.53094,52.13508],[8.53123,52.13501],[8.53203,52.13497],[8.53189,52.13408],[8.53112,52.1341]]]}},{"type":"Feature","properties":{"slice":"ura","kind":"wald"},"geometry":{"type":"Polygon","coordinates":[[[8.53464,52.13461],[8.53498,52.13464],[8.53486,52.13417],[8.53493,52.1333],[8.53383,52.13326],[8.53353,52.13351],[8.53292,52.13361],[8.53287,52.13376],[8.53333,52.13401],[8.53327,52.13495],[8.53449,52.13507],[8.53464,52.13461]]]}},{"type":"Feature","properties":{"slice":"ura","kind":"wald"},"geometry":{"type":"Polygon","coordinates":[[[8.6636,52.13331],[8.66053,52.1333],[8.6603,52.13341],[8.66041,52.13396],[8.66133,52.13386],[8.66175,52.13376],[8.66189,52.1336],[8.66188,52.13341],[8.6636,52.1334],[8.6636,52.13331]]]}},{"type":"Feature","properties":{"slice":"ura","kind":"wald"},"geometry":{"type":"Polygon","coordinates":[[[8.66758,52.13452],[8.66658,52.13433],[8.66624,52.13411],[8.66575,52.13415],[8.66515,52.1339],[8.66494,52.13395],[8.66545,52.13441],[8.6651,52.13469],[8.66536,52.13481],[8.66573,52.13456],[8.66587,52.13455],[8.66607,52.13478],[8.66589,52.13495],[8.66608,52.13498],[8.66758,52.13487],[8.66758,52.13452]]]}},{"type":"Feature","properties":{"slice":"ura","kind":"wald"},"geometry":{"type":"Polygon","coordinates":[[[8.61095,52.13837],[8.61066,52.13743],[8.61036,52.13733],[8.60924,52.1376],[8.60754,52.13787],[8.60734,52.1381],[8.60758,52.13862],[8.60851,52.13866],[8.60929,52.13907],[8.60929,52.13948],[8.60915,52.13959],[8.60787,52.13954],[8.60821,52.14014],[8.60858,52.14048],[8.60908,52.14042],[8.6098,52.13997],[8.61005,52.13993],[8.6105,52.1403],[8.61098,52.14027],[8.61099,52.14014],[8.61163,52.14012],[8.61187,52.13929],[8.6117,52.13907],[8.61165,52.13884],[8.61095,52.13837]]]}},{"type":"Feature","properties":{"slice":"ura","kind":"wald"},"geometry":{"type":"Polygon","coordinates":[[[8.60785,52.14309],[8.6069,52.14283],[8.60513,52.14418],[8.60133,52.1465],[8.60177,52.14681],[8.60064,52.14759],[8.60302,52.14898],[8.60349,52.14842],[8.60629,52.14722],[8.60419,52.14683],[8.6047,52.14612],[8.60617,52.14507],[8.60744,52.14476],[8.60866,52.14407],[8.60938,52.14397],[8.60785,52.14309]]]}},{"type":"Feature","properties":{"slice":"ura","kind":"wald"},"geometry":{"type":"Polygon","coordinates":[[[8.60371,52.15626],[8.60185,52.15509],[8.60292,52.15498],[8.60391,52.155],[8.60391,52.1547],[8.60428,52.15466],[8.60439,52.15499],[8.60571,52.15474],[8.60547,52.15429],[8.60614,52.15417],[8.60615,52.15341],[8.60633,52.15287],[8.61041,52.15405],[8.6108,52.1536],[8.60738,52.15232],[8.60529,52.15184],[8.60488,52.15247],[8.60488,52.15349],[8.60413,52.15353],[8.60399,52.1537],[8.60075,52.15371],[8.60067,52.15338],[8.59969,52.15342],[8.59856,52.15318],[8.59852,52.1539],[8.5997,52.15519],[8.60073,52.15673],[8.60052,52.15734],[8.60105,52.15853],[8.60036,52.15863],[8.59989,52.1588],[8.5998,52.15923],[8.59997,52.16028],[8.60076,52.16215],[8.6014,52.16221],[8.60137,52.16237],[8.60101,52.16258],[8.60096,52.16296],[8.60136,52.16382],[8.60169,52.16399],[8.60238,52.16385],[8.60233,52.1634],[8.60249,52.16312],[8.60275,52.16295],[8.60278,52.16281],[8.60244,52.16247],[8.60184,52.16244],[8.60321,52.1619],[8.60368,52.16198],[8.60432,52.16144],[8.60438,52.161],[8.60452,52.16084],[8.6051,52.1609],[8.60514,52.16059],[8.60552,52.16036],[8.60543,52.16016],[8.60677,52.15939],[8.60729,52.15869],[8.6077,52.15848],[8.60782,52.15788],[8.60713,52.15799],[8.60677,52.15745],[8.60648,52.15741],[8.60624,52.15689],[8.60462,52.15693],[8.6042,52.15672],[8.60371,52.15626]],[[8.60549,52.15925],[8.60502,52.15948],[8.60487,52.1592],[8.60478,52.15869],[8.60532,52.15868],[8.60549,52.15925]]]}},{"type":"Feature","properties":{"slice":"ura","kind":"wald"},"geometry":{"type":"Polygon","coordinates":[[[8.59812,52.15539],[8.59778,52.15419],[8.59725,52.15362],[8.59717,52.15421],[8.59699,52.15442],[8.59613,52.15456],[8.59598,52.15506],[8.5962,52.15546],[8.5956,52.15549],[8.59543,52.15518],[8.59463,52.15536],[8.59441,52.15548],[8.5946,52.15609],[8.59425,52.15647],[8.5937,52.15688],[8.59375,52.15753],[8.59563,52.15755],[8.59781,52.1573],[8.59915,52.15743],[8.59946,52.1575],[8.59956,52.15744],[8.59955,52.15729],[8.59869,52.15643],[8.59812,52.15539]],[[8.59578,52.1568],[8.59529,52.15681],[8.59531,52.15649],[8.5958,52.15648],[8.59578,52.1568]]]}},{"type":"Feature","properties":{"slice":"ura","kind":"wald"},"geometry":{"type":"Polygon","coordinates":[[[8.62427,52.16348],[8.62325,52.16327],[8.62314,52.16299],[8.62309,52.1625],[8.62338,52.16063],[8.6229,52.1606],[8.62222,52.16027],[8.62156,52.16021],[8.62115,52.16039],[8.62071,52.16074],[8.62066,52.16094],[8.62093,52.16083],[8.62148,52.16079],[8.62161,52.16096],[8.62221,52.16102],[8.62226,52.16116],[8.62217,52.16136],[8.62195,52.16148],[8.62183,52.16207],[8.62133,52.1621],[8.62152,52.16245],[8.62164,52.16318],[8.62159,52.1636],[8.62091,52.16389],[8.6203,52.16434],[8.62204,52.16398],[8.6242,52.16364],[8.62427,52.16348]]]}},{"type":"Feature","properties":{"slice":"ura","kind":"wald"},"geometry":{"type":"Polygon","coordinates":[[[8.51666,52.16595],[8.51628,52.16638],[8.51793,52.16697],[8.51843,52.16657],[8.51666,52.16595]]]}},{"type":"Feature","properties":{"slice":"ura","kind":"wald"},"geometry":{"type":"Polygon","coordinates":[[[8.63683,52.19474],[8.63576,52.19469],[8.6353,52.19475],[8.63481,52.19526],[8.63499,52.19536],[8.63585,52.19547],[8.63623,52.1951],[8.63681,52.19504],[8.63683,52.19474]]]}},{"type":"Feature","properties":{"slice":"ura","kind":"wald"},"geometry":{"type":"Polygon","coordinates":[[[8.4843,52.1987],[8.48386,52.19874],[8.48249,52.19717],[8.48028,52.19767],[8.48141,52.19893],[8.4846,52.19897],[8.4843,52.1987]]]}},{"type":"Feature","properties":{"slice":"ura","kind":"wald"},"geometry":{"type":"Polygon","coordinates":[[[8.44668,52.21217],[8.44958,52.2123],[8.44891,52.21303],[8.44911,52.21321],[8.44924,52.21348],[8.44842,52.21404],[8.44853,52.21458],[8.44885,52.21454],[8.44957,52.21429],[8.45014,52.21399],[8.45152,52.2138],[8.45225,52.2138],[8.45236,52.21368],[8.45234,52.21336],[8.45314,52.21343],[8.45319,52.21322],[8.45394,52.21321],[8.45403,52.21133],[8.45364,52.21126],[8.45354,52.21118],[8.45312,52.20985],[8.45341,52.20883],[8.45375,52.20868],[8.45394,52.20873],[8.45487,52.20874],[8.45504,52.2086],[8.45655,52.20869],[8.45736,52.20909],[8.45779,52.21051],[8.4592,52.21059],[8.45853,52.20878],[8.46267,52.20933],[8.46316,52.20843],[8.46355,52.20839],[8.46377,52.20817],[8.46481,52.20826],[8.46493,52.20791],[8.46402,52.20785],[8.46388,52.20744],[8.46364,52.20728],[8.46301,52.20716],[8.46289,52.20666],[8.46384,52.20663],[8.46431,52.20582],[8.46633,52.20572],[8.46719,52.2047],[8.46557,52.20382],[8.46569,52.20309],[8.46462,52.20264],[8.46577,52.20139],[8.46545,52.20123],[8.46628,52.20029],[8.46272,52.19822],[8.45941,52.19914],[8.46259,52.19915],[8.4588,52.20189],[8.4562,52.20063],[8.4552,52.20026],[8.45218,52.20303],[8.45374,52.20534],[8.45354,52.20598],[8.45323,52.20587],[8.45288,52.20584],[8.45261,52.20591],[8.45165,52.20644],[8.45151,52.20668],[8.45191,52.20688],[8.45215,52.20711],[8.45223,52.20751],[8.45252,52.20784],[8.45229,52.20821],[8.45138,52.20818],[8.45132,52.20783],[8.45101,52.20763],[8.45075,52.2076],[8.45033,52.20771],[8.45011,52.20832],[8.44959,52.20865],[8.44972,52.20912],[8.44936,52.20971],[8.44957,52.20994],[8.44927,52.21045],[8.44941,52.21059],[8.44836,52.21127],[8.44865,52.21158],[8.44833,52.21173],[8.44807,52.21159],[8.44785,52.21167],[8.44765,52.21158],[8.44661,52.21168],[8.44314,52.21494],[8.44307,52.21513],[8.44328,52.21535],[8.44356,52.21594],[8.44409,52.21618],[8.44414,52.21632],[8.44404,52.21662],[8.44442,52.21673],[8.44467,52.21672],[8.44479,52.21684],[8.44536,52.21705],[8.44552,52.2172],[8.44608,52.21719],[8.44662,52.21705],[8.44966,52.21661],[8.45042,52.21622],[8.45046,52.21641],[8.45063,52.21654],[8.45117,52.21667],[8.45121,52.21702],[8.45145,52.2167],[8.45151,52.21616],[8.45225,52.21621],[8.45268,52.21632],[8.45227,52.21582],[8.45157,52.21575],[8.45086,52.21594],[8.45072,52.21586],[8.45103,52.21572],[8.45175,52.21554],[8.45186,52.21534],[8.44951,52.21551],[8.4494,52.21575],[8.44896,52.21585],[8.44766,52.216],[8.44704,52.21597],[8.44718,52.21633],[8.44683,52.21631],[8.44639,52.2168],[8.44553,52.21667],[8.44476,52.21641],[8.44356,52.21532],[8.44668,52.21217]],[[8.4517,52.2132],[8.44969,52.21217],[8.45067,52.21135],[8.45178,52.21187],[8.45143,52.2121],[8.45242,52.2127],[8.4517,52.2132]],[[8.46186,52.20335],[8.46088,52.20288],[8.46174,52.20228],[8.46257,52.20269],[8.46186,52.20335]]]}},{"type":"Feature","properties":{"slice":"ura","kind":"wald"},"geometry":{"type":"Polygon","coordinates":[[[8.48925,52.15386],[8.48847,52.15372],[8.48693,52.15387],[8.48668,52.15414],[8.48587,52.15443],[8.48598,52.15472],[8.48745,52.15443],[8.48856,52.15437],[8.48932,52.1544],[8.48925,52.15386]]]}},{"type":"Feature","properties":{"slice":"ura","kind":"wald"},"geometry":{"type":"Polygon","coordinates":[[[8.49032,52.15616],[8.48879,52.15676],[8.48866,52.15644],[8.48848,52.15629],[8.48786,52.15629],[8.48766,52.15643],[8.48725,52.15646],[8.48726,52.15695],[8.4896,52.15745],[8.49087,52.1566],[8.49032,52.15616]]]}},{"type":"Feature","properties":{"slice":"ura","kind":"wald"},"geometry":{"type":"Polygon","coordinates":[[[8.46464,52.15051],[8.46441,52.15199],[8.46548,52.15208],[8.46702,52.1521],[8.46772,52.1522],[8.46868,52.1521],[8.46804,52.15067],[8.46464,52.15051]]]}},{"type":"Feature","properties":{"slice":"ura","kind":"wald"},"geometry":{"type":"Polygon","coordinates":[[[8.46365,52.1504],[8.4633,52.14909],[8.46266,52.14904],[8.46246,52.14912],[8.45925,52.14832],[8.45945,52.14958],[8.46013,52.14963],[8.46012,52.15019],[8.46042,52.15025],[8.46059,52.15124],[8.46042,52.15134],[8.46069,52.15215],[8.46346,52.15191],[8.46365,52.1504]]]}},{"type":"Feature","properties":{"slice":"ura","kind":"wald"},"geometry":{"type":"MultiPolygon","coordinates":[[[[8.41499,52.13359],[8.41539,52.13365],[8.41595,52.1343],[8.4159,52.13448],[8.41573,52.13461],[8.41579,52.13486],[8.41626,52.13502],[8.41617,52.13585],[8.41689,52.13599],[8.41758,52.13627],[8.41842,52.13643],[8.42011,52.13703],[8.42056,52.13746],[8.42111,52.13842],[8.42193,52.13892],[8.42216,52.13865],[8.42195,52.13823],[8.42203,52.13804],[8.42249,52.13822],[8.42281,52.13814],[8.42361,52.13827],[8.42476,52.13883],[8.42509,52.13922],[8.42502,52.13968],[8.4242,52.14024],[8.42427,52.14049],[8.42485,52.1405],[8.42681,52.13976],[8.42734,52.13989],[8.42863,52.1405],[8.42859,52.14019],[8.42812,52.13957],[8.42844,52.13948],[8.42846,52.13907],[8.42859,52.13913],[8.42894,52.13947],[8.42961,52.14146],[8.42942,52.14195],[8.42955,52.14212],[8.42956,52.14238],[8.42981,52.14265],[8.43049,52.14279],[8.43055,52.14311],[8.43073,52.14338],[8.43163,52.14254],[8.43253,52.14207],[8.43088,52.14138],[8.43151,52.14059],[8.43112,52.14024],[8.43053,52.13995],[8.43028,52.1397],[8.43021,52.13943],[8.43042,52.13895],[8.43148,52.13788],[8.43249,52.13846],[8.43297,52.13804],[8.4338,52.1377],[8.43383,52.13755],[8.43417,52.13746],[8.43386,52.13706],[8.4335,52.13708],[8.43357,52.13671],[8.43179,52.13556],[8.43149,52.13567],[8.43108,52.13549],[8.43081,52.13589],[8.42875,52.13572],[8.42864,52.1361],[8.42767,52.13561],[8.42755,52.13655],[8.42691,52.13655],[8.42688,52.13598],[8.42648,52.136],[8.42644,52.13578],[8.42586,52.13576],[8.42566,52.13636],[8.4248,52.13678],[8.42434,52.13678],[8.4243,52.1365],[8.42467,52.13649],[8.42478,52.13612],[8.42314,52.13612],[8.4228,52.13695],[8.4215,52.13706],[8.42113,52.13631],[8.42029,52.13643],[8.41975,52.13641],[8.41916,52.13628],[8.41884,52.13611],[8.41887,52.13586],[8.41874,52.13563],[8.41879,52.13557],[8.41916,52.13564],[8.41937,52.13549],[8.4199,52.13565],[8.42037,52.13555],[8.42157,52.13452],[8.42318,52.1354],[8.42351,52.13512],[8.42347,52.13492],[8.42375,52.13483],[8.42392,52.13484],[8.42418,52.13451],[8.42393,52.13427],[8.4225,52.13344],[8.42211,52.13295],[8.42094,52.13385],[8.41979,52.13338],[8.41838,52.13432],[8.41778,52.13398],[8.41922,52.13294],[8.41514,52.13293],[8.41499,52.13359]]],[[[8.40861,52.13304],[8.40949,52.13298],[8.40998,52.13311],[8.41085,52.13292],[8.4084,52.13291],[8.40861,52.13304]]]]}},{"type":"Feature","properties":{"slice":"ura","kind":"wald"},"geometry":{"type":"MultiPolygon","coordinates":[[[[8.49352,52.13339],[8.49382,52.13314],[8.49384,52.13311],[8.49336,52.1331],[8.49352,52.13339]]],[[[8.49677,52.13319],[8.49718,52.13311],[8.49648,52.13311],[8.49677,52.13319]]]]}},{"type":"Feature","properties":{"slice":"ura","kind":"wald"},"geometry":{"type":"MultiPolygon","coordinates":[[[[8.47979,52.13348],[8.47997,52.1332],[8.4802,52.13308],[8.47966,52.13308],[8.47936,52.13336],[8.47979,52.13348]]],[[[8.47889,52.13322],[8.47903,52.13308],[8.47839,52.13307],[8.47889,52.13322]]]]}},{"type":"Feature","properties":{"slice":"ura","kind":"wald"},"geometry":{"type":"Polygon","coordinates":[[[8.46918,52.13349],[8.46961,52.13306],[8.46814,52.13305],[8.46918,52.13349]]]}},{"type":"Feature","properties":{"slice":"ura","kind":"wald"},"geometry":{"type":"Polygon","coordinates":[[[8.46763,52.13612],[8.46658,52.13523],[8.4664,52.13553],[8.46613,52.13556],[8.46594,52.13548],[8.46589,52.13537],[8.46525,52.13523],[8.46548,52.13486],[8.46535,52.13465],[8.46499,52.13467],[8.46433,52.13566],[8.4639,52.13564],[8.46251,52.13806],[8.46044,52.13796],[8.4601,52.1388],[8.46034,52.13889],[8.46024,52.13914],[8.46129,52.13936],[8.46164,52.13905],[8.46224,52.13909],[8.46246,52.13922],[8.4625,52.13963],[8.46355,52.14014],[8.46469,52.14053],[8.46506,52.14056],[8.46565,52.1397],[8.46597,52.13952],[8.46641,52.13946],[8.46784,52.13987],[8.46797,52.1402],[8.46796,52.14067],[8.46772,52.14117],[8.46802,52.14132],[8.46812,52.14153],[8.4681,52.14172],[8.46905,52.14187],[8.46915,52.14199],[8.4691,52.1425],[8.46899,52.14291],[8.4674,52.14279],[8.4674,52.14301],[8.46806,52.14324],[8.47032,52.14361],[8.47168,52.14412],[8.47258,52.14427],[8.47356,52.14457],[8.47454,52.14459],[8.47468,52.14422],[8.47482,52.14407],[8.47528,52.14389],[8.47526,52.14352],[8.47469,52.14311],[8.47389,52.14298],[8.47312,52.14298],[8.47227,52.14325],[8.47209,52.14338],[8.47109,52.1432],[8.47083,52.14297],[8.47112,52.14193],[8.47147,52.14172],[8.47229,52.14158],[8.47251,52.14134],[8.47236,52.14104],[8.47194,52.14074],[8.47203,52.14061],[8.47224,52.14054],[8.47224,52.14024],[8.47194,52.13937],[8.47197,52.13892],[8.47101,52.13865],[8.4702,52.13856],[8.46863,52.13881],[8.46704,52.13862],[8.4661,52.1384],[8.46763,52.13612]]]}},{"type":"Feature","properties":{"slice":"ura","kind":"wald"},"geometry":{"type":"Polygon","coordinates":[[[8.47688,52.13764],[8.47642,52.13742],[8.47603,52.1374],[8.47504,52.13853],[8.47531,52.13866],[8.47577,52.13854],[8.4759,52.13871],[8.47688,52.13764]]]}},{"type":"Feature","properties":{"slice":"ura","kind":"wald"},"geometry":{"type":"Polygon","coordinates":[[[8.47732,52.1342],[8.47658,52.13395],[8.47622,52.13479],[8.47731,52.13502],[8.47798,52.13423],[8.47732,52.1342]]]}},{"type":"Feature","properties":{"slice":"ura","kind":"wald"},"geometry":{"type":"Polygon","coordinates":[[[8.46688,52.14349],[8.46701,52.14547],[8.46721,52.14591],[8.46743,52.14616],[8.46778,52.14643],[8.46913,52.14688],[8.47036,52.14752],[8.46952,52.14939],[8.4699,52.14953],[8.47052,52.14962],[8.47445,52.14978],[8.47501,52.14992],[8.4754,52.15024],[8.47563,52.15058],[8.47568,52.15083],[8.47558,52.15114],[8.47576,52.15185],[8.47543,52.15221],[8.4754,52.15276],[8.47583,52.15322],[8.4761,52.15288],[8.47626,52.15231],[8.47621,52.15168],[8.47637,52.15149],[8.47664,52.15145],[8.47687,52.15066],[8.47682,52.1502],[8.47715,52.14984],[8.47479,52.14965],[8.47476,52.14954],[8.47494,52.14924],[8.47529,52.14893],[8.47526,52.14848],[8.4757,52.14813],[8.4758,52.14778],[8.47578,52.14766],[8.47548,52.14761],[8.47467,52.14759],[8.47467,52.14551],[8.47292,52.14563],[8.4714,52.14503],[8.47104,52.14472],[8.47042,52.14473],[8.47025,52.14465],[8.47003,52.14425],[8.46947,52.14382],[8.46917,52.1437],[8.46688,52.14349]]]}},{"type":"Feature","properties":{"slice":"ura","kind":"wald"},"geometry":{"type":"Polygon","coordinates":[[[8.45563,52.13317],[8.45478,52.13322],[8.45388,52.13366],[8.45298,52.13375],[8.45191,52.13397],[8.45048,52.134],[8.44987,52.13407],[8.44936,52.13427],[8.44892,52.13434],[8.44832,52.13426],[8.44766,52.13445],[8.4464,52.13442],[8.44496,52.13428],[8.44415,52.13413],[8.44359,52.13412],[8.44288,52.13424],[8.44201,52.13428],[8.44149,52.13419],[8.44031,52.13422],[8.44045,52.13497],[8.43998,52.13552],[8.4405,52.13587],[8.44135,52.1349],[8.44149,52.13492],[8.44194,52.13469],[8.44231,52.13482],[8.44131,52.13597],[8.44123,52.13647],[8.44137,52.13662],[8.44186,52.13686],[8.44216,52.13665],[8.44244,52.1368],[8.44218,52.137],[8.44273,52.13746],[8.44282,52.13742],[8.44288,52.13645],[8.44358,52.13641],[8.44378,52.13623],[8.44369,52.13601],[8.44413,52.13601],[8.44417,52.13571],[8.44337,52.13555],[8.44339,52.13511],[8.44363,52.13485],[8.44379,52.13469],[8.44537,52.13471],[8.44518,52.13653],[8.44575,52.13656],[8.44594,52.13731],[8.44884,52.13736],[8.44898,52.13688],[8.44934,52.13673],[8.44939,52.13661],[8.44959,52.1346],[8.4499,52.13458],[8.45007,52.13448],[8.45047,52.1344],[8.45054,52.13425],[8.45158,52.13433],[8.45156,52.13458],[8.45328,52.13568],[8.45368,52.13559],[8.45394,52.1354],[8.45441,52.13484],[8.45496,52.13481],[8.45542,52.13434],[8.45559,52.13393],[8.45481,52.13384],[8.45484,52.13353],[8.45577,52.13358],[8.45563,52.13317]]]}},{"type":"Feature","properties":{"slice":"ura","kind":"wald"},"geometry":{"type":"Polygon","coordinates":[[[8.43755,52.13634],[8.43802,52.13632],[8.43819,52.13667],[8.43771,52.13677],[8.43821,52.13766],[8.43887,52.13751],[8.43885,52.13715],[8.4393,52.13554],[8.43883,52.13531],[8.43899,52.135],[8.43647,52.13406],[8.43755,52.13634]]]}},{"type":"Feature","properties":{"slice":"ura","kind":"wald"},"geometry":{"type":"Polygon","coordinates":[[[8.45852,52.21159],[8.45887,52.21234],[8.45941,52.21288],[8.45993,52.21323],[8.46006,52.21289],[8.45944,52.21136],[8.45852,52.21159]]]}},{"type":"Feature","properties":{"slice":"ura","kind":"wald"},"geometry":{"type":"Polygon","coordinates":[[[8.45392,52.21808],[8.4532,52.21836],[8.45266,52.21839],[8.45142,52.21767],[8.45102,52.21754],[8.45045,52.21763],[8.45017,52.21776],[8.45014,52.21801],[8.4505,52.21827],[8.45154,52.21852],[8.45213,52.21894],[8.45277,52.21911],[8.45302,52.21874],[8.45475,52.21818],[8.45451,52.21803],[8.45392,52.21808]]]}},{"type":"Feature","properties":{"slice":"ura","kind":"wald"},"geometry":{"type":"Polygon","coordinates":[[[8.47056,52.19987],[8.47006,52.20051],[8.47055,52.20063],[8.47107,52.20097],[8.47543,52.20201],[8.47583,52.20121],[8.47056,52.19987]]]}},{"type":"Feature","properties":{"slice":"ura","kind":"wald"},"geometry":{"type":"Polygon","coordinates":[[[8.48415,52.20552],[8.48331,52.20681],[8.48497,52.20734],[8.48575,52.20686],[8.48415,52.20552]]]}},{"type":"Feature","properties":{"slice":"ura","kind":"wald"},"geometry":{"type":"Polygon","coordinates":[[[8.48544,52.20893],[8.48585,52.20891],[8.48589,52.20907],[8.48621,52.20927],[8.48648,52.20919],[8.48769,52.2081],[8.48657,52.20732],[8.48601,52.20812],[8.48315,52.20735],[8.48261,52.20812],[8.48544,52.20893]]]}},{"type":"Feature","properties":{"slice":"ura","kind":"wald"},"geometry":{"type":"Polygon","coordinates":[[[8.48543,52.21156],[8.48457,52.21267],[8.48346,52.21217],[8.48294,52.2129],[8.47977,52.21559],[8.47925,52.21579],[8.47656,52.21487],[8.47847,52.21108],[8.4755,52.20983],[8.47451,52.21082],[8.47275,52.21039],[8.47337,52.20963],[8.47297,52.20952],[8.47324,52.20911],[8.47368,52.20928],[8.47415,52.20911],[8.47246,52.2082],[8.47315,52.20707],[8.47424,52.2072],[8.47524,52.20574],[8.47393,52.20551],[8.47308,52.20687],[8.47242,52.20683],[8.47233,52.20656],[8.47326,52.20489],[8.47389,52.20339],[8.47369,52.20319],[8.47293,52.20308],[8.47263,52.20339],[8.47048,52.20295],[8.47014,52.20296],[8.4709,52.20659],[8.47126,52.2075],[8.47124,52.20791],[8.47081,52.20851],[8.46989,52.20903],[8.4697,52.20941],[8.4692,52.2097],[8.46907,52.20985],[8.46877,52.20999],[8.46778,52.21026],[8.46759,52.21066],[8.4663,52.21105],[8.46621,52.21254],[8.46985,52.21319],[8.46967,52.21376],[8.46694,52.21608],[8.46736,52.21631],[8.4671,52.21679],[8.4671,52.21717],[8.47245,52.21848],[8.47203,52.21893],[8.47189,52.21892],[8.47136,52.22018],[8.47202,52.22055],[8.47366,52.22045],[8.47442,52.22057],[8.47444,52.21961],[8.47428,52.21881],[8.47629,52.21907],[8.47596,52.21832],[8.47625,52.21811],[8.47763,52.21812],[8.47879,52.21856],[8.47909,52.21873],[8.47936,52.21868],[8.47962,52.21847],[8.48074,52.21812],[8.48194,52.21813],[8.48194,52.21786],[8.48155,52.21754],[8.48142,52.21692],[8.48043,52.21644],[8.4802,52.21708],[8.47947,52.21788],[8.47917,52.21801],[8.47895,52.21795],[8.4793,52.21726],[8.47977,52.21671],[8.47975,52.21643],[8.48042,52.21553],[8.48086,52.2152],[8.48119,52.21455],[8.48135,52.21454],[8.48171,52.21484],[8.48213,52.21464],[8.48283,52.21442],[8.48322,52.2144],[8.48287,52.21401],[8.48322,52.21373],[8.48432,52.21418],[8.48419,52.21458],[8.48543,52.21494],[8.48598,52.21519],[8.48622,52.21464],[8.4848,52.21407],[8.48526,52.21331],[8.48672,52.21389],[8.48643,52.21448],[8.48719,52.21473],[8.48837,52.21294],[8.48543,52.21156]]]}},{"type":"Feature","properties":{"slice":"ura","kind":"wald"},"geometry":{"type":"Polygon","coordinates":[[[8.48392,52.21599],[8.48364,52.2155],[8.48325,52.21534],[8.48262,52.2155],[8.48218,52.2155],[8.4818,52.21536],[8.48161,52.21504],[8.48108,52.21564],[8.48087,52.21603],[8.48176,52.21644],[8.48177,52.21686],[8.48195,52.21704],[8.48201,52.21737],[8.48215,52.21751],[8.48246,52.21708],[8.48286,52.21671],[8.48354,52.21666],[8.48397,52.21642],[8.48392,52.21599]]]}},{"type":"Feature","properties":{"slice":"ura","kind":"wald"},"geometry":{"type":"Polygon","coordinates":[[[8.50939,52.21419],[8.51037,52.21407],[8.51051,52.21392],[8.51049,52.21379],[8.50877,52.2131],[8.50838,52.21311],[8.50854,52.21353],[8.50786,52.21357],[8.5076,52.21369],[8.50683,52.21376],[8.50685,52.21406],[8.50775,52.21495],[8.50872,52.21568],[8.50904,52.21555],[8.50939,52.21419]]]}},{"type":"Feature","properties":{"slice":"ura","kind":"wald"},"geometry":{"type":"MultiPolygon","coordinates":[[[[8.47589,52.22414],[8.47466,52.22419],[8.47455,52.22463],[8.47366,52.22465],[8.47373,52.22411],[8.47257,52.22408],[8.47218,52.22436],[8.47179,52.22437],[8.47198,52.22391],[8.4713,52.22394],[8.47015,52.22473],[8.46998,52.22456],[8.46886,52.2249],[8.46892,52.22526],[8.468,52.22529],[8.46753,52.22552],[8.4671,52.22554],[8.46624,52.2253],[8.4658,52.22511],[8.46527,52.22501],[8.46472,52.22513],[8.46454,52.22531],[8.465,52.22558],[8.4651,52.2257],[8.46384,52.22606],[8.46354,52.22653],[8.4631,52.22659],[8.46298,52.22646],[8.46321,52.22604],[8.46276,52.22609],[8.46157,52.22753],[8.46156,52.22783],[8.4624,52.22751],[8.46319,52.2275],[8.46397,52.22698],[8.46468,52.22677],[8.46491,52.22646],[8.46746,52.22606],[8.46922,52.22541],[8.47069,52.22509],[8.47101,52.22493],[8.47137,52.22447],[8.47196,52.22466],[8.47229,52.225],[8.47167,52.22596],[8.47141,52.22658],[8.47065,52.22708],[8.47026,52.22743],[8.47014,52.22799],[8.47023,52.22837],[8.47039,52.22845],[8.47162,52.22864],[8.47228,52.22726],[8.47295,52.22725],[8.47351,52.22709],[8.47428,52.2267],[8.47603,52.22652],[8.47615,52.22727],[8.47682,52.22719],[8.47693,52.22706],[8.47869,52.22687],[8.47897,52.22724],[8.4791,52.22797],[8.48006,52.22787],[8.47996,52.22764],[8.48022,52.22653],[8.47989,52.22647],[8.47984,52.226],[8.47901,52.22598],[8.47855,52.22504],[8.47805,52.22432],[8.47588,52.2232],[8.47589,52.22414]]],[[[8.47454,52.22245],[8.47393,52.22219],[8.47369,52.22339],[8.47556,52.22306],[8.47454,52.22245]]]]}},{"type":"Feature","properties":{"slice":"ura","kind":"wald"},"geometry":{"type":"Polygon","coordinates":[[[8.46884,52.22975],[8.46818,52.22994],[8.46831,52.23029],[8.46918,52.23031],[8.46995,52.23021],[8.47021,52.23006],[8.47036,52.2299],[8.47039,52.22971],[8.47026,52.22953],[8.46884,52.22975]]]}},{"type":"Feature","properties":{"slice":"ura","kind":"wald"},"geometry":{"type":"Polygon","coordinates":[[[8.4679,52.23127],[8.4673,52.23125],[8.46556,52.23078],[8.46546,52.23085],[8.4655,52.23123],[8.4658,52.23131],[8.4657,52.23203],[8.46484,52.23185],[8.46488,52.23155],[8.464,52.23163],[8.46425,52.23301],[8.46602,52.23349],[8.46681,52.23249],[8.46748,52.23273],[8.4672,52.23292],[8.46966,52.23366],[8.46959,52.23344],[8.46971,52.2331],[8.46966,52.23257],[8.46934,52.2325],[8.46929,52.23226],[8.46892,52.23216],[8.46912,52.2319],[8.46909,52.23176],[8.46893,52.2317],[8.4688,52.23143],[8.4679,52.23127]]]}},{"type":"Feature","properties":{"slice":"ura","kind":"wald"},"geometry":{"type":"Polygon","coordinates":[[[8.46134,52.23135],[8.46035,52.23387],[8.46033,52.23423],[8.46062,52.23481],[8.45992,52.23511],[8.45982,52.23573],[8.45983,52.23636],[8.46002,52.23666],[8.46054,52.23688],[8.46165,52.23698],[8.4619,52.23707],[8.46179,52.23715],[8.46059,52.23712],[8.46027,52.23726],[8.46025,52.23753],[8.46065,52.2386],[8.46066,52.23878],[8.46029,52.23972],[8.46027,52.24011],[8.46048,52.24031],[8.46051,52.24051],[8.46016,52.24088],[8.45984,52.24139],[8.45979,52.24181],[8.46019,52.24252],[8.46101,52.24326],[8.46186,52.24362],[8.46282,52.24389],[8.46431,52.2439],[8.46548,52.2437],[8.46653,52.24376],[8.46716,52.24367],[8.46748,52.24352],[8.46826,52.24257],[8.46838,52.24267],[8.46823,52.24376],[8.46867,52.24397],[8.46945,52.24416],[8.47125,52.24343],[8.47119,52.24385],[8.47138,52.24415],[8.47197,52.24454],[8.47172,52.24496],[8.47176,52.24507],[8.4722,52.24493],[8.47286,52.24537],[8.47374,52.24542],[8.4743,52.24513],[8.47473,52.2455],[8.476,52.2454],[8.47664,52.24543],[8.47693,52.2455],[8.4776,52.24601],[8.47827,52.2459],[8.47867,52.24577],[8.47872,52.24563],[8.47887,52.24559],[8.47947,52.2456],[8.47936,52.24534],[8.47878,52.24534],[8.47794,52.24494],[8.47773,52.24493],[8.47723,52.24505],[8.47597,52.24488],[8.47544,52.24474],[8.47468,52.24475],[8.47439,52.24433],[8.47443,52.24407],[8.47508,52.2431],[8.47388,52.24283],[8.47385,52.24228],[8.47398,52.24188],[8.47324,52.24206],[8.46937,52.24162],[8.46962,52.24064],[8.46835,52.24044],[8.4677,52.24047],[8.46586,52.2401],[8.46554,52.24023],[8.46458,52.23927],[8.46234,52.23937],[8.46262,52.2389],[8.46167,52.23842],[8.46176,52.2383],[8.46157,52.2381],[8.46095,52.2377],[8.46083,52.23752],[8.46093,52.23734],[8.46263,52.23728],[8.46311,52.23717],[8.4626,52.23701],[8.462,52.23673],[8.46164,52.23619],[8.46155,52.23588],[8.46159,52.2355],[8.46216,52.23499],[8.46219,52.23485],[8.46219,52.23451],[8.46169,52.23388],[8.46163,52.23278],[8.46192,52.23184],[8.46194,52.23044],[8.46134,52.23135]]]}},{"type":"Feature","properties":{"slice":"ura","kind":"wald"},"geometry":{"type":"Polygon","coordinates":[[[8.48639,52.22585],[8.48578,52.22534],[8.48453,52.22476],[8.48393,52.22544],[8.48476,52.22572],[8.4853,52.22611],[8.48589,52.22624],[8.48657,52.2263],[8.48639,52.22585]]]}},{"type":"Feature","properties":{"slice":"ura","kind":"wald"},"geometry":{"type":"Polygon","coordinates":[[[8.47139,52.23732],[8.4712,52.23812],[8.47432,52.23858],[8.47434,52.23897],[8.47862,52.24004],[8.47837,52.2404],[8.48006,52.24061],[8.48004,52.24034],[8.48046,52.24007],[8.48187,52.2402],[8.48147,52.23987],[8.4818,52.23949],[8.48254,52.23936],[8.4822,52.23977],[8.4827,52.23979],[8.48518,52.23634],[8.48366,52.23554],[8.48288,52.2367],[8.48331,52.23711],[8.48268,52.23698],[8.48167,52.23654],[8.48144,52.23659],[8.48305,52.23836],[8.4824,52.23859],[8.48188,52.23893],[8.4814,52.23871],[8.48158,52.23844],[8.481,52.23796],[8.48029,52.23709],[8.48083,52.23638],[8.48153,52.23641],[8.483,52.23508],[8.48223,52.2345],[8.48112,52.2346],[8.48082,52.23407],[8.48143,52.23389],[8.48155,52.2341],[8.48199,52.23406],[8.48189,52.23352],[8.48141,52.23358],[8.48072,52.23379],[8.47977,52.23303],[8.47901,52.23288],[8.47868,52.23351],[8.47799,52.23393],[8.47881,52.23412],[8.4797,52.23454],[8.48043,52.23574],[8.48052,52.23607],[8.47992,52.23673],[8.48038,52.23772],[8.4805,52.23818],[8.48033,52.2385],[8.47982,52.23871],[8.47891,52.23807],[8.47974,52.2376],[8.47963,52.23704],[8.47943,52.23686],[8.47928,52.23693],[8.47919,52.23742],[8.47843,52.2378],[8.47729,52.23878],[8.47669,52.23843],[8.47697,52.2382],[8.47584,52.23767],[8.47632,52.2366],[8.47715,52.23698],[8.4772,52.23686],[8.47764,52.2368],[8.478,52.23689],[8.47937,52.2366],[8.47924,52.23625],[8.47814,52.2353],[8.47819,52.23591],[8.47781,52.23599],[8.47597,52.23582],[8.47474,52.23536],[8.4739,52.2355],[8.47371,52.23565],[8.47212,52.23583],[8.47208,52.23482],[8.47347,52.23471],[8.47332,52.23446],[8.4718,52.23395],[8.47061,52.23547],[8.46988,52.23692],[8.47139,52.23732]]]}},{"type":"Feature","properties":{"slice":"ura","kind":"wald"},"geometry":{"type":"MultiPolygon","coordinates":[[[[8.4932,52.23773],[8.49313,52.23688],[8.49168,52.23681],[8.49089,52.23656],[8.49031,52.23624],[8.48968,52.23599],[8.48897,52.23604],[8.48876,52.23638],[8.48759,52.23701],[8.48875,52.23733],[8.4932,52.23773]]],[[[8.49294,52.2386],[8.49131,52.23956],[8.49111,52.23979],[8.49181,52.2402],[8.49219,52.24081],[8.49243,52.24096],[8.49258,52.24014],[8.49327,52.23895],[8.49328,52.23855],[8.49294,52.2386]]],[[[8.49145,52.23855],[8.48911,52.2386],[8.48912,52.23873],[8.48957,52.23891],[8.4903,52.23947],[8.49063,52.23948],[8.49158,52.23914],[8.49242,52.2386],[8.49145,52.23855]]]]}},{"type":"Feature","properties":{"slice":"ura","kind":"wald"},"geometry":{"type":"Polygon","coordinates":[[[8.48428,52.24381],[8.48375,52.24359],[8.48422,52.24265],[8.48166,52.24152],[8.4814,52.24215],[8.48113,52.24242],[8.48133,52.24288],[8.48304,52.24348],[8.48253,52.24436],[8.48213,52.24446],[8.48181,52.24428],[8.48142,52.2448],[8.48146,52.24495],[8.48185,52.24503],[8.48387,52.24476],[8.4844,52.24488],[8.48536,52.24448],[8.48574,52.24401],[8.48532,52.24374],[8.48601,52.24289],[8.48539,52.2425],[8.48428,52.24381]]]}},{"type":"Feature","properties":{"slice":"ura","kind":"wald"},"geometry":{"type":"Polygon","coordinates":[[[8.49124,52.24486],[8.49124,52.24491],[8.49092,52.24504],[8.48988,52.2451],[8.48991,52.24526],[8.49069,52.24528],[8.49125,52.24509],[8.49155,52.24491],[8.49136,52.24464],[8.49018,52.2445],[8.49013,52.24432],[8.48943,52.24389],[8.48769,52.24317],[8.48677,52.24334],[8.48886,52.24478],[8.48923,52.24484],[8.49102,52.24479],[8.49124,52.24486]]]}},{"type":"Feature","properties":{"slice":"ura","kind":"wald"},"geometry":{"type":"Polygon","coordinates":[[[8.48972,52.24626],[8.48857,52.24623],[8.48831,52.24609],[8.48733,52.24604],[8.48676,52.24591],[8.48661,52.24597],[8.48761,52.24737],[8.48748,52.24742],[8.48529,52.24588],[8.48498,52.24589],[8.48472,52.2462],[8.48398,52.24603],[8.4836,52.24582],[8.48279,52.24554],[8.48201,52.24544],[8.48161,52.24549],[8.4809,52.246],[8.48086,52.24622],[8.48158,52.24667],[8.48181,52.24708],[8.4821,52.24705],[8.48208,52.24673],[8.48221,52.2466],[8.48248,52.24647],[8.48292,52.24649],[8.4838,52.24666],[8.48443,52.24716],[8.48518,52.24747],[8.48567,52.24754],[8.48647,52.2474],[8.48727,52.24777],[8.488,52.24847],[8.4891,52.24805],[8.48863,52.24766],[8.48887,52.24711],[8.48916,52.24711],[8.48927,52.24691],[8.49015,52.24713],[8.49023,52.24642],[8.48972,52.24626]]]}},{"type":"Feature","properties":{"slice":"ura","kind":"wald"},"geometry":{"type":"Polygon","coordinates":[[[8.4754,52.25204],[8.47434,52.25185],[8.47459,52.25135],[8.47433,52.25097],[8.47429,52.25056],[8.47294,52.24994],[8.47281,52.25028],[8.4728,52.25085],[8.47237,52.25103],[8.47215,52.25124],[8.47214,52.25142],[8.4716,52.25178],[8.47147,52.2523],[8.47234,52.25263],[8.47416,52.25307],[8.47438,52.25284],[8.47524,52.25225],[8.4754,52.25204]]]}},{"type":"Feature","properties":{"slice":"ura","kind":"wald"},"geometry":{"type":"Polygon","coordinates":[[[8.48132,52.25215],[8.48126,52.25234],[8.48176,52.25265],[8.48177,52.25315],[8.48199,52.25333],[8.4826,52.25325],[8.48271,52.25313],[8.48265,52.25243],[8.48205,52.25228],[8.48174,52.25232],[8.4816,52.25195],[8.48132,52.25215]]]}},{"type":"Feature","properties":{"slice":"ura","kind":"wald"},"geometry":{"type":"Polygon","coordinates":[[[8.48601,52.25289],[8.48668,52.25358],[8.4878,52.25416],[8.48789,52.25399],[8.48871,52.25326],[8.48757,52.25255],[8.4866,52.25181],[8.48635,52.25208],[8.48649,52.2525],[8.48601,52.25289]]]}},{"type":"Feature","properties":{"slice":"ura","kind":"wald"},"geometry":{"type":"Polygon","coordinates":[[[8.4872,52.25486],[8.48652,52.25479],[8.48577,52.25457],[8.48576,52.25438],[8.48608,52.25384],[8.4856,52.25297],[8.48487,52.25404],[8.48533,52.25524],[8.4848,52.25551],[8.48487,52.25579],[8.48712,52.25586],[8.4874,52.25644],[8.48778,52.25663],[8.48799,52.25684],[8.4882,52.25751],[8.49029,52.25754],[8.49125,52.25643],[8.49109,52.25631],[8.49044,52.25608],[8.49048,52.25569],[8.49011,52.25506],[8.48959,52.2551],[8.48984,52.25567],[8.49013,52.25571],[8.49016,52.25587],[8.48976,52.25595],[8.48997,52.25637],[8.48972,52.25645],[8.4895,52.2563],[8.48925,52.2552],[8.48901,52.25502],[8.48762,52.25482],[8.4872,52.25486]]]}},{"type":"Feature","properties":{"slice":"ura","kind":"wald"},"geometry":{"type":"Polygon","coordinates":[[[8.49758,52.23968],[8.49634,52.23921],[8.49581,52.2391],[8.49548,52.23911],[8.49495,52.23924],[8.49443,52.23961],[8.49453,52.23978],[8.49467,52.23979],[8.49485,52.23954],[8.49568,52.23959],[8.4957,52.23988],[8.4949,52.23989],[8.49464,52.23997],[8.49479,52.24021],[8.4963,52.24029],[8.49704,52.24042],[8.49863,52.24043],[8.49911,52.24014],[8.4992,52.24],[8.49915,52.23975],[8.49758,52.23968]]]}},{"type":"Feature","properties":{"slice":"ura","kind":"wald"},"geometry":{"type":"Polygon","coordinates":[[[8.50164,52.25701],[8.50935,52.25674],[8.50947,52.25646],[8.50942,52.25629],[8.50756,52.25629],[8.50515,52.25603],[8.50251,52.25546],[8.5025,52.2553],[8.50661,52.2558],[8.50745,52.25568],[8.50749,52.25531],[8.5069,52.2551],[8.50161,52.25443],[8.50162,52.25397],[8.50121,52.25414],[8.50113,52.25336],[8.50129,52.25252],[8.50103,52.25231],[8.50049,52.25246],[8.50045,52.25302],[8.50035,52.25307],[8.49987,52.25299],[8.49941,52.25283],[8.49879,52.25248],[8.49611,52.25153],[8.49576,52.25051],[8.49545,52.25015],[8.49486,52.25031],[8.49462,52.25111],[8.49573,52.25228],[8.49669,52.25283],[8.49793,52.25335],[8.49683,52.25433],[8.49631,52.25468],[8.49548,52.25506],[8.49434,52.25514],[8.49399,52.25543],[8.49372,52.25587],[8.49376,52.2572],[8.4945,52.25722],[8.4974,52.25662],[8.49751,52.25711],[8.49665,52.25726],[8.49669,52.25952],[8.49696,52.25975],[8.49456,52.25945],[8.49014,52.25921],[8.48912,52.25925],[8.48882,52.25937],[8.4889,52.25955],[8.48987,52.25957],[8.49071,52.25972],[8.49216,52.25973],[8.49246,52.25982],[8.49245,52.26001],[8.49187,52.2601],[8.49114,52.26148],[8.49089,52.26221],[8.48919,52.26155],[8.48746,52.26102],[8.48714,52.26124],[8.48638,52.26109],[8.48535,52.26105],[8.48596,52.26027],[8.48238,52.25882],[8.48189,52.25876],[8.48151,52.25917],[8.48082,52.25894],[8.48037,52.25888],[8.48037,52.25846],[8.47883,52.25822],[8.47827,52.2586],[8.4776,52.2583],[8.47763,52.25792],[8.47726,52.25784],[8.47715,52.25803],[8.47691,52.25788],[8.47688,52.25764],[8.47627,52.25747],[8.47527,52.25758],[8.47472,52.25779],[8.47474,52.25804],[8.47376,52.25813],[8.47356,52.2578],[8.47303,52.25787],[8.47231,52.25783],[8.47215,52.25776],[8.47242,52.25733],[8.4714,52.25717],[8.47185,52.25683],[8.47246,52.25678],[8.47238,52.25665],[8.47214,52.25662],[8.47221,52.25633],[8.46943,52.25612],[8.4692,52.25577],[8.46812,52.25558],[8.46668,52.25546],[8.46532,52.25556],[8.4653,52.25596],[8.45882,52.25799],[8.46636,52.26801],[8.46519,52.27007],[8.46377,52.27201],[8.46363,52.27433],[8.4658,52.27438],[8.4658,52.27508],[8.46655,52.27466],[8.46745,52.27451],[8.46737,52.27401],[8.46837,52.27389],[8.46834,52.27371],[8.46766,52.27346],[8.4675,52.27323],[8.46754,52.27298],[8.46791,52.27299],[8.46817,52.2731],[8.46865,52.27302],[8.46903,52.27305],[8.46966,52.2732],[8.47104,52.27394],[8.47221,52.27336],[8.47318,52.27421],[8.47347,52.27421],[8.47449,52.27366],[8.47547,52.27323],[8.47534,52.27264],[8.47641,52.27305],[8.4767,52.27346],[8.4771,52.27366],[8.47741,52.27368],[8.47764,52.27359],[8.47788,52.27337],[8.47763,52.27254],[8.47938,52.27229],[8.48029,52.27267],[8.48004,52.27168],[8.47877,52.27173],[8.47838,52.27132],[8.47942,52.27116],[8.47937,52.27075],[8.48026,52.27068],[8.48058,52.27161],[8.48221,52.27159],[8.48402,52.27122],[8.48402,52.27114],[8.48437,52.27109],[8.48436,52.27058],[8.48458,52.27044],[8.48448,52.26976],[8.48485,52.26968],[8.4855,52.26888],[8.48631,52.26888],[8.48703,52.2692],[8.48776,52.2698],[8.48821,52.26997],[8.48841,52.27013],[8.48874,52.27021],[8.48894,52.27015],[8.49054,52.27007],[8.49121,52.26995],[8.49289,52.26995],[8.49359,52.27027],[8.49438,52.27023],[8.49474,52.27011],[8.49484,52.26995],[8.49381,52.26976],[8.49375,52.26944],[8.4951,52.26941],[8.49504,52.26831],[8.49564,52.26799],[8.49535,52.26766],[8.49514,52.26763],[8.49518,52.26728],[8.49536,52.26711],[8.49632,52.26695],[8.49681,52.26738],[8.49734,52.26827],[8.49859,52.26839],[8.49891,52.26796],[8.4992,52.26725],[8.5001,52.26721],[8.5004,52.26688],[8.50081,52.26666],[8.50157,52.26647],[8.5019,52.26731],[8.50277,52.26877],[8.50237,52.26888],[8.50238,52.26906],[8.50253,52.26926],[8.50297,52.26959],[8.5035,52.26957],[8.50372,52.26939],[8.50379,52.26921],[8.50542,52.26942],[8.50602,52.2698],[8.50657,52.27061],[8.50691,52.27072],[8.50735,52.27067],[8.50738,52.27052],[8.50723,52.2702],[8.50696,52.2699],[8.50704,52.26921],[8.50727,52.26895],[8.50911,52.26898],[8.51014,52.26911],[8.51122,52.26936],[8.51225,52.26969],[8.51288,52.26966],[8.51341,52.26839],[8.51372,52.26805],[8.51416,52.26791],[8.51471,52.26783],[8.51506,52.2675],[8.51522,52.2672],[8.51524,52.26682],[8.51624,52.26675],[8.51629,52.26557],[8.51641,52.26538],[8.51735,52.26517],[8.51771,52.26502],[8.51806,52.26432],[8.5182,52.26371],[8.51885,52.26294],[8.51856,52.26268],[8.51702,52.26201],[8.51729,52.26174],[8.51764,52.26105],[8.51749,52.26087],[8.51705,52.26092],[8.51639,52.26119],[8.51632,52.26097],[8.51594,52.26086],[8.51539,52.26096],[8.51508,52.26138],[8.51479,52.2613],[8.51451,52.26109],[8.51401,52.26113],[8.51351,52.26153],[8.51324,52.26127],[8.51283,52.2611],[8.51208,52.26126],[8.51152,52.26129],[8.51176,52.26168],[8.5116,52.26197],[8.51125,52.2619],[8.51112,52.2617],[8.51051,52.26159],[8.51016,52.26117],[8.50961,52.26106],[8.50916,52.26085],[8.50914,52.26058],[8.50946,52.26009],[8.50966,52.25957],[8.50934,52.25934],[8.50674,52.25959],[8.50551,52.25961],[8.5048,52.2597],[8.50381,52.26003],[8.50162,52.25998],[8.50164,52.25701]],[[8.49632,52.25625],[8.49602,52.25545],[8.49646,52.25497],[8.49705,52.25491],[8.49714,52.25507],[8.49766,52.25511],[8.49802,52.25551],[8.49632,52.25625]],[[8.47012,52.26893],[8.4688,52.26916],[8.46768,52.26918],[8.46624,52.26941],[8.46598,52.26926],[8.46609,52.26911],[8.46629,52.269],[8.46679,52.2689],[8.46843,52.26888],[8.4697,52.26862],[8.47011,52.26868],[8.47012,52.26893]],[[8.47173,52.26652],[8.47027,52.26667],[8.46993,52.26657],[8.46979,52.26643],[8.47032,52.26632],[8.47087,52.26632],[8.47196,52.26611],[8.47287,52.26612],[8.47286,52.26631],[8.47173,52.26652]],[[8.4689,52.27066],[8.46813,52.27097],[8.46737,52.27087],[8.46739,52.27029],[8.46855,52.2703],[8.4689,52.27066]],[[8.50209,52.25521],[8.50215,52.25535],[8.50168,52.25568],[8.50149,52.25571],[8.50151,52.25544],[8.50112,52.25506],[8.5016,52.2552],[8.50209,52.25521]]]}},{"type":"Feature","properties":{"slice":"ura","kind":"wald"},"geometry":{"type":"Polygon","coordinates":[[[8.49266,52.28042],[8.49236,52.28037],[8.49177,52.28043],[8.49077,52.28067],[8.48969,52.281],[8.48859,52.28147],[8.48832,52.28174],[8.4895,52.28168],[8.4906,52.28137],[8.49259,52.28057],[8.49266,52.28042]]]}},{"type":"Feature","properties":{"slice":"ura","kind":"wald"},"geometry":{"type":"Polygon","coordinates":[[[8.49884,52.2359],[8.49741,52.23563],[8.49813,52.23432],[8.49866,52.2342],[8.49892,52.23366],[8.49962,52.23341],[8.4999,52.23321],[8.49997,52.23272],[8.49977,52.23249],[8.49908,52.23231],[8.49889,52.23166],[8.49809,52.23157],[8.49356,52.23136],[8.4925,52.23087],[8.49285,52.23044],[8.49231,52.2301],[8.4915,52.23017],[8.48949,52.23013],[8.48893,52.23019],[8.48895,52.23061],[8.49093,52.23076],[8.492,52.23113],[8.49202,52.23185],[8.49217,52.23206],[8.49274,52.23221],[8.49387,52.23208],[8.49563,52.23241],[8.49563,52.23316],[8.49425,52.23344],[8.49301,52.23393],[8.49309,52.23411],[8.49327,52.23416],[8.49346,52.23444],[8.49377,52.23526],[8.49538,52.23564],[8.49853,52.23621],[8.49884,52.2359]]]}},{"type":"Feature","properties":{"slice":"ura","kind":"wald"},"geometry":{"type":"Polygon","coordinates":[[[8.50178,52.24998],[8.50255,52.25021],[8.50272,52.24949],[8.50298,52.24902],[8.50163,52.24901],[8.50137,52.24932],[8.50043,52.24946],[8.49831,52.24959],[8.49939,52.24994],[8.50136,52.25023],[8.50142,52.25009],[8.50178,52.24998]]]}},{"type":"Feature","properties":{"slice":"ura","kind":"wald"},"geometry":{"type":"Polygon","coordinates":[[[8.49705,52.23065],[8.49502,52.22994],[8.49479,52.22998],[8.49494,52.23024],[8.49482,52.23038],[8.49451,52.23041],[8.49402,52.23061],[8.49405,52.23084],[8.49444,52.23095],[8.49551,52.23107],[8.49726,52.23092],[8.49705,52.23065]]]}},{"type":"Feature","properties":{"slice":"ura","kind":"wald"},"geometry":{"type":"Polygon","coordinates":[[[8.50141,52.22632],[8.50263,52.22622],[8.50306,52.22565],[8.5037,52.22566],[8.50415,52.2258],[8.50483,52.22579],[8.50594,52.22569],[8.50568,52.22536],[8.50347,52.22529],[8.50273,52.22514],[8.50069,52.22445],[8.49945,52.2244],[8.49724,52.22364],[8.49727,52.22355],[8.49911,52.22398],[8.49989,52.224],[8.50145,52.22422],[8.50147,52.22296],[8.5,52.22326],[8.49828,52.22318],[8.49648,52.22317],[8.49616,52.22372],[8.49929,52.22471],[8.49944,52.22559],[8.49869,52.22567],[8.49762,52.22534],[8.49629,52.22525],[8.49562,52.22509],[8.49329,52.22425],[8.49355,52.22464],[8.49448,52.22538],[8.5001,52.22747],[8.49964,52.22815],[8.49923,52.22819],[8.49778,52.2281],[8.49417,52.22642],[8.49408,52.2269],[8.49421,52.22721],[8.49465,52.22751],[8.49617,52.22829],[8.49614,52.22848],[8.49558,52.22842],[8.4935,52.22786],[8.49201,52.22686],[8.49128,52.22662],[8.49104,52.22673],[8.49334,52.2282],[8.49513,52.22872],[8.49687,52.22875],[8.4973,52.22847],[8.49801,52.22873],[8.4999,52.22902],[8.50146,52.22888],[8.50214,52.22875],[8.50397,52.22863],[8.50535,52.22847],[8.50628,52.22819],[8.50674,52.22815],[8.50673,52.22792],[8.50634,52.22757],[8.5033,52.22675],[8.50149,52.22671],[8.5011,52.22691],[8.50008,52.2271],[8.49821,52.2264],[8.49635,52.22594],[8.49583,52.22571],[8.49574,52.22555],[8.49611,52.22559],[8.49688,52.22587],[8.49758,52.22594],[8.49942,52.22661],[8.501,52.22653],[8.50141,52.22632]],[[8.50066,52.22781],[8.50142,52.22758],[8.50172,52.22798],[8.50144,52.22817],[8.50066,52.22781]]]}},{"type":"Feature","properties":{"slice":"ura","kind":"wald"},"geometry":{"type":"Polygon","coordinates":[[[8.51155,52.21018],[8.51168,52.21042],[8.51136,52.21053],[8.51078,52.21055],[8.51041,52.21088],[8.51085,52.21112],[8.51216,52.21141],[8.51202,52.20996],[8.51155,52.21018]]]}},{"type":"Feature","properties":{"slice":"ura","kind":"wald"},"geometry":{"type":"Polygon","coordinates":[[[8.50261,52.22964],[8.50322,52.23016],[8.50338,52.23054],[8.50361,52.23053],[8.50414,52.23035],[8.50441,52.23008],[8.50562,52.22946],[8.50591,52.22916],[8.50572,52.22896],[8.50522,52.22897],[8.50242,52.22929],[8.50261,52.22964]]]}},{"type":"Feature","properties":{"slice":"ura","kind":"wald"},"geometry":{"type":"Polygon","coordinates":[[[8.50389,52.23104],[8.50356,52.23142],[8.50335,52.23184],[8.50338,52.232],[8.50496,52.23216],[8.50532,52.23237],[8.50595,52.23259],[8.50681,52.23274],[8.50709,52.2327],[8.50714,52.23248],[8.50653,52.23238],[8.50522,52.2317],[8.5053,52.23104],[8.50524,52.23063],[8.50473,52.2306],[8.50371,52.23098],[8.50389,52.23104]]]}},{"type":"Feature","properties":{"slice":"ura","kind":"wald"},"geometry":{"type":"Polygon","coordinates":[[[8.5106,52.23007],[8.50892,52.23025],[8.50886,52.23054],[8.50903,52.23112],[8.50869,52.23117],[8.50854,52.23126],[8.50881,52.23207],[8.50876,52.23273],[8.50934,52.23278],[8.51077,52.23177],[8.51124,52.23126],[8.511,52.23036],[8.5106,52.23007]]]}},{"type":"Feature","properties":{"slice":"ura","kind":"wald"},"geometry":{"type":"Polygon","coordinates":[[[8.51573,52.22691],[8.51285,52.22739],[8.51332,52.22805],[8.51281,52.22833],[8.51379,52.22897],[8.51477,52.22944],[8.51718,52.22975],[8.51706,52.22787],[8.51664,52.22701],[8.51573,52.22691]]]}},{"type":"Feature","properties":{"slice":"ura","kind":"wald"},"geometry":{"type":"Polygon","coordinates":[[[8.52494,52.22882],[8.52444,52.22858],[8.52385,52.22869],[8.52353,52.22859],[8.52284,52.22895],[8.52332,52.22933],[8.52388,52.22954],[8.52488,52.22954],[8.52617,52.22937],[8.52677,52.22945],[8.52743,52.22946],[8.52851,52.2294],[8.5289,52.22949],[8.52944,52.22952],[8.52895,52.22929],[8.52872,52.22906],[8.52847,52.22903],[8.52751,52.22917],[8.52646,52.22905],[8.52609,52.22894],[8.52574,52.22869],[8.52494,52.22882]]]}},{"type":"Feature","properties":{"slice":"ura","kind":"wald"},"geometry":{"type":"MultiPolygon","coordinates":[[[[8.52803,52.23055],[8.52888,52.23044],[8.52961,52.23071],[8.52986,52.23071],[8.53081,52.23106],[8.53121,52.23102],[8.5312,52.23079],[8.53177,52.2307],[8.53232,52.23084],[8.53264,52.23075],[8.53297,52.2303],[8.53332,52.23004],[8.53392,52.23012],[8.53488,52.23072],[8.53507,52.23101],[8.53544,52.23125],[8.53544,52.2316],[8.53521,52.23209],[8.53564,52.23212],[8.53614,52.2317],[8.53596,52.23126],[8.53527,52.23042],[8.53294,52.22954],[8.53226,52.2294],[8.53146,52.22931],[8.53028,52.22963],[8.52782,52.23012],[8.52803,52.23055]]],[[[8.52917,52.22888],[8.52991,52.22922],[8.53129,52.22907],[8.53248,52.22915],[8.53507,52.22994],[8.53557,52.23021],[8.53638,52.23009],[8.53625,52.22956],[8.53588,52.22924],[8.53534,52.22914],[8.53496,52.22934],[8.53478,52.22958],[8.53205,52.22886],[8.52999,52.22853],[8.52929,52.22846],[8.52917,52.22888]]]]}},{"type":"Feature","properties":{"slice":"ura","kind":"wald"},"geometry":{"type":"Polygon","coordinates":[[[8.52684,52.23025],[8.52593,52.22997],[8.52565,52.22975],[8.52517,52.22988],[8.52465,52.22994],[8.52426,52.22979],[8.52395,52.22981],[8.52382,52.22998],[8.52391,52.23013],[8.5248,52.23042],[8.52513,52.2305],[8.52555,52.23044],[8.52587,52.23054],[8.52607,52.23072],[8.52652,52.23087],[8.52693,52.23083],[8.52705,52.23069],[8.52684,52.23025]]]}},{"type":"Feature","properties":{"slice":"ura","kind":"wald"},"geometry":{"type":"Polygon","coordinates":[[[8.54317,52.2269],[8.54396,52.22654],[8.54404,52.22614],[8.545,52.22567],[8.54573,52.22565],[8.54742,52.22516],[8.54764,52.2246],[8.54733,52.22457],[8.54736,52.22443],[8.54603,52.22454],[8.54558,52.22468],[8.54517,52.2247],[8.54498,52.22498],[8.54438,52.22506],[8.5437,52.22538],[8.54313,52.22542],[8.54258,52.22569],[8.54208,52.2257],[8.54186,52.22632],[8.54156,52.22638],[8.54149,52.22685],[8.54106,52.22722],[8.54119,52.22745],[8.54104,52.22756],[8.54135,52.2278],[8.54292,52.22718],[8.54317,52.2269]]]}},{"type":"Feature","properties":{"slice":"ura","kind":"wald"},"geometry":{"type":"Polygon","coordinates":[[[8.50714,52.2374],[8.50577,52.23758],[8.50591,52.23801],[8.50663,52.23836],[8.50797,52.23922],[8.50876,52.23915],[8.50881,52.2369],[8.50791,52.23638],[8.50714,52.2374]]]}},{"type":"Feature","properties":{"slice":"ura","kind":"wald"},"geometry":{"type":"Polygon","coordinates":[[[8.50981,52.23769],[8.50964,52.23772],[8.50942,52.23796],[8.50932,52.23823],[8.5096,52.23837],[8.51036,52.23782],[8.51051,52.23777],[8.51136,52.23774],[8.5116,52.23758],[8.51158,52.23746],[8.51116,52.23725],[8.5113,52.23677],[8.51208,52.23652],[8.51352,52.23554],[8.5151,52.23554],[8.51527,52.23545],[8.51514,52.23529],[8.51363,52.23519],[8.51283,52.23534],[8.51218,52.23557],[8.51115,52.23617],[8.51079,52.23581],[8.51024,52.2357],[8.50978,52.23574],[8.50938,52.23593],[8.50895,52.2358],[8.50903,52.2363],[8.50949,52.23644],[8.50975,52.23666],[8.50996,52.23698],[8.51014,52.23776],[8.50981,52.23769]]]}},{"type":"Feature","properties":{"slice":"ura","kind":"wald"},"geometry":{"type":"MultiPolygon","coordinates":[[[[8.51166,52.23776],[8.51136,52.23791],[8.51122,52.23809],[8.51095,52.2381],[8.51066,52.23819],[8.51044,52.23832],[8.51041,52.23844],[8.50932,52.23873],[8.50887,52.23902],[8.50931,52.23958],[8.50988,52.23945],[8.51023,52.23982],[8.50953,52.24001],[8.50924,52.24037],[8.50901,52.24116],[8.50911,52.24155],[8.50993,52.24196],[8.51047,52.24085],[8.5113,52.24189],[8.51141,52.24178],[8.51179,52.24176],[8.51201,52.24147],[8.51225,52.24059],[8.51269,52.24058],[8.51275,52.24094],[8.51315,52.24092],[8.5131,52.24059],[8.51352,52.2406],[8.51338,52.24138],[8.51344,52.24151],[8.51384,52.24142],[8.51414,52.24097],[8.51445,52.24088],[8.51462,52.24042],[8.51557,52.24021],[8.51643,52.24109],[8.5164,52.24158],[8.51697,52.24134],[8.51713,52.24147],[8.51752,52.24146],[8.51822,52.2412],[8.51828,52.24164],[8.51887,52.24185],[8.51903,52.24182],[8.51906,52.24168],[8.51843,52.24123],[8.51831,52.24084],[8.51832,52.24059],[8.51881,52.24072],[8.51886,52.24058],[8.51877,52.2403],[8.51811,52.24005],[8.51792,52.23977],[8.51753,52.23958],[8.51671,52.2395],[8.51652,52.2392],[8.51661,52.23904],[8.51659,52.23875],[8.51628,52.23847],[8.51599,52.23833],[8.51549,52.23843],[8.51526,52.23856],[8.51463,52.2386],[8.51405,52.23764],[8.51367,52.23768],[8.51385,52.23846],[8.51385,52.23927],[8.51216,52.23939],[8.51201,52.23846],[8.51173,52.23835],[8.51226,52.23768],[8.51166,52.23776]]],[[[8.51733,52.23911],[8.51891,52.24005],[8.51913,52.24033],[8.51895,52.24082],[8.51977,52.24199],[8.52057,52.24252],[8.52337,52.24302],[8.5235,52.24271],[8.52233,52.24251],[8.5215,52.24221],[8.52106,52.24197],[8.52058,52.2413],[8.52059,52.2408],[8.52088,52.24038],[8.52064,52.24002],[8.52029,52.23986],[8.51977,52.23993],[8.5196,52.24004],[8.51861,52.23932],[8.51806,52.2388],[8.51733,52.23911]]]]}},{"type":"Feature","properties":{"slice":"ura","kind":"wald"},"geometry":{"type":"Polygon","coordinates":[[[8.51741,52.24927],[8.51533,52.24912],[8.51493,52.24924],[8.51474,52.24937],[8.51473,52.24982],[8.51503,52.24998],[8.5157,52.25011],[8.51569,52.25034],[8.5167,52.25047],[8.5169,52.25018],[8.51715,52.25014],[8.51741,52.24927]]]}},{"type":"Feature","properties":{"slice":"ura","kind":"wald"},"geometry":{"type":"Polygon","coordinates":[[[8.53558,52.19912],[8.53836,52.20018],[8.53808,52.20069],[8.538,52.20104],[8.53811,52.20159],[8.53786,52.20165],[8.53757,52.20155],[8.53636,52.20076],[8.53548,52.20044],[8.53518,52.20062],[8.53578,52.20103],[8.53855,52.20257],[8.53879,52.2024],[8.53886,52.20219],[8.53914,52.20199],[8.53922,52.2018],[8.53891,52.20136],[8.53892,52.20092],[8.53916,52.20063],[8.53959,52.20044],[8.53978,52.20011],[8.53571,52.19884],[8.53558,52.19912]]]}},{"type":"Feature","properties":{"slice":"ura","kind":"wald"},"geometry":{"type":"Polygon","coordinates":[[[8.55784,52.1991],[8.55755,52.19975],[8.5576,52.19986],[8.55729,52.20014],[8.55892,52.20028],[8.56093,52.20034],[8.56114,52.20062],[8.5612,52.20108],[8.5625,52.20112],[8.56226,52.20065],[8.56287,52.19945],[8.56232,52.19938],[8.56128,52.19945],[8.56117,52.19975],[8.56001,52.19981],[8.5582,52.19932],[8.55784,52.1991]]]}},{"type":"Feature","properties":{"slice":"ura","kind":"wald"},"geometry":{"type":"Polygon","coordinates":[[[8.56644,52.20042],[8.5659,52.20116],[8.56725,52.2015],[8.5675,52.20137],[8.56899,52.20171],[8.56961,52.20108],[8.56939,52.20093],[8.56881,52.20141],[8.56844,52.20137],[8.56862,52.20101],[8.56644,52.20042]]]}},{"type":"Feature","properties":{"slice":"ura","kind":"wald"},"geometry":{"type":"Polygon","coordinates":[[[8.5667,52.19926],[8.56846,52.20023],[8.57148,52.20109],[8.57233,52.20067],[8.57265,52.20035],[8.57188,52.19997],[8.57058,52.19955],[8.56833,52.19914],[8.56644,52.19903],[8.5667,52.19926]]]}},{"type":"Feature","properties":{"slice":"ura","kind":"wald"},"geometry":{"type":"Polygon","coordinates":[[[8.56972,52.20237],[8.56959,52.20319],[8.57065,52.20339],[8.57197,52.20386],[8.57137,52.20523],[8.5721,52.20516],[8.57213,52.2047],[8.57289,52.20468],[8.57349,52.20409],[8.57436,52.20418],[8.57463,52.20383],[8.57512,52.20267],[8.57427,52.20252],[8.57399,52.20272],[8.57319,52.20253],[8.57173,52.20234],[8.57133,52.20182],[8.56972,52.20237]]]}},{"type":"Feature","properties":{"slice":"ura","kind":"wald"},"geometry":{"type":"Polygon","coordinates":[[[8.57154,52.20645],[8.57085,52.20632],[8.56979,52.20626],[8.56841,52.20672],[8.56824,52.20683],[8.56825,52.20699],[8.56886,52.2072],[8.56927,52.20726],[8.57153,52.20695],[8.57189,52.20684],[8.57154,52.20645]]]}},{"type":"Feature","properties":{"slice":"ura","kind":"wald"},"geometry":{"type":"Polygon","coordinates":[[[8.57444,52.20621],[8.57382,52.20778],[8.57449,52.208],[8.57505,52.20795],[8.5751,52.20785],[8.57497,52.20724],[8.57517,52.20685],[8.57561,52.20637],[8.57444,52.20621]]]}},{"type":"Feature","properties":{"slice":"ura","kind":"wald"},"geometry":{"type":"Polygon","coordinates":[[[8.60951,52.20697],[8.61109,52.2069],[8.61099,52.20617],[8.60989,52.20623],[8.60937,52.20618],[8.60951,52.20697]]]}},{"type":"Feature","properties":{"slice":"ura","kind":"wald"},"geometry":{"type":"Polygon","coordinates":[[[8.61266,52.21058],[8.6127,52.21094],[8.61286,52.21104],[8.61301,52.21201],[8.61326,52.21253],[8.61281,52.21317],[8.61382,52.21331],[8.61356,52.21382],[8.61449,52.21413],[8.61558,52.21435],[8.61582,52.21445],[8.61587,52.21465],[8.61609,52.21477],[8.61524,52.21631],[8.61566,52.21633],[8.61598,52.21575],[8.61697,52.21487],[8.61773,52.21477],[8.61803,52.21491],[8.618,52.21499],[8.61854,52.21505],[8.61883,52.21463],[8.61912,52.21465],[8.61943,52.21475],[8.61982,52.21437],[8.62013,52.21433],[8.6211,52.21444],[8.62118,52.21382],[8.6216,52.21377],[8.62155,52.21364],[8.62138,52.2136],[8.62064,52.21359],[8.6203,52.2137],[8.62002,52.21383],[8.62003,52.21412],[8.61962,52.21398],[8.61945,52.21401],[8.61892,52.2143],[8.61828,52.21423],[8.61823,52.21368],[8.61811,52.21364],[8.61851,52.21314],[8.61798,52.21301],[8.61838,52.21219],[8.61759,52.21197],[8.61705,52.21296],[8.61432,52.21257],[8.61471,52.21223],[8.61493,52.21215],[8.61559,52.21015],[8.61396,52.20995],[8.61389,52.21044],[8.61222,52.20969],[8.61013,52.20924],[8.60984,52.20928],[8.61007,52.20953],[8.6106,52.20972],[8.61093,52.21009],[8.61266,52.21058]]]}},{"type":"Feature","properties":{"slice":"ura","kind":"wald"},"geometry":{"type":"Polygon","coordinates":[[[8.61384,52.21693],[8.61371,52.21667],[8.61227,52.21684],[8.61216,52.21724],[8.61339,52.2174],[8.6133,52.21754],[8.61375,52.21763],[8.61397,52.21775],[8.61394,52.21796],[8.61464,52.21791],[8.61475,52.21827],[8.61655,52.21823],[8.61791,52.21813],[8.61752,52.21762],[8.61738,52.21726],[8.61747,52.21709],[8.61824,52.21642],[8.61827,52.21624],[8.6184,52.21613],[8.61868,52.21611],[8.61891,52.2163],[8.61923,52.21591],[8.61914,52.21561],[8.61871,52.21561],[8.61828,52.21548],[8.6182,52.21572],[8.6181,52.21579],[8.61786,52.21584],[8.61762,52.21608],[8.61764,52.21637],[8.61682,52.2169],[8.61413,52.21724],[8.61384,52.21718],[8.61384,52.21693]],[[8.61645,52.2173],[8.61663,52.21804],[8.61603,52.21806],[8.61593,52.21788],[8.61544,52.21786],[8.61526,52.21737],[8.61645,52.2173]]]}},{"type":"Feature","properties":{"slice":"ura","kind":"wald"},"geometry":{"type":"Polygon","coordinates":[[[8.62074,52.2093],[8.61935,52.20942],[8.61982,52.2104],[8.62049,52.21032],[8.62055,52.21079],[8.62025,52.21089],[8.62047,52.21134],[8.62359,52.21117],[8.62357,52.21088],[8.62478,52.21071],[8.62458,52.21033],[8.62416,52.2104],[8.62365,52.21021],[8.62119,52.21045],[8.62074,52.2093]]]}},{"type":"Feature","properties":{"slice":"ura","kind":"wald"},"geometry":{"type":"Polygon","coordinates":[[[8.62374,52.21503],[8.6226,52.21479],[8.62258,52.21507],[8.62267,52.21524],[8.62312,52.21573],[8.6236,52.21598],[8.62424,52.21601],[8.62974,52.21593],[8.63004,52.21534],[8.6244,52.21379],[8.62374,52.21503]]]}},{"type":"Feature","properties":{"slice":"ura","kind":"wald"},"geometry":{"type":"Polygon","coordinates":[[[8.62024,52.21624],[8.61919,52.21686],[8.61921,52.21714],[8.61861,52.2172],[8.61882,52.21752],[8.61881,52.21769],[8.61858,52.21792],[8.61899,52.21835],[8.61877,52.21862],[8.6189,52.21945],[8.61834,52.21943],[8.61836,52.21977],[8.62812,52.22152],[8.62838,52.22001],[8.6243,52.21927],[8.62426,52.21824],[8.62525,52.21829],[8.62525,52.21742],[8.62263,52.21693],[8.62017,52.21702],[8.62027,52.21674],[8.62056,52.21644],[8.62024,52.21624]]]}},{"type":"Feature","properties":{"slice":"ura","kind":"wald"},"geometry":{"type":"Polygon","coordinates":[[[8.59098,52.20088],[8.58962,52.20022],[8.58989,52.20085],[8.59054,52.20134],[8.59098,52.20088]]]}},{"type":"Feature","properties":{"slice":"ura","kind":"wald"},"geometry":{"type":"Polygon","coordinates":[[[8.62179,52.20255],[8.62173,52.20326],[8.62181,52.20398],[8.62381,52.20382],[8.62383,52.20351],[8.6237,52.20324],[8.62326,52.20299],[8.62289,52.20221],[8.62179,52.20255]]]}},{"type":"Feature","properties":{"slice":"ura","kind":"wald"},"geometry":{"type":"Polygon","coordinates":[[[8.63868,52.20464],[8.63829,52.20589],[8.63919,52.20575],[8.63985,52.20452],[8.63868,52.20464]]]}},{"type":"Feature","properties":{"slice":"ura","kind":"wald"},"geometry":{"type":"Polygon","coordinates":[[[8.63361,52.20642],[8.63257,52.20681],[8.63242,52.20697],[8.63256,52.20768],[8.6322,52.20772],[8.63188,52.20785],[8.63164,52.20784],[8.63127,52.20768],[8.63081,52.20773],[8.63068,52.2079],[8.63114,52.20811],[8.63134,52.20829],[8.63141,52.20873],[8.6311,52.20878],[8.6311,52.20945],[8.63161,52.20965],[8.6326,52.20935],[8.63237,52.20863],[8.63265,52.20853],[8.63274,52.20839],[8.63576,52.20854],[8.63608,52.2084],[8.63586,52.2082],[8.63367,52.20809],[8.63361,52.20642]]]}},{"type":"Feature","properties":{"slice":"ura","kind":"wald"},"geometry":{"type":"Polygon","coordinates":[[[8.63662,52.21057],[8.63662,52.21159],[8.63652,52.21187],[8.63672,52.21226],[8.63805,52.21234],[8.63808,52.21049],[8.63662,52.21057]]]}},{"type":"Feature","properties":{"slice":"ura","kind":"wald"},"geometry":{"type":"Polygon","coordinates":[[[8.65252,52.19992],[8.6498,52.20067],[8.64955,52.20106],[8.64921,52.2011],[8.64856,52.20131],[8.64833,52.20185],[8.64835,52.20199],[8.64869,52.20215],[8.64906,52.20211],[8.64916,52.20193],[8.64958,52.20177],[8.64991,52.20189],[8.65129,52.20127],[8.65197,52.20079],[8.6524,52.20022],[8.65252,52.19992]]]}},{"type":"Feature","properties":{"slice":"ura","kind":"wald"},"geometry":{"type":"Polygon","coordinates":[[[8.65322,52.20132],[8.6531,52.20185],[8.65341,52.20217],[8.65409,52.20166],[8.65449,52.20183],[8.65442,52.20231],[8.65454,52.20273],[8.65538,52.20313],[8.65589,52.20307],[8.65572,52.20266],[8.65566,52.20208],[8.65552,52.20169],[8.65572,52.20137],[8.65556,52.2013],[8.65527,52.20139],[8.65506,52.20137],[8.65425,52.20114],[8.65371,52.20114],[8.65322,52.20132]]]}},{"type":"Feature","properties":{"slice":"ura","kind":"wald"},"geometry":{"type":"Polygon","coordinates":[[[8.66863,52.21526],[8.66922,52.21513],[8.66899,52.21479],[8.66894,52.21432],[8.66852,52.21373],[8.66818,52.21377],[8.66512,52.21481],[8.66607,52.21583],[8.66152,52.21707],[8.66206,52.21794],[8.66743,52.21756],[8.6673,52.21712],[8.66828,52.21691],[8.6683,52.21574],[8.6676,52.21599],[8.66708,52.21601],[8.66645,52.21511],[8.66702,52.21499],[8.66751,52.21543],[8.66829,52.21519],[8.66863,52.21526]]]}},{"type":"Feature","properties":{"slice":"ura","kind":"wald"},"geometry":{"type":"Polygon","coordinates":[[[8.6586,52.2135],[8.65565,52.21518],[8.65572,52.21542],[8.6574,52.21655],[8.65831,52.21603],[8.65794,52.21564],[8.65938,52.21481],[8.65994,52.21517],[8.66068,52.21492],[8.6586,52.2135]]]}},{"type":"Feature","properties":{"slice":"ura","kind":"wald"},"geometry":{"type":"Polygon","coordinates":[[[8.66011,52.21256],[8.65957,52.21289],[8.66062,52.2136],[8.66116,52.21329],[8.66011,52.21256]]]}},{"type":"Feature","properties":{"slice":"ura","kind":"wald"},"geometry":{"type":"Polygon","coordinates":[[[8.65801,52.21838],[8.65887,52.21924],[8.66126,52.21977],[8.65929,52.21824],[8.65801,52.21838]]]}},{"type":"Feature","properties":{"slice":"ura","kind":"wald"},"geometry":{"type":"Polygon","coordinates":[[[8.65992,52.22222],[8.65976,52.22145],[8.65817,52.22167],[8.65736,52.22187],[8.65803,52.22264],[8.65909,52.22349],[8.66007,52.22413],[8.66016,52.22426],[8.65961,52.22412],[8.65793,52.22328],[8.65761,52.22363],[8.65928,52.22409],[8.66042,52.22476],[8.66373,52.22742],[8.66484,52.22818],[8.66485,52.22775],[8.66423,52.22544],[8.6638,52.22479],[8.66223,52.2238],[8.661,52.22319],[8.66089,52.22303],[8.66091,52.22275],[8.65992,52.22222]]]}},{"type":"Feature","properties":{"slice":"ura","kind":"wald"},"geometry":{"type":"MultiPolygon","coordinates":[[[[8.66601,52.24926],[8.66658,52.24937],[8.6666,52.24903],[8.66622,52.24878],[8.66575,52.24871],[8.6656,52.24853],[8.6656,52.24735],[8.66418,52.24748],[8.66389,52.2477],[8.66362,52.24806],[8.66435,52.24809],[8.66441,52.24847],[8.66497,52.24846],[8.66512,52.24889],[8.66601,52.24926]]],[[[8.66601,52.2505],[8.66625,52.24995],[8.66584,52.24987],[8.66507,52.24939],[8.6647,52.24929],[8.66436,52.24944],[8.66436,52.25021],[8.66563,52.25066],[8.66601,52.2505]]]]}},{"type":"Feature","properties":{"slice":"ura","kind":"wald"},"geometry":{"type":"MultiPolygon","coordinates":[[[[8.7296,52.27699],[8.72666,52.27714],[8.7243,52.27681],[8.72429,52.27716],[8.72391,52.2771],[8.72353,52.27714],[8.72305,52.27915],[8.72315,52.27954],[8.72287,52.27964],[8.72301,52.28028],[8.72345,52.28092],[8.7232,52.28097],[8.72286,52.28144],[8.7228,52.28167],[8.72286,52.28193],[8.72261,52.28204],[8.72263,52.28235],[8.72214,52.28254],[8.72137,52.28257],[8.72121,52.28322],[8.72072,52.28342],[8.71951,52.28353],[8.71916,52.28343],[8.71881,52.28342],[8.71823,52.28356],[8.71754,52.28304],[8.71729,52.28294],[8.71672,52.28287],[8.71609,52.2826],[8.71552,52.28163],[8.7152,52.28149],[8.71488,52.28153],[8.71507,52.2818],[8.7153,52.28275],[8.71465,52.28289],[8.71462,52.28308],[8.71532,52.283],[8.71542,52.28318],[8.71527,52.28358],[8.7154,52.28403],[8.71464,52.28401],[8.71431,52.28389],[8.7138,52.28381],[8.71347,52.28381],[8.71264,52.28413],[8.71058,52.28463],[8.70884,52.28467],[8.70869,52.28476],[8.70895,52.28495],[8.7091,52.28483],[8.70954,52.28482],[8.71011,52.2849],[8.71033,52.28502],[8.71065,52.28619],[8.7104,52.28674],[8.71022,52.28677],[8.70985,52.28669],[8.70933,52.2864],[8.70816,52.28466],[8.70785,52.28373],[8.70769,52.28364],[8.70737,52.28372],[8.70738,52.28398],[8.70774,52.28476],[8.70913,52.28694],[8.70894,52.28753],[8.70903,52.28778],[8.70972,52.28834],[8.70948,52.28858],[8.70916,52.28869],[8.70805,52.28862],[8.70728,52.28836],[8.70688,52.28816],[8.70687,52.2879],[8.7064,52.28779],[8.70545,52.28628],[8.70482,52.28632],[8.70493,52.28722],[8.70489,52.28785],[8.70465,52.28828],[8.70281,52.28835],[8.70084,52.28872],[8.70082,52.28896],[8.70058,52.28927],[8.6976,52.29015],[8.69729,52.29011],[8.6969,52.29015],[8.69664,52.2903],[8.69652,52.2905],[8.6949,52.291],[8.69467,52.29044],[8.69402,52.29112],[8.693,52.29152],[8.69199,52.29282],[8.69164,52.2934],[8.69033,52.29285],[8.68929,52.29285],[8.6886,52.29336],[8.68729,52.29344],[8.68712,52.29357],[8.68645,52.29342],[8.68594,52.2936],[8.6854,52.29352],[8.68509,52.29329],[8.68479,52.29286],[8.68441,52.29286],[8.68448,52.29309],[8.68508,52.2937],[8.68457,52.29369],[8.68431,52.29383],[8.68349,52.29334],[8.68324,52.29334],[8.6827,52.29398],[8.68229,52.29426],[8.68142,52.2944],[8.68044,52.29445],[8.67972,52.2941],[8.67904,52.29403],[8.67849,52.2942],[8.67783,52.29452],[8.67708,52.29465],[8.67708,52.29484],[8.67675,52.29486],[8.67651,52.29476],[8.67626,52.29455],[8.67581,52.29378],[8.67448,52.29318],[8.67427,52.29301],[8.67401,52.29256],[8.67317,52.29266],[8.67235,52.29263],[8.67183,52.29232],[8.6717,52.29173],[8.67181,52.29123],[8.67172,52.29081],[8.67139,52.29039],[8.67127,52.29041],[8.67121,52.29059],[8.67134,52.29096],[8.67119,52.29135],[8.67128,52.29186],[8.67125,52.29191],[8.67093,52.29188],[8.67097,52.2921],[8.67141,52.29231],[8.67169,52.29254],[8.67173,52.29289],[8.67158,52.29323],[8.67105,52.29286],[8.67054,52.29265],[8.67002,52.29271],[8.66897,52.29268],[8.66837,52.29247],[8.66746,52.29309],[8.66739,52.29352],[8.66824,52.29414],[8.66824,52.29447],[8.66807,52.29465],[8.66694,52.29415],[8.666,52.29401],[8.66708,52.29364],[8.66699,52.2933],[8.66597,52.2931],[8.66535,52.29319],[8.66467,52.29339],[8.664,52.29346],[8.66309,52.29344],[8.66254,52.29334],[8.66237,52.29317],[8.66206,52.29309],[8.6603,52.29308],[8.66007,52.29322],[8.65982,52.29388],[8.65697,52.29345],[8.65664,52.29376],[8.65631,52.29372],[8.65609,52.29362],[8.65588,52.29363],[8.65556,52.29377],[8.65541,52.2936],[8.65533,52.2933],[8.65514,52.29322],[8.65491,52.29293],[8.65479,52.29233],[8.65446,52.29265],[8.65369,52.29297],[8.6535,52.293],[8.65306,52.29255],[8.65205,52.29275],[8.6521,52.29204],[8.65034,52.29192],[8.64859,52.29155],[8.64632,52.29076],[8.64299,52.28918],[8.64183,52.28891],[8.64084,52.28884],[8.63762,52.28843],[8.63676,52.2882],[8.63695,52.28782],[8.63726,52.28758],[8.63739,52.28711],[8.63617,52.28715],[8.63648,52.28639],[8.63714,52.28641],[8.63693,52.28613],[8.63669,52.28599],[8.63605,52.28598],[8.63548,52.28581],[8.6327,52.28532],[8.63226,52.2852],[8.63238,52.28512],[8.63387,52.2851],[8.63522,52.28482],[8.63669,52.28439],[8.63769,52.28434],[8.63811,52.28387],[8.63844,52.28364],[8.63884,52.28352],[8.63936,52.28276],[8.63827,52.28334],[8.63701,52.28362],[8.63633,52.28364],[8.6353,52.28343],[8.63421,52.2831],[8.63405,52.28273],[8.63403,52.28204],[8.63456,52.28178],[8.63371,52.28157],[8.63332,52.28117],[8.63311,52.28154],[8.63259,52.2821],[8.63249,52.28276],[8.63254,52.28306],[8.63289,52.2834],[8.63313,52.28379],[8.63319,52.28422],[8.633,52.28454],[8.63168,52.2851],[8.63148,52.28596],[8.63059,52.28631],[8.63058,52.28617],[8.63098,52.28567],[8.63132,52.28491],[8.63172,52.28451],[8.63109,52.28359],[8.62888,52.28123],[8.62992,52.28062],[8.62964,52.28015],[8.62893,52.2795],[8.62974,52.2789],[8.62929,52.27872],[8.62865,52.27864],[8.62824,52.27834],[8.62716,52.27808],[8.62687,52.27814],[8.62629,52.27879],[8.62471,52.27816],[8.62648,52.27707],[8.62679,52.27639],[8.62678,52.27616],[8.62613,52.27666],[8.62565,52.27683],[8.62475,52.27756],[8.62309,52.27864],[8.62251,52.27828],[8.6208,52.2775],[8.61902,52.27684],[8.61874,52.27711],[8.61816,52.27742],[8.61789,52.27747],[8.61583,52.27718],[8.61486,52.2769],[8.61476,52.27678],[8.61515,52.27663],[8.61541,52.27639],[8.6147,52.27648],[8.61427,52.2764],[8.61304,52.27585],[8.61287,52.27561],[8.61303,52.27533],[8.61247,52.275],[8.6128,52.27472],[8.61289,52.27459],[8.6127,52.27444],[8.6133,52.27376],[8.61243,52.27398],[8.61192,52.27422],[8.61138,52.27457],[8.61009,52.2748],[8.60966,52.27472],[8.60899,52.27478],[8.60887,52.27502],[8.60879,52.27527],[8.60938,52.27548],[8.61098,52.27632],[8.6127,52.27629],[8.61219,52.27684],[8.61144,52.27667],[8.61103,52.27664],[8.6105,52.27643],[8.60923,52.27631],[8.60868,52.27608],[8.60886,52.27586],[8.60789,52.2755],[8.6077,52.27522],[8.60791,52.27445],[8.60736,52.27432],[8.60641,52.27427],[8.60583,52.27406],[8.60557,52.27382],[8.60562,52.27367],[8.60888,52.27428],[8.60868,52.27379],[8.60798,52.27308],[8.60574,52.27247],[8.60459,52.27229],[8.60445,52.27254],[8.60455,52.27326],[8.60347,52.2734],[8.60274,52.27343],[8.60213,52.27357],[8.6016,52.27378],[8.60128,52.27272],[8.60185,52.27284],[8.60257,52.2729],[8.60276,52.27257],[8.60262,52.27235],[8.60178,52.27225],[8.60138,52.272],[8.6012,52.27161],[8.60149,52.27129],[8.60186,52.27125],[8.60235,52.27174],[8.60292,52.27187],[8.60313,52.27151],[8.60312,52.27131],[8.60279,52.27107],[8.60223,52.27103],[8.60132,52.27076],[8.60089,52.2703],[8.59693,52.26872],[8.59609,52.26887],[8.59571,52.26906],[8.59484,52.26979],[8.59467,52.26953],[8.5957,52.26819],[8.59523,52.26814],[8.59469,52.26852],[8.5941,52.26933],[8.59361,52.26976],[8.59326,52.26983],[8.59254,52.26978],[8.5917,52.26959],[8.59108,52.26886],[8.5905,52.26833],[8.58881,52.26788],[8.58845,52.26758],[8.58752,52.26727],[8.58735,52.26701],[8.58663,52.26657],[8.58792,52.26655],[8.58783,52.2659],[8.58767,52.26581],[8.58732,52.26579],[8.58706,52.26535],[8.58637,52.26539],[8.58598,52.26604],[8.58412,52.26564],[8.58386,52.26581],[8.5827,52.26552],[8.58128,52.26548],[8.58086,52.26582],[8.57948,52.26542],[8.57994,52.26507],[8.57816,52.26471],[8.57782,52.26479],[8.57742,52.26528],[8.57659,52.26526],[8.57245,52.26362],[8.57053,52.26258],[8.56958,52.26218],[8.56996,52.26165],[8.5694,52.26132],[8.56886,52.2611],[8.56805,52.26108],[8.56745,52.26112],[8.56724,52.2612],[8.56743,52.26148],[8.56844,52.26144],[8.56879,52.26159],[8.56834,52.26204],[8.5646,52.2613],[8.56385,52.26107],[8.56348,52.26133],[8.56194,52.26084],[8.56142,52.26047],[8.56182,52.26043],[8.5634,52.26098],[8.56361,52.26094],[8.56376,52.2608],[8.56357,52.26054],[8.56221,52.26007],[8.56095,52.25932],[8.55922,52.25865],[8.55948,52.25832],[8.55904,52.25813],[8.55973,52.25765],[8.5604,52.25783],[8.56144,52.25715],[8.56062,52.25699],[8.55958,52.2574],[8.55899,52.25755],[8.5586,52.25782],[8.55811,52.25843],[8.55673,52.25829],[8.5567,52.25774],[8.55771,52.2569],[8.55761,52.2561],[8.55798,52.25588],[8.55837,52.25618],[8.55864,52.25661],[8.55888,52.25675],[8.55912,52.25653],[8.55855,52.25572],[8.55815,52.2555],[8.55835,52.2549],[8.55857,52.25466],[8.5607,52.25509],[8.5614,52.25483],[8.56249,52.25527],[8.56238,52.25399],[8.56393,52.25398],[8.56395,52.25332],[8.56366,52.25271],[8.562,52.25279],[8.56179,52.25216],[8.56134,52.25167],[8.56069,52.25151],[8.56007,52.25155],[8.55929,52.25178],[8.55868,52.25161],[8.56007,52.25044],[8.56042,52.25054],[8.56081,52.25093],[8.56139,52.25065],[8.56078,52.25012],[8.56053,52.24969],[8.5607,52.24942],[8.56218,52.2496],[8.56224,52.24927],[8.56065,52.2488],[8.56018,52.24875],[8.55991,52.24899],[8.55992,52.24955],[8.55977,52.25004],[8.55953,52.25016],[8.55843,52.25124],[8.55822,52.25192],[8.55781,52.25255],[8.55745,52.25263],[8.55735,52.25228],[8.55777,52.25147],[8.55673,52.25156],[8.5561,52.2518],[8.55601,52.25189],[8.55634,52.25222],[8.55438,52.25279],[8.55395,52.25303],[8.55345,52.25345],[8.55267,52.25357],[8.55137,52.25361],[8.55071,52.25383],[8.55021,52.25422],[8.54974,52.25413],[8.54897,52.25429],[8.54882,52.25438],[8.5487,52.25465],[8.54842,52.25482],[8.54812,52.25486],[8.54732,52.25382],[8.54649,52.25347],[8.54563,52.25336],[8.54224,52.25326],[8.5403,52.25268],[8.53935,52.25237],[8.53919,52.25226],[8.53867,52.2523],[8.53773,52.25151],[8.53726,52.25139],[8.53481,52.25101],[8.53433,52.25082],[8.53323,52.25259],[8.53287,52.25363],[8.53196,52.25341],[8.53159,52.25404],[8.53117,52.25447],[8.5306,52.25396],[8.52982,52.25456],[8.52843,52.25513],[8.52945,52.25844],[8.5272,52.25877],[8.52634,52.25884],[8.52607,52.25823],[8.52607,52.25691],[8.52735,52.2559],[8.52686,52.25552],[8.52602,52.25637],[8.52569,52.25673],[8.52563,52.25703],[8.5253,52.25731],[8.52532,52.25789],[8.52506,52.25818],[8.52476,52.25894],[8.52498,52.25915],[8.52593,52.25952],[8.52697,52.25982],[8.52588,52.26008],[8.52466,52.26097],[8.52407,52.26121],[8.52308,52.26217],[8.52218,52.26333],[8.5221,52.26369],[8.52251,52.26398],[8.52272,52.26456],[8.52383,52.26439],[8.52321,52.26782],[8.52357,52.2676],[8.52406,52.26778],[8.52486,52.26759],[8.52532,52.26785],[8.52644,52.26785],[8.52753,52.26855],[8.52746,52.26902],[8.52681,52.26955],[8.52613,52.26981],[8.52565,52.26985],[8.52515,52.27001],[8.52478,52.27029],[8.52435,52.27046],[8.52469,52.27146],[8.5253,52.27125],[8.52578,52.2708],[8.52756,52.2701],[8.52795,52.26962],[8.52833,52.26868],[8.52789,52.26817],[8.52784,52.26759],[8.52826,52.26745],[8.52986,52.26746],[8.53062,52.26755],[8.53068,52.26783],[8.53119,52.26796],[8.53117,52.2683],[8.53195,52.26837],[8.5317,52.26923],[8.53279,52.2693],[8.53358,52.26815],[8.5349,52.26834],[8.53508,52.26799],[8.53542,52.26794],[8.53529,52.26838],[8.53622,52.26837],[8.53677,52.26816],[8.53842,52.26854],[8.53844,52.26895],[8.53998,52.26944],[8.54111,52.26969],[8.5418,52.26944],[8.54226,52.26946],[8.54266,52.26958],[8.54359,52.26932],[8.54386,52.27001],[8.54416,52.27045],[8.54444,52.27066],[8.54474,52.27076],[8.54468,52.27113],[8.54341,52.27162],[8.54327,52.27182],[8.54326,52.27202],[8.54358,52.27217],[8.54365,52.27242],[8.54447,52.27316],[8.54558,52.27371],[8.54833,52.27337],[8.5505,52.2734],[8.55171,52.27362],[8.55233,52.27299],[8.55256,52.27295],[8.55253,52.2735],[8.55235,52.27391],[8.55195,52.27416],[8.55057,52.27392],[8.54951,52.27364],[8.54837,52.27376],[8.54783,52.27416],[8.54772,52.2745],[8.54781,52.27474],[8.54993,52.27599],[8.5504,52.27701],[8.5506,52.27727],[8.55231,52.27664],[8.55251,52.27714],[8.55247,52.27777],[8.55289,52.27806],[8.5526,52.27962],[8.55185,52.28079],[8.5521,52.28151],[8.55302,52.28159],[8.55365,52.28151],[8.55457,52.28127],[8.55518,52.28117],[8.55582,52.28123],[8.55622,52.28136],[8.55713,52.28142],[8.55788,52.28199],[8.5588,52.28224],[8.55987,52.28228],[8.56089,52.28243],[8.56116,52.28275],[8.56177,52.28271],[8.56362,52.28287],[8.56421,52.28301],[8.56472,52.2841],[8.56504,52.28458],[8.566,52.28418],[8.56583,52.28368],[8.56584,52.28315],[8.56748,52.2831],[8.56956,52.28317],[8.57015,52.28236],[8.57012,52.28151],[8.57065,52.28163],[8.5707,52.28218],[8.57109,52.28215],[8.57123,52.2817],[8.57325,52.28177],[8.57458,52.28067],[8.57514,52.28071],[8.57562,52.28088],[8.57602,52.28087],[8.57631,52.28079],[8.57479,52.27961],[8.57457,52.2791],[8.5738,52.27856],[8.57361,52.27801],[8.57395,52.27812],[8.57639,52.28025],[8.57721,52.27971],[8.57745,52.28012],[8.57788,52.28023],[8.58086,52.28023],[8.58278,52.28095],[8.58191,52.27894],[8.58197,52.27866],[8.58247,52.27821],[8.58284,52.27767],[8.5831,52.27705],[8.58364,52.27636],[8.58407,52.27621],[8.5843,52.2764],[8.58348,52.27699],[8.58282,52.27834],[8.58275,52.27881],[8.58288,52.27925],[8.58272,52.27964],[8.58288,52.2797],[8.58304,52.28003],[8.58341,52.28004],[8.58345,52.28038],[8.58334,52.28048],[8.58351,52.2809],[8.58374,52.28085],[8.58406,52.28061],[8.58449,52.28076],[8.58435,52.28099],[8.58489,52.28122],[8.5853,52.2813],[8.58559,52.28193],[8.58575,52.28276],[8.58505,52.28295],[8.58407,52.28438],[8.58362,52.28476],[8.58485,52.28497],[8.58579,52.28537],[8.58627,52.28567],[8.5868,52.28575],[8.58716,52.286],[8.58776,52.28625],[8.5878,52.28698],[8.58815,52.287],[8.58852,52.28676],[8.58976,52.28718],[8.58997,52.28712],[8.59158,52.28754],[8.59256,52.28762],[8.59172,52.28893],[8.59254,52.28896],[8.59357,52.2891],[8.59432,52.28939],[8.59473,52.28964],[8.59496,52.28939],[8.59573,52.28993],[8.5963,52.29045],[8.59715,52.29127],[8.59754,52.29177],[8.59753,52.29122],[8.59784,52.2906],[8.59982,52.29102],[8.60263,52.29176],[8.60295,52.2913],[8.60359,52.29098],[8.60389,52.29116],[8.60406,52.2917],[8.60349,52.2918],[8.60296,52.29299],[8.60366,52.29308],[8.60359,52.29358],[8.60409,52.29346],[8.60422,52.29309],[8.60475,52.29315],[8.60523,52.29312],[8.60499,52.29376],[8.60565,52.2938],[8.6053,52.29504],[8.60679,52.29524],[8.60533,52.29642],[8.60772,52.29805],[8.60672,52.29868],[8.60704,52.29892],[8.60785,52.29857],[8.60813,52.29868],[8.60836,52.29858],[8.60883,52.29875],[8.60952,52.29835],[8.61056,52.2989],[8.6122,52.29883],[8.6125,52.29858],[8.61239,52.29833],[8.61341,52.29801],[8.61323,52.29759],[8.61276,52.29739],[8.61208,52.29698],[8.61254,52.29666],[8.6135,52.29714],[8.61336,52.29674],[8.61377,52.29677],[8.61405,52.29697],[8.61429,52.29679],[8.61414,52.29618],[8.61487,52.2961],[8.61501,52.29584],[8.61555,52.29588],[8.61569,52.29594],[8.61561,52.29623],[8.61591,52.29633],[8.61643,52.29557],[8.61674,52.29534],[8.6172,52.29552],[8.61745,52.29521],[8.61835,52.29543],[8.61858,52.294],[8.61888,52.29327],[8.61939,52.29239],[8.62003,52.29171],[8.61894,52.29136],[8.61974,52.29075],[8.62066,52.29099],[8.62232,52.28927],[8.62329,52.28883],[8.62452,52.28847],[8.6251,52.28876],[8.62613,52.28878],[8.62716,52.28857],[8.62725,52.28873],[8.62601,52.28906],[8.62423,52.28906],[8.62373,52.28913],[8.62313,52.28941],[8.62242,52.28988],[8.62233,52.29039],[8.62204,52.29095],[8.62084,52.29205],[8.62051,52.29259],[8.62041,52.29314],[8.6209,52.29327],[8.62104,52.2934],[8.62185,52.29332],[8.62211,52.29344],[8.62078,52.29397],[8.62004,52.29441],[8.61948,52.29541],[8.61955,52.29598],[8.61994,52.297],[8.62123,52.29658],[8.62128,52.29677],[8.61977,52.29749],[8.61928,52.29759],[8.61976,52.29823],[8.62017,52.29901],[8.62181,52.30113],[8.62355,52.30236],[8.62512,52.30319],[8.62625,52.3036],[8.62709,52.30362],[8.6281,52.30334],[8.62798,52.30367],[8.62869,52.30356],[8.62988,52.30404],[8.63088,52.30403],[8.6312,52.30375],[8.63178,52.30284],[8.63269,52.3019],[8.63385,52.30112],[8.63403,52.30127],[8.63378,52.30161],[8.63303,52.30192],[8.63216,52.30298],[8.63166,52.30406],[8.63162,52.30443],[8.63268,52.30466],[8.63245,52.30502],[8.6328,52.30528],[8.63319,52.30606],[8.63541,52.30614],[8.63566,52.30581],[8.63464,52.30565],[8.63476,52.30545],[8.63796,52.30574],[8.63849,52.30562],[8.63845,52.30463],[8.63817,52.30379],[8.63854,52.30422],[8.63883,52.30513],[8.63861,52.30599],[8.63866,52.30622],[8.63959,52.30623],[8.63978,52.30612],[8.64295,52.30628],[8.6433,52.30668],[8.64663,52.30664],[8.64628,52.30635],[8.64634,52.30604],[8.64686,52.30603],[8.64629,52.30528],[8.64632,52.30482],[8.64589,52.3043],[8.64565,52.30384],[8.64549,52.30346],[8.64544,52.30304],[8.64614,52.30268],[8.64642,52.30218],[8.64653,52.30176],[8.64746,52.30213],[8.64894,52.30191],[8.64974,52.30265],[8.65066,52.30386],[8.65028,52.30425],[8.64979,52.30448],[8.64978,52.30493],[8.65012,52.30519],[8.6511,52.30508],[8.65249,52.30533],[8.65368,52.30539],[8.65496,52.30524],[8.65528,52.30506],[8.65524,52.30459],[8.65573,52.30406],[8.65509,52.30319],[8.65592,52.30272],[8.65802,52.30263],[8.65859,52.30277],[8.66042,52.30356],[8.66045,52.30403],[8.66077,52.30422],[8.65929,52.30596],[8.65854,52.30646],[8.66011,52.30683],[8.66047,52.3064],[8.66205,52.30655],[8.6639,52.30634],[8.6674,52.30538],[8.66863,52.30521],[8.66914,52.30531],[8.66979,52.30533],[8.67025,52.30525],[8.67043,52.30513],[8.67035,52.30444],[8.67066,52.3044],[8.67077,52.30458],[8.67081,52.30506],[8.67132,52.30541],[8.67181,52.30553],[8.67261,52.30559],[8.67282,52.30492],[8.67544,52.30474],[8.67819,52.3044],[8.67818,52.30549],[8.6789,52.30582],[8.67913,52.30617],[8.68065,52.30601],[8.68066,52.30581],[8.68047,52.30561],[8.67908,52.30559],[8.67861,52.30551],[8.68082,52.30536],[8.68222,52.30515],[8.6816,52.3041],[8.6819,52.30396],[8.68164,52.30323],[8.68164,52.30284],[8.6814,52.302],[8.68255,52.30187],[8.6826,52.30137],[8.68443,52.30127],[8.68466,52.30057],[8.6867,52.30104],[8.68675,52.30124],[8.68691,52.30132],[8.68722,52.30135],[8.68737,52.3013],[8.68715,52.30075],[8.68785,52.30059],[8.68834,52.30032],[8.68935,52.29946],[8.68973,52.29966],[8.68974,52.30005],[8.69038,52.30038],[8.69211,52.29994],[8.69174,52.29955],[8.69249,52.29922],[8.69264,52.29935],[8.6929,52.29915],[8.69298,52.29888],[8.69488,52.29891],[8.69489,52.29873],[8.69503,52.29861],[8.69591,52.29841],[8.69609,52.29818],[8.69657,52.29814],[8.69687,52.29832],[8.69685,52.29852],[8.69653,52.29877],[8.69671,52.29886],[8.69772,52.29883],[8.69795,52.29854],[8.70159,52.29725],[8.70209,52.29753],[8.70227,52.29756],[8.70367,52.29737],[8.70437,52.29769],[8.70588,52.29716],[8.70745,52.29678],[8.70841,52.29638],[8.70895,52.29697],[8.71024,52.29684],[8.71106,52.29664],[8.71127,52.29633],[8.71242,52.2958],[8.71203,52.29486],[8.71247,52.2944],[8.714,52.29405],[8.71388,52.29375],[8.71399,52.29359],[8.71466,52.29323],[8.71504,52.29337],[8.71659,52.29314],[8.71664,52.29295],[8.7186,52.29231],[8.71884,52.29252],[8.71963,52.29238],[8.72002,52.29222],[8.72062,52.29217],[8.72093,52.29247],[8.72133,52.29266],[8.72305,52.29385],[8.72341,52.29377],[8.72295,52.29287],[8.72255,52.29241],[8.72277,52.29213],[8.72275,52.29193],[8.72241,52.29196],[8.72185,52.29166],[8.72195,52.29147],[8.72477,52.29044],[8.72549,52.29012],[8.72554,52.28996],[8.72543,52.28946],[8.7252,52.28928],[8.72483,52.28923],[8.72473,52.28942],[8.72447,52.28927],[8.72401,52.2887],[8.72371,52.28862],[8.72329,52.28801],[8.72348,52.28794],[8.7239,52.28793],[8.72459,52.28814],[8.72516,52.28818],[8.72578,52.28833],[8.7264,52.28897],[8.72626,52.28916],[8.72592,52.28936],[8.72625,52.28962],[8.72994,52.28854],[8.73098,52.2881],[8.73271,52.28772],[8.73298,52.28801],[8.73591,52.28744],[8.73659,52.28867],[8.73724,52.28831],[8.73763,52.28861],[8.73869,52.28918],[8.73897,52.28909],[8.7385,52.28809],[8.73793,52.28816],[8.73699,52.28712],[8.73861,52.28663],[8.73848,52.28577],[8.73951,52.28557],[8.73982,52.28584],[8.74019,52.28564],[8.74081,52.28569],[8.74191,52.28526],[8.74191,52.28521],[8.74242,52.28499],[8.74182,52.2845],[8.74334,52.28402],[8.74328,52.28394],[8.74166,52.28399],[8.74165,52.28383],[8.74277,52.28378],[8.74346,52.28367],[8.74489,52.28367],[8.74467,52.28326],[8.74567,52.28316],[8.74646,52.28373],[8.74732,52.28355],[8.74832,52.28346],[8.7483,52.28321],[8.74763,52.28267],[8.74823,52.28236],[8.74885,52.28298],[8.74931,52.28285],[8.74959,52.28271],[8.75014,52.28257],[8.75019,52.28238],[8.75033,52.28224],[8.74968,52.28226],[8.74895,52.28245],[8.7481,52.28183],[8.74967,52.28177],[8.75092,52.28193],[8.75116,52.28179],[8.75091,52.2815],[8.75047,52.28136],[8.75011,52.28108],[8.75071,52.28082],[8.75104,52.2811],[8.7525,52.28133],[8.75398,52.28016],[8.75423,52.28041],[8.75412,52.28059],[8.75348,52.28116],[8.75368,52.28126],[8.75406,52.28117],[8.75456,52.28085],[8.75505,52.28123],[8.75537,52.28128],[8.75561,52.2812],[8.75566,52.28105],[8.75549,52.28074],[8.75552,52.28062],[8.75588,52.28056],[8.75708,52.28052],[8.7569,52.28015],[8.75586,52.2796],[8.75593,52.27944],[8.75572,52.27917],[8.75494,52.27944],[8.75457,52.27975],[8.75334,52.27897],[8.75314,52.27871],[8.75314,52.27845],[8.75328,52.27824],[8.75361,52.27831],[8.75379,52.27858],[8.75373,52.27892],[8.75446,52.27917],[8.75489,52.27922],[8.75489,52.27896],[8.75348,52.27741],[8.75337,52.27718],[8.75364,52.2766],[8.75331,52.27653],[8.75318,52.27636],[8.75323,52.27612],[8.7524,52.27529],[8.75185,52.2755],[8.75105,52.27566],[8.75038,52.2749],[8.74999,52.27478],[8.74991,52.2747],[8.74987,52.27412],[8.74854,52.27412],[8.74626,52.27423],[8.74489,52.27457],[8.74465,52.27386],[8.74362,52.27402],[8.7442,52.27502],[8.74315,52.27519],[8.74241,52.27421],[8.74171,52.27444],[8.74116,52.27442],[8.74093,52.27497],[8.74074,52.27628],[8.74023,52.2766],[8.73977,52.27658],[8.73885,52.2767],[8.73811,52.27601],[8.73648,52.27494],[8.7366,52.27479],[8.73825,52.27448],[8.73835,52.27394],[8.7374,52.274],[8.737,52.27405],[8.73679,52.27414],[8.73646,52.27411],[8.73592,52.27417],[8.7355,52.27446],[8.73549,52.27469],[8.73735,52.27592],[8.73865,52.27687],[8.73865,52.27698],[8.73843,52.27715],[8.73803,52.27731],[8.73737,52.27724],[8.73659,52.27682],[8.73617,52.27692],[8.73559,52.27663],[8.73411,52.277],[8.7334,52.27625],[8.73279,52.27631],[8.73259,52.27602],[8.73229,52.27582],[8.73153,52.27565],[8.73081,52.2753],[8.7305,52.27494],[8.73006,52.27475],[8.72989,52.27455],[8.72941,52.27455],[8.72906,52.27463],[8.72959,52.27505],[8.72956,52.27572],[8.72939,52.2759],[8.72936,52.27627],[8.7296,52.27699]],[[8.52647,52.26636],[8.52559,52.2662],[8.52472,52.26613],[8.52453,52.26659],[8.52436,52.26661],[8.52424,52.26656],[8.5243,52.2659],[8.52444,52.26556],[8.52432,52.2653],[8.5248,52.26416],[8.52532,52.26414],[8.52518,52.26472],[8.52493,52.26512],[8.52506,52.26541],[8.52553,52.26538],[8.52615,52.26443],[8.52728,52.26449],[8.52647,52.26636]],[[8.72562,52.27932],[8.72462,52.27948],[8.7237,52.27953],[8.72362,52.2793],[8.7239,52.27842],[8.72493,52.27816],[8.72517,52.27837],[8.72541,52.27872],[8.72562,52.27932]],[[8.59411,52.28895],[8.59345,52.28858],[8.5943,52.28798],[8.59452,52.28813],[8.59533,52.28846],[8.59465,52.28908],[8.59411,52.28895]],[[8.72612,52.28032],[8.72472,52.28074],[8.72402,52.28013],[8.72502,52.27992],[8.72559,52.27989],[8.72599,52.27998],[8.72612,52.28032]],[[8.62823,52.30297],[8.628,52.30279],[8.62801,52.30222],[8.62854,52.30144],[8.62866,52.30266],[8.62823,52.30297]]],[[[8.56366,52.2548],[8.56491,52.25495],[8.56627,52.25401],[8.56491,52.25395],[8.56366,52.2548]]],[[[8.69838,52.29892],[8.69854,52.29931],[8.69937,52.29926],[8.69996,52.29914],[8.70053,52.29889],[8.70144,52.2989],[8.70088,52.29832],[8.69906,52.29888],[8.69838,52.29892]]],[[[8.60389,52.2709],[8.60434,52.27109],[8.60453,52.27106],[8.60389,52.27066],[8.60327,52.26992],[8.60256,52.2694],[8.60153,52.26873],[8.60122,52.26873],[8.6011,52.26885],[8.60144,52.26918],[8.60121,52.26956],[8.60297,52.27085],[8.60363,52.27124],[8.60389,52.2709]]],[[[8.53753,52.25035],[8.53676,52.2501],[8.53642,52.2499],[8.5357,52.24976],[8.53593,52.24933],[8.53699,52.24958],[8.5371,52.24779],[8.53523,52.24827],[8.53283,52.24898],[8.53047,52.24918],[8.53067,52.24968],[8.53246,52.24964],[8.53317,52.24975],[8.53431,52.2504],[8.53665,52.25077],[8.53789,52.25076],[8.53753,52.25035]]]]}},{"type":"Feature","properties":{"slice":"ura","kind":"wald"},"geometry":{"type":"Polygon","coordinates":[[[8.52253,52.29481],[8.52192,52.29502],[8.52174,52.2958],[8.52245,52.29579],[8.5235,52.29513],[8.52375,52.2948],[8.52253,52.29481]]]}},{"type":"Feature","properties":{"slice":"ura","kind":"wald"},"geometry":{"type":"Polygon","coordinates":[[[8.52326,52.29262],[8.52361,52.2926],[8.52336,52.29227],[8.52358,52.29169],[8.52307,52.29051],[8.52255,52.29035],[8.52186,52.29174],[8.52207,52.29206],[8.52282,52.29231],[8.52326,52.29253],[8.52326,52.29262]]]}},{"type":"Feature","properties":{"slice":"ura","kind":"wald"},"geometry":{"type":"Polygon","coordinates":[[[8.6017,52.29762],[8.60147,52.29867],[8.60171,52.29879],[8.60213,52.29869],[8.6023,52.29833],[8.60269,52.29834],[8.60295,52.29852],[8.60315,52.29849],[8.60302,52.29798],[8.60279,52.29763],[8.6017,52.29762]]]}},{"type":"Feature","properties":{"slice":"ura","kind":"wald"},"geometry":{"type":"Polygon","coordinates":[[[8.59623,52.29438],[8.59417,52.29329],[8.59286,52.29244],[8.59308,52.29159],[8.59202,52.29101],[8.59056,52.29044],[8.58969,52.29116],[8.59024,52.29161],[8.59165,52.29193],[8.59192,52.29226],[8.59161,52.29281],[8.59192,52.29292],[8.59258,52.29256],[8.59263,52.2935],[8.5924,52.29408],[8.5936,52.29454],[8.59389,52.29447],[8.59464,52.29467],[8.59502,52.29461],[8.59696,52.29498],[8.59623,52.29438]]]}},{"type":"Feature","properties":{"slice":"ura","kind":"wald"},"geometry":{"type":"Polygon","coordinates":[[[8.59051,52.2939],[8.58979,52.29446],[8.58954,52.29453],[8.5893,52.29469],[8.59159,52.29523],[8.5919,52.2949],[8.59213,52.29442],[8.59051,52.2939]]]}},{"type":"Feature","properties":{"slice":"ura","kind":"wald"},"geometry":{"type":"Polygon","coordinates":[[[8.52828,52.27835],[8.52898,52.27749],[8.53059,52.27681],[8.53164,52.27661],[8.53145,52.27491],[8.53235,52.27451],[8.53226,52.2742],[8.53314,52.27416],[8.53336,52.27452],[8.53389,52.27441],[8.53401,52.27483],[8.53565,52.27393],[8.53585,52.27346],[8.53822,52.27233],[8.53895,52.27217],[8.53941,52.27201],[8.53954,52.27172],[8.53869,52.27193],[8.53813,52.272],[8.53748,52.27221],[8.53691,52.27206],[8.53645,52.27207],[8.53452,52.27245],[8.53414,52.27257],[8.5336,52.27369],[8.53177,52.27413],[8.5303,52.27489],[8.5293,52.27533],[8.52878,52.27573],[8.52771,52.27615],[8.52782,52.27642],[8.52716,52.27672],[8.52748,52.27767],[8.52606,52.2779],[8.52603,52.27835],[8.52672,52.27926],[8.52748,52.27904],[8.52688,52.27871],[8.52735,52.2785],[8.52776,52.27888],[8.52807,52.27892],[8.52828,52.27835]]]}},{"type":"Feature","properties":{"slice":"ura","kind":"wald"},"geometry":{"type":"Polygon","coordinates":[[[8.54138,52.27239],[8.5417,52.27217],[8.54128,52.27202],[8.53985,52.27227],[8.53992,52.27291],[8.54014,52.27332],[8.54102,52.2731],[8.54167,52.27302],[8.54138,52.27239]]]}},{"type":"Feature","properties":{"slice":"ura","kind":"wald"},"geometry":{"type":"Polygon","coordinates":[[[8.54891,52.2768],[8.54854,52.27675],[8.54818,52.27596],[8.548,52.27584],[8.54687,52.27595],[8.54625,52.2757],[8.54539,52.27552],[8.54506,52.27551],[8.54507,52.27597],[8.54607,52.27592],[8.54641,52.27643],[8.54766,52.27633],[8.54789,52.27662],[8.54789,52.27684],[8.5481,52.27714],[8.54886,52.27695],[8.54891,52.2768]]]}},{"type":"Feature","properties":{"slice":"ura","kind":"wald"},"geometry":{"type":"Polygon","coordinates":[[[8.5302,52.2728],[8.52903,52.27286],[8.5289,52.27308],[8.52796,52.27358],[8.52821,52.27377],[8.52852,52.27417],[8.52926,52.27385],[8.5301,52.27368],[8.53053,52.27285],[8.5302,52.2728]]]}},{"type":"Feature","properties":{"slice":"ura","kind":"wald"},"geometry":{"type":"Polygon","coordinates":[[[8.5246,52.27302],[8.52497,52.27263],[8.52327,52.27205],[8.52238,52.27235],[8.5234,52.2733],[8.5239,52.2736],[8.52451,52.27382],[8.52534,52.27332],[8.5246,52.27302]]]}},{"type":"Feature","properties":{"slice":"ura","kind":"wald"},"geometry":{"type":"Polygon","coordinates":[[[8.52807,52.22689],[8.52696,52.22641],[8.52644,52.22575],[8.52599,52.22464],[8.52598,52.22437],[8.52532,52.22442],[8.52532,52.22477],[8.5252,52.22492],[8.52452,52.22501],[8.52435,52.22531],[8.52452,52.22566],[8.52536,52.22581],[8.52575,52.22617],[8.52605,52.22672],[8.52684,52.22702],[8.52711,52.22733],[8.52798,52.22727],[8.52807,52.22689]]]}},{"type":"Feature","properties":{"slice":"ura","kind":"wald"},"geometry":{"type":"Polygon","coordinates":[[[8.53487,52.22445],[8.53486,52.22421],[8.53419,52.22462],[8.53367,52.22479],[8.53346,52.22476],[8.53302,52.22443],[8.53325,52.22373],[8.53269,52.22353],[8.53261,52.22485],[8.53293,52.2257],[8.53511,52.2246],[8.53487,52.22445]]]}},{"type":"Feature","properties":{"slice":"ura","kind":"wald"},"geometry":{"type":"Polygon","coordinates":[[[8.53249,52.22234],[8.53194,52.22222],[8.53119,52.22219],[8.53091,52.22202],[8.53077,52.22167],[8.5309,52.22117],[8.5309,52.22059],[8.53071,52.22025],[8.53018,52.21977],[8.52944,52.22031],[8.52883,52.22088],[8.52991,52.22111],[8.52976,52.22161],[8.52841,52.22126],[8.52841,52.22162],[8.52787,52.2216],[8.52732,52.22142],[8.52682,52.22177],[8.52555,52.22122],[8.52467,52.22106],[8.52429,52.22125],[8.52499,52.22198],[8.5246,52.22215],[8.52411,52.22181],[8.52274,52.22213],[8.52345,52.22386],[8.52447,52.22363],[8.5246,52.22319],[8.52522,52.22287],[8.52593,52.2229],[8.52632,52.22255],[8.52684,52.22249],[8.52767,52.2225],[8.52849,52.22262],[8.529,52.2231],[8.52868,52.22324],[8.52846,52.22349],[8.52968,52.22355],[8.52978,52.22322],[8.52994,52.22307],[8.53026,52.22295],[8.53103,52.22288],[8.53244,52.22287],[8.53297,52.22255],[8.53301,52.22228],[8.53249,52.22234]]]}},{"type":"Feature","properties":{"slice":"ura","kind":"wald"},"geometry":{"type":"Polygon","coordinates":[[[8.53168,52.21828],[8.53102,52.21861],[8.53247,52.21899],[8.53244,52.21803],[8.53168,52.21828]]]}},{"type":"Feature","properties":{"slice":"ura","kind":"wald"},"geometry":{"type":"MultiPolygon","coordinates":[[[[8.53945,52.21636],[8.53989,52.21624],[8.54061,52.21623],[8.5408,52.21598],[8.54129,52.21567],[8.54129,52.21537],[8.54118,52.2151],[8.54085,52.21505],[8.5403,52.21466],[8.53984,52.21467],[8.53943,52.21486],[8.53899,52.21469],[8.53872,52.21438],[8.53824,52.21436],[8.53792,52.21447],[8.53708,52.21513],[8.53689,52.21537],[8.53703,52.21561],[8.53793,52.21605],[8.5389,52.21638],[8.5392,52.21665],[8.53945,52.21636]]],[[[8.53665,52.21769],[8.53807,52.21717],[8.53825,52.21688],[8.53822,52.21667],[8.53772,52.21643],[8.53728,52.2161],[8.53684,52.21592],[8.53616,52.21585],[8.53582,52.21596],[8.53556,52.21623],[8.53562,52.2166],[8.53534,52.21699],[8.53458,52.2177],[8.53459,52.21783],[8.53497,52.21773],[8.53547,52.21736],[8.53573,52.21685],[8.53627,52.2167],[8.53641,52.2169],[8.53665,52.21769]]]]}},{"type":"Feature","properties":{"slice":"ura","kind":"wald"},"geometry":{"type":"Polygon","coordinates":[[[8.54848,52.21908],[8.54789,52.21891],[8.5454,52.21862],[8.54514,52.21846],[8.54517,52.21827],[8.54561,52.21823],[8.54627,52.21838],[8.54737,52.21831],[8.54855,52.2186],[8.54902,52.21882],[8.54928,52.21881],[8.54908,52.21848],[8.54841,52.21817],[8.54751,52.21806],[8.54678,52.21779],[8.5452,52.21778],[8.5449,52.21772],[8.54452,52.21775],[8.54443,52.21793],[8.54467,52.2187],[8.54579,52.21902],[8.54617,52.21961],[8.54662,52.21975],[8.54657,52.22053],[8.54723,52.22056],[8.54867,52.22031],[8.54906,52.22039],[8.54929,52.2201],[8.54897,52.21996],[8.54841,52.21994],[8.5475,52.2202],[8.54734,52.22017],[8.54751,52.21996],[8.54851,52.21963],[8.54848,52.21908]]]}},{"type":"Feature","properties":{"slice":"ura","kind":"wald"},"geometry":{"type":"Polygon","coordinates":[[[8.55248,52.22176],[8.55248,52.22213],[8.55273,52.22218],[8.55349,52.22152],[8.55385,52.22099],[8.55388,52.22066],[8.55322,52.2202],[8.55248,52.22176]]]}},{"type":"Feature","properties":{"slice":"ura","kind":"wald"},"geometry":{"type":"Polygon","coordinates":[[[8.5508,52.21635],[8.54872,52.21558],[8.54855,52.21558],[8.5486,52.21607],[8.54879,52.21635],[8.55045,52.21703],[8.55072,52.21702],[8.55093,52.21692],[8.55099,52.21665],[8.5508,52.21635]]]}},{"type":"Feature","properties":{"slice":"ura","kind":"wald"},"geometry":{"type":"Polygon","coordinates":[[[8.57763,52.2399],[8.57805,52.23952],[8.57849,52.23834],[8.5785,52.23728],[8.57839,52.2371],[8.57881,52.23628],[8.57577,52.23614],[8.57556,52.23594],[8.5759,52.23581],[8.57652,52.23512],[8.57902,52.23526],[8.57909,52.23472],[8.57571,52.23448],[8.57541,52.23458],[8.57256,52.23425],[8.57189,52.23425],[8.57171,52.23445],[8.57206,52.23491],[8.57153,52.23574],[8.57145,52.2361],[8.5708,52.23678],[8.56994,52.23729],[8.57213,52.23781],[8.57282,52.23805],[8.57225,52.23924],[8.57204,52.23992],[8.57412,52.24066],[8.57548,52.24084],[8.5769,52.24096],[8.57658,52.24153],[8.57402,52.2413],[8.57343,52.24277],[8.57195,52.24273],[8.57226,52.24403],[8.57241,52.24424],[8.57267,52.24434],[8.57327,52.24415],[8.57545,52.24428],[8.57695,52.24458],[8.57755,52.24458],[8.57888,52.24483],[8.57917,52.24482],[8.57937,52.24457],[8.57958,52.24394],[8.57953,52.24367],[8.58055,52.24325],[8.58125,52.24274],[8.58147,52.24244],[8.57976,52.24192],[8.57897,52.24175],[8.57719,52.24096],[8.57706,52.24072],[8.57763,52.2399]]]}},{"type":"Feature","properties":{"slice":"ura","kind":"wald"},"geometry":{"type":"Polygon","coordinates":[[[8.58479,52.24103],[8.58641,52.24103],[8.5882,52.24119],[8.5894,52.24144],[8.59159,52.24166],[8.59174,52.24145],[8.59194,52.24059],[8.59208,52.23803],[8.59191,52.23745],[8.59211,52.23687],[8.59236,52.23661],[8.59242,52.23635],[8.59235,52.23603],[8.59146,52.23582],[8.59157,52.2356],[8.59256,52.23539],[8.59317,52.2353],[8.5935,52.23532],[8.59402,52.2348],[8.5943,52.23479],[8.59472,52.23494],[8.59522,52.23493],[8.59566,52.23485],[8.59629,52.23495],[8.59665,52.23485],[8.5965,52.2343],[8.59652,52.23402],[8.59795,52.234],[8.59786,52.23381],[8.59484,52.23331],[8.59429,52.23427],[8.59353,52.23413],[8.59401,52.2328],[8.59246,52.23238],[8.59129,52.23188],[8.59017,52.23122],[8.59018,52.23164],[8.58982,52.23178],[8.59077,52.23524],[8.59093,52.23551],[8.59059,52.23565],[8.59005,52.23435],[8.58973,52.23228],[8.58943,52.23177],[8.58906,52.23164],[8.58864,52.23219],[8.58877,52.23336],[8.58733,52.23319],[8.58679,52.23323],[8.58618,52.23337],[8.58561,52.2336],[8.58563,52.23389],[8.58581,52.2346],[8.586,52.23462],[8.58615,52.23444],[8.58637,52.23439],[8.5866,52.23496],[8.58783,52.2352],[8.58824,52.2352],[8.58868,52.2354],[8.5892,52.23547],[8.58987,52.2357],[8.58988,52.23578],[8.58961,52.23577],[8.58902,52.23562],[8.5884,52.23559],[8.58814,52.23544],[8.58773,52.23539],[8.58706,52.23519],[8.58621,52.23518],[8.58583,52.23505],[8.58509,52.23556],[8.58464,52.23575],[8.58444,52.23601],[8.58449,52.23688],[8.58354,52.23753],[8.58383,52.23775],[8.58619,52.23828],[8.58748,52.23846],[8.58714,52.23898],[8.58418,52.23885],[8.58386,52.23898],[8.58339,52.23952],[8.58298,52.24017],[8.58298,52.24087],[8.58317,52.24119],[8.58479,52.24103]]]}},{"type":"Feature","properties":{"slice":"ura","kind":"wald"},"geometry":{"type":"Polygon","coordinates":[[[8.58087,52.23471],[8.58143,52.23243],[8.58126,52.23214],[8.58129,52.23135],[8.58183,52.22999],[8.57994,52.2297],[8.57984,52.2331],[8.57896,52.23312],[8.57917,52.2328],[8.57692,52.23276],[8.57695,52.23326],[8.57587,52.23333],[8.57587,52.23419],[8.57943,52.2343],[8.57941,52.23454],[8.57949,52.23468],[8.57971,52.23477],[8.58087,52.23471]]]}},{"type":"Feature","properties":{"slice":"ura","kind":"wald"},"geometry":{"type":"Polygon","coordinates":[[[8.5852,52.23315],[8.58616,52.23065],[8.58389,52.23024],[8.58261,52.23022],[8.58189,52.23233],[8.58194,52.23262],[8.58248,52.23281],[8.58319,52.23217],[8.58363,52.23108],[8.58387,52.23118],[8.58314,52.23265],[8.5829,52.23294],[8.5852,52.23315]]]}},{"type":"Feature","properties":{"slice":"ura","kind":"wald"},"geometry":{"type":"Polygon","coordinates":[[[8.57032,52.23482],[8.56995,52.23476],[8.56946,52.23477],[8.56466,52.23532],[8.56433,52.2352],[8.5639,52.23515],[8.56382,52.23476],[8.56337,52.23475],[8.56294,52.23495],[8.56287,52.23541],[8.56305,52.23578],[8.56253,52.23664],[8.56363,52.23654],[8.56532,52.23671],[8.56701,52.23716],[8.57056,52.23495],[8.57032,52.23482]]]}},{"type":"Feature","properties":{"slice":"ura","kind":"wald"},"geometry":{"type":"Polygon","coordinates":[[[8.56178,52.23155],[8.56285,52.23036],[8.56227,52.22974],[8.56054,52.22954],[8.56058,52.22993],[8.56027,52.23023],[8.55992,52.23088],[8.55977,52.23098],[8.5587,52.23254],[8.56057,52.2327],[8.56285,52.23278],[8.56369,52.23193],[8.56178,52.23155]]]}},{"type":"Feature","properties":{"slice":"ura","kind":"wald"},"geometry":{"type":"Polygon","coordinates":[[[8.56996,52.22705],[8.56947,52.22677],[8.56896,52.22667],[8.5684,52.22665],[8.56856,52.22645],[8.56849,52.22627],[8.5679,52.22613],[8.56754,52.22595],[8.5675,52.22547],[8.56704,52.22495],[8.56612,52.22437],[8.56601,52.22391],[8.56529,52.22349],[8.56456,52.22355],[8.56412,52.22297],[8.56499,52.22287],[8.56498,52.22242],[8.56518,52.22222],[8.56632,52.22222],[8.56734,52.22215],[8.56752,52.22183],[8.56734,52.22149],[8.5672,52.22141],[8.56727,52.22124],[8.56699,52.22102],[8.56542,52.22134],[8.56484,52.22127],[8.56416,52.22129],[8.56336,52.2214],[8.56275,52.22134],[8.56234,52.22123],[8.56183,52.22099],[8.56191,52.22046],[8.56156,52.22036],[8.56051,52.22061],[8.5608,52.22093],[8.5616,52.22113],[8.56234,52.22159],[8.56262,52.22167],[8.56376,52.22165],[8.56291,52.22227],[8.56281,52.22255],[8.56356,52.22322],[8.56431,52.22415],[8.56494,52.22531],[8.56595,52.22588],[8.56684,52.2265],[8.56719,52.22712],[8.56763,52.22741],[8.56763,52.22751],[8.56942,52.22762],[8.56948,52.22771],[8.56788,52.22781],[8.56804,52.22815],[8.56801,52.22832],[8.56867,52.22833],[8.56991,52.22813],[8.56993,52.22781],[8.57009,52.22753],[8.56996,52.22705]]]}},{"type":"Feature","properties":{"slice":"ura","kind":"wald"},"geometry":{"type":"Polygon","coordinates":[[[8.56641,52.22748],[8.56611,52.22699],[8.56408,52.22584],[8.56299,52.2251],[8.56241,52.22376],[8.56173,52.22269],[8.56099,52.22225],[8.56098,52.22244],[8.56196,52.22364],[8.56208,52.22413],[8.56232,52.22451],[8.56221,52.22499],[8.56249,52.22549],[8.56241,52.22568],[8.56259,52.22613],[8.56295,52.22637],[8.56364,52.22663],[8.56434,52.22671],[8.56526,52.2269],[8.56591,52.22743],[8.56641,52.22748]]]}},{"type":"Feature","properties":{"slice":"ura","kind":"wald"},"geometry":{"type":"Polygon","coordinates":[[[8.57082,52.21914],[8.57075,52.21866],[8.57126,52.21841],[8.57138,52.21805],[8.57175,52.21781],[8.57134,52.21748],[8.56973,52.21695],[8.56856,52.21673],[8.56739,52.21656],[8.56652,52.21657],[8.56652,52.21664],[8.56736,52.21671],[8.56776,52.21703],[8.56826,52.21728],[8.56837,52.21787],[8.568,52.21818],[8.56826,52.21838],[8.56836,52.21864],[8.56859,52.21874],[8.56863,52.21893],[8.56887,52.21906],[8.56902,52.21936],[8.57082,52.21914]]]}},{"type":"Feature","properties":{"slice":"ura","kind":"wald"},"geometry":{"type":"Polygon","coordinates":[[[8.57693,52.2198],[8.57655,52.21931],[8.57589,52.21897],[8.57563,52.2187],[8.57572,52.21831],[8.57635,52.2178],[8.57696,52.21779],[8.57886,52.2185],[8.57944,52.21853],[8.57978,52.21838],[8.57901,52.21773],[8.57793,52.21716],[8.57645,52.21655],[8.57611,52.21644],[8.57623,52.21682],[8.5771,52.21719],[8.57725,52.21738],[8.57769,52.21757],[8.57803,52.21779],[8.57811,52.21793],[8.57754,52.21775],[8.57554,52.21681],[8.57509,52.21652],[8.57462,52.21706],[8.57463,52.21722],[8.57446,52.21733],[8.57425,52.21805],[8.5748,52.2184],[8.57504,52.21888],[8.57586,52.21948],[8.57636,52.22009],[8.57659,52.22065],[8.57691,52.22058],[8.57693,52.2198]]]}},{"type":"Feature","properties":{"slice":"ura","kind":"wald"},"geometry":{"type":"Polygon","coordinates":[[[8.59956,52.22095],[8.59925,52.22111],[8.59847,52.221],[8.59817,52.22125],[8.59762,52.22149],[8.59745,52.2218],[8.59704,52.22214],[8.59695,52.22249],[8.59671,52.22274],[8.59627,52.22303],[8.59594,52.22341],[8.59615,52.22372],[8.5951,52.22426],[8.59481,52.22494],[8.59496,52.22541],[8.59526,52.22596],[8.59573,52.22574],[8.5962,52.22488],[8.59551,52.22495],[8.59541,52.22489],[8.59639,52.22457],[8.59593,52.2245],[8.59574,52.22436],[8.59587,52.22427],[8.59657,52.22429],[8.59764,52.22343],[8.59787,52.22304],[8.59809,52.22288],[8.59835,52.22228],[8.59905,52.22177],[8.59962,52.22123],[8.59978,52.22135],[8.59858,52.2226],[8.59841,52.22311],[8.59768,52.22371],[8.59621,52.22542],[8.59622,52.22556],[8.59632,52.22559],[8.59662,52.22548],[8.59697,52.22524],[8.59709,52.22493],[8.59806,52.22399],[8.59872,52.22369],[8.59902,52.22321],[8.59909,52.22249],[8.59956,52.22191],[8.60021,52.22133],[8.60022,52.22121],[8.59956,52.22095]]]}},{"type":"Feature","properties":{"slice":"ura","kind":"wald"},"geometry":{"type":"MultiPolygon","coordinates":[[[[8.6014,52.22558],[8.60058,52.22579],[8.59994,52.22605],[8.59971,52.2268],[8.59873,52.22709],[8.59683,52.22745],[8.59734,52.22847],[8.59838,52.2291],[8.59935,52.22845],[8.59954,52.2282],[8.60055,52.22817],[8.60107,52.22785],[8.60161,52.22781],[8.60218,52.22763],[8.60242,52.22744],[8.60049,52.22724],[8.60166,52.22701],[8.60225,52.2266],[8.6027,52.22601],[8.60349,52.22529],[8.60337,52.22523],[8.60296,52.22552],[8.60251,52.22573],[8.60211,52.22612],[8.60104,52.22671],[8.60032,52.22696],[8.59899,52.228],[8.59852,52.22819],[8.59918,52.22753],[8.59907,52.22732],[8.5995,52.22718],[8.60034,52.22667],[8.6012,52.22641],[8.60166,52.22605],[8.60198,52.22591],[8.60211,52.22578],[8.60207,52.22548],[8.6014,52.22558]]],[[[8.60399,52.22256],[8.60307,52.22277],[8.60243,52.223],[8.60227,52.2232],[8.60241,52.2237],[8.60225,52.22452],[8.60296,52.2245],[8.60313,52.22438],[8.60319,52.22339],[8.60415,52.22273],[8.60399,52.22256]]]]}},{"type":"Feature","properties":{"slice":"ura","kind":"wald"},"geometry":{"type":"Polygon","coordinates":[[[8.59954,52.2381],[8.59908,52.23739],[8.59898,52.23709],[8.599,52.2365],[8.59872,52.23652],[8.59848,52.23718],[8.5985,52.23808],[8.59894,52.23998],[8.59906,52.24112],[8.59987,52.24111],[8.60043,52.24099],[8.60074,52.24103],[8.60022,52.23815],[8.59954,52.2381]]]}},{"type":"Feature","properties":{"slice":"ura","kind":"wald"},"geometry":{"type":"Polygon","coordinates":[[[8.59843,52.23853],[8.59801,52.23768],[8.5978,52.23748],[8.5975,52.23746],[8.59747,52.23772],[8.59727,52.23817],[8.59751,52.23837],[8.59764,52.23865],[8.59791,52.23864],[8.59805,52.23869],[8.59843,52.23853]]]}},{"type":"Feature","properties":{"slice":"ura","kind":"wald"},"geometry":{"type":"Polygon","coordinates":[[[8.6087,52.23734],[8.61018,52.23657],[8.61149,52.23619],[8.61208,52.2353],[8.61187,52.23529],[8.60935,52.23626],[8.60809,52.23654],[8.60802,52.23699],[8.60809,52.23711],[8.6087,52.23734]]]}},{"type":"Feature","properties":{"slice":"ura","kind":"wald"},"geometry":{"type":"Polygon","coordinates":[[[8.60395,52.23582],[8.60501,52.23531],[8.60533,52.23524],[8.60578,52.23541],[8.60633,52.23582],[8.60665,52.23635],[8.60705,52.23655],[8.60718,52.23641],[8.60667,52.2357],[8.60645,52.23516],[8.60665,52.23497],[8.6064,52.23467],[8.6065,52.23441],[8.60696,52.234],[8.60866,52.23302],[8.60936,52.23245],[8.61026,52.23205],[8.61043,52.23182],[8.61024,52.23168],[8.60677,52.23317],[8.60673,52.23337],[8.60682,52.23358],[8.60598,52.23412],[8.60586,52.23432],[8.60596,52.23476],[8.60581,52.23486],[8.6052,52.23466],[8.60479,52.23467],[8.60443,52.23507],[8.60363,52.23556],[8.60395,52.23582]]]}},{"type":"Feature","properties":{"slice":"ura","kind":"wald"},"geometry":{"type":"Polygon","coordinates":[[[8.60679,52.23244],[8.60859,52.23152],[8.60944,52.23119],[8.60988,52.23078],[8.61037,52.22989],[8.6104,52.22906],[8.61022,52.229],[8.60972,52.22901],[8.60915,52.22883],[8.60917,52.22924],[8.6093,52.22948],[8.60919,52.2301],[8.6093,52.23081],[8.6092,52.23096],[8.60867,52.2312],[8.60756,52.23146],[8.60618,52.23166],[8.60588,52.23175],[8.60598,52.23215],[8.60642,52.23247],[8.60679,52.23244]]]}},{"type":"Feature","properties":{"slice":"ura","kind":"wald"},"geometry":{"type":"Polygon","coordinates":[[[8.61127,52.23064],[8.61097,52.23057],[8.61071,52.23064],[8.61068,52.23095],[8.6108,52.23127],[8.61225,52.232],[8.61256,52.23252],[8.61382,52.23358],[8.61409,52.23264],[8.61256,52.23193],[8.61278,52.23176],[8.61274,52.23144],[8.61127,52.23064]]]}},{"type":"Feature","properties":{"slice":"ura","kind":"wald"},"geometry":{"type":"Polygon","coordinates":[[[8.62052,52.22857],[8.62151,52.22866],[8.62203,52.22838],[8.62168,52.22755],[8.61978,52.22786],[8.61952,52.22737],[8.62004,52.22706],[8.62133,52.22669],[8.62104,52.2262],[8.61877,52.2265],[8.61862,52.22625],[8.61812,52.22623],[8.61733,52.2267],[8.61725,52.22689],[8.61689,52.22694],[8.6168,52.22718],[8.6169,52.22752],[8.61837,52.22792],[8.61919,52.22802],[8.61984,52.2282],[8.62067,52.22827],[8.62076,52.22836],[8.61897,52.22818],[8.61867,52.22806],[8.61668,52.22779],[8.61655,52.22749],[8.61629,52.22731],[8.61587,52.22714],[8.61508,52.22716],[8.6152,52.22747],[8.61523,52.22808],[8.61659,52.22823],[8.61669,52.22858],[8.62011,52.22892],[8.62006,52.2286],[8.62052,52.22857]]]}},{"type":"Feature","properties":{"slice":"ura","kind":"wald"},"geometry":{"type":"Polygon","coordinates":[[[8.6221,52.2286],[8.62227,52.22937],[8.62172,52.23022],[8.62149,52.23032],[8.62128,52.23027],[8.62124,52.23006],[8.62116,52.22996],[8.62094,52.2299],[8.62055,52.23111],[8.62065,52.23138],[8.62096,52.23152],[8.62127,52.23152],[8.62202,52.23106],[8.62226,52.23099],[8.62386,52.23083],[8.62364,52.23013],[8.62441,52.23026],[8.6253,52.23026],[8.62593,52.23024],[8.62647,52.23012],[8.62643,52.22992],[8.62432,52.23005],[8.62367,52.22988],[8.6235,52.22966],[8.62318,52.22946],[8.62386,52.22955],[8.62437,52.2297],[8.62578,52.22969],[8.6265,52.22975],[8.62696,52.2296],[8.62604,52.22953],[8.62581,52.22944],[8.625,52.22947],[8.62267,52.22893],[8.6221,52.2286]],[[8.62331,52.23066],[8.62231,52.23048],[8.62277,52.22973],[8.62315,52.22998],[8.62347,52.23005],[8.62331,52.23066]]]}},{"type":"Feature","properties":{"slice":"ura","kind":"wald"},"geometry":{"type":"Polygon","coordinates":[[[8.62358,52.22705],[8.62451,52.22741],[8.62661,52.22792],[8.62663,52.22805],[8.62775,52.22829],[8.62774,52.2285],[8.62853,52.22846],[8.62867,52.22822],[8.62861,52.22748],[8.62734,52.22729],[8.62691,52.22717],[8.62679,52.22711],[8.62689,52.22691],[8.62511,52.22648],[8.62357,52.22633],[8.62326,52.22653],[8.62284,52.22699],[8.62358,52.22705]]]}},{"type":"Feature","properties":{"slice":"ura","kind":"wald"},"geometry":{"type":"Polygon","coordinates":[[[8.63542,52.22572],[8.63096,52.22695],[8.63159,52.22793],[8.63191,52.22811],[8.63211,52.22781],[8.63215,52.22753],[8.63266,52.22738],[8.63292,52.22777],[8.63437,52.2272],[8.63542,52.22572]]]}},{"type":"Feature","properties":{"slice":"ura","kind":"wald"},"geometry":{"type":"Polygon","coordinates":[[[8.63203,52.22362],[8.63226,52.22223],[8.63029,52.22199],[8.62915,52.2225],[8.63046,52.22277],[8.62841,52.22354],[8.62771,52.22311],[8.62611,52.22381],[8.62971,52.22577],[8.63248,52.22424],[8.63211,52.22393],[8.63203,52.22362]]]}},{"type":"Feature","properties":{"slice":"ura","kind":"wald"},"geometry":{"type":"Polygon","coordinates":[[[8.63522,52.22193],[8.6361,52.22205],[8.63633,52.22118],[8.6338,52.22087],[8.63331,52.22235],[8.63497,52.22263],[8.63522,52.22193]]]}},{"type":"Feature","properties":{"slice":"ura","kind":"wald"},"geometry":{"type":"Polygon","coordinates":[[[8.63522,52.2271],[8.6352,52.22773],[8.63483,52.22783],[8.63459,52.22867],[8.63623,52.22851],[8.63601,52.22778],[8.63593,52.227],[8.63522,52.2271]]]}},{"type":"Feature","properties":{"slice":"ura","kind":"wald"},"geometry":{"type":"Polygon","coordinates":[[[8.64757,52.23032],[8.64398,52.2272],[8.64415,52.22845],[8.64348,52.2283],[8.64286,52.22825],[8.64223,52.22677],[8.642,52.22674],[8.64184,52.22695],[8.64179,52.22803],[8.6434,52.22927],[8.64425,52.23015],[8.6444,52.23006],[8.6448,52.2303],[8.64447,52.23067],[8.6447,52.23089],[8.64531,52.23114],[8.64573,52.23099],[8.64595,52.23114],[8.64706,52.23052],[8.64757,52.23032]]]}},{"type":"Feature","properties":{"slice":"ura","kind":"wald"},"geometry":{"type":"Polygon","coordinates":[[[8.65169,52.22811],[8.65106,52.22801],[8.65047,52.22806],[8.65071,52.23023],[8.65091,52.23041],[8.65128,52.23044],[8.65158,52.23019],[8.6518,52.22938],[8.65196,52.22913],[8.65216,52.22897],[8.65302,52.22875],[8.65306,52.22815],[8.65293,52.22788],[8.65169,52.22811]]]}},{"type":"Feature","properties":{"slice":"ura","kind":"wald"},"geometry":{"type":"Polygon","coordinates":[[[8.65308,52.22105],[8.65388,52.21927],[8.65274,52.21916],[8.65186,52.2207],[8.65252,52.22097],[8.65235,52.22138],[8.65159,52.22126],[8.65123,52.22113],[8.65044,52.22108],[8.65027,52.22119],[8.64666,52.22118],[8.64704,52.22179],[8.64828,52.2218],[8.64821,52.22205],[8.64857,52.22222],[8.64971,52.22223],[8.65004,52.22184],[8.65148,52.2218],[8.6519,52.2219],[8.65308,52.22105]]]}},{"type":"Feature","properties":{"slice":"ura","kind":"wald"},"geometry":{"type":"Polygon","coordinates":[[[8.64326,52.22104],[8.64206,52.2222],[8.64221,52.22242],[8.64226,52.22294],[8.64202,52.22323],[8.64385,52.22307],[8.64381,52.22248],[8.64337,52.22251],[8.64326,52.22104]]]}},{"type":"Feature","properties":{"slice":"ura","kind":"wald"},"geometry":{"type":"MultiPolygon","coordinates":[[[[8.66332,52.23063],[8.66265,52.22971],[8.66046,52.22869],[8.66009,52.22842],[8.6589,52.22815],[8.65773,52.22804],[8.65693,52.22812],[8.6566,52.22821],[8.65669,52.22836],[8.65753,52.22825],[8.65823,52.22834],[8.65857,52.22851],[8.65982,52.22868],[8.66016,52.22882],[8.66046,52.22901],[8.66067,52.2296],[8.66144,52.22997],[8.66191,52.23003],[8.66223,52.23014],[8.66269,52.23045],[8.66296,52.23076],[8.66308,52.23119],[8.66345,52.2315],[8.66423,52.23163],[8.66454,52.23175],[8.66489,52.23194],[8.66489,52.23207],[8.66507,52.23209],[8.66539,52.23202],[8.66508,52.23168],[8.66442,52.23123],[8.66332,52.23063]]],[[[8.66345,52.22963],[8.66266,52.22901],[8.66209,52.22876],[8.66156,52.22832],[8.66058,52.22722],[8.65938,52.22626],[8.65822,52.22548],[8.65671,52.22488],[8.65568,52.22411],[8.65527,52.22434],[8.65697,52.22531],[8.65752,52.22549],[8.65755,52.22568],[8.65836,52.22596],[8.65979,52.22718],[8.65991,52.22753],[8.66023,52.22773],[8.66026,52.22804],[8.66075,52.22847],[8.66111,52.22861],[8.66245,52.22937],[8.66292,52.22941],[8.66335,52.22988],[8.66345,52.22963]]]]}},{"type":"Feature","properties":{"slice":"ura","kind":"wald"},"geometry":{"type":"Polygon","coordinates":[[[8.66685,52.23467],[8.66542,52.23538],[8.66452,52.23545],[8.66395,52.23533],[8.66355,52.23516],[8.66283,52.23467],[8.66239,52.2349],[8.66288,52.23554],[8.66301,52.23586],[8.66456,52.23617],[8.66527,52.23609],[8.66574,52.23592],[8.66589,52.23572],[8.66677,52.23523],[8.66716,52.23511],[8.66722,52.2347],[8.66685,52.23467]]]}},{"type":"Feature","properties":{"slice":"ura","kind":"wald"},"geometry":{"type":"Polygon","coordinates":[[[8.6563,52.23832],[8.65537,52.23801],[8.65431,52.23739],[8.6538,52.23692],[8.65357,52.2364],[8.65193,52.23509],[8.65099,52.23392],[8.6506,52.23324],[8.6505,52.23251],[8.64897,52.2324],[8.64883,52.23245],[8.64969,52.23288],[8.65027,52.23326],[8.65103,52.23455],[8.65176,52.23543],[8.65315,52.23673],[8.65366,52.2375],[8.65437,52.23834],[8.65516,52.23868],[8.65603,52.23877],[8.6575,52.23844],[8.6563,52.23832]]]}},{"type":"Feature","properties":{"slice":"ura","kind":"wald"},"geometry":{"type":"MultiPolygon","coordinates":[[[[8.6548,52.24049],[8.65418,52.24109],[8.65338,52.24162],[8.65281,52.24174],[8.65338,52.24257],[8.65313,52.24262],[8.65358,52.243],[8.6543,52.24341],[8.65485,52.24386],[8.65486,52.24397],[8.65466,52.24401],[8.65384,52.24347],[8.65366,52.24344],[8.65364,52.24369],[8.65416,52.2446],[8.65389,52.24464],[8.65356,52.24422],[8.65335,52.24361],[8.65292,52.24322],[8.65078,52.24367],[8.65066,52.24394],[8.65188,52.24564],[8.6525,52.24557],[8.65252,52.24535],[8.65363,52.24511],[8.65418,52.24651],[8.65513,52.246],[8.6557,52.24517],[8.65594,52.24429],[8.65571,52.24213],[8.65518,52.24165],[8.6551,52.24086],[8.65518,52.24068],[8.6548,52.24049]]],[[[8.65036,52.24415],[8.65047,52.24343],[8.65027,52.24326],[8.64891,52.24286],[8.64855,52.24294],[8.64814,52.24316],[8.64703,52.24335],[8.64649,52.24334],[8.64601,52.24308],[8.64591,52.24308],[8.64512,52.24345],[8.64511,52.24384],[8.64527,52.24439],[8.6453,52.24585],[8.64543,52.24602],[8.64544,52.24628],[8.64569,52.24651],[8.64673,52.24704],[8.64729,52.24705],[8.64657,52.24671],[8.64616,52.24632],[8.64601,52.24539],[8.64616,52.24443],[8.64579,52.24391],[8.64593,52.24376],[8.64656,52.24363],[8.64788,52.24366],[8.64969,52.24416],[8.6497,52.24476],[8.65014,52.24488],[8.65052,52.24486],[8.65036,52.24415]]]]}},{"type":"Feature","properties":{"slice":"ura","kind":"wald"},"geometry":{"type":"Polygon","coordinates":[[[8.64007,52.24694],[8.63845,52.24704],[8.63706,52.2468],[8.6371,52.24745],[8.63694,52.2477],[8.63657,52.24802],[8.63614,52.2482],[8.6356,52.24951],[8.63513,52.24946],[8.6346,52.2489],[8.63334,52.24855],[8.63256,52.24845],[8.63195,52.24862],[8.63088,52.24956],[8.63023,52.25035],[8.62983,52.25129],[8.62987,52.25144],[8.63046,52.25161],[8.63099,52.25162],[8.63119,52.25152],[8.63117,52.25115],[8.63085,52.25094],[8.6307,52.25075],[8.63082,52.25007],[8.63153,52.24943],[8.63301,52.24995],[8.633,52.25032],[8.63253,52.25089],[8.63234,52.251],[8.63198,52.25108],[8.63205,52.25134],[8.63278,52.25119],[8.63371,52.25034],[8.63405,52.24986],[8.6343,52.2497],[8.63466,52.24965],[8.63551,52.24966],[8.63462,52.25161],[8.63604,52.25179],[8.63611,52.25087],[8.63635,52.24982],[8.63686,52.24925],[8.6363,52.24902],[8.63645,52.2486],[8.637,52.24871],[8.63689,52.24909],[8.63757,52.24917],[8.63757,52.24946],[8.63771,52.24952],[8.63842,52.24976],[8.63963,52.24972],[8.63976,52.24915],[8.6393,52.24906],[8.63923,52.24951],[8.63878,52.24941],[8.63895,52.24891],[8.63846,52.24848],[8.63831,52.24864],[8.63818,52.24867],[8.63791,52.24863],[8.6378,52.24846],[8.63795,52.24834],[8.63842,52.24824],[8.63838,52.24781],[8.63765,52.24796],[8.63745,52.24721],[8.63797,52.24711],[8.6383,52.24747],[8.64119,52.24721],[8.64117,52.24727],[8.64062,52.24743],[8.63983,52.24756],[8.63934,52.24772],[8.64107,52.24755],[8.64212,52.24738],[8.64305,52.24736],[8.64405,52.24748],[8.64503,52.24774],[8.64502,52.24793],[8.64455,52.24816],[8.64418,52.24819],[8.64382,52.24832],[8.64351,52.24852],[8.64455,52.24849],[8.6456,52.24865],[8.64565,52.24809],[8.64531,52.24765],[8.64554,52.24755],[8.64551,52.24705],[8.64491,52.24673],[8.64428,52.24661],[8.64434,52.24496],[8.64408,52.24452],[8.64368,52.24422],[8.64302,52.24396],[8.64292,52.24355],[8.64235,52.24341],[8.64102,52.24345],[8.63975,52.24293],[8.63908,52.24326],[8.63916,52.24342],[8.64065,52.2437],[8.64185,52.2438],[8.64239,52.24399],[8.64291,52.24426],[8.64265,52.24574],[8.64252,52.24587],[8.64129,52.24637],[8.6409,52.24664],[8.64007,52.24694]]]}},{"type":"Feature","properties":{"slice":"ura","kind":"wald"},"geometry":{"type":"Polygon","coordinates":[[[8.63843,52.24372],[8.63841,52.24339],[8.63804,52.24307],[8.6382,52.24282],[8.63744,52.2425],[8.63716,52.24218],[8.63686,52.24202],[8.6357,52.24169],[8.63525,52.24163],[8.63463,52.24164],[8.63417,52.24174],[8.63359,52.24207],[8.63342,52.2425],[8.6332,52.24271],[8.63313,52.24313],[8.63263,52.24374],[8.63259,52.24401],[8.63169,52.24519],[8.63171,52.24548],[8.63158,52.24572],[8.63188,52.24679],[8.63236,52.24712],[8.63265,52.24742],[8.63517,52.24789],[8.63483,52.24666],[8.63456,52.24643],[8.63374,52.24649],[8.63286,52.24633],[8.63237,52.24594],[8.63232,52.24535],[8.63262,52.24485],[8.63313,52.24433],[8.63338,52.24373],[8.63375,52.24372],[8.63386,52.2436],[8.63376,52.2432],[8.63414,52.24279],[8.63466,52.2425],[8.63524,52.24241],[8.63595,52.24242],[8.63662,52.24266],[8.63641,52.24302],[8.63643,52.24325],[8.63613,52.24349],[8.6361,52.24367],[8.63665,52.24381],[8.63705,52.244],[8.63808,52.24433],[8.63843,52.24372]]]}},{"type":"Feature","properties":{"slice":"ura","kind":"wald"},"geometry":{"type":"Polygon","coordinates":[[[8.62515,52.24651],[8.62259,52.24595],[8.62182,52.24512],[8.621,52.24463],[8.62117,52.24425],[8.62151,52.24442],[8.62216,52.24455],[8.6225,52.2444],[8.62283,52.24381],[8.62291,52.2435],[8.62276,52.24339],[8.62191,52.24333],[8.62146,52.24321],[8.62105,52.24291],[8.62103,52.24254],[8.62139,52.24201],[8.62205,52.24142],[8.62151,52.2412],[8.621,52.24134],[8.6206,52.24151],[8.62039,52.24179],[8.62027,52.24243],[8.61971,52.24313],[8.61956,52.24374],[8.61952,52.24445],[8.61985,52.24509],[8.61947,52.24522],[8.61948,52.24609],[8.61914,52.24655],[8.61917,52.24709],[8.61902,52.24774],[8.61854,52.24817],[8.61788,52.24847],[8.61757,52.24876],[8.61772,52.24931],[8.61815,52.24981],[8.6185,52.24984],[8.61852,52.24975],[8.61805,52.24932],[8.61843,52.24892],[8.61918,52.24823],[8.61964,52.24807],[8.62048,52.24802],[8.62084,52.24813],[8.62093,52.24876],[8.62139,52.24923],[8.62268,52.24975],[8.62298,52.24964],[8.62331,52.24964],[8.62367,52.24955],[8.62367,52.24918],[8.62394,52.24882],[8.62543,52.24956],[8.62663,52.24994],[8.62768,52.25008],[8.62742,52.25047],[8.62702,52.25136],[8.62579,52.25136],[8.62385,52.25166],[8.62291,52.25204],[8.62259,52.25249],[8.62131,52.25246],[8.62127,52.25216],[8.61971,52.2516],[8.6193,52.25129],[8.6189,52.2506],[8.6185,52.25049],[8.6185,52.25079],[8.61899,52.2515],[8.62039,52.25256],[8.62111,52.2534],[8.62159,52.25358],[8.62202,52.25366],[8.62236,52.25422],[8.62223,52.25469],[8.62197,52.2548],[8.62236,52.25555],[8.6228,52.25607],[8.62271,52.2572],[8.62354,52.25745],[8.62326,52.25836],[8.62328,52.25894],[8.62355,52.2597],[8.62425,52.25978],[8.62571,52.25983],[8.62577,52.25953],[8.6259,52.25943],[8.62611,52.25942],[8.62614,52.25855],[8.62723,52.2587],[8.62751,52.25754],[8.62741,52.25724],[8.62707,52.25701],[8.62711,52.25601],[8.62769,52.25544],[8.62769,52.25511],[8.62783,52.25489],[8.62814,52.25477],[8.62832,52.25454],[8.62816,52.25427],[8.62783,52.25415],[8.62786,52.25379],[8.62804,52.2535],[8.62817,52.25299],[8.62816,52.25257],[8.62841,52.25225],[8.62838,52.25201],[8.62826,52.25196],[8.62658,52.25206],[8.62579,52.25202],[8.62491,52.25213],[8.62488,52.25203],[8.62516,52.25193],[8.62799,52.25169],[8.6286,52.25155],[8.62909,52.25122],[8.62946,52.25064],[8.62954,52.25002],[8.62904,52.24978],[8.62956,52.24975],[8.6302,52.2494],[8.63133,52.24825],[8.6317,52.24732],[8.63121,52.24658],[8.63094,52.24535],[8.63117,52.24464],[8.63335,52.24196],[8.63322,52.24167],[8.6328,52.2415],[8.63171,52.24192],[8.6318,52.24218],[8.63159,52.24258],[8.63123,52.24301],[8.63039,52.24486],[8.63006,52.24516],[8.63017,52.24541],[8.63014,52.24578],[8.63076,52.24642],[8.63081,52.2467],[8.63006,52.24672],[8.62991,52.24678],[8.62995,52.24692],[8.6309,52.24722],[8.63059,52.24794],[8.62923,52.24942],[8.62764,52.24895],[8.62726,52.24908],[8.6255,52.24876],[8.62526,52.24893],[8.62475,52.24884],[8.62474,52.24872],[8.6243,52.24851],[8.6246,52.24788],[8.62617,52.24667],[8.62515,52.24651]],[[8.62782,52.25452],[8.62747,52.25476],[8.62721,52.2547],[8.62677,52.25474],[8.62675,52.25599],[8.62626,52.25622],[8.62656,52.25736],[8.62565,52.25764],[8.62572,52.25601],[8.62542,52.25574],[8.62557,52.25562],[8.62542,52.25545],[8.62464,52.25535],[8.62424,52.25511],[8.62411,52.25482],[8.62417,52.2543],[8.6244,52.25415],[8.62465,52.25411],[8.62503,52.25417],[8.62653,52.25401],[8.627,52.25409],[8.62782,52.25452]],[[8.62085,52.24792],[8.62004,52.24771],[8.61986,52.24761],[8.61963,52.24661],[8.61973,52.24628],[8.62022,52.24553],[8.62064,52.24545],[8.6209,52.24556],[8.6212,52.2461],[8.62171,52.24645],[8.6219,52.24678],[8.62176,52.24726],[8.62116,52.24793],[8.62085,52.24792]],[[8.62072,52.2445],[8.6204,52.24426],[8.62024,52.24382],[8.62028,52.2435],[8.62045,52.24314],[8.62095,52.2434],[8.62114,52.24367],[8.62114,52.24401],[8.62072,52.2445]]]}},{"type":"Feature","properties":{"slice":"ura","kind":"wald"},"geometry":{"type":"Polygon","coordinates":[[[8.61662,52.24344],[8.61544,52.24382],[8.61548,52.24444],[8.61487,52.24458],[8.61501,52.24501],[8.61645,52.24477],[8.61647,52.24417],[8.61674,52.24387],[8.61662,52.24344]]]}},{"type":"Feature","properties":{"slice":"ura","kind":"wald"},"geometry":{"type":"Polygon","coordinates":[[[8.61376,52.24383],[8.60979,52.24397],[8.60967,52.24424],[8.60972,52.24454],[8.61132,52.24443],[8.61095,52.24476],[8.60851,52.24559],[8.60831,52.24579],[8.60855,52.24592],[8.60831,52.24621],[8.6065,52.24626],[8.60464,52.24658],[8.604,52.2465],[8.60405,52.24611],[8.60088,52.24632],[8.59988,52.24625],[8.59971,52.24617],[8.60005,52.24578],[8.6001,52.2453],[8.59976,52.24536],[8.5995,52.24569],[8.59881,52.24573],[8.59864,52.24552],[8.59748,52.24554],[8.59721,52.24541],[8.59739,52.24527],[8.59726,52.24474],[8.59686,52.24484],[8.59632,52.24511],[8.59498,52.24535],[8.59524,52.24549],[8.59529,52.24565],[8.59509,52.24583],[8.59414,52.24554],[8.59376,52.24565],[8.59334,52.24606],[8.59361,52.24614],[8.59671,52.24579],[8.59759,52.24606],[8.59791,52.24587],[8.59919,52.24619],[8.59855,52.24656],[8.59845,52.24744],[8.5987,52.24777],[8.59967,52.24789],[8.59925,52.24859],[8.59917,52.24893],[8.60158,52.24875],[8.60261,52.2489],[8.60201,52.25059],[8.60277,52.25088],[8.60311,52.25087],[8.60318,52.25063],[8.60343,52.25031],[8.60333,52.24996],[8.60459,52.25001],[8.60483,52.25016],[8.60544,52.24994],[8.60584,52.24987],[8.60628,52.25042],[8.60679,52.25053],[8.60686,52.25048],[8.60669,52.25021],[8.6067,52.25002],[8.60684,52.24983],[8.60593,52.24979],[8.60605,52.24923],[8.60487,52.2491],[8.60493,52.24886],[8.60469,52.24868],[8.60389,52.24854],[8.60388,52.24842],[8.6051,52.24816],[8.60771,52.24808],[8.60863,52.24631],[8.61036,52.2465],[8.61111,52.24642],[8.61104,52.24621],[8.61038,52.24613],[8.61026,52.24581],[8.61125,52.24575],[8.61224,52.24554],[8.6136,52.2447],[8.61376,52.24383]]]}},{"type":"Feature","properties":{"slice":"ura","kind":"wald"},"geometry":{"type":"Polygon","coordinates":[[[8.6139,52.24954],[8.6124,52.25095],[8.61453,52.25161],[8.61418,52.25225],[8.61485,52.25255],[8.61587,52.25174],[8.61691,52.25259],[8.61795,52.25221],[8.61802,52.25184],[8.61758,52.25121],[8.61739,52.25058],[8.61672,52.25069],[8.61564,52.24983],[8.61566,52.24943],[8.61618,52.24904],[8.6139,52.24954]]]}},{"type":"Feature","properties":{"slice":"ura","kind":"wald"},"geometry":{"type":"Polygon","coordinates":[[[8.61761,52.25363],[8.61612,52.25372],[8.61612,52.2534],[8.61512,52.25351],[8.61391,52.25333],[8.61305,52.2531],[8.61268,52.25368],[8.61404,52.25412],[8.61348,52.25584],[8.6132,52.25637],[8.61561,52.25681],[8.61922,52.25677],[8.61916,52.25641],[8.61945,52.25612],[8.61901,52.25609],[8.61872,52.25616],[8.61829,52.25609],[8.61765,52.25609],[8.61668,52.25624],[8.61621,52.25615],[8.61553,52.25612],[8.61527,52.25604],[8.6158,52.25455],[8.61651,52.25442],[8.61653,52.25404],[8.61758,52.25382],[8.61761,52.25363]]]}},{"type":"Feature","properties":{"slice":"ura","kind":"wald"},"geometry":{"type":"Polygon","coordinates":[[[8.59693,52.25561],[8.59416,52.25609],[8.59378,52.2562],[8.59589,52.25662],[8.59727,52.25617],[8.59693,52.25561]]]}},{"type":"Feature","properties":{"slice":"ura","kind":"wald"},"geometry":{"type":"Polygon","coordinates":[[[8.60101,52.25586],[8.60133,52.25648],[8.6026,52.25669],[8.60246,52.25796],[8.60129,52.25804],[8.60127,52.25875],[8.60155,52.25878],[8.60254,52.25858],[8.60358,52.25856],[8.60433,52.25847],[8.60441,52.25918],[8.60418,52.25922],[8.60425,52.25976],[8.60848,52.25998],[8.60914,52.2597],[8.60957,52.25979],[8.60965,52.25973],[8.60988,52.25941],[8.60989,52.25827],[8.61006,52.25817],[8.60978,52.25728],[8.60968,52.25665],[8.60963,52.25518],[8.60906,52.25466],[8.60899,52.25445],[8.60914,52.25364],[8.60831,52.25372],[8.60841,52.25414],[8.60873,52.25458],[8.60888,52.25549],[8.60877,52.2559],[8.60842,52.25623],[8.60787,52.25705],[8.6071,52.25752],[8.60605,52.25801],[8.60573,52.25824],[8.60585,52.25833],[8.60643,52.2583],[8.60704,52.25804],[8.60916,52.25694],[8.60868,52.25802],[8.60935,52.2583],[8.60925,52.25848],[8.60927,52.25887],[8.60887,52.25958],[8.60743,52.25949],[8.60606,52.2595],[8.60572,52.25938],[8.60534,52.25941],[8.60504,52.25936],[8.60488,52.25916],[8.6053,52.25844],[8.60491,52.25839],[8.60546,52.25763],[8.60583,52.25767],[8.60605,52.25604],[8.60488,52.25601],[8.60113,52.25562],[8.60101,52.25586]]]}},{"type":"Feature","properties":{"slice":"ura","kind":"wald"},"geometry":{"type":"Polygon","coordinates":[[[8.59777,52.25865],[8.59755,52.25834],[8.59662,52.25852],[8.59611,52.2585],[8.59574,52.25833],[8.59543,52.25799],[8.59549,52.25771],[8.59533,52.2573],[8.5947,52.25745],[8.59461,52.25731],[8.59485,52.25712],[8.59325,52.25708],[8.59347,52.25754],[8.59427,52.25841],[8.59472,52.25952],[8.59778,52.25928],[8.59777,52.25865]]]}},{"type":"Feature","properties":{"slice":"ura","kind":"wald"},"geometry":{"type":"Polygon","coordinates":[[[8.5888,52.25756],[8.58857,52.25826],[8.58868,52.25861],[8.58901,52.25886],[8.58937,52.25901],[8.58961,52.25892],[8.58967,52.25859],[8.58996,52.25829],[8.59013,52.25752],[8.58949,52.25749],[8.5888,52.25756]]]}},{"type":"Feature","properties":{"slice":"ura","kind":"wald"},"geometry":{"type":"Polygon","coordinates":[[[8.59334,52.24963],[8.59302,52.24874],[8.5929,52.24761],[8.59295,52.24716],[8.59167,52.24656],[8.59095,52.24767],[8.59047,52.24876],[8.59041,52.24908],[8.58963,52.24903],[8.5895,52.24879],[8.58969,52.24793],[8.59012,52.24737],[8.59036,52.24689],[8.5907,52.24651],[8.59135,52.24634],[8.59131,52.246],[8.59063,52.2459],[8.58943,52.24687],[8.58922,52.24724],[8.58923,52.24782],[8.58906,52.24818],[8.58916,52.24861],[8.58884,52.24941],[8.58883,52.2498],[8.58869,52.25002],[8.5881,52.25029],[8.58804,52.25051],[8.58856,52.25153],[8.58877,52.25213],[8.58869,52.2528],[8.58806,52.25396],[8.58859,52.254],[8.58898,52.25333],[8.58919,52.25243],[8.58908,52.2511],[8.58916,52.25059],[8.58958,52.25005],[8.59063,52.24961],[8.59201,52.24936],[8.59284,52.24936],[8.59301,52.24991],[8.59275,52.25044],[8.59393,52.25077],[8.59399,52.25043],[8.59334,52.24963]]]}},{"type":"Feature","properties":{"slice":"ura","kind":"wald"},"geometry":{"type":"Polygon","coordinates":[[[8.59637,52.25181],[8.5954,52.25176],[8.59512,52.25195],[8.59578,52.25303],[8.59554,52.25309],[8.59489,52.25288],[8.59455,52.25311],[8.59419,52.25361],[8.59355,52.25416],[8.59318,52.25408],[8.59319,52.25394],[8.59395,52.25303],[8.59439,52.25263],[8.59467,52.25247],[8.59469,52.25214],[8.59466,52.2519],[8.59441,52.25174],[8.59405,52.25181],[8.59382,52.25151],[8.59328,52.25151],[8.59311,52.25195],[8.59367,52.25219],[8.59345,52.2525],[8.59311,52.25267],[8.59307,52.25316],[8.59261,52.25369],[8.59248,52.25411],[8.59405,52.25469],[8.59439,52.2547],[8.5947,52.25462],[8.59517,52.25408],[8.59528,52.25362],[8.59557,52.25358],[8.59563,52.25335],[8.59632,52.25331],[8.59624,52.2526],[8.59608,52.25243],[8.59607,52.25227],[8.59637,52.25181]]]}},{"type":"Feature","properties":{"slice":"ura","kind":"wald"},"geometry":{"type":"Polygon","coordinates":[[[8.57305,52.25013],[8.57357,52.25004],[8.57345,52.24906],[8.57508,52.24885],[8.57537,52.24886],[8.57541,52.24852],[8.57748,52.24848],[8.57753,52.24803],[8.57778,52.24776],[8.57756,52.24755],[8.57654,52.24766],[8.57562,52.24788],[8.5747,52.24795],[8.57372,52.24812],[8.57172,52.24862],[8.57169,52.24873],[8.5725,52.24876],[8.57284,52.25057],[8.57204,52.25069],[8.57198,52.25042],[8.57107,52.25077],[8.57121,52.25205],[8.57469,52.25141],[8.57475,52.25152],[8.57173,52.25232],[8.57153,52.25299],[8.57232,52.25283],[8.57219,52.25399],[8.57299,52.25485],[8.57315,52.2546],[8.57354,52.25425],[8.57553,52.25319],[8.57634,52.25285],[8.57692,52.25249],[8.57716,52.252],[8.57712,52.25123],[8.57738,52.25085],[8.57733,52.25023],[8.57706,52.25],[8.5766,52.24995],[8.57425,52.25017],[8.57432,52.25034],[8.57306,52.25054],[8.57305,52.25013]]]}},{"type":"Feature","properties":{"slice":"ura","kind":"wald"},"geometry":{"type":"Polygon","coordinates":[[[8.59778,52.24219],[8.59788,52.24261],[8.59647,52.24261],[8.59662,52.24292],[8.59761,52.24293],[8.59781,52.24328],[8.59912,52.24329],[8.59905,52.24242],[8.59778,52.24219]]]}},{"type":"Feature","properties":{"slice":"ura","kind":"wald"},"geometry":{"type":"Polygon","coordinates":[[[8.59242,52.2448],[8.59255,52.24458],[8.59247,52.24362],[8.59232,52.24344],[8.59218,52.24299],[8.59195,52.24295],[8.59141,52.24309],[8.5915,52.24489],[8.5921,52.24494],[8.59242,52.2448]]]}},{"type":"Feature","properties":{"slice":"ura","kind":"wald"},"geometry":{"type":"Polygon","coordinates":[[[8.58566,52.24688],[8.58608,52.24602],[8.58635,52.24583],[8.58635,52.24545],[8.58745,52.24467],[8.58785,52.24457],[8.58792,52.2441],[8.58779,52.244],[8.58715,52.24397],[8.58597,52.24492],[8.58552,52.24546],[8.58479,52.24681],[8.58529,52.24681],[8.58566,52.24688]]]}},{"type":"Feature","properties":{"slice":"ura","kind":"wald"},"geometry":{"type":"Polygon","coordinates":[[[8.61517,52.22286],[8.6146,52.22146],[8.61327,52.2215],[8.61386,52.22303],[8.61517,52.22286]]]}},{"type":"Feature","properties":{"slice":"ura","kind":"wald"},"geometry":{"type":"Polygon","coordinates":[[[8.64321,52.21018],[8.64204,52.21009],[8.64086,52.21008],[8.64105,52.21065],[8.64312,52.21069],[8.64321,52.21018]]]}},{"type":"Feature","properties":{"slice":"ura","kind":"wald"},"geometry":{"type":"Polygon","coordinates":[[[8.64376,52.20742],[8.64317,52.20729],[8.64295,52.20686],[8.64275,52.2071],[8.64234,52.20691],[8.64191,52.20615],[8.64168,52.2062],[8.64184,52.20699],[8.64173,52.20705],[8.64147,52.20696],[8.64138,52.20675],[8.64118,52.20666],[8.64094,52.20675],[8.64141,52.20751],[8.64363,52.20782],[8.64376,52.20742]]]}},{"type":"Feature","properties":{"slice":"ura","kind":"wald"},"geometry":{"type":"Polygon","coordinates":[[[8.64592,52.20808],[8.64835,52.20826],[8.64828,52.20782],[8.64684,52.20766],[8.64574,52.20731],[8.64592,52.20808]]]}},{"type":"Feature","properties":{"slice":"ura","kind":"wald"},"geometry":{"type":"Polygon","coordinates":[[[8.6559,52.20457],[8.6557,52.20445],[8.65513,52.20438],[8.65491,52.20426],[8.6541,52.20419],[8.65389,52.20402],[8.65334,52.20391],[8.65304,52.20437],[8.65481,52.20486],[8.6549,52.20532],[8.65652,52.20556],[8.65648,52.20523],[8.65626,52.20514],[8.65617,52.20457],[8.6559,52.20457]]]}},{"type":"Feature","properties":{"slice":"ura","kind":"wald"},"geometry":{"type":"Polygon","coordinates":[[[8.65756,52.21135],[8.65617,52.21141],[8.65635,52.21215],[8.65788,52.21189],[8.65756,52.21135]]]}},{"type":"Feature","properties":{"slice":"ura","kind":"wald"},"geometry":{"type":"Polygon","coordinates":[[[8.6429,52.20795],[8.64233,52.20803],[8.64199,52.20794],[8.64194,52.20827],[8.64136,52.20829],[8.64137,52.20813],[8.64028,52.20845],[8.63996,52.20844],[8.63958,52.20831],[8.63921,52.20763],[8.63902,52.20698],[8.63884,52.20695],[8.63857,52.20791],[8.63876,52.2082],[8.63987,52.20891],[8.64037,52.2089],[8.64092,52.20878],[8.64284,52.20825],[8.6429,52.20795]]]}},{"type":"Feature","properties":{"slice":"ura","kind":"wald"},"geometry":{"type":"Polygon","coordinates":[[[8.60591,52.21402],[8.6062,52.21423],[8.60701,52.2146],[8.60728,52.21488],[8.60774,52.21517],[8.60903,52.21578],[8.60929,52.21601],[8.61012,52.21623],[8.61093,52.21688],[8.61115,52.21735],[8.61125,52.2174],[8.6115,52.2173],[8.6116,52.21683],[8.61151,52.21662],[8.611,52.21609],[8.60721,52.21436],[8.60578,52.21379],[8.60591,52.21402]]]}},{"type":"Feature","properties":{"slice":"ura","kind":"wald"},"geometry":{"type":"Polygon","coordinates":[[[8.61047,52.21694],[8.61005,52.21661],[8.60898,52.21631],[8.60879,52.21633],[8.60824,52.21619],[8.60716,52.21511],[8.60676,52.21535],[8.60704,52.21581],[8.60824,52.21652],[8.60896,52.21663],[8.60981,52.21691],[8.60967,52.2171],[8.60971,52.21723],[8.60955,52.21742],[8.60861,52.21776],[8.60838,52.21816],[8.60883,52.21834],[8.61052,52.21754],[8.61047,52.21694]]]}},{"type":"Feature","properties":{"slice":"ura","kind":"wald"},"geometry":{"type":"Polygon","coordinates":[[[8.57499,52.2109],[8.57563,52.21084],[8.57558,52.21067],[8.5753,52.21054],[8.57476,52.21052],[8.57436,52.21034],[8.57313,52.21004],[8.57229,52.20999],[8.57209,52.2099],[8.57204,52.20972],[8.57226,52.20947],[8.57055,52.20962],[8.56933,52.20992],[8.56935,52.2102],[8.57268,52.21036],[8.57389,52.2106],[8.57482,52.21099],[8.57499,52.2109]]]}},{"type":"Feature","properties":{"slice":"ura","kind":"wald"},"geometry":{"type":"Polygon","coordinates":[[[8.57359,52.21136],[8.57297,52.2117],[8.57176,52.21181],[8.57102,52.21168],[8.57107,52.21224],[8.5718,52.21254],[8.57365,52.21172],[8.57417,52.21143],[8.57359,52.21136]]]}},{"type":"Feature","properties":{"slice":"ura","kind":"wald"},"geometry":{"type":"Polygon","coordinates":[[[8.55388,52.21101],[8.55363,52.21206],[8.55488,52.21222],[8.55477,52.21276],[8.55552,52.21265],[8.55544,52.21233],[8.55602,52.21225],[8.55557,52.21151],[8.55566,52.21131],[8.55388,52.21101]]]}},{"type":"Feature","properties":{"slice":"ura","kind":"wald"},"geometry":{"type":"Polygon","coordinates":[[[8.55466,52.21346],[8.55721,52.2145],[8.55639,52.21297],[8.55466,52.21346]]]}},{"type":"Feature","properties":{"slice":"ura","kind":"wald"},"geometry":{"type":"Polygon","coordinates":[[[8.54412,52.21298],[8.54266,52.21279],[8.54214,52.21281],[8.54084,52.21272],[8.54034,52.21273],[8.54031,52.21294],[8.54038,52.21307],[8.5413,52.21298],[8.5416,52.2132],[8.54219,52.21342],[8.54229,52.21367],[8.54247,52.21384],[8.54282,52.21385],[8.54286,52.21354],[8.54373,52.21327],[8.54412,52.21298]]]}},{"type":"Feature","properties":{"slice":"ura","kind":"wald"},"geometry":{"type":"Polygon","coordinates":[[[8.54054,52.21127],[8.53834,52.21197],[8.53786,52.21199],[8.53743,52.21183],[8.53724,52.21168],[8.53778,52.2112],[8.53685,52.21085],[8.5353,52.20976],[8.53518,52.2093],[8.5354,52.20884],[8.5346,52.20893],[8.53395,52.2091],[8.53446,52.20996],[8.53762,52.21253],[8.53886,52.21223],[8.53969,52.21227],[8.54013,52.21213],[8.54129,52.21138],[8.54054,52.21127]]]}},{"type":"Feature","properties":{"slice":"ura","kind":"wald"},"geometry":{"type":"Polygon","coordinates":[[[8.52812,52.20986],[8.52826,52.20936],[8.52847,52.20916],[8.52954,52.20911],[8.52976,52.20877],[8.52856,52.20884],[8.52887,52.20843],[8.52886,52.20825],[8.52921,52.20799],[8.52916,52.20772],[8.52866,52.2079],[8.52856,52.20815],[8.52832,52.20833],[8.52782,52.20839],[8.5276,52.20862],[8.52818,52.20889],[8.52759,52.20966],[8.52713,52.20978],[8.52688,52.21009],[8.52683,52.21033],[8.52704,52.21051],[8.52774,52.21075],[8.52918,52.21048],[8.52959,52.21031],[8.52935,52.21015],[8.52812,52.20986]]]}},{"type":"Feature","properties":{"slice":"ura","kind":"wald"},"geometry":{"type":"Polygon","coordinates":[[[8.52158,52.21217],[8.5191,52.21258],[8.51872,52.21279],[8.51866,52.21299],[8.51822,52.21317],[8.51691,52.21324],[8.51676,52.21329],[8.5168,52.2134],[8.51844,52.21354],[8.51869,52.21362],[8.51906,52.21362],[8.5193,52.21351],[8.51982,52.21341],[8.52019,52.21342],[8.52049,52.21363],[8.52122,52.21354],[8.52123,52.21309],[8.52179,52.21269],[8.52182,52.21252],[8.522,52.21236],[8.52158,52.21217]]]}},{"type":"Feature","properties":{"slice":"ura","kind":"wald"},"geometry":{"type":"Polygon","coordinates":[[[8.55322,52.22989],[8.55305,52.22978],[8.55302,52.22932],[8.55317,52.22867],[8.55305,52.2282],[8.55263,52.22819],[8.55247,52.22846],[8.55247,52.22913],[8.55269,52.23005],[8.55142,52.23111],[8.54986,52.23215],[8.54863,52.23235],[8.54881,52.23309],[8.54928,52.2329],[8.54969,52.23291],[8.55246,52.23208],[8.55262,52.23251],[8.5518,52.23271],[8.55139,52.23298],[8.55134,52.23334],[8.5514,52.23372],[8.55179,52.23445],[8.5515,52.23554],[8.55201,52.23568],[8.55248,52.23513],[8.55274,52.23466],[8.55276,52.23424],[8.55253,52.23396],[8.55222,52.23388],[8.55227,52.2338],[8.55268,52.23377],[8.55291,52.23354],[8.55299,52.23321],[8.55302,52.23245],[8.55282,52.23192],[8.5523,52.23154],[8.55273,52.23133],[8.553,52.23034],[8.55408,52.2299],[8.55322,52.22989]]]}},{"type":"Feature","properties":{"slice":"ura","kind":"wald"},"geometry":{"type":"Polygon","coordinates":[[[8.55178,52.2374],[8.5511,52.23802],[8.55073,52.23869],[8.55033,52.23875],[8.55012,52.23871],[8.5501,52.2388],[8.55178,52.23878],[8.55247,52.23893],[8.55324,52.23896],[8.55375,52.23869],[8.55388,52.23854],[8.55403,52.23782],[8.55268,52.23762],[8.5525,52.2374],[8.55251,52.23703],[8.55178,52.2374]]]}},{"type":"Feature","properties":{"slice":"ura","kind":"wald"},"geometry":{"type":"Polygon","coordinates":[[[8.55796,52.24125],[8.5576,52.24147],[8.55748,52.24172],[8.55727,52.24238],[8.5573,52.24263],[8.55862,52.24274],[8.56013,52.24272],[8.56102,52.24264],[8.56112,52.24213],[8.5616,52.24167],[8.56097,52.24143],[8.55828,52.24086],[8.55796,52.24125]]]}},{"type":"Feature","properties":{"slice":"ura","kind":"wald"},"geometry":{"type":"Polygon","coordinates":[[[8.56003,52.24305],[8.55943,52.24302],[8.55927,52.24284],[8.55897,52.24333],[8.55954,52.24364],[8.55967,52.24378],[8.55921,52.24494],[8.55901,52.24608],[8.55845,52.24616],[8.55827,52.24669],[8.55823,52.24704],[8.5583,52.24714],[8.55855,52.24718],[8.5592,52.24672],[8.55907,52.24641],[8.55946,52.24626],[8.55993,52.24589],[8.56063,52.24471],[8.56061,52.24433],[8.56027,52.24379],[8.56019,52.24349],[8.56049,52.24317],[8.56003,52.24305]]]}},{"type":"Feature","properties":{"slice":"ura","kind":"wald"},"geometry":{"type":"Polygon","coordinates":[[[8.66994,52.2213],[8.67121,52.22027],[8.67191,52.22032],[8.67223,52.22025],[8.67226,52.22],[8.67266,52.21997],[8.673,52.21979],[8.67293,52.21965],[8.67304,52.21947],[8.67373,52.21948],[8.67478,52.21916],[8.67567,52.21953],[8.67718,52.21952],[8.67828,52.21899],[8.67826,52.21866],[8.6769,52.21813],[8.67708,52.21763],[8.67659,52.21745],[8.67635,52.2176],[8.67593,52.21705],[8.67575,52.21736],[8.67538,52.21732],[8.67527,52.21711],[8.66963,52.21741],[8.66939,52.22023],[8.66831,52.22058],[8.66801,52.22065],[8.66789,52.2206],[8.66665,52.22092],[8.66645,52.22102],[8.66589,52.2211],[8.66511,52.22038],[8.66429,52.22122],[8.66641,52.22136],[8.66994,52.2213]]]}},{"type":"Feature","properties":{"slice":"ura","kind":"wald"},"geometry":{"type":"MultiPolygon","coordinates":[[[[8.6221,52.23237],[8.62137,52.23197],[8.62112,52.232],[8.62088,52.23254],[8.62061,52.23286],[8.62053,52.23318],[8.62061,52.23358],[8.62079,52.23371],[8.62293,52.23286],[8.62376,52.23259],[8.62402,52.23242],[8.6221,52.23237]]],[[[8.6241,52.23368],[8.62411,52.23398],[8.62449,52.2341],[8.62494,52.23397],[8.62524,52.23336],[8.6257,52.2328],[8.62573,52.23253],[8.62594,52.23219],[8.6259,52.2321],[8.62487,52.23214],[8.62463,52.23225],[8.62437,52.23249],[8.6241,52.23368]]]]}},{"type":"Feature","properties":{"slice":"ura","kind":"wald"},"geometry":{"type":"Polygon","coordinates":[[[8.61857,52.23474],[8.61772,52.23539],[8.61866,52.23596],[8.61917,52.23599],[8.61957,52.23524],[8.62022,52.23452],[8.62021,52.23398],[8.61857,52.23474]]]}},{"type":"Feature","properties":{"slice":"ura","kind":"wald"},"geometry":{"type":"Polygon","coordinates":[[[8.53711,52.23464],[8.53579,52.23431],[8.53537,52.234],[8.53503,52.23386],[8.53488,52.23386],[8.53462,52.23413],[8.53409,52.23503],[8.53422,52.23527],[8.53524,52.23518],[8.53594,52.23522],[8.53705,52.2354],[8.53711,52.23464]]]}},{"type":"Feature","properties":{"slice":"ura","kind":"wald"},"geometry":{"type":"Polygon","coordinates":[[[8.53822,52.24196],[8.53898,52.24132],[8.54032,52.24087],[8.54073,52.24096],[8.54042,52.24114],[8.53979,52.2417],[8.53966,52.24206],[8.53994,52.24201],[8.54011,52.24189],[8.54115,52.24189],[8.54136,52.24239],[8.54184,52.24275],[8.54273,52.24299],[8.54305,52.24253],[8.54307,52.24227],[8.54298,52.2421],[8.54197,52.2419],[8.54153,52.24175],[8.54098,52.24081],[8.54068,52.24069],[8.54039,52.24066],[8.53962,52.24074],[8.53797,52.24123],[8.53741,52.24194],[8.53685,52.24228],[8.5362,52.2424],[8.53627,52.24172],[8.53608,52.24169],[8.53564,52.24179],[8.53515,52.24177],[8.53412,52.24195],[8.5341,52.24223],[8.53383,52.24227],[8.534,52.24315],[8.53394,52.24387],[8.53325,52.24402],[8.53298,52.24393],[8.53261,52.24361],[8.53191,52.24259],[8.53139,52.24259],[8.53153,52.24338],[8.5325,52.24432],[8.53325,52.24472],[8.53377,52.24471],[8.53489,52.24457],[8.53526,52.24433],[8.53544,52.24401],[8.5353,52.24305],[8.53546,52.24303],[8.53625,52.24377],[8.53669,52.24388],[8.53731,52.24359],[8.53872,52.24324],[8.53894,52.24301],[8.53872,52.24265],[8.53818,52.24227],[8.53822,52.24196]]]}},{"type":"Feature","properties":{"slice":"ura","kind":"wald"},"geometry":{"type":"Polygon","coordinates":[[[8.64967,52.2386],[8.65031,52.2396],[8.65108,52.23956],[8.65187,52.23941],[8.65193,52.23954],[8.65075,52.24073],[8.65003,52.24128],[8.64895,52.24174],[8.64767,52.24195],[8.64712,52.24188],[8.64674,52.24192],[8.64494,52.24227],[8.64403,52.24195],[8.64332,52.24135],[8.64268,52.24133],[8.64319,52.24181],[8.64448,52.2426],[8.64451,52.24279],[8.64469,52.24293],[8.64598,52.24284],[8.64674,52.24286],[8.6476,52.24271],[8.64804,52.24237],[8.64841,52.24229],[8.64902,52.2423],[8.64941,52.24222],[8.64968,52.24197],[8.64978,52.2417],[8.65046,52.24133],[8.65218,52.24104],[8.65252,52.24032],[8.65314,52.23974],[8.65395,52.23933],[8.65162,52.23885],[8.65095,52.23863],[8.64967,52.2386]]]}},{"type":"Feature","properties":{"slice":"ura","kind":"wald"},"geometry":{"type":"Polygon","coordinates":[[[8.65786,52.24231],[8.65676,52.24266],[8.6577,52.24343],[8.6583,52.24381],[8.65935,52.24389],[8.65995,52.24421],[8.66075,52.24403],[8.66125,52.24373],[8.66145,52.24344],[8.66165,52.24332],[8.662,52.24327],[8.66287,52.24337],[8.66295,52.24271],[8.662,52.24268],[8.65997,52.24194],[8.6598,52.24179],[8.65974,52.24068],[8.6592,52.23988],[8.6587,52.23985],[8.65906,52.24128],[8.65938,52.24187],[8.65944,52.24217],[8.66085,52.24275],[8.66186,52.24287],[8.66235,52.24307],[8.66216,52.24315],[8.66072,52.24299],[8.66007,52.24276],[8.65975,52.24255],[8.65936,52.24244],[8.65915,52.24251],[8.6592,52.24311],[8.65908,52.24325],[8.65883,52.24332],[8.65872,52.24156],[8.65844,52.24156],[8.65851,52.24188],[8.65786,52.24231]]]}},{"type":"Feature","properties":{"slice":"ura","kind":"wald"},"geometry":{"type":"Polygon","coordinates":[[[8.65727,52.24826],[8.65492,52.24739],[8.65428,52.24675],[8.65166,52.24725],[8.65089,52.24732],[8.6503,52.24743],[8.65044,52.24762],[8.65099,52.24767],[8.65044,52.24884],[8.65365,52.2489],[8.65448,52.24845],[8.65485,52.24949],[8.65491,52.25014],[8.65574,52.25013],[8.65606,52.24942],[8.65708,52.24928],[8.6572,52.24867],[8.65687,52.24861],[8.65727,52.24826]]]}},{"type":"Feature","properties":{"slice":"ura","kind":"wald"},"geometry":{"type":"Polygon","coordinates":[[[8.65392,52.25106],[8.65342,52.25121],[8.65359,52.25169],[8.65425,52.25177],[8.65417,52.25213],[8.65241,52.25238],[8.65243,52.25274],[8.65406,52.25273],[8.65405,52.25235],[8.65445,52.25222],[8.65495,52.2522],[8.65488,52.25093],[8.65392,52.25106]]]}},{"type":"Feature","properties":{"slice":"ura","kind":"wald"},"geometry":{"type":"Polygon","coordinates":[[[8.64802,52.24947],[8.64809,52.24961],[8.64833,52.24972],[8.64939,52.24972],[8.6505,52.24986],[8.65135,52.24983],[8.6518,52.24992],[8.65181,52.25005],[8.64848,52.24997],[8.64705,52.25012],[8.64613,52.2505],[8.64622,52.25107],[8.64551,52.25152],[8.64556,52.25165],[8.64541,52.25211],[8.64554,52.25235],[8.64582,52.25253],[8.64539,52.25266],[8.6451,52.25295],[8.64524,52.25369],[8.64563,52.25352],[8.64606,52.25317],[8.64642,52.25272],[8.64691,52.25255],[8.64692,52.25363],[8.64924,52.25345],[8.64952,52.25347],[8.6497,52.25364],[8.65001,52.25361],[8.6501,52.25348],[8.65068,52.25347],[8.65084,52.25325],[8.65209,52.25352],[8.65176,52.25253],[8.65099,52.25217],[8.65087,52.2515],[8.64993,52.25135],[8.65089,52.25082],[8.65212,52.25074],[8.65289,52.25041],[8.65395,52.25068],[8.65418,52.25066],[8.65378,52.24998],[8.65367,52.24952],[8.64802,52.24947]]]}},{"type":"Feature","properties":{"slice":"ura","kind":"wald"},"geometry":{"type":"Polygon","coordinates":[[[8.64608,52.25518],[8.64431,52.25565],[8.6435,52.25604],[8.64478,52.25613],[8.64577,52.25639],[8.64776,52.25739],[8.64779,52.25704],[8.64718,52.25651],[8.64608,52.25518]]]}},{"type":"Feature","properties":{"slice":"ura","kind":"wald"},"geometry":{"type":"Polygon","coordinates":[[[8.64273,52.25842],[8.64378,52.25813],[8.64503,52.25807],[8.64533,52.25783],[8.64558,52.25745],[8.64547,52.25725],[8.64281,52.2568],[8.6426,52.25715],[8.64254,52.25778],[8.64273,52.25842]]]}},{"type":"Feature","properties":{"slice":"ura","kind":"wald"},"geometry":{"type":"Polygon","coordinates":[[[8.64393,52.25384],[8.64432,52.25363],[8.64442,52.2533],[8.64441,52.25312],[8.64414,52.25289],[8.64432,52.25266],[8.64478,52.25245],[8.64477,52.25229],[8.64458,52.25206],[8.64488,52.25152],[8.64478,52.25116],[8.63948,52.25091],[8.63926,52.25211],[8.64308,52.25229],[8.64277,52.25389],[8.64284,52.25407],[8.64393,52.25384]]]}},{"type":"Feature","properties":{"slice":"ura","kind":"wald"},"geometry":{"type":"MultiPolygon","coordinates":[[[[8.66325,52.25483],[8.66253,52.25476],[8.66252,52.25428],[8.66175,52.25422],[8.66096,52.25467],[8.65878,52.25483],[8.65809,52.25544],[8.65814,52.25568],[8.65903,52.25576],[8.65994,52.25577],[8.65999,52.25681],[8.66186,52.25648],[8.66327,52.25608],[8.66399,52.2558],[8.66415,52.25563],[8.6634,52.25532],[8.66279,52.25519],[8.66159,52.25519],[8.6593,52.25544],[8.65926,52.25538],[8.65979,52.2552],[8.66033,52.25513],[8.6618,52.2551],[8.66225,52.25496],[8.66284,52.25502],[8.66473,52.25554],[8.66511,52.25551],[8.66547,52.2553],[8.66542,52.25519],[8.66325,52.25483]]],[[[8.66484,52.25589],[8.66346,52.25632],[8.66123,52.25688],[8.66045,52.25721],[8.65951,52.25729],[8.65847,52.25729],[8.65843,52.25764],[8.65924,52.25764],[8.6599,52.25791],[8.66079,52.25795],[8.66039,52.25833],[8.66043,52.259],[8.66066,52.25896],[8.66122,52.25844],[8.6616,52.2579],[8.66229,52.25755],[8.66273,52.25735],[8.66318,52.25725],[8.66402,52.25709],[8.66439,52.25711],[8.66368,52.25745],[8.6625,52.25777],[8.66228,52.25799],[8.6621,52.25846],[8.66276,52.2585],[8.66281,52.25806],[8.66476,52.25734],[8.66518,52.25691],[8.66556,52.25681],[8.66559,52.25669],[8.66506,52.2566],[8.66539,52.25602],[8.66484,52.25589]]]]}},{"type":"Feature","properties":{"slice":"ura","kind":"wald"},"geometry":{"type":"Polygon","coordinates":[[[8.5933,52.26118],[8.59402,52.26116],[8.59476,52.26134],[8.59615,52.26126],[8.59649,52.26114],[8.59708,52.26069],[8.59794,52.26041],[8.59771,52.26007],[8.59694,52.26028],[8.59686,52.26021],[8.59507,52.26064],[8.59205,52.2609],[8.59101,52.26073],[8.59022,52.26045],[8.58838,52.26039],[8.58909,52.26127],[8.58862,52.26148],[8.58839,52.26184],[8.58701,52.26338],[8.58772,52.26325],[8.58881,52.26216],[8.59017,52.26244],[8.58986,52.26288],[8.59093,52.263],[8.59221,52.26325],[8.5933,52.26118]]]}},{"type":"Feature","properties":{"slice":"ura","kind":"wald"},"geometry":{"type":"Polygon","coordinates":[[[8.59498,52.26371],[8.59452,52.26406],[8.59462,52.26414],[8.59613,52.26429],[8.59747,52.26465],[8.59792,52.26403],[8.59608,52.26369],[8.59498,52.26371]]]}},{"type":"Feature","properties":{"slice":"ura","kind":"wald"},"geometry":{"type":"Polygon","coordinates":[[[8.58615,52.25926],[8.58606,52.25909],[8.58665,52.25818],[8.58675,52.25789],[8.58624,52.25783],[8.58534,52.25891],[8.58517,52.25901],[8.58516,52.25923],[8.58594,52.25927],[8.58578,52.25955],[8.58556,52.25972],[8.5856,52.25983],[8.58724,52.26004],[8.58747,52.25963],[8.5872,52.25941],[8.58615,52.25926]]]}},{"type":"Feature","properties":{"slice":"ura","kind":"wald"},"geometry":{"type":"Polygon","coordinates":[[[8.60329,52.26457],[8.60287,52.26497],[8.60307,52.26512],[8.60274,52.2654],[8.60372,52.26669],[8.60425,52.26684],[8.60529,52.26565],[8.60547,52.26509],[8.60399,52.26498],[8.60399,52.26431],[8.60292,52.26396],[8.60295,52.26346],[8.60265,52.26264],[8.60234,52.2626],[8.60204,52.26302],[8.60179,52.26309],[8.60121,52.26305],[8.60329,52.26457]]]}},{"type":"Feature","properties":{"slice":"ura","kind":"wald"},"geometry":{"type":"Polygon","coordinates":[[[8.60811,52.2637],[8.60746,52.26408],[8.60784,52.26469],[8.60847,52.26514],[8.60762,52.26683],[8.60952,52.26724],[8.61069,52.26678],[8.60965,52.26649],[8.61014,52.26586],[8.61073,52.26542],[8.61125,52.26534],[8.6126,52.26563],[8.61322,52.2657],[8.61434,52.26475],[8.6126,52.26466],[8.61158,52.26451],[8.6111,52.26459],[8.6102,52.26502],[8.6102,52.26525],[8.60933,52.26636],[8.60865,52.2663],[8.60948,52.2652],[8.60948,52.26484],[8.60864,52.26473],[8.60789,52.26428],[8.60837,52.26378],[8.60896,52.26396],[8.60917,52.26334],[8.60911,52.26325],[8.60811,52.2637]]]}},{"type":"Feature","properties":{"slice":"ura","kind":"wald"},"geometry":{"type":"Polygon","coordinates":[[[8.63186,52.25149],[8.63129,52.25168],[8.63211,52.25187],[8.63322,52.25221],[8.63407,52.25268],[8.6342,52.2528],[8.63437,52.25237],[8.63442,52.25192],[8.63186,52.25149]]]}},{"type":"Feature","properties":{"slice":"ura","kind":"wald"},"geometry":{"type":"Polygon","coordinates":[[[8.63286,52.25411],[8.63202,52.25386],[8.63176,52.25371],[8.63197,52.25339],[8.63111,52.2532],[8.631,52.2536],[8.63165,52.25458],[8.63296,52.25477],[8.63368,52.25424],[8.63286,52.25411]]]}},{"type":"Feature","properties":{"slice":"ura","kind":"wald"},"geometry":{"type":"Polygon","coordinates":[[[8.6308,52.25478],[8.63034,52.25419],[8.62906,52.25356],[8.62867,52.25417],[8.62873,52.2545],[8.62929,52.25476],[8.62966,52.25527],[8.63011,52.25496],[8.63074,52.25544],[8.63124,52.25512],[8.6308,52.25478]]]}},{"type":"Feature","properties":{"slice":"ura","kind":"wald"},"geometry":{"type":"Polygon","coordinates":[[[8.62992,52.25573],[8.62959,52.25562],[8.62868,52.255],[8.62865,52.25582],[8.62893,52.25627],[8.6286,52.25686],[8.62861,52.2573],[8.62844,52.25749],[8.62868,52.2585],[8.62889,52.25888],[8.62893,52.25924],[8.62879,52.2595],[8.62893,52.25982],[8.62926,52.26022],[8.63038,52.26055],[8.63062,52.25933],[8.63056,52.25869],[8.62932,52.25832],[8.62941,52.25758],[8.62988,52.25757],[8.63001,52.25713],[8.63116,52.25739],[8.63135,52.25699],[8.62961,52.25667],[8.63044,52.25622],[8.62992,52.25573]]]}},{"type":"Feature","properties":{"slice":"ura","kind":"wald"},"geometry":{"type":"Polygon","coordinates":[[[8.63002,52.26416],[8.62994,52.26554],[8.63085,52.26586],[8.63076,52.26665],[8.63174,52.26673],[8.63125,52.26564],[8.63116,52.26458],[8.63126,52.26424],[8.63002,52.26416]]]}},{"type":"Feature","properties":{"slice":"ura","kind":"wald"},"geometry":{"type":"Polygon","coordinates":[[[8.62681,52.2682],[8.62495,52.26778],[8.62441,52.26813],[8.62404,52.26815],[8.62375,52.2688],[8.62462,52.26875],[8.62609,52.26913],[8.62681,52.2682]]]}},{"type":"Feature","properties":{"slice":"ura","kind":"wald"},"geometry":{"type":"Polygon","coordinates":[[[8.63513,52.2666],[8.63577,52.26469],[8.63453,52.26462],[8.6343,52.26632],[8.63382,52.26631],[8.63337,52.26681],[8.63515,52.26696],[8.63513,52.2666]]]}},{"type":"Feature","properties":{"slice":"ura","kind":"wald"},"geometry":{"type":"Polygon","coordinates":[[[8.63895,52.26447],[8.6404,52.26472],[8.64052,52.2645],[8.64046,52.26373],[8.6387,52.26378],[8.63744,52.26375],[8.63651,52.26402],[8.636,52.26424],[8.63895,52.26447]]]}},{"type":"Feature","properties":{"slice":"ura","kind":"wald"},"geometry":{"type":"Polygon","coordinates":[[[8.6548,52.26512],[8.65315,52.26517],[8.65315,52.26478],[8.65202,52.26494],[8.65162,52.26575],[8.65596,52.26576],[8.65641,52.26561],[8.6548,52.26512]]]}},{"type":"Feature","properties":{"slice":"ura","kind":"wald"},"geometry":{"type":"Polygon","coordinates":[[[8.59126,52.26627],[8.59053,52.26607],[8.58998,52.26584],[8.58971,52.2663],[8.58953,52.26643],[8.58963,52.26651],[8.5913,52.26696],[8.59153,52.26666],[8.59154,52.26641],[8.59126,52.26627]]]}},{"type":"Feature","properties":{"slice":"ura","kind":"wald"},"geometry":{"type":"Polygon","coordinates":[[[8.61988,52.27],[8.61976,52.27025],[8.61925,52.27022],[8.61941,52.27097],[8.62001,52.27095],[8.61998,52.27047],[8.62077,52.27037],[8.6206,52.27005],[8.62004,52.26986],[8.6202,52.26959],[8.6185,52.26931],[8.6176,52.27036],[8.6169,52.27037],[8.61555,52.27204],[8.61622,52.27226],[8.61774,52.27058],[8.61823,52.27062],[8.61888,52.26978],[8.61915,52.26977],[8.61931,52.26989],[8.61988,52.27]]]}},{"type":"Feature","properties":{"slice":"ura","kind":"wald"},"geometry":{"type":"Polygon","coordinates":[[[8.6288,52.27228],[8.62906,52.27256],[8.62938,52.27261],[8.62933,52.27274],[8.62872,52.27297],[8.6282,52.27338],[8.62886,52.27369],[8.62917,52.27369],[8.6311,52.27229],[8.6312,52.27211],[8.63101,52.27183],[8.6307,52.27173],[8.63023,52.27169],[8.62999,52.27183],[8.62945,52.2719],[8.6288,52.27228]]]}},{"type":"Feature","properties":{"slice":"ura","kind":"wald"},"geometry":{"type":"Polygon","coordinates":[[[8.63749,52.27085],[8.63726,52.27107],[8.6368,52.27098],[8.63692,52.27062],[8.63668,52.27053],[8.63626,52.26992],[8.63609,52.26939],[8.6358,52.26897],[8.6354,52.26878],[8.63528,52.26901],[8.63545,52.26969],[8.63474,52.26947],[8.63416,52.26979],[8.63476,52.27016],[8.63561,52.27048],[8.63565,52.27079],[8.63656,52.27114],[8.63643,52.27149],[8.63724,52.2718],[8.63796,52.27154],[8.63853,52.27108],[8.63749,52.27085]]]}},{"type":"Feature","properties":{"slice":"ura","kind":"wald"},"geometry":{"type":"Polygon","coordinates":[[[8.64184,52.27169],[8.64153,52.27267],[8.64147,52.27335],[8.64195,52.27394],[8.64272,52.27383],[8.64414,52.27394],[8.64684,52.27377],[8.6473,52.27399],[8.6483,52.27391],[8.64896,52.27371],[8.64946,52.27332],[8.64945,52.27288],[8.65016,52.2727],[8.65122,52.27256],[8.65186,52.27229],[8.65169,52.27086],[8.65178,52.27027],[8.65204,52.27015],[8.65314,52.27084],[8.65332,52.27087],[8.65376,52.2701],[8.65188,52.26983],[8.65207,52.26939],[8.65169,52.26913],[8.65134,52.26877],[8.65112,52.26876],[8.6511,52.26896],[8.65128,52.26947],[8.65127,52.26998],[8.64998,52.26976],[8.6497,52.26959],[8.64957,52.27021],[8.64984,52.27032],[8.64897,52.27158],[8.64761,52.27118],[8.64638,52.27092],[8.64544,52.27085],[8.64541,52.27118],[8.64616,52.27123],[8.64647,52.27187],[8.64687,52.27232],[8.64478,52.2723],[8.64423,52.27157],[8.64244,52.27134],[8.64226,52.27062],[8.64171,52.27059],[8.64143,52.27066],[8.64184,52.27169]]]}},{"type":"Feature","properties":{"slice":"ura","kind":"wald"},"geometry":{"type":"Polygon","coordinates":[[[8.63755,52.27536],[8.6384,52.27545],[8.63902,52.27541],[8.63959,52.2755],[8.6403,52.27605],[8.64179,52.27613],[8.64271,52.27633],[8.64282,52.2761],[8.64268,52.27536],[8.64125,52.2752],[8.63973,52.27492],[8.63863,52.27509],[8.63776,52.27503],[8.63755,52.27536]]]}},{"type":"Feature","properties":{"slice":"ura","kind":"wald"},"geometry":{"type":"Polygon","coordinates":[[[8.63436,52.27546],[8.63636,52.27589],[8.63677,52.27556],[8.63679,52.27532],[8.63454,52.27482],[8.63436,52.27546]]]}},{"type":"Feature","properties":{"slice":"ura","kind":"wald"},"geometry":{"type":"Polygon","coordinates":[[[8.65705,52.27533],[8.6581,52.27534],[8.65829,52.27632],[8.65895,52.27634],[8.65917,52.27585],[8.65896,52.2746],[8.6572,52.27491],[8.65705,52.27533]]]}},{"type":"Feature","properties":{"slice":"ura","kind":"wald"},"geometry":{"type":"Polygon","coordinates":[[[8.65091,52.27812],[8.64846,52.27862],[8.64677,52.27911],[8.64739,52.27941],[8.64815,52.27926],[8.6482,52.27944],[8.64842,52.27948],[8.64867,52.27982],[8.64902,52.27981],[8.64934,52.27944],[8.64899,52.27908],[8.65041,52.27881],[8.65085,52.27881],[8.65171,52.27832],[8.65211,52.27788],[8.65156,52.27771],[8.65091,52.27812]]]}},{"type":"Feature","properties":{"slice":"ura","kind":"wald"},"geometry":{"type":"Polygon","coordinates":[[[8.64721,52.2801],[8.64539,52.2809],[8.64517,52.28125],[8.64444,52.28193],[8.64352,52.28241],[8.64323,52.28241],[8.64266,52.28286],[8.64212,52.28354],[8.64251,52.28369],[8.64308,52.28312],[8.64369,52.28299],[8.64372,52.28258],[8.64541,52.28252],[8.64578,52.28233],[8.64581,52.28216],[8.64574,52.28204],[8.64535,52.28194],[8.64539,52.28162],[8.64599,52.28155],[8.64607,52.28129],[8.64651,52.28125],[8.64637,52.28145],[8.64643,52.28161],[8.64707,52.2816],[8.6471,52.28112],[8.64764,52.28103],[8.64749,52.28056],[8.64721,52.2801]]]}},{"type":"Feature","properties":{"slice":"ura","kind":"wald"},"geometry":{"type":"Polygon","coordinates":[[[8.66221,52.2842],[8.66146,52.283],[8.66185,52.28212],[8.66178,52.28151],[8.6615,52.28101],[8.66184,52.28087],[8.66251,52.28105],[8.66403,52.28101],[8.66422,52.28093],[8.66421,52.28071],[8.66415,52.28063],[8.66352,52.28049],[8.66229,52.28029],[8.66213,52.27999],[8.66165,52.2797],[8.66206,52.2794],[8.66221,52.279],[8.66157,52.27896],[8.66133,52.27885],[8.66117,52.27842],[8.66122,52.27806],[8.66115,52.27786],[8.6606,52.27764],[8.66084,52.27742],[8.66006,52.27726],[8.66058,52.27821],[8.66084,52.27912],[8.66103,52.27937],[8.66106,52.27981],[8.66125,52.28007],[8.66128,52.28027],[8.66106,52.28081],[8.6611,52.28312],[8.66167,52.28385],[8.66191,52.28408],[8.66221,52.2842]]]}},{"type":"Feature","properties":{"slice":"ura","kind":"wald"},"geometry":{"type":"Polygon","coordinates":[[[8.66286,52.27436],[8.66174,52.27412],[8.66121,52.2739],[8.66089,52.27417],[8.66075,52.27462],[8.66294,52.27535],[8.66335,52.2757],[8.66365,52.27558],[8.66376,52.27508],[8.66286,52.27436]]]}},{"type":"Feature","properties":{"slice":"ura","kind":"wald"},"geometry":{"type":"Polygon","coordinates":[[[8.65788,52.29161],[8.65797,52.29119],[8.65703,52.29106],[8.65655,52.29203],[8.65786,52.2923],[8.65817,52.29171],[8.65788,52.29161]]]}},{"type":"Feature","properties":{"slice":"ura","kind":"wald"},"geometry":{"type":"Polygon","coordinates":[[[8.65887,52.28852],[8.65957,52.28856],[8.65995,52.28877],[8.66036,52.28888],[8.66059,52.28872],[8.65986,52.28794],[8.65886,52.28802],[8.65887,52.28852]]]}},{"type":"Feature","properties":{"slice":"ura","kind":"wald"},"geometry":{"type":"Polygon","coordinates":[[[8.66185,52.28942],[8.66167,52.28971],[8.6632,52.28909],[8.66274,52.28878],[8.66128,52.28895],[8.66101,52.28928],[8.66185,52.28942]]]}},{"type":"Feature","properties":{"slice":"ura","kind":"wald"},"geometry":{"type":"Polygon","coordinates":[[[8.72885,52.20501],[8.72753,52.20524],[8.72689,52.20521],[8.72505,52.20476],[8.72434,52.20552],[8.72285,52.20517],[8.72254,52.20516],[8.72101,52.20769],[8.72026,52.20919],[8.72104,52.20933],[8.7213,52.20917],[8.72161,52.20918],[8.72174,52.20937],[8.72193,52.20947],[8.72248,52.20953],[8.72278,52.20942],[8.72324,52.20875],[8.72335,52.20836],[8.72367,52.20808],[8.72389,52.20798],[8.72481,52.20788],[8.72519,52.20769],[8.72638,52.20596],[8.72958,52.20689],[8.73,52.20651],[8.73078,52.20623],[8.73106,52.20642],[8.73131,52.2064],[8.73149,52.20615],[8.73185,52.20602],[8.73026,52.205],[8.73007,52.20472],[8.72885,52.20501]]]}},{"type":"Feature","properties":{"slice":"ura","kind":"wald"},"geometry":{"type":"Polygon","coordinates":[[[8.83309,52.22443],[8.83389,52.22478],[8.83479,52.22502],[8.83472,52.22423],[8.83291,52.2242],[8.83309,52.22443]]]}},{"type":"Feature","properties":{"slice":"ura","kind":"wald"},"geometry":{"type":"Polygon","coordinates":[[[8.83362,52.22241],[8.83374,52.22219],[8.83381,52.22138],[8.83398,52.22071],[8.83391,52.22055],[8.83263,52.22055],[8.83245,52.22064],[8.83279,52.22119],[8.83272,52.22191],[8.83294,52.22234],[8.83352,52.22288],[8.83378,52.22302],[8.83362,52.22241]]]}},{"type":"Feature","properties":{"slice":"ura","kind":"wald"},"geometry":{"type":"Polygon","coordinates":[[[8.81961,52.27413],[8.8187,52.27416],[8.81862,52.27382],[8.81877,52.27352],[8.81905,52.27327],[8.81902,52.27315],[8.81852,52.27294],[8.81858,52.27269],[8.81933,52.27221],[8.81921,52.27186],[8.81887,52.27168],[8.81704,52.27177],[8.81669,52.27175],[8.8099,52.27299],[8.80919,52.27318],[8.8093,52.27391],[8.81002,52.27406],[8.81007,52.27579],[8.81028,52.27602],[8.81059,52.27716],[8.81083,52.27769],[8.81104,52.2779],[8.81155,52.27795],[8.81253,52.27792],[8.81269,52.278],[8.81296,52.27791],[8.81266,52.27665],[8.81716,52.2758],[8.82013,52.27541],[8.81961,52.27413]]]}},{"type":"Feature","properties":{"slice":"ura","kind":"wald"},"geometry":{"type":"Polygon","coordinates":[[[8.77812,52.29871],[8.77804,52.29835],[8.77736,52.29837],[8.77716,52.29824],[8.7767,52.29863],[8.77609,52.29876],[8.77583,52.29928],[8.77589,52.29938],[8.7762,52.29938],[8.77683,52.29919],[8.77729,52.29915],[8.77732,52.29872],[8.77812,52.29871]]]}},{"type":"Feature","properties":{"slice":"ura","kind":"wald"},"geometry":{"type":"Polygon","coordinates":[[[8.77036,52.29515],[8.77052,52.29496],[8.77086,52.29478],[8.77094,52.29457],[8.77089,52.294],[8.77125,52.29359],[8.77158,52.29274],[8.7714,52.29226],[8.77141,52.29206],[8.77156,52.29182],[8.77174,52.29116],[8.77113,52.29102],[8.7709,52.29145],[8.77095,52.29248],[8.77084,52.29295],[8.76907,52.29317],[8.76927,52.29388],[8.76975,52.29439],[8.77017,52.29516],[8.77036,52.29515]]]}},{"type":"Feature","properties":{"slice":"ura","kind":"wald"},"geometry":{"type":"Polygon","coordinates":[[[8.79626,52.29383],[8.7955,52.29292],[8.79514,52.29299],[8.79501,52.2928],[8.79445,52.29281],[8.79429,52.29266],[8.79383,52.29274],[8.7946,52.29389],[8.79626,52.29383]]]}},{"type":"Feature","properties":{"slice":"ura","kind":"wald"},"geometry":{"type":"Polygon","coordinates":[[[8.78406,52.28524],[8.78296,52.28563],[8.7832,52.28602],[8.78253,52.2861],[8.78265,52.28644],[8.78396,52.28606],[8.7846,52.28603],[8.78465,52.28596],[8.78406,52.28524]]]}},{"type":"Feature","properties":{"slice":"ura","kind":"wald"},"geometry":{"type":"Polygon","coordinates":[[[8.78674,52.28348],[8.78644,52.28333],[8.78589,52.28282],[8.78557,52.28282],[8.78559,52.28341],[8.78604,52.28369],[8.78679,52.2836],[8.78674,52.28348]]]}},{"type":"Feature","properties":{"slice":"ura","kind":"wald"},"geometry":{"type":"Polygon","coordinates":[[[8.79287,52.28027],[8.79241,52.28036],[8.79204,52.28031],[8.79166,52.28018],[8.79153,52.27996],[8.79212,52.27951],[8.79174,52.27931],[8.79206,52.27891],[8.79207,52.27874],[8.79179,52.27862],[8.79179,52.27825],[8.79096,52.27823],[8.79,52.27834],[8.78969,52.27832],[8.78922,52.27837],[8.78902,52.27852],[8.78853,52.27848],[8.78856,52.27975],[8.78926,52.2798],[8.79063,52.28004],[8.79118,52.28047],[8.79144,52.28105],[8.79127,52.28172],[8.79353,52.28125],[8.79287,52.28027]]]}},{"type":"Feature","properties":{"slice":"ura","kind":"wald"},"geometry":{"type":"Polygon","coordinates":[[[8.68552,52.28275],[8.68486,52.2816],[8.68418,52.28084],[8.68328,52.28035],[8.68283,52.28022],[8.68256,52.2803],[8.682,52.28101],[8.68238,52.28115],[8.68339,52.28247],[8.68326,52.28288],[8.68366,52.28288],[8.68399,52.28313],[8.68482,52.28308],[8.68545,52.28294],[8.68552,52.28275]]]}},{"type":"Feature","properties":{"slice":"ura","kind":"wald"},"geometry":{"type":"Polygon","coordinates":[[[8.67804,52.28418],[8.67674,52.28393],[8.67662,52.28248],[8.67634,52.28203],[8.67589,52.28163],[8.67517,52.28157],[8.67458,52.28175],[8.67455,52.28198],[8.67486,52.28227],[8.67524,52.28214],[8.67551,52.28237],[8.67614,52.28252],[8.67618,52.28327],[8.67605,52.28423],[8.67626,52.28461],[8.67591,52.28483],[8.67542,52.28564],[8.67593,52.28617],[8.67582,52.28632],[8.67592,52.28666],[8.67635,52.28728],[8.67634,52.28748],[8.67629,52.28759],[8.67614,52.28763],[8.67407,52.28764],[8.67406,52.28785],[8.67601,52.28786],[8.67593,52.28808],[8.67405,52.28809],[8.67399,52.28835],[8.67599,52.28837],[8.67648,52.28879],[8.67655,52.28908],[8.67645,52.28925],[8.67537,52.28929],[8.6752,52.28945],[8.6764,52.28946],[8.67667,52.28981],[8.67716,52.29011],[8.67846,52.28983],[8.67896,52.29042],[8.67929,52.29045],[8.67951,52.29033],[8.67954,52.29015],[8.67991,52.28981],[8.67974,52.28969],[8.67946,52.28979],[8.67911,52.29011],[8.67859,52.28942],[8.67862,52.28894],[8.67849,52.28851],[8.67755,52.28859],[8.67756,52.2887],[8.67694,52.28873],[8.67672,52.28833],[8.6769,52.28784],[8.67729,52.28785],[8.67765,52.28797],[8.67805,52.28798],[8.67805,52.28733],[8.67839,52.28686],[8.67863,52.28686],[8.67919,52.28635],[8.67835,52.28618],[8.6783,52.28631],[8.67788,52.28631],[8.67725,52.28621],[8.67646,52.28625],[8.67636,52.28585],[8.67667,52.28517],[8.67721,52.28554],[8.67796,52.28573],[8.67859,52.28561],[8.67894,52.2854],[8.67936,52.28488],[8.67996,52.28459],[8.67996,52.28436],[8.67955,52.28426],[8.67823,52.28415],[8.67804,52.28418]],[[8.67774,52.28543],[8.67677,52.28476],[8.67679,52.28432],[8.67754,52.28438],[8.67817,52.28472],[8.67806,52.2849],[8.67829,52.28525],[8.6783,52.28541],[8.67774,52.28543]]]}},{"type":"Feature","properties":{"slice":"ura","kind":"wald"},"geometry":{"type":"Polygon","coordinates":[[[8.66842,52.28393],[8.66865,52.28411],[8.66906,52.28422],[8.66938,52.28446],[8.67018,52.28455],[8.671,52.28455],[8.67116,52.28464],[8.67133,52.28525],[8.6712,52.28571],[8.67157,52.28576],[8.67163,52.28485],[8.67212,52.28385],[8.67201,52.28367],[8.67166,52.28361],[8.67138,52.28384],[8.6712,52.28413],[8.66932,52.2838],[8.66842,52.28393]]]}},{"type":"Feature","properties":{"slice":"ura","kind":"wald"},"geometry":{"type":"Polygon","coordinates":[[[8.68075,52.27716],[8.6797,52.27772],[8.67937,52.27781],[8.67938,52.27794],[8.67899,52.27825],[8.67867,52.2783],[8.67866,52.27849],[8.6793,52.27856],[8.67983,52.27839],[8.68074,52.27773],[8.68105,52.27707],[8.68075,52.27716]]]}},{"type":"Feature","properties":{"slice":"ura","kind":"wald"},"geometry":{"type":"Polygon","coordinates":[[[8.68086,52.27446],[8.67979,52.27405],[8.6785,52.27457],[8.68047,52.27478],[8.68086,52.27446]]]}},{"type":"Feature","properties":{"slice":"ura","kind":"wald"},"geometry":{"type":"Polygon","coordinates":[[[8.67649,52.26685],[8.67609,52.26609],[8.67626,52.26572],[8.6765,52.26613],[8.67683,52.26605],[8.67672,52.26552],[8.67595,52.26364],[8.67525,52.26295],[8.67416,52.26254],[8.67243,52.26218],[8.67167,52.26332],[8.66953,52.26284],[8.66907,52.26355],[8.66809,52.26357],[8.66815,52.26391],[8.66916,52.26407],[8.67003,52.26432],[8.66991,52.26521],[8.67133,52.2654],[8.6714,52.2655],[8.67379,52.26614],[8.67379,52.26645],[8.67649,52.26685]]]}},{"type":"Feature","properties":{"slice":"ura","kind":"wald"},"geometry":{"type":"Polygon","coordinates":[[[8.67815,52.26301],[8.67888,52.26328],[8.67967,52.26377],[8.68002,52.26319],[8.68236,52.26346],[8.68303,52.2634],[8.68408,52.26283],[8.68474,52.26324],[8.6858,52.26287],[8.685,52.26212],[8.68677,52.2609],[8.68754,52.26084],[8.68753,52.26072],[8.68716,52.26076],[8.68685,52.26061],[8.68673,52.26035],[8.68746,52.26027],[8.68797,52.26068],[8.68818,52.26059],[8.68825,52.26045],[8.68846,52.26043],[8.6887,52.26061],[8.68886,52.26065],[8.68936,52.26023],[8.68948,52.25994],[8.69038,52.25919],[8.69003,52.25892],[8.68966,52.25879],[8.68923,52.25878],[8.68888,52.25911],[8.68855,52.25973],[8.68841,52.26023],[8.68786,52.26015],[8.68789,52.26],[8.68722,52.25917],[8.68682,52.2589],[8.68624,52.25915],[8.68712,52.26],[8.68662,52.26014],[8.6855,52.25953],[8.68495,52.25973],[8.68506,52.26023],[8.68122,52.26025],[8.68121,52.25955],[8.68301,52.25962],[8.68323,52.25929],[8.68248,52.25913],[8.68247,52.25887],[8.68365,52.25887],[8.68377,52.25864],[8.68339,52.25853],[8.68347,52.25826],[8.68192,52.25808],[8.68207,52.25772],[8.68359,52.25786],[8.68377,52.25765],[8.68405,52.25595],[8.68394,52.25508],[8.68228,52.25506],[8.68189,52.25579],[8.68162,52.25674],[8.68176,52.25766],[8.68143,52.25866],[8.68027,52.25864],[8.6804,52.25803],[8.67963,52.25795],[8.6788,52.25841],[8.67876,52.25867],[8.68031,52.25878],[8.68047,52.25883],[8.68056,52.25903],[8.67977,52.25911],[8.67951,52.25893],[8.67913,52.26029],[8.67912,52.2608],[8.68104,52.26053],[8.68264,52.26076],[8.68261,52.26127],[8.68088,52.26113],[8.68079,52.26129],[8.67905,52.26118],[8.67886,52.26164],[8.68071,52.26184],[8.68054,52.26217],[8.67861,52.26196],[8.67848,52.26227],[8.67807,52.26226],[8.678,52.26249],[8.67783,52.26244],[8.67771,52.26276],[8.67815,52.26301]],[[8.68087,52.26221],[8.68266,52.26239],[8.68268,52.26267],[8.68063,52.26249],[8.68087,52.26221]],[[8.68046,52.26273],[8.68245,52.26299],[8.68242,52.26319],[8.68026,52.26296],[8.68046,52.26273]]]}},{"type":"Feature","properties":{"slice":"ura","kind":"wald"},"geometry":{"type":"Polygon","coordinates":[[[8.69643,52.26615],[8.69511,52.26679],[8.6948,52.26706],[8.69418,52.26771],[8.6943,52.26811],[8.69426,52.26833],[8.69389,52.26861],[8.694,52.26881],[8.69434,52.26899],[8.69534,52.26922],[8.6955,52.26908],[8.6953,52.26893],[8.69486,52.26831],[8.69477,52.26778],[8.69543,52.26693],[8.69563,52.26696],[8.69595,52.26717],[8.69578,52.26732],[8.69595,52.26752],[8.69621,52.26763],[8.69642,52.26755],[8.69661,52.26756],[8.69734,52.26744],[8.69775,52.26759],[8.69899,52.26824],[8.69918,52.26819],[8.6995,52.26769],[8.6996,52.26702],[8.69898,52.2667],[8.69882,52.26631],[8.69892,52.26616],[8.69977,52.26636],[8.69986,52.26599],[8.69965,52.26564],[8.69939,52.26551],[8.69892,52.26552],[8.69847,52.26576],[8.69805,52.26575],[8.69795,52.26541],[8.69836,52.26481],[8.69949,52.26428],[8.69997,52.26366],[8.70012,52.26297],[8.69982,52.26215],[8.69915,52.26188],[8.69951,52.26304],[8.6993,52.26337],[8.69929,52.26384],[8.69885,52.26424],[8.69778,52.26486],[8.69765,52.26562],[8.69731,52.26571],[8.69705,52.26588],[8.69709,52.26595],[8.69742,52.26597],[8.69762,52.26605],[8.69754,52.26637],[8.69697,52.26613],[8.69643,52.26615]]]}},{"type":"Feature","properties":{"slice":"ura","kind":"wald"},"geometry":{"type":"Polygon","coordinates":[[[8.69388,52.2716],[8.69361,52.27128],[8.69356,52.27088],[8.69237,52.27046],[8.69244,52.27095],[8.6929,52.27118],[8.69275,52.2715],[8.69351,52.27169],[8.69312,52.27221],[8.6924,52.27284],[8.69242,52.27317],[8.69291,52.27356],[8.69285,52.27381],[8.69312,52.27421],[8.69446,52.27523],[8.69533,52.27555],[8.69615,52.27595],[8.69726,52.27668],[8.6974,52.27708],[8.69762,52.27726],[8.69805,52.27732],[8.69814,52.27746],[8.69847,52.27754],[8.69981,52.27853],[8.70013,52.27837],[8.69981,52.27818],[8.69795,52.27658],[8.69678,52.27543],[8.69621,52.27527],[8.69539,52.27483],[8.69451,52.27476],[8.69356,52.2741],[8.69313,52.27303],[8.69337,52.2725],[8.69385,52.27179],[8.69388,52.2716]]]}},{"type":"Feature","properties":{"slice":"ura","kind":"wald"},"geometry":{"type":"Polygon","coordinates":[[[8.71161,52.26774],[8.7114,52.26776],[8.71083,52.26825],[8.71075,52.26854],[8.71088,52.2691],[8.71027,52.26975],[8.71012,52.27025],[8.71066,52.27023],[8.71108,52.27005],[8.71135,52.26976],[8.71175,52.26902],[8.71193,52.2684],[8.71177,52.26783],[8.71161,52.26774]]]}},{"type":"Feature","properties":{"slice":"ura","kind":"wald"},"geometry":{"type":"Polygon","coordinates":[[[8.71711,52.26847],[8.71655,52.26809],[8.71654,52.26797],[8.71612,52.2677],[8.71574,52.26691],[8.71578,52.26631],[8.71553,52.26634],[8.71536,52.26737],[8.71475,52.26868],[8.71611,52.26844],[8.71622,52.2687],[8.71717,52.26914],[8.71739,52.26892],[8.71711,52.26847]]]}},{"type":"Feature","properties":{"slice":"ura","kind":"wald"},"geometry":{"type":"Polygon","coordinates":[[[8.73272,52.27178],[8.73295,52.27275],[8.73367,52.27279],[8.73544,52.27237],[8.7372,52.27223],[8.73892,52.2723],[8.73995,52.27204],[8.74045,52.27199],[8.74083,52.27185],[8.74088,52.2717],[8.74072,52.27164],[8.7402,52.27168],[8.73913,52.27154],[8.73739,52.27158],[8.73699,52.27141],[8.73622,52.2714],[8.73611,52.27158],[8.73557,52.27161],[8.73551,52.27186],[8.73493,52.27185],[8.73503,52.27139],[8.73458,52.27131],[8.73405,52.27141],[8.73385,52.27155],[8.73298,52.27158],[8.7328,52.27164],[8.73272,52.27178]]]}},{"type":"Feature","properties":{"slice":"ura","kind":"wald"},"geometry":{"type":"Polygon","coordinates":[[[8.67597,52.25612],[8.67487,52.25611],[8.67434,52.25627],[8.67453,52.25687],[8.67618,52.25699],[8.67597,52.25612]]]}},{"type":"Feature","properties":{"slice":"ura","kind":"wald"},"geometry":{"type":"Polygon","coordinates":[[[8.67883,52.25338],[8.67776,52.25331],[8.67753,52.25365],[8.67699,52.25396],[8.67721,52.25544],[8.67819,52.25533],[8.67809,52.25502],[8.67827,52.25436],[8.67891,52.25419],[8.67899,52.25348],[8.67883,52.25338]]]}},{"type":"Feature","properties":{"slice":"ura","kind":"wald"},"geometry":{"type":"Polygon","coordinates":[[[8.68544,52.25298],[8.68429,52.25294],[8.68413,52.25317],[8.6835,52.25321],[8.68327,52.25304],[8.68284,52.25318],[8.68273,52.25331],[8.68322,52.25348],[8.68467,52.25343],[8.68473,52.2537],[8.68546,52.25371],[8.68544,52.25298]]]}},{"type":"Feature","properties":{"slice":"ura","kind":"wald"},"geometry":{"type":"Polygon","coordinates":[[[8.67673,52.25329],[8.6755,52.25307],[8.67504,52.25305],[8.6745,52.25311],[8.67347,52.25308],[8.67201,52.25323],[8.67131,52.25351],[8.67092,52.25401],[8.67089,52.25424],[8.67074,52.25435],[8.6703,52.25442],[8.66995,52.25462],[8.66996,52.2549],[8.67108,52.25513],[8.67172,52.25413],[8.6722,52.25378],[8.6735,52.25357],[8.67398,52.25342],[8.67591,52.25337],[8.67639,52.25338],[8.67676,52.25346],[8.6771,52.25327],[8.67673,52.25329]]]}},{"type":"Feature","properties":{"slice":"ura","kind":"wald"},"geometry":{"type":"Polygon","coordinates":[[[8.67473,52.25124],[8.67386,52.25014],[8.67273,52.25002],[8.67167,52.25143],[8.67145,52.25191],[8.67473,52.25124]]]}},{"type":"Feature","properties":{"slice":"ura","kind":"wald"},"geometry":{"type":"Polygon","coordinates":[[[8.67592,52.2456],[8.67506,52.24537],[8.67533,52.24512],[8.67594,52.24521],[8.67616,52.24503],[8.67547,52.2448],[8.67425,52.2442],[8.67323,52.24396],[8.67217,52.24392],[8.67275,52.24438],[8.67321,52.24447],[8.67275,52.24469],[8.67204,52.24539],[8.67192,52.24561],[8.67337,52.24598],[8.67374,52.24567],[8.67591,52.24604],[8.67592,52.2456]]]}},{"type":"Feature","properties":{"slice":"ura","kind":"wald"},"geometry":{"type":"Polygon","coordinates":[[[8.68295,52.24254],[8.68344,52.2416],[8.68331,52.24145],[8.68297,52.24135],[8.68291,52.24122],[8.683,52.24106],[8.68388,52.241],[8.68633,52.24127],[8.68668,52.24117],[8.68668,52.24097],[8.68607,52.24103],[8.68361,52.24074],[8.68308,52.24058],[8.68261,52.24043],[8.68235,52.23963],[8.67952,52.23948],[8.6793,52.2385],[8.67962,52.2383],[8.68072,52.23796],[8.68103,52.23769],[8.68131,52.23755],[8.68155,52.23728],[8.68123,52.23707],[8.68083,52.23694],[8.68004,52.23718],[8.67786,52.23767],[8.67764,52.23781],[8.67752,52.23805],[8.67755,52.23824],[8.67788,52.23835],[8.6787,52.23817],[8.679,52.23827],[8.67895,52.23902],[8.67912,52.23964],[8.68123,52.23992],[8.68135,52.24005],[8.68114,52.24041],[8.68107,52.24078],[8.68122,52.24116],[8.68192,52.24172],[8.68184,52.24214],[8.68213,52.24234],[8.68295,52.24254]]]}},{"type":"Feature","properties":{"slice":"ura","kind":"wald"},"geometry":{"type":"Polygon","coordinates":[[[8.68761,52.24255],[8.68692,52.24269],[8.68637,52.24285],[8.68605,52.24305],[8.68554,52.24315],[8.68539,52.24323],[8.68531,52.24359],[8.68609,52.24368],[8.68665,52.24338],[8.68662,52.24312],[8.68746,52.24295],[8.68761,52.24255]]]}},{"type":"Feature","properties":{"slice":"ura","kind":"wald"},"geometry":{"type":"Polygon","coordinates":[[[8.68412,52.23436],[8.68388,52.23425],[8.68318,52.23418],[8.68284,52.23425],[8.68262,52.23423],[8.68274,52.23386],[8.68074,52.23316],[8.68036,52.23322],[8.6797,52.23346],[8.67948,52.2337],[8.67892,52.23371],[8.67859,52.23378],[8.67836,52.234],[8.67843,52.23421],[8.68008,52.23403],[8.68139,52.234],[8.682,52.23416],[8.68228,52.23431],[8.68237,52.23446],[8.68255,52.23527],[8.68313,52.23521],[8.68285,52.23455],[8.68326,52.23451],[8.68355,52.23459],[8.68378,52.23484],[8.68425,52.23463],[8.68412,52.23436]]]}},{"type":"Feature","properties":{"slice":"ura","kind":"wald"},"geometry":{"type":"Polygon","coordinates":[[[8.69126,52.23188],[8.69125,52.23216],[8.69191,52.23312],[8.69391,52.233],[8.69537,52.23274],[8.69534,52.23254],[8.69414,52.23263],[8.69238,52.23261],[8.69192,52.23237],[8.69173,52.23209],[8.6917,52.2319],[8.69199,52.23147],[8.69182,52.23133],[8.69126,52.23188]]]}},{"type":"Feature","properties":{"slice":"ura","kind":"wald"},"geometry":{"type":"Polygon","coordinates":[[[8.68438,52.22358],[8.68436,52.22325],[8.68396,52.22312],[8.68322,52.22305],[8.68252,52.22285],[8.68186,52.22283],[8.68181,52.22335],[8.68137,52.22335],[8.67552,52.22284],[8.67526,52.22272],[8.67378,52.22349],[8.67382,52.22422],[8.67426,52.22471],[8.67602,52.22513],[8.67549,52.22582],[8.67584,52.22597],[8.67582,52.22624],[8.67611,52.22655],[8.67677,52.22695],[8.67735,52.22696],[8.67808,52.22681],[8.67923,52.22696],[8.67949,52.22689],[8.67947,52.22679],[8.679,52.22677],[8.67888,52.22633],[8.67777,52.22617],[8.67777,52.22553],[8.67876,52.22559],[8.67978,52.22549],[8.68107,52.22581],[8.68253,52.22562],[8.68396,52.22505],[8.6839,52.22495],[8.68574,52.22377],[8.68438,52.22358]]]}},{"type":"Feature","properties":{"slice":"ura","kind":"wald"},"geometry":{"type":"Polygon","coordinates":[[[8.69931,52.22514],[8.69796,52.22481],[8.69754,52.2248],[8.69714,52.22504],[8.6967,52.22505],[8.69644,52.22528],[8.69646,52.22552],[8.69735,52.22583],[8.69824,52.22598],[8.69883,52.22579],[8.69903,52.22586],[8.69934,52.22558],[8.69931,52.22514]]]}},{"type":"Feature","properties":{"slice":"ura","kind":"wald"},"geometry":{"type":"Polygon","coordinates":[[[8.69691,52.21929],[8.69708,52.21914],[8.69701,52.21861],[8.69743,52.21859],[8.69767,52.21871],[8.69808,52.21879],[8.69889,52.21872],[8.69901,52.21923],[8.69931,52.21929],[8.69994,52.21892],[8.70027,52.21889],[8.7008,52.21849],[8.70152,52.21848],[8.70213,52.2186],[8.70257,52.21853],[8.70275,52.21843],[8.70241,52.21823],[8.70239,52.21813],[8.70345,52.21819],[8.70493,52.21734],[8.70518,52.21662],[8.70538,52.21554],[8.7047,52.21422],[8.70415,52.21409],[8.70397,52.21397],[8.7043,52.21305],[8.70025,52.21407],[8.70028,52.21502],[8.69983,52.21516],[8.69974,52.21656],[8.69936,52.21671],[8.69926,52.21691],[8.69893,52.21712],[8.6964,52.21719],[8.69429,52.2171],[8.69426,52.21885],[8.69373,52.21852],[8.69335,52.21855],[8.69315,52.21872],[8.69326,52.21922],[8.69297,52.21939],[8.69248,52.21946],[8.69184,52.21942],[8.69167,52.21947],[8.69168,52.22006],[8.69122,52.22064],[8.69101,52.22105],[8.69103,52.22141],[8.6915,52.22155],[8.69171,52.22155],[8.69188,52.2214],[8.69189,52.22088],[8.69201,52.22073],[8.69239,52.22055],[8.69258,52.22023],[8.6928,52.22006],[8.69691,52.21929]]]}},{"type":"Feature","properties":{"slice":"ura","kind":"wald"},"geometry":{"type":"Polygon","coordinates":[[[8.71018,52.21719],[8.71052,52.21719],[8.71099,52.21692],[8.71117,52.21672],[8.71259,52.21614],[8.71262,52.21604],[8.71331,52.21602],[8.71369,52.21594],[8.71451,52.21563],[8.71498,52.21509],[8.7151,52.21458],[8.7147,52.21439],[8.71466,52.21409],[8.71396,52.21404],[8.71341,52.21412],[8.71254,52.21415],[8.71238,52.21429],[8.71269,52.21447],[8.7134,52.21466],[8.7138,52.21484],[8.71436,52.21479],[8.71446,52.21488],[8.71436,52.2151],[8.71412,52.21539],[8.71374,52.21551],[8.71332,52.21551],[8.71283,52.21577],[8.71237,52.21585],[8.71143,52.21619],[8.70977,52.21552],[8.70956,52.21536],[8.70911,52.21518],[8.709,52.21497],[8.70899,52.21479],[8.70932,52.21483],[8.71001,52.21505],[8.71007,52.21487],[8.7102,52.21479],[8.71047,52.21481],[8.7106,52.2147],[8.71027,52.21436],[8.71087,52.21405],[8.71044,52.21398],[8.71024,52.21405],[8.70964,52.21449],[8.70892,52.21442],[8.70878,52.21451],[8.70871,52.21475],[8.70885,52.21514],[8.70886,52.2155],[8.70878,52.2158],[8.70897,52.21588],[8.7095,52.21587],[8.70959,52.2158],[8.70996,52.21579],[8.71011,52.21607],[8.70978,52.21648],[8.71018,52.21719]]]}},{"type":"Feature","properties":{"slice":"ura","kind":"wald"},"geometry":{"type":"Polygon","coordinates":[[[8.71344,52.22127],[8.71324,52.22142],[8.71296,52.22142],[8.71304,52.22172],[8.7132,52.22179],[8.71353,52.2218],[8.71398,52.22166],[8.71429,52.22166],[8.71461,52.22182],[8.71487,52.22186],[8.71544,52.22182],[8.71578,52.22168],[8.71612,52.22145],[8.71683,52.22145],[8.71754,52.22109],[8.71759,52.22054],[8.71739,52.22044],[8.7172,52.22059],[8.71716,52.22079],[8.71679,52.22082],[8.71665,52.22094],[8.71631,52.22106],[8.71559,52.22107],[8.71413,52.22094],[8.71348,52.22099],[8.71344,52.22127]]]}},{"type":"Feature","properties":{"slice":"ura","kind":"wald"},"geometry":{"type":"Polygon","coordinates":[[[8.72194,52.22415],[8.72111,52.22404],[8.72096,52.22417],[8.7207,52.22409],[8.72026,52.22408],[8.72026,52.22446],[8.72005,52.22509],[8.72016,52.22525],[8.72121,52.22509],[8.72127,52.22488],[8.72177,52.22479],[8.72188,52.22462],[8.72194,52.22415]]]}},{"type":"Feature","properties":{"slice":"ura","kind":"wald"},"geometry":{"type":"Polygon","coordinates":[[[8.7264,52.21893],[8.72582,52.21891],[8.7261,52.21946],[8.72608,52.21999],[8.72507,52.21994],[8.72523,52.22067],[8.72497,52.22085],[8.72474,52.22124],[8.72512,52.2214],[8.72597,52.22146],[8.72571,52.22096],[8.72624,52.22077],[8.72638,52.22061],[8.72641,52.2204],[8.72656,52.22028],[8.72692,52.22023],[8.72731,52.22032],[8.7275,52.22018],[8.72828,52.22027],[8.72872,52.22051],[8.7289,52.22041],[8.72897,52.21988],[8.72859,52.21975],[8.72808,52.21987],[8.72796,52.21982],[8.7276,52.2199],[8.72724,52.22012],[8.72658,52.22003],[8.72662,52.21971],[8.72676,52.21954],[8.72675,52.21905],[8.7264,52.21893]]]}},{"type":"Feature","properties":{"slice":"ura","kind":"wald"},"geometry":{"type":"Polygon","coordinates":[[[8.73236,52.22127],[8.73252,52.22165],[8.73326,52.22141],[8.73357,52.22144],[8.73365,52.22159],[8.73357,52.22181],[8.73399,52.22235],[8.73611,52.222],[8.73634,52.22187],[8.73661,52.22151],[8.73669,52.22102],[8.73567,52.22105],[8.73469,52.22145],[8.73384,52.22123],[8.73346,52.22102],[8.7329,52.22103],[8.73236,52.22127]]]}},{"type":"Feature","properties":{"slice":"ura","kind":"wald"},"geometry":{"type":"Polygon","coordinates":[[[8.75516,52.2109],[8.75402,52.21097],[8.75396,52.21129],[8.75402,52.21195],[8.75537,52.21217],[8.75551,52.21154],[8.7555,52.21107],[8.75516,52.2109]]]}},{"type":"Feature","properties":{"slice":"ura","kind":"wald"},"geometry":{"type":"Polygon","coordinates":[[[8.76146,52.21091],[8.76202,52.21096],[8.76223,52.21061],[8.76242,52.21052],[8.763,52.21057],[8.76309,52.21081],[8.76493,52.21113],[8.76473,52.2104],[8.7626,52.21],[8.762,52.21006],[8.76089,52.20954],[8.75996,52.20918],[8.75947,52.20907],[8.75882,52.21039],[8.76146,52.21091]]]}},{"type":"Feature","properties":{"slice":"ura","kind":"wald"},"geometry":{"type":"Polygon","coordinates":[[[8.75385,52.22072],[8.75325,52.22065],[8.75316,52.22109],[8.75237,52.22109],[8.75161,52.221],[8.75138,52.22072],[8.75109,52.22065],[8.75093,52.22029],[8.75091,52.21996],[8.74969,52.21999],[8.74948,52.22008],[8.7494,52.22031],[8.74942,52.22057],[8.75022,52.22073],[8.7504,52.22086],[8.75074,52.2214],[8.75185,52.22139],[8.75251,52.22188],[8.75279,52.22196],[8.75326,52.222],[8.75339,52.22233],[8.7545,52.22217],[8.75448,52.22177],[8.75539,52.22157],[8.75534,52.22132],[8.75495,52.22135],[8.75497,52.22097],[8.75445,52.221],[8.75441,52.22061],[8.75385,52.22072]]]}},{"type":"Feature","properties":{"slice":"ura","kind":"wald"},"geometry":{"type":"Polygon","coordinates":[[[8.75541,52.21998],[8.75607,52.22],[8.75697,52.21988],[8.75795,52.21984],[8.75799,52.21973],[8.75787,52.21967],[8.75693,52.21957],[8.75533,52.21965],[8.75541,52.21998]]]}},{"type":"Feature","properties":{"slice":"ura","kind":"wald"},"geometry":{"type":"Polygon","coordinates":[[[8.73639,52.23558],[8.73458,52.23504],[8.73431,52.23516],[8.73408,52.23509],[8.73363,52.23475],[8.73312,52.23516],[8.73437,52.23576],[8.73452,52.23593],[8.73476,52.23605],[8.73519,52.23584],[8.73582,52.2361],[8.73612,52.2359],[8.73639,52.23558]]]}},{"type":"Feature","properties":{"slice":"ura","kind":"wald"},"geometry":{"type":"Polygon","coordinates":[[[8.72918,52.23749],[8.72886,52.23826],[8.72915,52.23864],[8.72991,52.23838],[8.72984,52.23763],[8.72918,52.23749]]]}},{"type":"Feature","properties":{"slice":"ura","kind":"wald"},"geometry":{"type":"Polygon","coordinates":[[[8.71008,52.24134],[8.71063,52.24115],[8.71081,52.24092],[8.71142,52.24081],[8.71123,52.24057],[8.71087,52.24059],[8.71049,52.24078],[8.71024,52.24077],[8.70972,52.24019],[8.7094,52.24024],[8.70971,52.24066],[8.70966,52.24074],[8.70891,52.24055],[8.70881,52.24069],[8.7091,52.24077],[8.70903,52.24094],[8.70963,52.24116],[8.70936,52.2412],[8.70921,52.24135],[8.70944,52.24153],[8.70966,52.24231],[8.70955,52.24249],[8.70959,52.24277],[8.70921,52.24283],[8.70905,52.24376],[8.7096,52.24384],[8.71115,52.24393],[8.7105,52.24309],[8.71081,52.24244],[8.71036,52.24233],[8.71043,52.24198],[8.70978,52.24183],[8.70975,52.24162],[8.71047,52.24173],[8.71062,52.24153],[8.71008,52.24134]]]}},{"type":"Feature","properties":{"slice":"ura","kind":"wald"},"geometry":{"type":"Polygon","coordinates":[[[8.71576,52.24285],[8.71549,52.24344],[8.7155,52.2437],[8.71517,52.24423],[8.71525,52.24435],[8.71601,52.24472],[8.7161,52.24465],[8.71618,52.24404],[8.71661,52.24311],[8.71576,52.24285]]]}},{"type":"Feature","properties":{"slice":"ura","kind":"wald"},"geometry":{"type":"Polygon","coordinates":[[[8.70171,52.24043],[8.70152,52.24017],[8.70081,52.23988],[8.70061,52.23986],[8.7002,52.24068],[8.70042,52.24084],[8.70034,52.24112],[8.7004,52.24142],[8.70138,52.24162],[8.70169,52.24158],[8.70189,52.24147],[8.70132,52.24105],[8.70111,52.24076],[8.70111,52.24064],[8.70126,52.24055],[8.7017,52.24056],[8.70171,52.24043]]]}},{"type":"Feature","properties":{"slice":"ura","kind":"wald"},"geometry":{"type":"Polygon","coordinates":[[[8.76496,52.25885],[8.76394,52.25741],[8.764,52.25716],[8.76426,52.25694],[8.76436,52.25669],[8.76435,52.25647],[8.76423,52.25639],[8.76338,52.25716],[8.7616,52.25835],[8.76216,52.25886],[8.7624,52.25934],[8.76292,52.25928],[8.76295,52.25947],[8.76346,52.25998],[8.7635,52.26024],[8.76335,52.26031],[8.76317,52.26027],[8.76185,52.25979],[8.76088,52.25914],[8.7606,52.25911],[8.76044,52.25929],[8.76069,52.25957],[8.76123,52.2599],[8.76041,52.25995],[8.76049,52.26064],[8.76134,52.26061],[8.76132,52.26007],[8.76191,52.26014],[8.76315,52.26057],[8.76396,52.26045],[8.76458,52.26027],[8.76444,52.26013],[8.76385,52.2599],[8.76317,52.2593],[8.76327,52.25908],[8.76373,52.25895],[8.76496,52.25885]]]}},{"type":"Feature","properties":{"slice":"ura","kind":"wald"},"geometry":{"type":"Polygon","coordinates":[[[8.8261,52.23695],[8.82522,52.2368],[8.82342,52.23643],[8.82389,52.23722],[8.82417,52.238],[8.82607,52.23795],[8.8261,52.23695]]]}},{"type":"Feature","properties":{"slice":"ura","kind":"wald"},"geometry":{"type":"Polygon","coordinates":[[[8.8293,52.23341],[8.82714,52.23328],[8.82764,52.23468],[8.82857,52.23469],[8.82908,52.23459],[8.82938,52.2342],[8.82946,52.23354],[8.8293,52.23341]]]}},{"type":"Feature","properties":{"slice":"ura","kind":"wald"},"geometry":{"type":"Polygon","coordinates":[[[8.80193,52.23721],[8.80185,52.23744],[8.80139,52.23789],[8.80122,52.23795],[8.80047,52.23791],[8.79995,52.23805],[8.79951,52.23808],[8.79935,52.23885],[8.79984,52.23877],[8.80013,52.23863],[8.80083,52.23848],[8.80168,52.23844],[8.80239,52.23859],[8.80327,52.23857],[8.80337,52.23788],[8.80321,52.2376],[8.80277,52.23732],[8.80208,52.23712],[8.80193,52.23721]]]}},{"type":"Feature","properties":{"slice":"ura","kind":"wald"},"geometry":{"type":"Polygon","coordinates":[[[8.79661,52.23412],[8.79538,52.23359],[8.79412,52.23447],[8.79324,52.23487],[8.79274,52.23499],[8.79273,52.23532],[8.79385,52.23512],[8.79418,52.23513],[8.7946,52.23502],[8.79477,52.23487],[8.79499,52.23482],[8.79546,52.23483],[8.79585,52.23493],[8.79623,52.23478],[8.79633,52.23453],[8.79718,52.2346],[8.79776,52.23459],[8.79796,52.23457],[8.79816,52.23438],[8.79661,52.23412]]]}},{"type":"Feature","properties":{"slice":"ura","kind":"wald"},"geometry":{"type":"Polygon","coordinates":[[[8.78891,52.24507],[8.78913,52.24453],[8.78949,52.24415],[8.79001,52.24382],[8.79042,52.24329],[8.79029,52.24306],[8.78964,52.24275],[8.79044,52.24209],[8.79092,52.24191],[8.79096,52.24173],[8.79049,52.24133],[8.78978,52.24098],[8.78961,52.24105],[8.78967,52.24148],[8.78939,52.2416],[8.78887,52.2416],[8.78843,52.24175],[8.78829,52.24203],[8.78838,52.24214],[8.78889,52.24225],[8.78922,52.24224],[8.78921,52.24238],[8.78873,52.24256],[8.78725,52.2427],[8.78613,52.24295],[8.78613,52.24325],[8.78637,52.24342],[8.78927,52.24314],[8.79005,52.24321],[8.79003,52.24342],[8.7899,52.24356],[8.78962,52.2437],[8.78944,52.24394],[8.78889,52.24413],[8.78862,52.24444],[8.78841,52.24483],[8.78856,52.24504],[8.78842,52.24521],[8.78801,52.24524],[8.78787,52.2452],[8.78763,52.24536],[8.7874,52.24571],[8.78668,52.2462],[8.78641,52.2465],[8.78706,52.24636],[8.788,52.24604],[8.78853,52.24579],[8.78907,52.24547],[8.78891,52.24507]]]}},{"type":"Feature","properties":{"slice":"ura","kind":"wald"},"geometry":{"type":"Polygon","coordinates":[[[8.77017,52.24538],[8.76965,52.24536],[8.76947,52.24555],[8.76951,52.24595],[8.76877,52.24642],[8.76888,52.24702],[8.76948,52.24702],[8.7698,52.24688],[8.76982,52.24662],[8.77,52.24633],[8.77048,52.24601],[8.77047,52.24546],[8.77017,52.24538]]]}},{"type":"Feature","properties":{"slice":"ura","kind":"wald"},"geometry":{"type":"Polygon","coordinates":[[[8.76245,52.24313],[8.76176,52.24345],[8.761,52.24364],[8.7606,52.24382],[8.75922,52.24469],[8.7596,52.24481],[8.76061,52.24492],[8.76169,52.24461],[8.76275,52.24451],[8.76321,52.24418],[8.76354,52.24413],[8.76357,52.24435],[8.76347,52.24459],[8.7638,52.24493],[8.76402,52.24498],[8.76424,52.24484],[8.76413,52.24424],[8.76404,52.24402],[8.76374,52.24387],[8.76344,52.24382],[8.76292,52.24408],[8.76254,52.24414],[8.76136,52.24414],[8.76133,52.24406],[8.76216,52.24398],[8.76238,52.24385],[8.76311,52.24377],[8.76328,52.24368],[8.76319,52.24323],[8.76303,52.24311],[8.76245,52.24313]]]}},{"type":"Feature","properties":{"slice":"ura","kind":"wald"},"geometry":{"type":"Polygon","coordinates":[[[8.75896,52.24162],[8.75793,52.24185],[8.75717,52.24211],[8.7582,52.2429],[8.75955,52.24245],[8.7598,52.24152],[8.75896,52.24162]]]}},{"type":"Feature","properties":{"slice":"ura","kind":"wald"},"geometry":{"type":"Polygon","coordinates":[[[8.77039,52.23239],[8.77022,52.23276],[8.76922,52.23286],[8.76892,52.23297],[8.769,52.23331],[8.76973,52.23328],[8.76973,52.23356],[8.77089,52.23326],[8.77139,52.23328],[8.77252,52.23368],[8.77312,52.23409],[8.77345,52.23411],[8.77332,52.2339],[8.77284,52.23365],[8.77226,52.23321],[8.77184,52.23308],[8.77166,52.23294],[8.77191,52.2326],[8.77193,52.23232],[8.77039,52.23239]]]}},{"type":"Feature","properties":{"slice":"ura","kind":"wald"},"geometry":{"type":"Polygon","coordinates":[[[8.7768,52.23225],[8.77514,52.23267],[8.77535,52.2332],[8.77566,52.23322],[8.77598,52.23337],[8.77647,52.23346],[8.77704,52.23335],[8.77742,52.23321],[8.77768,52.23304],[8.77778,52.23282],[8.77756,52.2327],[8.77751,52.23256],[8.77762,52.23247],[8.77793,52.23244],[8.77796,52.23204],[8.7768,52.23225]]]}},{"type":"Feature","properties":{"slice":"ura","kind":"wald"},"geometry":{"type":"Polygon","coordinates":[[[8.77561,52.2396],[8.77495,52.23945],[8.77475,52.23934],[8.77466,52.23826],[8.77436,52.2381],[8.77416,52.23826],[8.77365,52.23948],[8.77372,52.23963],[8.77439,52.23988],[8.77534,52.23992],[8.77561,52.2396]]]}},{"type":"Feature","properties":{"slice":"ura","kind":"wald"},"geometry":{"type":"Polygon","coordinates":[[[8.77436,52.22478],[8.77312,52.22478],[8.77289,52.22564],[8.77282,52.22644],[8.77362,52.22651],[8.77436,52.22478]]]}},{"type":"Feature","properties":{"slice":"ura","kind":"wald"},"geometry":{"type":"Polygon","coordinates":[[[8.77823,52.22461],[8.7787,52.22431],[8.77874,52.22406],[8.77894,52.22388],[8.77891,52.22375],[8.77879,52.22366],[8.77901,52.22246],[8.77822,52.22251],[8.77746,52.22239],[8.77683,52.22221],[8.77635,52.22228],[8.77488,52.22195],[8.77454,52.2224],[8.77556,52.22265],[8.77708,52.22285],[8.77689,52.22314],[8.77565,52.22317],[8.77569,52.22354],[8.77604,52.22416],[8.77606,52.22443],[8.7763,52.22459],[8.77673,52.2246],[8.77734,52.22453],[8.77823,52.22461]]]}},{"type":"Feature","properties":{"slice":"ura","kind":"wald"},"geometry":{"type":"Polygon","coordinates":[[[8.78195,52.23359],[8.78103,52.23317],[8.78049,52.23355],[8.78079,52.2339],[8.78216,52.2348],[8.78247,52.23483],[8.78264,52.23473],[8.7832,52.23477],[8.78324,52.2338],[8.78195,52.23359]]]}},{"type":"Feature","properties":{"slice":"ura","kind":"wald"},"geometry":{"type":"Polygon","coordinates":[[[8.8001,52.21896],[8.79916,52.21872],[8.79895,52.21872],[8.79859,52.21886],[8.79813,52.22039],[8.79992,52.22062],[8.79981,52.22009],[8.80031,52.22009],[8.80053,52.219],[8.8001,52.21896]]]}},{"type":"Feature","properties":{"slice":"ura","kind":"wald"},"geometry":{"type":"Polygon","coordinates":[[[8.8131,52.20776],[8.81261,52.20744],[8.81249,52.20699],[8.81236,52.20685],[8.81199,52.20673],[8.81188,52.20662],[8.81205,52.20611],[8.81138,52.20589],[8.81107,52.2059],[8.81103,52.20626],[8.81043,52.20622],[8.80881,52.20573],[8.80802,52.20561],[8.80836,52.20581],[8.80938,52.20618],[8.80971,52.20642],[8.80977,52.20675],[8.80943,52.20696],[8.80942,52.20742],[8.81104,52.20768],[8.81128,52.20781],[8.81135,52.20796],[8.81158,52.20799],[8.81202,52.20788],[8.81286,52.20804],[8.8131,52.20776]]]}},{"type":"Feature","properties":{"slice":"ura","kind":"wald"},"geometry":{"type":"Polygon","coordinates":[[[8.81387,52.2011],[8.81227,52.20081],[8.81106,52.20052],[8.81079,52.20059],[8.81069,52.20078],[8.81075,52.20094],[8.81135,52.20125],[8.81214,52.20144],[8.81378,52.20173],[8.81387,52.2011]]]}},{"type":"Feature","properties":{"slice":"ura","kind":"wald"},"geometry":{"type":"Polygon","coordinates":[[[8.79697,52.20115],[8.79649,52.20173],[8.79589,52.20174],[8.79576,52.20189],[8.79586,52.20213],[8.79581,52.20227],[8.79568,52.20232],[8.79572,52.20272],[8.79645,52.20292],[8.79756,52.20132],[8.79697,52.20115]]]}},{"type":"Feature","properties":{"slice":"ura","kind":"wald"},"geometry":{"type":"Polygon","coordinates":[[[8.79066,52.20456],[8.78679,52.20444],[8.78586,52.20449],[8.78581,52.20517],[8.78614,52.20547],[8.78661,52.20563],[8.78814,52.20541],[8.78809,52.20518],[8.78873,52.20516],[8.78871,52.20547],[8.7893,52.20542],[8.78946,52.20521],[8.79057,52.20493],[8.7907,52.20482],[8.79092,52.20478],[8.79066,52.20456]]]}},{"type":"Feature","properties":{"slice":"ura","kind":"wald"},"geometry":{"type":"Polygon","coordinates":[[[8.46861,52.32248],[8.46582,52.32215],[8.4657,52.32303],[8.46875,52.32363],[8.46861,52.32248]]]}},{"type":"Feature","properties":{"slice":"ura","kind":"wald"},"geometry":{"type":"Polygon","coordinates":[[[8.45737,52.35486],[8.45573,52.35538],[8.45646,52.35625],[8.45739,52.35591],[8.45806,52.35575],[8.45737,52.35486]]]}},{"type":"Feature","properties":{"slice":"ura","kind":"wald"},"geometry":{"type":"Polygon","coordinates":[[[8.40882,52.37809],[8.40819,52.37781],[8.40772,52.37778],[8.40697,52.37784],[8.4062,52.378],[8.40544,52.378],[8.40473,52.37807],[8.40522,52.37855],[8.40793,52.37849],[8.40812,52.37832],[8.40882,52.37809]]]}},{"type":"Feature","properties":{"slice":"ura","kind":"wald"},"geometry":{"type":"Polygon","coordinates":[[[8.49037,52.38332],[8.48938,52.38327],[8.48882,52.38362],[8.4884,52.38347],[8.48804,52.38351],[8.48765,52.38381],[8.48764,52.38401],[8.4885,52.38451],[8.48972,52.38418],[8.49037,52.38332]]]}},{"type":"Feature","properties":{"slice":"ura","kind":"wald"},"geometry":{"type":"Polygon","coordinates":[[[8.49234,52.38516],[8.49217,52.38487],[8.49185,52.38478],[8.49162,52.38485],[8.49189,52.38649],[8.49319,52.3871],[8.4936,52.38712],[8.49354,52.38619],[8.49273,52.38616],[8.49278,52.38546],[8.49341,52.38549],[8.49327,52.38519],[8.49234,52.38516]]]}},{"type":"Feature","properties":{"slice":"ura","kind":"wald"},"geometry":{"type":"Polygon","coordinates":[[[8.47545,52.39653],[8.47278,52.39628],[8.47231,52.39615],[8.47239,52.39585],[8.47235,52.39529],[8.47298,52.39465],[8.47301,52.39444],[8.4723,52.39398],[8.47187,52.39386],[8.47089,52.39442],[8.47045,52.39448],[8.46993,52.39435],[8.46957,52.39468],[8.47079,52.39505],[8.47191,52.39559],[8.47194,52.39612],[8.47162,52.39635],[8.4715,52.39668],[8.47369,52.3973],[8.47447,52.39737],[8.47476,52.39704],[8.47524,52.39684],[8.47545,52.39653]]]}},{"type":"Feature","properties":{"slice":"ura","kind":"wald"},"geometry":{"type":"Polygon","coordinates":[[[8.4674,52.39315],[8.46674,52.39279],[8.46654,52.39243],[8.46656,52.39233],[8.46702,52.39195],[8.46687,52.39173],[8.46613,52.39172],[8.46587,52.39188],[8.46582,52.39208],[8.46597,52.39236],[8.4654,52.39286],[8.46451,52.3932],[8.46427,52.39341],[8.46422,52.39355],[8.46439,52.3939],[8.4644,52.3943],[8.46701,52.39389],[8.46789,52.39369],[8.4674,52.39315]]]}},{"type":"Feature","properties":{"slice":"ura","kind":"wald"},"geometry":{"type":"Polygon","coordinates":[[[8.46066,52.39891],[8.45981,52.39887],[8.45999,52.39836],[8.45946,52.39825],[8.45925,52.39797],[8.45913,52.3975],[8.45926,52.39703],[8.4585,52.39706],[8.45794,52.39778],[8.4583,52.3983],[8.4589,52.39861],[8.45891,52.39915],[8.46069,52.39911],[8.46066,52.39891]]]}},{"type":"Feature","properties":{"slice":"ura","kind":"wald"},"geometry":{"type":"Polygon","coordinates":[[[8.45479,52.39649],[8.45469,52.39612],[8.45422,52.39601],[8.45382,52.39583],[8.45382,52.39549],[8.45185,52.3956],[8.45178,52.3965],[8.45156,52.39676],[8.45104,52.39689],[8.4505,52.39689],[8.44987,52.39676],[8.44903,52.39684],[8.44891,52.39721],[8.44897,52.39764],[8.44927,52.39775],[8.4497,52.3978],[8.45029,52.39769],[8.45078,52.39768],[8.45126,52.3977],[8.45179,52.39779],[8.45218,52.39775],[8.45356,52.39708],[8.45368,52.39649],[8.45479,52.39649]]]}},{"type":"Feature","properties":{"slice":"ura","kind":"wald"},"geometry":{"type":"Polygon","coordinates":[[[8.40851,52.38046],[8.40768,52.38025],[8.40708,52.38025],[8.40681,52.38025],[8.4067,52.38033],[8.40665,52.38055],[8.4072,52.38062],[8.40714,52.38074],[8.40725,52.38088],[8.40699,52.38139],[8.40579,52.38185],[8.40565,52.3821],[8.4057,52.38228],[8.40616,52.38255],[8.40622,52.38268],[8.40593,52.38305],[8.40589,52.38336],[8.40643,52.38329],[8.40671,52.38307],[8.40745,52.38288],[8.4076,52.38306],[8.4072,52.38354],[8.40594,52.3839],[8.40542,52.38438],[8.40454,52.38413],[8.40443,52.38423],[8.40288,52.38441],[8.40282,52.38467],[8.40317,52.38465],[8.40324,52.38485],[8.40375,52.38466],[8.40435,52.38458],[8.40445,52.3847],[8.40356,52.38506],[8.40346,52.38545],[8.40294,52.38578],[8.4023,52.38589],[8.40202,52.386],[8.40242,52.38631],[8.40217,52.38741],[8.40472,52.38746],[8.4048,52.38714],[8.4043,52.38701],[8.40434,52.38665],[8.40389,52.38655],[8.40415,52.38623],[8.40409,52.38599],[8.4043,52.38588],[8.40463,52.38584],[8.40544,52.38582],[8.40504,52.38558],[8.40487,52.38534],[8.40492,52.3851],[8.40524,52.38492],[8.40558,52.38483],[8.40587,52.38482],[8.40623,52.38496],[8.40713,52.38578],[8.40733,52.38631],[8.40734,52.38685],[8.40714,52.38741],[8.40675,52.38776],[8.40478,52.38754],[8.40468,52.38779],[8.40676,52.38802],[8.40657,52.38829],[8.40455,52.38802],[8.40455,52.38832],[8.4065,52.38852],[8.40618,52.38933],[8.40896,52.38912],[8.40889,52.38889],[8.40719,52.38862],[8.40778,52.38741],[8.40892,52.38696],[8.40892,52.38658],[8.40929,52.38623],[8.40995,52.38595],[8.40992,52.38578],[8.40885,52.38567],[8.40816,52.38552],[8.40752,52.38519],[8.40717,52.38476],[8.40646,52.38423],[8.40647,52.38407],[8.4067,52.38396],[8.40701,52.38397],[8.40766,52.38372],[8.40839,52.38478],[8.40963,52.38432],[8.40891,52.38283],[8.40836,52.38233],[8.40822,52.38197],[8.40849,52.38149],[8.40817,52.38142],[8.40813,52.38108],[8.40847,52.38079],[8.40851,52.38046]]]}},{"type":"Feature","properties":{"slice":"ura","kind":"wald"},"geometry":{"type":"Polygon","coordinates":[[[8.41291,52.38118],[8.41307,52.38132],[8.41322,52.38163],[8.41453,52.38271],[8.41446,52.383],[8.41417,52.38331],[8.413,52.38396],[8.41292,52.38423],[8.4132,52.38432],[8.41503,52.38345],[8.41579,52.38282],[8.41567,52.38265],[8.41527,52.38247],[8.41504,52.38225],[8.41416,52.3818],[8.41337,52.38113],[8.41291,52.38118]]]}},{"type":"Feature","properties":{"slice":"ura","kind":"wald"},"geometry":{"type":"Polygon","coordinates":[[[8.41579,52.37858],[8.41489,52.37937],[8.41473,52.38],[8.41452,52.3802],[8.41417,52.38039],[8.41477,52.3808],[8.41533,52.3807],[8.41568,52.38046],[8.41581,52.38005],[8.41598,52.37984],[8.41592,52.37919],[8.4163,52.37858],[8.41579,52.37858]]]}},{"type":"Feature","properties":{"slice":"ura","kind":"wald"},"geometry":{"type":"Polygon","coordinates":[[[8.41341,52.38638],[8.41235,52.38591],[8.41189,52.38602],[8.41072,52.38594],[8.41069,52.38636],[8.41044,52.38679],[8.4105,52.38686],[8.41068,52.38693],[8.41118,52.38685],[8.41134,52.38688],[8.41145,52.3868],[8.41147,52.38645],[8.41193,52.38639],[8.41194,52.38695],[8.41239,52.38694],[8.41271,52.38715],[8.413,52.38712],[8.41282,52.38698],[8.41279,52.3865],[8.41341,52.38638]]]}},{"type":"Feature","properties":{"slice":"ura","kind":"wald"},"geometry":{"type":"Polygon","coordinates":[[[8.41692,52.38672],[8.41703,52.38603],[8.41693,52.38551],[8.417,52.38534],[8.41738,52.38524],[8.41894,52.38576],[8.41962,52.38588],[8.41985,52.38541],[8.42003,52.38523],[8.42,52.38456],[8.42009,52.3844],[8.41957,52.38422],[8.41909,52.38424],[8.41884,52.38433],[8.41879,52.38477],[8.41847,52.38504],[8.41773,52.38486],[8.41758,52.38507],[8.41709,52.38492],[8.41701,52.38458],[8.41676,52.3845],[8.4164,52.38463],[8.41663,52.38541],[8.41606,52.38556],[8.41603,52.38582],[8.41588,52.38593],[8.41514,52.38609],[8.41516,52.38623],[8.41533,52.38637],[8.41602,52.38662],[8.41692,52.38672]]]}},{"type":"Feature","properties":{"slice":"ura","kind":"wald"},"geometry":{"type":"Polygon","coordinates":[[[8.42261,52.3826],[8.42305,52.38224],[8.42295,52.38214],[8.42304,52.38199],[8.42285,52.38173],[8.42299,52.38152],[8.42316,52.38133],[8.42392,52.38109],[8.42401,52.38094],[8.42314,52.38074],[8.42279,52.38029],[8.42232,52.38013],[8.42191,52.38023],[8.42187,52.38041],[8.42173,52.38045],[8.42078,52.38042],[8.42071,52.38089],[8.42074,52.38105],[8.42121,52.3812],[8.42126,52.3817],[8.42145,52.38209],[8.42157,52.38219],[8.42208,52.38225],[8.42225,52.38245],[8.42261,52.3826]]]}},{"type":"Feature","properties":{"slice":"ura","kind":"wald"},"geometry":{"type":"Polygon","coordinates":[[[8.41902,52.38127],[8.41931,52.38086],[8.4196,52.38017],[8.42061,52.38017],[8.42096,52.38023],[8.42115,52.38016],[8.42126,52.37999],[8.4212,52.3796],[8.4205,52.37959],[8.42001,52.37916],[8.42001,52.37902],[8.41908,52.37911],[8.41884,52.37963],[8.41832,52.38016],[8.41889,52.38055],[8.41852,52.38122],[8.41819,52.38161],[8.41791,52.38176],[8.41788,52.38234],[8.41805,52.38227],[8.41863,52.38181],[8.42007,52.38198],[8.42033,52.38171],[8.42033,52.38146],[8.41902,52.38127]]]}},{"type":"Feature","properties":{"slice":"ura","kind":"wald"},"geometry":{"type":"Polygon","coordinates":[[[8.39162,52.38916],[8.39126,52.38904],[8.39049,52.38907],[8.38966,52.38921],[8.38896,52.38946],[8.38863,52.3898],[8.38857,52.39011],[8.38874,52.3905],[8.38923,52.39088],[8.38993,52.39095],[8.39064,52.3908],[8.39103,52.39038],[8.39171,52.38982],[8.39188,52.38938],[8.39162,52.38916]]]}},{"type":"Feature","properties":{"slice":"ura","kind":"wald"},"geometry":{"type":"Polygon","coordinates":[[[8.39963,52.38529],[8.3993,52.38523],[8.39933,52.38501],[8.39829,52.38481],[8.39868,52.38455],[8.39867,52.38428],[8.39844,52.38407],[8.39686,52.38425],[8.39618,52.38456],[8.39631,52.38477],[8.3969,52.38528],[8.39733,52.38637],[8.39767,52.38672],[8.39838,52.38645],[8.39911,52.38711],[8.39942,52.38707],[8.39975,52.38746],[8.40029,52.38733],[8.4003,52.38721],[8.40058,52.38701],[8.40043,52.38678],[8.39992,52.38659],[8.39989,52.38648],[8.39969,52.38633],[8.39949,52.38629],[8.39882,52.3863],[8.39832,52.38614],[8.39756,52.38561],[8.39765,52.3855],[8.39793,52.38539],[8.3983,52.38534],[8.39953,52.3855],[8.39963,52.38529]]]}},{"type":"Feature","properties":{"slice":"ura","kind":"wald"},"geometry":{"type":"Polygon","coordinates":[[[8.4055,52.3904],[8.4054,52.39074],[8.40466,52.39143],[8.40414,52.39149],[8.404,52.39216],[8.40428,52.39229],[8.40416,52.39259],[8.40374,52.3926],[8.40346,52.39323],[8.40387,52.39328],[8.40407,52.39348],[8.40467,52.39365],[8.40692,52.39328],[8.40657,52.39268],[8.40608,52.39261],[8.40608,52.39248],[8.40628,52.39229],[8.40672,52.39221],[8.40824,52.39232],[8.4085,52.39212],[8.40898,52.39197],[8.40876,52.39121],[8.40881,52.39071],[8.4055,52.3904]]]}},{"type":"Feature","properties":{"slice":"ura","kind":"wald"},"geometry":{"type":"Polygon","coordinates":[[[8.42505,52.3882],[8.42497,52.38789],[8.42468,52.38787],[8.42417,52.3881],[8.42328,52.3882],[8.42255,52.38838],[8.42246,52.38847],[8.4225,52.38881],[8.42106,52.38914],[8.42019,52.38948],[8.42226,52.39106],[8.42281,52.39086],[8.42265,52.3904],[8.42316,52.3902],[8.42278,52.3896],[8.42369,52.38933],[8.42428,52.38899],[8.42541,52.3885],[8.42505,52.3882]]]}},{"type":"Feature","properties":{"slice":"ura","kind":"wald"},"geometry":{"type":"Polygon","coordinates":[[[8.41637,52.39826],[8.41722,52.39842],[8.41865,52.3984],[8.41876,52.39767],[8.41959,52.39747],[8.41975,52.39716],[8.42018,52.39694],[8.42032,52.3967],[8.41973,52.39644],[8.41902,52.39658],[8.41879,52.39668],[8.41934,52.3972],[8.41778,52.39742],[8.41597,52.39805],[8.41637,52.39826]]]}},{"type":"Feature","properties":{"slice":"ura","kind":"wald"},"geometry":{"type":"Polygon","coordinates":[[[8.43754,52.39685],[8.43708,52.39629],[8.43714,52.39602],[8.43705,52.39577],[8.43679,52.39549],[8.4368,52.39638],[8.43617,52.39669],[8.43573,52.3967],[8.43537,52.39686],[8.43473,52.39696],[8.43454,52.39587],[8.43414,52.39545],[8.43391,52.39545],[8.43359,52.39561],[8.43361,52.39603],[8.43329,52.39622],[8.43228,52.39643],[8.43236,52.3969],[8.43198,52.39699],[8.43204,52.3971],[8.43228,52.39717],[8.43273,52.39718],[8.43349,52.39691],[8.43379,52.39719],[8.43444,52.39728],[8.43455,52.39752],[8.43482,52.39748],[8.43577,52.3971],[8.43625,52.39699],[8.4371,52.39702],[8.43754,52.39685]]]}},{"type":"Feature","properties":{"slice":"ura","kind":"wald"},"geometry":{"type":"Polygon","coordinates":[[[8.44378,52.39307],[8.44299,52.39311],[8.44256,52.39344],[8.44284,52.39389],[8.4429,52.39424],[8.44266,52.39455],[8.44215,52.39481],[8.44222,52.39562],[8.44241,52.39562],[8.44269,52.39538],[8.4429,52.39495],[8.4435,52.39501],[8.44325,52.39573],[8.44388,52.39593],[8.44401,52.39552],[8.44401,52.39516],[8.44358,52.39471],[8.44354,52.39439],[8.44414,52.3942],[8.44414,52.39358],[8.44412,52.39314],[8.44378,52.39307]]]}},{"type":"Feature","properties":{"slice":"ura","kind":"wald"},"geometry":{"type":"Polygon","coordinates":[[[8.44463,52.37511],[8.4441,52.37495],[8.44327,52.37498],[8.44277,52.37478],[8.4424,52.37471],[8.44047,52.37482],[8.44054,52.37517],[8.44046,52.37638],[8.4412,52.37624],[8.44162,52.3761],[8.44201,52.37573],[8.44271,52.3757],[8.44373,52.37556],[8.44356,52.37644],[8.44393,52.37709],[8.44424,52.37673],[8.44423,52.37635],[8.44463,52.37511]]]}},{"type":"Feature","properties":{"slice":"ura","kind":"wald"},"geometry":{"type":"Polygon","coordinates":[[[8.45022,52.37969],[8.44972,52.38054],[8.44977,52.38145],[8.45004,52.38164],[8.4505,52.38163],[8.45149,52.38134],[8.45196,52.38131],[8.45249,52.38115],[8.45271,52.38097],[8.45349,52.38125],[8.45377,52.38106],[8.45466,52.38172],[8.4558,52.38178],[8.45573,52.38143],[8.45554,52.38115],[8.45567,52.3808],[8.45561,52.38042],[8.45464,52.3807],[8.45429,52.38038],[8.45354,52.38006],[8.45372,52.37814],[8.45423,52.37822],[8.45433,52.378],[8.45427,52.37786],[8.45339,52.37738],[8.45314,52.37708],[8.45287,52.3771],[8.45298,52.37767],[8.45241,52.37787],[8.4524,52.37812],[8.45214,52.37835],[8.4511,52.37883],[8.45022,52.37969]]]}},{"type":"Feature","properties":{"slice":"ura","kind":"wald"},"geometry":{"type":"Polygon","coordinates":[[[8.45777,52.37663],[8.45824,52.37606],[8.45876,52.37568],[8.45725,52.37532],[8.45715,52.37488],[8.4569,52.37495],[8.45658,52.37589],[8.45665,52.37603],[8.45777,52.37663]]]}},{"type":"Feature","properties":{"slice":"ura","kind":"wald"},"geometry":{"type":"Polygon","coordinates":[[[8.47148,52.37018],[8.47095,52.3697],[8.47068,52.36927],[8.47031,52.36969],[8.4699,52.36995],[8.46975,52.37035],[8.46989,52.37078],[8.47012,52.37109],[8.47025,52.37106],[8.47035,52.37111],[8.47041,52.3704],[8.47126,52.37032],[8.47148,52.37018]]]}},{"type":"Feature","properties":{"slice":"ura","kind":"wald"},"geometry":{"type":"Polygon","coordinates":[[[8.47427,52.37967],[8.47431,52.38015],[8.47453,52.3803],[8.47477,52.38065],[8.47472,52.38122],[8.4756,52.38131],[8.47572,52.38097],[8.47539,52.37974],[8.47506,52.37965],[8.47407,52.37921],[8.47427,52.37967]]]}},{"type":"Feature","properties":{"slice":"ura","kind":"wald"},"geometry":{"type":"Polygon","coordinates":[[[8.43867,52.36122],[8.44122,52.36116],[8.44151,52.36076],[8.44156,52.36054],[8.44078,52.36052],[8.44066,52.36009],[8.43939,52.35988],[8.43867,52.36122]]]}},{"type":"Feature","properties":{"slice":"ura","kind":"wald"},"geometry":{"type":"Polygon","coordinates":[[[8.47875,52.3369],[8.47882,52.33642],[8.47826,52.33615],[8.478,52.33564],[8.4768,52.33528],[8.47674,52.33673],[8.47723,52.33681],[8.47754,52.33703],[8.47759,52.33736],[8.47875,52.3369]]]}},{"type":"Feature","properties":{"slice":"ura","kind":"wald"},"geometry":{"type":"Polygon","coordinates":[[[8.4592,52.32495],[8.45957,52.32334],[8.46007,52.32206],[8.45947,52.32209],[8.4594,52.32255],[8.45899,52.32257],[8.45882,52.32333],[8.45925,52.32343],[8.45808,52.32539],[8.45739,52.32613],[8.45783,52.32611],[8.45815,52.32595],[8.45861,52.32593],[8.45922,52.32601],[8.4592,52.32495]]]}},{"type":"Feature","properties":{"slice":"ura","kind":"wald"},"geometry":{"type":"Polygon","coordinates":[[[8.717,52.30088],[8.71682,52.30056],[8.71683,52.30041],[8.71669,52.30023],[8.71511,52.30001],[8.71387,52.29998],[8.71329,52.30002],[8.71312,52.3001],[8.71307,52.30027],[8.71372,52.30178],[8.71442,52.30185],[8.71467,52.30181],[8.71488,52.30163],[8.71605,52.30154],[8.71739,52.30127],[8.717,52.30088]]]}},{"type":"Feature","properties":{"slice":"ura","kind":"wald"},"geometry":{"type":"Polygon","coordinates":[[[8.716,52.30475],[8.71328,52.30522],[8.71311,52.30504],[8.7136,52.30482],[8.7135,52.30476],[8.71291,52.30484],[8.71274,52.30472],[8.71406,52.30446],[8.71421,52.30437],[8.71393,52.30425],[8.71353,52.3042],[8.71304,52.30424],[8.71245,52.30442],[8.7118,52.30418],[8.71129,52.30408],[8.71124,52.30379],[8.7113,52.30358],[8.71144,52.30342],[8.71173,52.30332],[8.71182,52.30322],[8.71123,52.30308],[8.71097,52.30292],[8.71056,52.30296],[8.71033,52.30323],[8.71037,52.30354],[8.71081,52.30409],[8.71132,52.30429],[8.7122,52.30443],[8.71248,52.30483],[8.71301,52.30529],[8.71376,52.30621],[8.714,52.30627],[8.71613,52.30591],[8.71593,52.30559],[8.71603,52.30528],[8.71654,52.30481],[8.71642,52.3046],[8.716,52.30475]]]}},{"type":"Feature","properties":{"slice":"ura","kind":"wald"},"geometry":{"type":"Polygon","coordinates":[[[8.71774,52.3018],[8.71379,52.30252],[8.71333,52.30194],[8.71332,52.30152],[8.71282,52.30019],[8.7125,52.30015],[8.71236,52.3],[8.71174,52.30007],[8.71178,52.30034],[8.71157,52.3004],[8.71181,52.30082],[8.71212,52.30081],[8.712,52.30043],[8.71246,52.30034],[8.71266,52.30086],[8.71283,52.3016],[8.71225,52.30169],[8.7125,52.30233],[8.71244,52.30258],[8.71222,52.30254],[8.71206,52.3023],[8.71195,52.30178],[8.71158,52.30092],[8.71101,52.30076],[8.71125,52.30115],[8.71141,52.30188],[8.71182,52.30289],[8.71221,52.303],[8.71238,52.30311],[8.71785,52.30209],[8.71774,52.3018]]]}},{"type":"Feature","properties":{"slice":"ura","kind":"wald"},"geometry":{"type":"Polygon","coordinates":[[[8.73013,52.31088],[8.72923,52.30997],[8.72721,52.31062],[8.72828,52.31128],[8.72911,52.31127],[8.73013,52.31088]]]}},{"type":"Feature","properties":{"slice":"ura","kind":"wald"},"geometry":{"type":"Polygon","coordinates":[[[8.74375,52.30713],[8.74294,52.30723],[8.74254,52.30736],[8.74221,52.30785],[8.74206,52.30868],[8.74245,52.30872],[8.74314,52.30864],[8.7435,52.30817],[8.74387,52.30786],[8.74413,52.30739],[8.74439,52.3072],[8.74375,52.30713]]]}},{"type":"Feature","properties":{"slice":"ura","kind":"wald"},"geometry":{"type":"Polygon","coordinates":[[[8.76689,52.29991],[8.76598,52.29991],[8.7653,52.29983],[8.76509,52.29953],[8.76433,52.29896],[8.76355,52.29873],[8.76417,52.29972],[8.76483,52.30044],[8.76711,52.30025],[8.76735,52.30014],[8.76689,52.29991]]]}},{"type":"Feature","properties":{"slice":"ura","kind":"wald"},"geometry":{"type":"Polygon","coordinates":[[[8.81987,52.31184],[8.81967,52.3114],[8.81913,52.31172],[8.819,52.31207],[8.8193,52.31259],[8.82066,52.31233],[8.81987,52.31184]]]}},{"type":"Feature","properties":{"slice":"ura","kind":"wald"},"geometry":{"type":"Polygon","coordinates":[[[8.70421,52.31347],[8.70321,52.31369],[8.7036,52.31423],[8.70363,52.31445],[8.704,52.31454],[8.70415,52.31479],[8.70507,52.31451],[8.70489,52.3141],[8.70421,52.31347]]]}},{"type":"Feature","properties":{"slice":"ura","kind":"wald"},"geometry":{"type":"Polygon","coordinates":[[[8.77319,52.32528],[8.77393,52.32505],[8.77408,52.32491],[8.77402,52.32482],[8.7738,52.32475],[8.77353,52.32478],[8.77311,52.32493],[8.77275,52.32508],[8.77252,52.32537],[8.77137,52.3259],[8.77093,52.32632],[8.77067,52.32671],[8.77079,52.32679],[8.77129,52.32677],[8.77228,52.32587],[8.77271,52.32567],[8.77319,52.32528]]]}},{"type":"Feature","properties":{"slice":"ura","kind":"wald"},"geometry":{"type":"Polygon","coordinates":[[[8.79759,52.33864],[8.79701,52.33887],[8.7966,52.33882],[8.79608,52.3389],[8.79613,52.33906],[8.79673,52.33905],[8.79664,52.33977],[8.79743,52.33975],[8.79789,52.33937],[8.79791,52.33905],[8.79805,52.33879],[8.79759,52.33864]]]}},{"type":"Feature","properties":{"slice":"ura","kind":"wald"},"geometry":{"type":"Polygon","coordinates":[[[8.79765,52.34052],[8.79684,52.34147],[8.79722,52.34173],[8.79817,52.34075],[8.79765,52.34052]]]}},{"type":"Feature","properties":{"slice":"ura","kind":"wald"},"geometry":{"type":"Polygon","coordinates":[[[8.80969,52.34553],[8.809,52.34559],[8.80901,52.34582],[8.80914,52.34601],[8.80912,52.34627],[8.80936,52.34639],[8.80968,52.34623],[8.81063,52.34594],[8.81046,52.34565],[8.81096,52.34556],[8.81078,52.34487],[8.80971,52.34495],[8.80969,52.34553]]]}},{"type":"Feature","properties":{"slice":"ura","kind":"wald"},"geometry":{"type":"Polygon","coordinates":[[[8.82483,52.35036],[8.82422,52.34963],[8.8239,52.34894],[8.82394,52.34853],[8.82362,52.34899],[8.82348,52.34965],[8.82389,52.35079],[8.82426,52.35095],[8.82491,52.3507],[8.82483,52.35036]]]}},{"type":"Feature","properties":{"slice":"ura","kind":"wald"},"geometry":{"type":"Polygon","coordinates":[[[8.79988,52.35467],[8.79911,52.35409],[8.7988,52.35404],[8.79832,52.35477],[8.79792,52.35578],[8.79827,52.35589],[8.7997,52.35572],[8.80014,52.35543],[8.7996,52.35511],[8.79947,52.35493],[8.79988,52.35467]]]}},{"type":"Feature","properties":{"slice":"ura","kind":"wald"},"geometry":{"type":"Polygon","coordinates":[[[8.6811,52.37652],[8.6802,52.37656],[8.68049,52.37722],[8.68252,52.37744],[8.68233,52.37625],[8.6811,52.37652]]]}},{"type":"Feature","properties":{"slice":"ura","kind":"wald"},"geometry":{"type":"Polygon","coordinates":[[[8.69269,52.36711],[8.68842,52.36572],[8.68818,52.36695],[8.68855,52.36763],[8.68848,52.36798],[8.68936,52.36813],[8.68952,52.36761],[8.68963,52.3665],[8.69097,52.36686],[8.69181,52.36735],[8.69169,52.36779],[8.6913,52.36816],[8.69156,52.36826],[8.69205,52.36769],[8.69222,52.36731],[8.69241,52.36724],[8.69301,52.36749],[8.69317,52.36734],[8.69269,52.36711]]]}},{"type":"Feature","properties":{"slice":"ura","kind":"wald"},"geometry":{"type":"Polygon","coordinates":[[[8.74929,52.37058],[8.74893,52.37131],[8.74868,52.37137],[8.74825,52.37167],[8.74788,52.37183],[8.74664,52.37124],[8.74561,52.3706],[8.74475,52.37028],[8.74361,52.37026],[8.7436,52.37038],[8.74528,52.37098],[8.74578,52.37123],[8.74575,52.37156],[8.74729,52.37235],[8.7485,52.37215],[8.74938,52.37207],[8.74948,52.37112],[8.74988,52.37104],[8.74929,52.37058]]]}},{"type":"Feature","properties":{"slice":"ura","kind":"wald"},"geometry":{"type":"Polygon","coordinates":[[[8.71811,52.38064],[8.71582,52.38284],[8.71517,52.38275],[8.7145,52.38254],[8.71279,52.3824],[8.71165,52.38033],[8.71064,52.38063],[8.71116,52.38159],[8.71159,52.3828],[8.71306,52.38275],[8.71358,52.38327],[8.7147,52.38393],[8.71423,52.38387],[8.7116,52.38463],[8.71168,52.38491],[8.71288,52.3862],[8.71557,52.38821],[8.71499,52.38836],[8.71522,52.38855],[8.71803,52.38785],[8.71738,52.38713],[8.71909,52.38612],[8.71806,52.38579],[8.71959,52.3845],[8.72084,52.38499],[8.72113,52.38466],[8.72096,52.38449],[8.71932,52.38389],[8.71931,52.3837],[8.71944,52.38342],[8.72066,52.38203],[8.71908,52.38127],[8.71811,52.38064]]]}},{"type":"Feature","properties":{"slice":"ura","kind":"wald"},"geometry":{"type":"Polygon","coordinates":[[[8.68401,52.38032],[8.6836,52.38055],[8.685,52.38185],[8.68565,52.38308],[8.68704,52.38298],[8.68539,52.38026],[8.68401,52.38032]]]}},{"type":"Feature","properties":{"slice":"ura","kind":"wald"},"geometry":{"type":"Polygon","coordinates":[[[8.72817,52.3913],[8.7274,52.39068],[8.72702,52.39025],[8.72606,52.39064],[8.72593,52.3904],[8.72567,52.39039],[8.72527,52.39051],[8.72471,52.39053],[8.72499,52.3909],[8.72547,52.39112],[8.72519,52.39145],[8.72591,52.39211],[8.72629,52.39289],[8.72664,52.39419],[8.72755,52.39471],[8.72799,52.39468],[8.72819,52.39447],[8.72855,52.39431],[8.72886,52.3943],[8.72924,52.39415],[8.72965,52.39423],[8.73009,52.394],[8.7303,52.39376],[8.72913,52.3929],[8.72878,52.39259],[8.7286,52.39226],[8.72952,52.39211],[8.72953,52.39199],[8.72817,52.3913]]]}},{"type":"Feature","properties":{"slice":"ura","kind":"wald"},"geometry":{"type":"Polygon","coordinates":[[[8.71811,52.39134],[8.71722,52.39198],[8.71727,52.39229],[8.7176,52.39287],[8.71782,52.39301],[8.71915,52.39247],[8.71879,52.39197],[8.71811,52.39134]]]}},{"type":"Feature","properties":{"slice":"ura","kind":"wald"},"geometry":{"type":"Polygon","coordinates":[[[8.68208,52.39128],[8.67838,52.3958],[8.67818,52.39645],[8.6808,52.39678],[8.68086,52.39711],[8.68096,52.39713],[8.68366,52.39724],[8.68612,52.39774],[8.68692,52.39623],[8.68947,52.3964],[8.69347,52.39682],[8.69612,52.39404],[8.6943,52.39376],[8.68912,52.39349],[8.68861,52.39341],[8.68208,52.39128]]]}},{"type":"Feature","properties":{"slice":"ura","kind":"wald"},"geometry":{"type":"Polygon","coordinates":[[[8.67723,52.39753],[8.67553,52.39758],[8.67104,52.3984],[8.67147,52.39875],[8.67148,52.39891],[8.6766,52.39891],[8.67723,52.39753]]]}},{"type":"Feature","properties":{"slice":"ura","kind":"wald"},"geometry":{"type":"MultiPolygon","coordinates":[[[[8.70056,52.39934],[8.70091,52.39936],[8.70107,52.39968],[8.70041,52.40003],[8.69967,52.40028],[8.6994,52.40057],[8.69936,52.40089],[8.69946,52.40123],[8.69977,52.40153],[8.69946,52.40199],[8.69965,52.40221],[8.70003,52.40233],[8.69992,52.40277],[8.69999,52.40299],[8.69989,52.40324],[8.69863,52.40328],[8.69823,52.40344],[8.69828,52.40385],[8.69841,52.4047],[8.69875,52.40527],[8.70001,52.40589],[8.70023,52.40557],[8.70065,52.40551],[8.70108,52.40554],[8.70153,52.40601],[8.70174,52.40596],[8.70198,52.40573],[8.70207,52.40533],[8.70202,52.40509],[8.70153,52.4044],[8.70511,52.40285],[8.70638,52.40206],[8.70686,52.40118],[8.70767,52.39915],[8.70753,52.39871],[8.70623,52.3983],[8.70207,52.39725],[8.70095,52.39719],[8.70006,52.39723],[8.699,52.3976],[8.69831,52.39814],[8.69902,52.39861],[8.69965,52.39858],[8.70053,52.39914],[8.70056,52.39934]]],[[[8.69512,52.3991],[8.69485,52.39983],[8.69489,52.40014],[8.69541,52.40039],[8.69601,52.40032],[8.6965,52.39991],[8.69665,52.39917],[8.69512,52.3991]]]]}},{"type":"Feature","properties":{"slice":"ura","kind":"wald"},"geometry":{"type":"Polygon","coordinates":[[[8.88433,52.3102],[8.88537,52.31008],[8.88576,52.31075],[8.88373,52.31116],[8.88422,52.31241],[8.88711,52.31157],[8.887,52.31141],[8.88604,52.31149],[8.88626,52.31072],[8.88668,52.31054],[8.88635,52.31002],[8.88623,52.30941],[8.88415,52.30986],[8.88433,52.3102]]]}},{"type":"Feature","properties":{"slice":"ura","kind":"wald"},"geometry":{"type":"Polygon","coordinates":[[[8.89095,52.3143],[8.89244,52.31399],[8.89217,52.31337],[8.89101,52.31343],[8.88961,52.31335],[8.8892,52.31396],[8.89095,52.3143]]]}},{"type":"Feature","properties":{"slice":"ura","kind":"wald"},"geometry":{"type":"Polygon","coordinates":[[[8.92284,52.31395],[8.92253,52.31454],[8.92204,52.31494],[8.92211,52.31607],[8.92291,52.31558],[8.92312,52.31608],[8.92339,52.31602],[8.92325,52.31536],[8.92347,52.31523],[8.92316,52.31384],[8.92284,52.31395]]]}},{"type":"Feature","properties":{"slice":"ura","kind":"wald"},"geometry":{"type":"MultiPolygon","coordinates":[[[[8.94417,52.31434],[8.94538,52.3142],[8.94546,52.31308],[8.9437,52.3133],[8.94417,52.31434]]],[[[8.94456,52.31524],[8.94556,52.31515],[8.94552,52.31454],[8.94427,52.31463],[8.94456,52.31524]]]]}},{"type":"Feature","properties":{"slice":"ura","kind":"wald"},"geometry":{"type":"Polygon","coordinates":[[[8.94388,52.31586],[8.94406,52.31643],[8.94511,52.3163],[8.94523,52.31656],[8.94446,52.31664],[8.94449,52.31709],[8.94647,52.31693],[8.9466,52.31642],[8.94655,52.31571],[8.94516,52.31573],[8.94388,52.31586]]]}},{"type":"Feature","properties":{"slice":"ura","kind":"wald"},"geometry":{"type":"MultiPolygon","coordinates":[[[[8.94506,52.31784],[8.94492,52.31767],[8.94057,52.31844],[8.94075,52.31881],[8.94506,52.31803],[8.94506,52.31784]]],[[[8.94566,52.31747],[8.94592,52.31789],[8.94747,52.31766],[8.94729,52.31724],[8.94566,52.31747]]]]}},{"type":"Feature","properties":{"slice":"ura","kind":"wald"},"geometry":{"type":"Polygon","coordinates":[[[8.95919,52.31498],[8.95862,52.31549],[8.95858,52.31606],[8.95903,52.31786],[8.95937,52.31806],[8.95996,52.31675],[8.96009,52.31579],[8.95919,52.31498]]]}},{"type":"Feature","properties":{"slice":"ura","kind":"wald"},"geometry":{"type":"Polygon","coordinates":[[[8.95583,52.32336],[8.95501,52.32318],[8.9539,52.3232],[8.95344,52.32346],[8.95287,52.32427],[8.95235,52.32458],[8.95109,52.32509],[8.94959,52.32588],[8.9499,52.32619],[8.95085,52.32655],[8.95097,52.32686],[8.95265,52.32682],[8.95275,52.32646],[8.95359,52.32637],[8.95418,52.3262],[8.95461,52.32562],[8.95591,52.32541],[8.95612,52.32507],[8.95586,52.32463],[8.95642,52.32437],[8.95629,52.3238],[8.95583,52.32336]]]}},{"type":"Feature","properties":{"slice":"ura","kind":"wald"},"geometry":{"type":"Polygon","coordinates":[[[8.93964,52.32012],[8.93906,52.31983],[8.93848,52.31988],[8.93797,52.32014],[8.93786,52.32027],[8.93861,52.32066],[8.93962,52.32077],[8.94012,52.32074],[8.93964,52.32012]]]}},{"type":"Feature","properties":{"slice":"ura","kind":"wald"},"geometry":{"type":"Polygon","coordinates":[[[8.9416,52.32397],[8.94013,52.32402],[8.93981,52.32426],[8.93756,52.32419],[8.93757,52.32466],[8.93954,52.32475],[8.93988,52.32471],[8.93998,52.32445],[8.94162,52.32435],[8.9416,52.32397]]]}},{"type":"Feature","properties":{"slice":"ura","kind":"wald"},"geometry":{"type":"Polygon","coordinates":[[[8.93221,52.32533],[8.93192,52.32589],[8.93083,52.32543],[8.93034,52.32548],[8.93017,52.32584],[8.93001,52.32631],[8.9303,52.3269],[8.9312,52.32818],[8.93162,52.3281],[8.93166,52.32728],[8.93148,52.32652],[8.93173,52.32648],[8.93241,52.32659],[8.93288,52.32658],[8.93325,52.32631],[8.9335,52.32597],[8.93255,52.32514],[8.93221,52.32533]]]}},{"type":"Feature","properties":{"slice":"ura","kind":"wald"},"geometry":{"type":"Polygon","coordinates":[[[8.92747,52.32976],[8.92662,52.33043],[8.92652,52.33071],[8.92584,52.3309],[8.92672,52.33157],[8.92715,52.33141],[8.92656,52.33095],[8.9267,52.33071],[8.92769,52.33037],[8.92786,52.33074],[8.92983,52.33299],[8.93021,52.33257],[8.92984,52.3322],[8.92896,52.33088],[8.92829,52.33013],[8.92747,52.32976]]]}},{"type":"Feature","properties":{"slice":"ura","kind":"wald"},"geometry":{"type":"Polygon","coordinates":[[[8.94567,52.33398],[8.94426,52.33398],[8.94356,52.33392],[8.94286,52.33419],[8.94183,52.33426],[8.94161,52.33437],[8.94238,52.33608],[8.94404,52.33662],[8.94465,52.33695],[8.94507,52.33684],[8.94531,52.33665],[8.94618,52.3358],[8.94637,52.33546],[8.94613,52.33419],[8.94567,52.33398]]]}},{"type":"Feature","properties":{"slice":"ura","kind":"wald"},"geometry":{"type":"Polygon","coordinates":[[[8.96045,52.35977],[8.96175,52.36057],[8.96313,52.36012],[8.96203,52.3589],[8.96294,52.35864],[8.96312,52.35844],[8.9626,52.35826],[8.96132,52.35825],[8.96136,52.35853],[8.96026,52.35882],[8.96051,52.35907],[8.96003,52.35926],[8.95934,52.3591],[8.95762,52.35774],[8.95813,52.35752],[8.96002,52.35758],[8.96408,52.35802],[8.96445,52.35803],[8.96453,52.35782],[8.96051,52.35536],[8.95878,52.35421],[8.95774,52.35365],[8.95746,52.35329],[8.95747,52.35308],[8.95787,52.35277],[8.95686,52.35217],[8.9531,52.34945],[8.94743,52.3455],[8.94583,52.34486],[8.94334,52.34493],[8.94256,52.34487],[8.94305,52.34471],[8.94425,52.34461],[8.94438,52.34436],[8.94519,52.34423],[8.94543,52.34406],[8.94515,52.34365],[8.94348,52.34268],[8.94273,52.34245],[8.94049,52.34088],[8.93755,52.33855],[8.93639,52.33782],[8.93508,52.33668],[8.93346,52.33508],[8.93264,52.33464],[8.93156,52.33425],[8.93086,52.3341],[8.93066,52.33428],[8.93061,52.3345],[8.93299,52.33582],[8.93367,52.33681],[8.93897,52.34038],[8.9404,52.3416],[8.94121,52.34203],[8.94193,52.34291],[8.94276,52.34317],[8.94312,52.34335],[8.94384,52.34339],[8.94386,52.34379],[8.94288,52.34441],[8.94246,52.34454],[8.9416,52.34445],[8.94067,52.34445],[8.93962,52.34466],[8.93886,52.34466],[8.93883,52.34443],[8.93937,52.34419],[8.94055,52.3441],[8.94082,52.34402],[8.94032,52.34364],[8.93997,52.34324],[8.93861,52.34264],[8.93742,52.34225],[8.93627,52.3421],[8.9356,52.34217],[8.93546,52.34246],[8.93451,52.34282],[8.93423,52.34315],[8.93344,52.34327],[8.93287,52.34313],[8.93276,52.343],[8.93094,52.343],[8.93096,52.34243],[8.92962,52.34232],[8.93009,52.3433],[8.93086,52.34327],[8.93066,52.34393],[8.93096,52.34412],[8.93145,52.34418],[8.93165,52.34338],[8.93248,52.34342],[8.93261,52.3442],[8.9337,52.34425],[8.9349,52.34457],[8.93523,52.34456],[8.93543,52.34436],[8.93527,52.34391],[8.93537,52.34319],[8.93521,52.34281],[8.93631,52.34274],[8.93643,52.34298],[8.93708,52.34298],[8.93734,52.3431],[8.93786,52.34306],[8.93815,52.3432],[8.93843,52.34371],[8.93846,52.34394],[8.93835,52.34432],[8.93803,52.34436],[8.93648,52.34435],[8.93655,52.34455],[8.93774,52.3447],[8.93829,52.34481],[8.93847,52.34492],[8.9385,52.345],[8.93814,52.34513],[8.93811,52.34614],[8.93845,52.3464],[8.93925,52.34674],[8.9399,52.34716],[8.93993,52.34737],[8.94006,52.34746],[8.94026,52.34791],[8.9401,52.34818],[8.94055,52.34854],[8.94073,52.3488],[8.93917,52.34991],[8.93877,52.35028],[8.93969,52.35097],[8.94491,52.35277],[8.94516,52.35518],[8.94426,52.3553],[8.9452,52.35864],[8.93419,52.35949],[8.93307,52.3591],[8.93164,52.35935],[8.93596,52.36728],[8.93655,52.36758],[8.93709,52.36766],[8.93742,52.36787],[8.93771,52.36789],[8.94078,52.36862],[8.94154,52.36858],[8.94272,52.36888],[8.94355,52.36878],[8.94421,52.36848],[8.94433,52.36835],[8.94441,52.36805],[8.94419,52.36744],[8.94534,52.36694],[8.94575,52.3669],[8.95215,52.36344],[8.95811,52.36327],[8.9607,52.3623],[8.9603,52.36185],[8.96035,52.36172],[8.96204,52.3611],[8.96161,52.36085],[8.96023,52.36137],[8.95975,52.36084],[8.95841,52.35997],[8.95963,52.35935],[8.96017,52.3595],[8.96045,52.35977]],[[8.95259,52.35906],[8.95251,52.35809],[8.94594,52.35848],[8.94589,52.35802],[8.94651,52.35794],[8.94667,52.35654],[8.9455,52.35653],[8.94523,52.35534],[8.94557,52.35522],[8.95251,52.35467],[8.95129,52.35439],[8.95249,52.35409],[8.95356,52.35463],[8.95318,52.35506],[8.95446,52.35709],[8.95499,52.35773],[8.95531,52.35887],[8.95259,52.35906]],[[8.94836,52.36297],[8.94582,52.36387],[8.94487,52.36413],[8.94457,52.36401],[8.94477,52.36385],[8.94612,52.36338],[8.94631,52.36314],[8.94764,52.36269],[8.94825,52.36254],[8.94859,52.36263],[8.9486,52.36276],[8.94836,52.36297]],[[8.95083,52.36253],[8.94988,52.36257],[8.94921,52.36183],[8.94931,52.36162],[8.95047,52.36179],[8.95093,52.36194],[8.95119,52.36237],[8.95083,52.36253]]]}},{"type":"Feature","properties":{"slice":"ura","kind":"wald"},"geometry":{"type":"Polygon","coordinates":[[[8.86311,52.32921],[8.86188,52.32928],[8.86178,52.32872],[8.8615,52.32857],[8.85918,52.32981],[8.86003,52.33036],[8.86176,52.3298],[8.86188,52.33082],[8.86125,52.33093],[8.86179,52.33147],[8.86209,52.33165],[8.86263,52.33134],[8.86285,52.33144],[8.86325,52.33138],[8.86338,52.33063],[8.86329,52.32955],[8.86311,52.32921]],[[8.86276,52.33064],[8.86204,52.33031],[8.86205,52.33019],[8.86245,52.33004],[8.86316,52.33047],[8.86276,52.33064]]]}},{"type":"Feature","properties":{"slice":"ura","kind":"wald"},"geometry":{"type":"Polygon","coordinates":[[[8.84653,52.33525],[8.8459,52.33543],[8.84595,52.33621],[8.84436,52.33709],[8.84434,52.33729],[8.84461,52.3374],[8.84564,52.3368],[8.84722,52.33632],[8.84653,52.33525]]]}},{"type":"Feature","properties":{"slice":"ura","kind":"wald"},"geometry":{"type":"Polygon","coordinates":[[[8.85351,52.33471],[8.85305,52.33418],[8.85307,52.33383],[8.8535,52.33332],[8.85417,52.33288],[8.85504,52.33258],[8.85508,52.33235],[8.85495,52.33202],[8.85389,52.33252],[8.85302,52.33314],[8.85291,52.33261],[8.85223,52.3326],[8.8522,52.3333],[8.8527,52.33326],[8.85249,52.33369],[8.85193,52.33371],[8.8516,52.33427],[8.85235,52.33438],[8.85315,52.33485],[8.85351,52.33471]]]}},{"type":"Feature","properties":{"slice":"ura","kind":"wald"},"geometry":{"type":"Polygon","coordinates":[[[8.85251,52.34318],[8.8508,52.34344],[8.85032,52.34378],[8.85001,52.34469],[8.85002,52.34489],[8.85022,52.34498],[8.8505,52.34492],[8.8508,52.34435],[8.85144,52.34379],[8.85236,52.34371],[8.85268,52.34353],[8.85269,52.34333],[8.85251,52.34318]]]}},{"type":"Feature","properties":{"slice":"ura","kind":"wald"},"geometry":{"type":"Polygon","coordinates":[[[8.85755,52.34122],[8.8573,52.34058],[8.85653,52.34045],[8.8563,52.34096],[8.85479,52.34166],[8.85572,52.342],[8.85755,52.34122]]]}},{"type":"Feature","properties":{"slice":"ura","kind":"wald"},"geometry":{"type":"Polygon","coordinates":[[[8.88502,52.33832],[8.88381,52.33877],[8.88406,52.33942],[8.88524,52.33931],[8.88598,52.33936],[8.88608,52.3391],[8.88588,52.33854],[8.88502,52.33832]]]}},{"type":"Feature","properties":{"slice":"ura","kind":"wald"},"geometry":{"type":"Polygon","coordinates":[[[8.9184,52.33537],[8.91908,52.33501],[8.91877,52.33451],[8.9184,52.33413],[8.91895,52.33398],[8.91934,52.33372],[8.91921,52.33349],[8.9182,52.3337],[8.91807,52.33353],[8.91843,52.33341],[8.91899,52.33307],[8.91877,52.33276],[8.91793,52.33319],[8.91747,52.33327],[8.91654,52.33318],[8.9157,52.33351],[8.91555,52.33379],[8.91529,52.33395],[8.91471,52.33397],[8.91404,52.33384],[8.91329,52.33208],[8.91271,52.33245],[8.91298,52.33326],[8.91335,52.3334],[8.91403,52.33433],[8.91465,52.33458],[8.91463,52.33421],[8.91584,52.33414],[8.91594,52.33444],[8.91629,52.33438],[8.91619,52.33407],[8.91661,52.33404],[8.91676,52.33422],[8.91671,52.3344],[8.91696,52.33431],[8.9172,52.33409],[8.91706,52.3338],[8.91775,52.33373],[8.91786,52.33413],[8.91752,52.33437],[8.91758,52.3349],[8.91697,52.33501],[8.91682,52.33486],[8.91649,52.33488],[8.9163,52.33519],[8.9185,52.33589],[8.9184,52.33537]]]}},{"type":"Feature","properties":{"slice":"ura","kind":"wald"},"geometry":{"type":"Polygon","coordinates":[[[8.92539,52.34047],[8.92383,52.34065],[8.9236,52.34041],[8.92323,52.34041],[8.92298,52.34044],[8.92288,52.34062],[8.92248,52.34081],[8.92212,52.34031],[8.92102,52.34062],[8.92151,52.3416],[8.92166,52.34209],[8.9219,52.3423],[8.92227,52.34229],[8.92244,52.34217],[8.92227,52.34136],[8.92257,52.3412],[8.92295,52.34114],[8.92294,52.341],[8.92325,52.34098],[8.92363,52.34316],[8.92332,52.34326],[8.92305,52.34297],[8.92253,52.34291],[8.92235,52.3426],[8.92197,52.34271],[8.92185,52.34319],[8.92149,52.34333],[8.92012,52.34346],[8.91975,52.34314],[8.91879,52.34329],[8.9185,52.34297],[8.91785,52.34314],[8.9182,52.3438],[8.91892,52.34386],[8.91933,52.34438],[8.92223,52.34456],[8.92252,52.34489],[8.92258,52.34514],[8.92318,52.3452],[8.92267,52.34388],[8.92303,52.34388],[8.92317,52.34418],[8.9235,52.34413],[8.92378,52.34484],[8.92511,52.34418],[8.9248,52.34364],[8.92612,52.3434],[8.92598,52.34266],[8.92498,52.34283],[8.92455,52.34284],[8.92372,52.34108],[8.92466,52.34087],[8.92576,52.34085],[8.92539,52.34047]]]}},{"type":"Feature","properties":{"slice":"ura","kind":"wald"},"geometry":{"type":"Polygon","coordinates":[[[8.98434,52.33476],[8.98568,52.33544],[8.98611,52.33457],[8.98615,52.33431],[8.98551,52.33397],[8.98349,52.3334],[8.98305,52.33376],[8.98349,52.33397],[8.98321,52.33436],[8.98434,52.33476]]]}},{"type":"Feature","properties":{"slice":"ura","kind":"wald"},"geometry":{"type":"Polygon","coordinates":[[[8.93502,52.34484],[8.93371,52.34477],[8.93247,52.3444],[8.93129,52.34441],[8.92976,52.34453],[8.92955,52.34415],[8.92925,52.34411],[8.92765,52.34423],[8.92745,52.34469],[8.92658,52.34471],[8.92656,52.34506],[8.9272,52.34568],[8.92764,52.3464],[8.92789,52.34637],[8.92809,52.34613],[8.9296,52.34613],[8.92975,52.34549],[8.9311,52.34592],[8.9316,52.34584],[8.93265,52.34594],[8.93428,52.34548],[8.93522,52.34534],[8.93531,52.34494],[8.93502,52.34484]],[[8.93099,52.3455],[8.9311,52.34457],[8.93303,52.34473],[8.93293,52.34544],[8.93099,52.3455]]]}},{"type":"Feature","properties":{"slice":"ura","kind":"wald"},"geometry":{"type":"Polygon","coordinates":[[[8.92432,52.34512],[8.92344,52.34569],[8.92446,52.34644],[8.92478,52.34689],[8.92479,52.34758],[8.92605,52.34757],[8.92623,52.34743],[8.92932,52.34753],[8.92949,52.34897],[8.92989,52.34945],[8.93055,52.34912],[8.93064,52.34874],[8.93057,52.34821],[8.93122,52.34684],[8.92964,52.34672],[8.92953,52.34719],[8.92725,52.34726],[8.92641,52.34713],[8.92552,52.34723],[8.92507,52.34682],[8.92488,52.34634],[8.92483,52.34578],[8.92441,52.34512],[8.92432,52.34512]]]}},{"type":"Feature","properties":{"slice":"ura","kind":"wald"},"geometry":{"type":"Polygon","coordinates":[[[8.93077,52.35412],[8.93055,52.35297],[8.93038,52.3526],[8.9294,52.35281],[8.92961,52.35397],[8.92514,52.35496],[8.92672,52.35678],[8.93081,52.35562],[8.93077,52.35412]]]}},{"type":"Feature","properties":{"slice":"ura","kind":"wald"},"geometry":{"type":"MultiPolygon","coordinates":[[[[8.91621,52.35509],[8.91154,52.35571],[8.911,52.35601],[8.90077,52.35893],[8.90199,52.36194],[8.90294,52.3617],[8.90315,52.36154],[8.9036,52.36136],[8.90383,52.36141],[8.90397,52.36198],[8.90448,52.36241],[8.9089,52.36243],[8.90989,52.36236],[8.91017,52.36193],[8.90987,52.36062],[8.91262,52.36056],[8.9148,52.36037],[8.9172,52.35944],[8.91712,52.3594],[8.91621,52.35509]],[[8.91016,52.35819],[8.90941,52.35779],[8.91076,52.35741],[8.91145,52.35783],[8.91016,52.35819]]],[[[8.91274,52.36094],[8.91075,52.36096],[8.91081,52.3614],[8.91286,52.36125],[8.91274,52.36094]]]]}},{"type":"Feature","properties":{"slice":"ura","kind":"wald"},"geometry":{"type":"Polygon","coordinates":[[[8.85949,52.3655],[8.85953,52.3658],[8.85992,52.36588],[8.85991,52.36596],[8.85924,52.36608],[8.85885,52.36606],[8.85863,52.36594],[8.85788,52.36608],[8.85823,52.36669],[8.85876,52.36685],[8.85956,52.36667],[8.86036,52.36639],[8.86049,52.36624],[8.86073,52.36575],[8.86055,52.36538],[8.85949,52.3655]]]}},{"type":"Feature","properties":{"slice":"ura","kind":"wald"},"geometry":{"type":"Polygon","coordinates":[[[8.86483,52.369],[8.86346,52.36935],[8.86466,52.37017],[8.86585,52.36944],[8.8675,52.36888],[8.86727,52.36853],[8.86483,52.369]]]}},{"type":"Feature","properties":{"slice":"ura","kind":"wald"},"geometry":{"type":"Polygon","coordinates":[[[8.90527,52.36856],[8.90434,52.3685],[8.90346,52.36863],[8.90247,52.36893],[8.90279,52.36917],[8.90319,52.36932],[8.9041,52.36895],[8.9053,52.3687],[8.90527,52.36856]]]}},{"type":"Feature","properties":{"slice":"ura","kind":"wald"},"geometry":{"type":"Polygon","coordinates":[[[9.00076,52.36001],[9.00077,52.35909],[8.9992,52.35848],[8.99567,52.35961],[8.9965,52.36037],[8.99829,52.35973],[8.99983,52.36034],[9.00076,52.36001]]]}},{"type":"Feature","properties":{"slice":"ura","kind":"wald"},"geometry":{"type":"Polygon","coordinates":[[[8.99726,52.36226],[8.99654,52.36239],[8.99611,52.36268],[8.99631,52.36304],[8.99737,52.3632],[8.9977,52.36296],[8.99793,52.36242],[8.99726,52.36226]]]}},{"type":"Feature","properties":{"slice":"ura","kind":"wald"},"geometry":{"type":"Polygon","coordinates":[[[8.8918,52.37134],[8.89124,52.37155],[8.89064,52.3716],[8.8881,52.37161],[8.88631,52.37176],[8.88562,52.37196],[8.88581,52.37248],[8.88661,52.37252],[8.88785,52.37228],[8.88843,52.37228],[8.88859,52.37236],[8.88874,52.37286],[8.88998,52.37275],[8.89005,52.37244],[8.8904,52.37233],[8.89046,52.37213],[8.89071,52.37213],[8.89289,52.37165],[8.89264,52.37138],[8.89228,52.37126],[8.8918,52.37134]]]}},{"type":"Feature","properties":{"slice":"ura","kind":"wald"},"geometry":{"type":"Polygon","coordinates":[[[8.87336,52.37729],[8.87257,52.37698],[8.87197,52.37703],[8.8719,52.37775],[8.87175,52.37814],[8.87205,52.37855],[8.87223,52.37905],[8.87204,52.37966],[8.87213,52.37988],[8.87341,52.38045],[8.87406,52.38057],[8.87453,52.38057],[8.87523,52.38045],[8.87573,52.38058],[8.87649,52.38067],[8.87722,52.38061],[8.87735,52.38046],[8.87728,52.38025],[8.8768,52.37969],[8.87569,52.37913],[8.87532,52.37908],[8.87482,52.37885],[8.87443,52.37858],[8.8739,52.37777],[8.87347,52.3775],[8.87336,52.37729]]]}},{"type":"Feature","properties":{"slice":"ura","kind":"wald"},"geometry":{"type":"Polygon","coordinates":[[[8.88041,52.37912],[8.87996,52.37847],[8.87963,52.37819],[8.87961,52.37797],[8.87996,52.37758],[8.88048,52.37726],[8.88151,52.37637],[8.87955,52.37646],[8.87911,52.37674],[8.87904,52.37697],[8.8788,52.37704],[8.87857,52.37719],[8.87828,52.37748],[8.87861,52.37865],[8.87931,52.37897],[8.87955,52.37915],[8.88041,52.37912]]]}},{"type":"Feature","properties":{"slice":"ura","kind":"wald"},"geometry":{"type":"Polygon","coordinates":[[[8.87785,52.38245],[8.87824,52.38287],[8.8781,52.38312],[8.87786,52.38332],[8.87676,52.38327],[8.87645,52.38308],[8.8759,52.38327],[8.87602,52.38352],[8.87624,52.38374],[8.87682,52.38398],[8.87734,52.38441],[8.87748,52.3849],[8.87764,52.38491],[8.87791,52.38467],[8.87789,52.38436],[8.87815,52.38385],[8.87841,52.38368],[8.88003,52.38325],[8.88012,52.38301],[8.88007,52.38256],[8.87989,52.38221],[8.87919,52.38196],[8.87785,52.38245]]]}},{"type":"Feature","properties":{"slice":"ura","kind":"wald"},"geometry":{"type":"Polygon","coordinates":[[[8.88124,52.38622],[8.88027,52.38485],[8.87995,52.38469],[8.8795,52.38457],[8.87915,52.38459],[8.87859,52.38492],[8.87824,52.38525],[8.87892,52.38528],[8.87948,52.38546],[8.8804,52.38626],[8.88124,52.38622]]]}},{"type":"Feature","properties":{"slice":"ura","kind":"wald"},"geometry":{"type":"Polygon","coordinates":[[[8.89473,52.38518],[8.89575,52.38515],[8.89615,52.38507],[8.89642,52.38466],[8.89686,52.38461],[8.8981,52.3846],[8.89848,52.38468],[8.89865,52.38504],[8.89925,52.38552],[8.89972,52.38554],[8.89983,52.38523],[8.90023,52.38507],[8.90159,52.38489],[8.90172,52.3847],[8.90164,52.38446],[8.90104,52.38448],[8.90057,52.38437],[8.90065,52.38409],[8.90089,52.38397],[8.90157,52.38396],[8.90247,52.38383],[8.90379,52.3838],[8.90427,52.38397],[8.90477,52.38426],[8.90521,52.38438],[8.90537,52.38424],[8.90534,52.38398],[8.90508,52.38367],[8.90465,52.38356],[8.90348,52.3835],[8.90108,52.38349],[8.89837,52.38361],[8.89809,52.38354],[8.8977,52.38354],[8.89726,52.38321],[8.89684,52.38315],[8.89635,52.38329],[8.89617,52.38353],[8.89624,52.38398],[8.89618,52.38426],[8.89526,52.38441],[8.8951,52.38462],[8.89493,52.3847],[8.89439,52.38473],[8.89473,52.38518]]]}},{"type":"Feature","properties":{"slice":"ura","kind":"wald"},"geometry":{"type":"Polygon","coordinates":[[[8.91064,52.3794],[8.91049,52.37921],[8.90888,52.37974],[8.90864,52.37941],[8.9071,52.37984],[8.90688,52.37996],[8.90709,52.3803],[8.90851,52.38007],[8.90892,52.38007],[8.90912,52.38022],[8.9104,52.3804],[8.91088,52.3804],[8.91118,52.38056],[8.9068,52.38142],[8.9065,52.38129],[8.90663,52.38117],[8.90687,52.38109],[8.9071,52.38072],[8.90701,52.38058],[8.90662,52.38047],[8.90641,52.38047],[8.90609,52.38098],[8.90571,52.3808],[8.90569,52.38053],[8.90522,52.3805],[8.90485,52.38072],[8.90522,52.38105],[8.90631,52.3816],[8.90612,52.38178],[8.90696,52.38212],[8.90766,52.38214],[8.90857,52.38187],[8.90912,52.38188],[8.91154,52.38129],[8.91228,52.38099],[8.91232,52.38073],[8.91267,52.38053],[8.91281,52.3803],[8.91285,52.37997],[8.91091,52.38022],[8.91063,52.37961],[8.91064,52.3794]]]}},{"type":"Feature","properties":{"slice":"ura","kind":"wald"},"geometry":{"type":"Polygon","coordinates":[[[8.93128,52.38328],[8.93053,52.3839],[8.93025,52.38405],[8.9298,52.3841],[8.9287,52.38375],[8.92817,52.38369],[8.92716,52.38401],[8.92577,52.38415],[8.92578,52.38432],[8.92746,52.38477],[8.92802,52.38502],[8.92843,52.38508],[8.92915,52.38508],[8.92947,52.38493],[8.93024,52.38475],[8.93061,52.3848],[8.93116,52.38499],[8.93189,52.38488],[8.93205,52.38522],[8.93569,52.3851],[8.93615,52.38465],[8.93579,52.38402],[8.93532,52.38395],[8.93484,52.38396],[8.93448,52.38414],[8.93359,52.38411],[8.93294,52.38428],[8.9329,52.38394],[8.93231,52.38387],[8.93221,52.38292],[8.93128,52.38328]]]}},{"type":"Feature","properties":{"slice":"ura","kind":"wald"},"geometry":{"type":"Polygon","coordinates":[[[8.94384,52.38252],[8.94335,52.3819],[8.9431,52.38196],[8.94095,52.3819],[8.94111,52.38312],[8.94384,52.38252]]]}},{"type":"Feature","properties":{"slice":"ura","kind":"wald"},"geometry":{"type":"Polygon","coordinates":[[[8.95942,52.3811],[8.95809,52.38104],[8.95806,52.38115],[8.95724,52.38158],[8.95667,52.38176],[8.95605,52.38156],[8.95611,52.38207],[8.95681,52.38211],[8.95688,52.38234],[8.96006,52.38226],[8.96067,52.38218],[8.96097,52.38191],[8.96105,52.38138],[8.9601,52.38138],[8.95942,52.3811]]]}},{"type":"Feature","properties":{"slice":"ura","kind":"wald"},"geometry":{"type":"Polygon","coordinates":[[[8.9898,52.39044],[8.99112,52.39073],[8.99124,52.39102],[8.99148,52.39106],[8.99258,52.391],[8.9926,52.39071],[8.99203,52.39063],[8.992,52.39049],[8.99215,52.3904],[8.99218,52.3903],[8.99125,52.39001],[8.98986,52.38987],[8.9898,52.39044]]]}},{"type":"Feature","properties":{"slice":"ura","kind":"wald"},"geometry":{"type":"Polygon","coordinates":[[[8.96364,52.39888],[8.95986,52.39803],[8.959,52.39887],[8.96326,52.39935],[8.96343,52.4001],[8.96489,52.4001],[8.96461,52.39951],[8.96369,52.39937],[8.96355,52.39888],[8.96364,52.39888]]]}},{"type":"Feature","properties":{"slice":"ura","kind":"wald"},"geometry":{"type":"Polygon","coordinates":[[[8.90776,52.39482],[8.90671,52.39491],[8.90667,52.39565],[8.90798,52.39562],[8.9084,52.39516],[8.9084,52.39483],[8.90776,52.39482]]]}},{"type":"Feature","properties":{"slice":"ura","kind":"wald"},"geometry":{"type":"Polygon","coordinates":[[[8.90744,52.39231],[8.90655,52.39236],[8.90619,52.39261],[8.90532,52.39282],[8.90511,52.39293],[8.90519,52.39332],[8.90588,52.3931],[8.90655,52.39323],[8.90698,52.39312],[8.90745,52.3929],[8.90744,52.39231]]]}},{"type":"Feature","properties":{"slice":"ura","kind":"wald"},"geometry":{"type":"Polygon","coordinates":[[[8.89963,52.39785],[8.89987,52.39816],[8.89984,52.39835],[8.89957,52.39841],[8.89914,52.39833],[8.89892,52.39819],[8.89868,52.39834],[8.89871,52.39852],[8.89914,52.39897],[8.89991,52.39883],[8.9012,52.39929],[8.90189,52.39935],[8.90247,52.39933],[8.90275,52.39921],[8.90256,52.39842],[8.90263,52.39791],[8.90278,52.39762],[8.90352,52.39731],[8.90342,52.39693],[8.90307,52.39668],[8.90245,52.39638],[8.90172,52.39626],[8.90062,52.39695],[8.89961,52.39743],[8.89963,52.39785]]]}},{"type":"Feature","properties":{"slice":"ura","kind":"wald"},"geometry":{"type":"Polygon","coordinates":[[[8.86039,52.34171],[8.86145,52.34103],[8.86087,52.34098],[8.86023,52.34129],[8.86001,52.34152],[8.85956,52.3417],[8.85923,52.34237],[8.85838,52.34319],[8.85772,52.34348],[8.85694,52.34401],[8.85782,52.34448],[8.85815,52.34448],[8.8586,52.34421],[8.8597,52.34297],[8.86037,52.34257],[8.86051,52.34236],[8.86039,52.34171]]]}},{"type":"Feature","properties":{"slice":"ura","kind":"wald"},"geometry":{"type":"Polygon","coordinates":[[[8.98179,52.32461],[8.98062,52.32592],[8.98041,52.32654],[8.97957,52.32722],[8.97891,52.32836],[8.97834,52.3288],[8.97781,52.32838],[8.97643,52.32869],[8.97607,52.32903],[8.97492,52.3293],[8.97455,52.32919],[8.97447,52.32806],[8.9739,52.32738],[8.97371,52.32679],[8.973,52.32611],[8.9715,52.32541],[8.97006,52.32497],[8.96983,52.32473],[8.96931,52.32482],[8.96914,52.32512],[8.96914,52.32541],[8.96957,52.32572],[8.9702,52.32583],[8.97225,52.3264],[8.97311,52.32713],[8.97353,52.32787],[8.97344,52.32855],[8.97268,52.32933],[8.97309,52.32998],[8.97378,52.33024],[8.97492,52.33007],[8.97646,52.33004],[8.97761,52.32987],[8.9782,52.3294],[8.97923,52.32937],[8.98033,52.32812],[8.98048,52.32783],[8.98053,52.32744],[8.98072,52.32707],[8.98104,52.32669],[8.98187,52.32606],[8.98299,52.32573],[8.9837,52.32525],[8.98452,52.32503],[8.98534,52.32399],[8.98581,52.32294],[8.98625,52.32286],[8.9866,52.32265],[8.98642,52.32197],[8.98666,52.32155],[8.98665,52.32106],[8.98648,52.32083],[8.98648,52.32059],[8.98601,52.32042],[8.98584,52.32082],[8.98496,52.32073],[8.98465,52.32078],[8.98512,52.32197],[8.98507,52.32233],[8.98419,52.3239],[8.98376,52.3241],[8.98334,52.32375],[8.9833,52.32342],[8.98356,52.32207],[8.98351,52.32163],[8.98321,52.32148],[8.98304,52.32151],[8.98286,52.32225],[8.98179,52.32461]]]}},{"type":"Feature","properties":{"slice":"ura","kind":"wald"},"geometry":{"type":"Polygon","coordinates":[[[8.90191,52.34295],[8.90226,52.34187],[8.90145,52.34166],[8.89948,52.34325],[8.90124,52.34465],[8.9019,52.3443],[8.90144,52.34388],[8.90159,52.34341],[8.90201,52.34341],[8.90241,52.34386],[8.90309,52.34384],[8.9032,52.34413],[8.90375,52.34393],[8.90315,52.34336],[8.90296,52.34305],[8.90191,52.34295]]]}},{"type":"Feature","properties":{"slice":"ura","kind":"wald"},"geometry":{"type":"Polygon","coordinates":[[[8.96175,52.34205],[8.96054,52.34218],[8.96031,52.3428],[8.96055,52.343],[8.96175,52.34293],[8.96202,52.34345],[8.96208,52.34386],[8.96073,52.34415],[8.96204,52.3467],[8.96253,52.34706],[8.96449,52.34683],[8.9641,52.34621],[8.96498,52.346],[8.96426,52.34482],[8.96333,52.34483],[8.96238,52.34287],[8.96175,52.34205]]]}},{"type":"Feature","properties":{"slice":"ura","kind":"wald"},"geometry":{"type":"MultiPolygon","coordinates":[[[[8.96343,52.34744],[8.96261,52.34771],[8.96327,52.34798],[8.96501,52.34766],[8.96481,52.34732],[8.96343,52.34744]]],[[[8.96384,52.34864],[8.96414,52.34877],[8.96567,52.34846],[8.96538,52.34824],[8.96384,52.34864]]],[[[8.96506,52.34782],[8.96353,52.34816],[8.96364,52.34832],[8.96515,52.34799],[8.96506,52.34782]]]]}},{"type":"Feature","properties":{"slice":"ura","kind":"wald"},"geometry":{"type":"Polygon","coordinates":[[[8.96791,52.3472],[8.9707,52.34746],[8.9709,52.347],[8.96802,52.34679],[8.96784,52.34701],[8.96791,52.3472]]]}},{"type":"Feature","properties":{"slice":"ura","kind":"wald"},"geometry":{"type":"Polygon","coordinates":[[[8.98603,52.33739],[8.98543,52.33715],[8.98418,52.33699],[8.98285,52.33713],[8.98175,52.33743],[8.98117,52.33786],[8.9801,52.33805],[8.97691,52.33804],[8.97674,52.33824],[8.97695,52.33841],[8.97726,52.33849],[8.97938,52.33852],[8.98055,52.33838],[8.98147,52.33821],[8.98282,52.33785],[8.98496,52.3379],[8.98603,52.33739]]]}},{"type":"Feature","properties":{"slice":"ura","kind":"wald"},"geometry":{"type":"Polygon","coordinates":[[[8.98385,52.34418],[8.98175,52.34405],[8.98129,52.34416],[8.98135,52.34538],[8.9815,52.34609],[8.98224,52.34654],[8.98195,52.34741],[8.98368,52.34716],[8.98413,52.34696],[8.98384,52.34547],[8.984,52.3452],[8.98385,52.34418]]]}},{"type":"Feature","properties":{"slice":"ura","kind":"wald"},"geometry":{"type":"Polygon","coordinates":[[[8.89647,52.39894],[8.8971,52.39888],[8.89721,52.39908],[8.8976,52.39911],[8.89767,52.39893],[8.89751,52.39852],[8.89562,52.39849],[8.89532,52.39859],[8.8954,52.39904],[8.89597,52.39943],[8.89648,52.3994],[8.89647,52.39894]]]}},{"type":"Feature","properties":{"slice":"ura","kind":"wald"},"geometry":{"type":"Polygon","coordinates":[[[8.89053,52.39813],[8.89031,52.39882],[8.89177,52.39886],[8.8921,52.39899],[8.89249,52.39924],[8.89234,52.39996],[8.89254,52.40007],[8.89422,52.39903],[8.8942,52.39879],[8.89382,52.39851],[8.89269,52.39819],[8.89053,52.39813]]]}},{"type":"Feature","properties":{"slice":"ura","kind":"wald"},"geometry":{"type":"Polygon","coordinates":[[[8.92509,52.38787],[8.92446,52.38781],[8.9231,52.38795],[8.92309,52.38811],[8.92257,52.3882],[8.92271,52.38879],[8.92303,52.38905],[8.92363,52.38896],[8.92387,52.38846],[8.92552,52.38825],[8.92549,52.38803],[8.92509,52.38787]]]}},{"type":"Feature","properties":{"slice":"ura","kind":"wald"},"geometry":{"type":"Polygon","coordinates":[[[8.968,52.41089],[8.96752,52.41107],[8.96737,52.41221],[8.96698,52.41252],[8.96691,52.41291],[8.96699,52.41352],[8.96867,52.41396],[8.9689,52.41371],[8.96997,52.41399],[8.97024,52.41393],[8.97091,52.41409],[8.97039,52.41501],[8.9697,52.41577],[8.96992,52.41589],[8.96831,52.41699],[8.96981,52.41711],[8.97107,52.41592],[8.97209,52.41599],[8.97302,52.41579],[8.97375,52.41557],[8.97398,52.41535],[8.97395,52.4151],[8.97302,52.41457],[8.96843,52.41296],[8.96875,52.41232],[8.96818,52.41211],[8.96808,52.41186],[8.96836,52.41087],[8.968,52.41089]]]}},{"type":"Feature","properties":{"slice":"ura","kind":"wald"},"geometry":{"type":"Polygon","coordinates":[[[8.96245,52.40986],[8.9622,52.4104],[8.96438,52.41146],[8.96485,52.41092],[8.96442,52.41079],[8.96245,52.40986]]]}},{"type":"Feature","properties":{"slice":"ura","kind":"wald"},"geometry":{"type":"Polygon","coordinates":[[[8.951,52.411],[8.94996,52.41112],[8.95008,52.4115],[8.95047,52.41149],[8.95054,52.41261],[8.95026,52.41266],[8.95052,52.41344],[8.95079,52.41344],[8.95156,52.4118],[8.95159,52.41103],[8.951,52.411]]]}},{"type":"Feature","properties":{"slice":"ura","kind":"wald"},"geometry":{"type":"Polygon","coordinates":[[[8.97692,52.42183],[8.97786,52.42184],[8.97833,52.42172],[8.97876,52.42137],[8.97862,52.42104],[8.98042,52.4201],[8.98037,52.41989],[8.97998,52.41989],[8.9795,52.42005],[8.97868,52.4205],[8.97794,52.42082],[8.97632,52.42093],[8.97637,52.42189],[8.97692,52.42183]]]}},{"type":"Feature","properties":{"slice":"ura","kind":"wald"},"geometry":{"type":"Polygon","coordinates":[[[8.67291,52.39897],[8.67333,52.40116],[8.67665,52.4006],[8.67702,52.39891],[8.67291,52.39897]]]}},{"type":"Feature","properties":{"slice":"ura","kind":"wald"},"geometry":{"type":"Polygon","coordinates":[[[8.6904,52.4163],[8.68945,52.41672],[8.68869,52.41691],[8.6875,52.41745],[8.68721,52.41776],[8.68752,52.4181],[8.68823,52.41825],[8.68863,52.41818],[8.68891,52.41794],[8.68897,52.41769],[8.68908,52.41759],[8.6901,52.41744],[8.69038,52.41728],[8.69064,52.41676],[8.6904,52.4163]]]}},{"type":"Feature","properties":{"slice":"ura","kind":"wald"},"geometry":{"type":"MultiPolygon","coordinates":[[[[8.69272,52.42626],[8.69177,52.4264],[8.69042,52.42648],[8.68997,52.42607],[8.68883,52.42617],[8.6886,52.42634],[8.68775,52.42604],[8.6879,52.42652],[8.6883,52.42703],[8.68905,52.4276],[8.69059,52.42798],[8.69132,52.4279],[8.69259,52.42712],[8.69325,52.42636],[8.69272,52.42626]]],[[[8.68913,52.42532],[8.68934,52.42464],[8.68849,52.42446],[8.68832,52.42493],[8.68831,52.42561],[8.6892,52.42563],[8.68913,52.42532]]]]}},{"type":"Feature","properties":{"slice":"ura","kind":"wald"},"geometry":{"type":"Polygon","coordinates":[[[8.69062,52.42313],[8.68988,52.42308],[8.68978,52.42328],[8.68965,52.42336],[8.6892,52.42339],[8.68881,52.42328],[8.68868,52.42341],[8.68876,52.42356],[8.68938,52.42374],[8.68904,52.42398],[8.69019,52.42429],[8.69069,52.42393],[8.69114,52.4231],[8.69062,52.42313]]]}},{"type":"Feature","properties":{"slice":"ura","kind":"wald"},"geometry":{"type":"Polygon","coordinates":[[[8.70613,52.42305],[8.7059,52.42162],[8.70574,52.42139],[8.70521,52.42133],[8.70518,52.42177],[8.7054,52.42283],[8.70601,52.42374],[8.70646,52.42458],[8.70682,52.42485],[8.70783,52.4252],[8.7081,52.42512],[8.70749,52.4247],[8.70732,52.4244],[8.70692,52.42431],[8.70676,52.42421],[8.70706,52.42398],[8.70702,52.42371],[8.70686,52.42365],[8.70613,52.42305]]]}},{"type":"Feature","properties":{"slice":"ura","kind":"wald"},"geometry":{"type":"Polygon","coordinates":[[[8.67485,52.44986],[8.6746,52.45002],[8.67455,52.45016],[8.6744,52.45018],[8.67435,52.4503],[8.67443,52.45043],[8.67464,52.45061],[8.67577,52.45096],[8.67638,52.45107],[8.67724,52.4503],[8.67487,52.44966],[8.67485,52.44986]]]}},{"type":"Feature","properties":{"slice":"ura","kind":"wald"},"geometry":{"type":"Polygon","coordinates":[[[8.6854,52.45245],[8.68449,52.45193],[8.68159,52.45086],[8.67938,52.45253],[8.67892,52.45301],[8.67877,52.45333],[8.67764,52.45404],[8.6771,52.4543],[8.67668,52.45417],[8.67709,52.4539],[8.67729,52.45364],[8.6771,52.45342],[8.67644,52.45314],[8.67572,52.453],[8.67543,52.45301],[8.6753,52.45316],[8.6758,52.45336],[8.67511,52.4538],[8.67517,52.45388],[8.67482,52.45424],[8.67719,52.45459],[8.68263,52.45357],[8.68281,52.45362],[8.68305,52.45418],[8.68475,52.45396],[8.68476,52.45382],[8.68524,52.45377],[8.68524,52.45344],[8.68586,52.45338],[8.68553,52.4531],[8.6854,52.45245]]]}},{"type":"Feature","properties":{"slice":"ura","kind":"wald"},"geometry":{"type":"Polygon","coordinates":[[[8.69094,52.45186],[8.69087,52.45206],[8.6911,52.45224],[8.69079,52.45297],[8.69049,52.45308],[8.68967,52.45315],[8.68944,52.45308],[8.68905,52.45308],[8.68897,52.45331],[8.68931,52.45359],[8.69039,52.45369],[8.69168,52.45349],[8.69238,52.45325],[8.69267,52.45295],[8.69257,52.45282],[8.69183,52.45245],[8.69179,52.45216],[8.69107,52.45184],[8.69094,52.45186]]]}},{"type":"Feature","properties":{"slice":"ura","kind":"wald"},"geometry":{"type":"MultiPolygon","coordinates":[[[[8.69035,52.45625],[8.68915,52.45562],[8.68627,52.45728],[8.68107,52.4551],[8.68027,52.45533],[8.67985,52.45552],[8.68004,52.45762],[8.68024,52.45808],[8.68154,52.45778],[8.68244,52.45717],[8.68295,52.45764],[8.68266,52.45799],[8.68344,52.4583],[8.68279,52.45872],[8.68186,52.45844],[8.68162,52.45866],[8.68194,52.45883],[8.68164,52.45899],[8.68129,52.45895],[8.68088,52.45922],[8.68194,52.46074],[8.68247,52.46115],[8.68297,52.46104],[8.68343,52.46105],[8.68469,52.46157],[8.68539,52.46156],[8.6859,52.46128],[8.68616,52.46105],[8.68708,52.46101],[8.68732,52.46044],[8.68727,52.45991],[8.68713,52.45958],[8.68777,52.45885],[8.68805,52.45871],[8.68809,52.45862],[8.6874,52.45781],[8.68979,52.45666],[8.69043,52.45658],[8.69035,52.45625]]],[[[8.69108,52.45522],[8.69112,52.45641],[8.69174,52.45668],[8.69214,52.45695],[8.69265,52.45637],[8.69279,52.45583],[8.69259,52.45564],[8.69108,52.45522]]]]}},{"type":"Feature","properties":{"slice":"ura","kind":"wald"},"geometry":{"type":"Polygon","coordinates":[[[8.69209,52.4605],[8.69201,52.46088],[8.69151,52.46085],[8.69083,52.46065],[8.69046,52.46085],[8.68932,52.46066],[8.689,52.46116],[8.68931,52.46147],[8.69,52.46168],[8.69031,52.46171],[8.69188,52.46158],[8.6921,52.46201],[8.69374,52.46221],[8.69382,52.46181],[8.6936,52.46148],[8.69376,52.46122],[8.69486,52.46132],[8.69509,52.46077],[8.6944,52.46054],[8.69209,52.4605]],[[8.69252,52.46101],[8.69241,52.46139],[8.69206,52.4614],[8.69194,52.46102],[8.69252,52.46101]]]}},{"type":"Feature","properties":{"slice":"ura","kind":"wald"},"geometry":{"type":"Polygon","coordinates":[[[8.68766,52.46439],[8.68614,52.46429],[8.68575,52.46526],[8.68618,52.46558],[8.68556,52.46666],[8.68557,52.46682],[8.68658,52.46706],[8.6867,52.46659],[8.68662,52.46608],[8.68673,52.4658],[8.68733,52.46573],[8.68835,52.46578],[8.69114,52.46565],[8.69192,52.46579],[8.69485,52.46694],[8.69528,52.46732],[8.69515,52.46774],[8.69458,52.46792],[8.69415,52.46794],[8.69381,52.46766],[8.69289,52.46731],[8.69201,52.46717],[8.69147,52.46723],[8.69165,52.46765],[8.6922,52.46814],[8.69323,52.46844],[8.6938,52.46851],[8.69305,52.46906],[8.69284,52.46972],[8.69285,52.47007],[8.69376,52.47011],[8.69395,52.46973],[8.69367,52.46961],[8.6938,52.46941],[8.69467,52.46942],[8.69498,52.46878],[8.69615,52.46879],[8.69729,52.46738],[8.69711,52.46672],[8.69557,52.46641],[8.69445,52.46583],[8.69423,52.46565],[8.69429,52.46539],[8.69148,52.46493],[8.69143,52.46539],[8.69057,52.46526],[8.6906,52.46483],[8.68766,52.46439]]]}},{"type":"Feature","properties":{"slice":"ura","kind":"wald"},"geometry":{"type":"Polygon","coordinates":[[[8.69771,52.47233],[8.69719,52.47252],[8.69702,52.47285],[8.69655,52.47282],[8.69615,52.47227],[8.69377,52.47287],[8.69397,52.47317],[8.69485,52.47299],[8.69545,52.47302],[8.6958,52.47332],[8.69731,52.4731],[8.69864,52.47306],[8.69859,52.47287],[8.69778,52.47252],[8.69771,52.47233]]]}},{"type":"Feature","properties":{"slice":"ura","kind":"wald"},"geometry":{"type":"Polygon","coordinates":[[[8.69736,52.48005],[8.69679,52.47984],[8.69601,52.48107],[8.69738,52.48153],[8.69725,52.48081],[8.69744,52.48066],[8.69822,52.48077],[8.69875,52.48008],[8.69772,52.4798],[8.69736,52.48005]]]}},{"type":"Feature","properties":{"slice":"ura","kind":"wald"},"geometry":{"type":"Polygon","coordinates":[[[8.6717,52.47812],[8.67083,52.47808],[8.67062,52.47827],[8.6717,52.47867],[8.6725,52.47869],[8.67283,52.47849],[8.67309,52.4782],[8.67279,52.47804],[8.6717,52.47812]]]}},{"type":"Feature","properties":{"slice":"ura","kind":"wald"},"geometry":{"type":"Polygon","coordinates":[[[8.67384,52.49057],[8.6738,52.49092],[8.67409,52.49115],[8.67541,52.49112],[8.67579,52.49097],[8.67614,52.49059],[8.67587,52.4904],[8.67504,52.49019],[8.674,52.49034],[8.67384,52.49057]]]}},{"type":"Feature","properties":{"slice":"ura","kind":"wald"},"geometry":{"type":"Polygon","coordinates":[[[8.66583,52.39897],[8.66521,52.39903],[8.66456,52.39923],[8.66384,52.39983],[8.66357,52.4005],[8.66375,52.40085],[8.66522,52.40146],[8.6662,52.4006],[8.66674,52.40029],[8.66738,52.39955],[8.66756,52.39902],[8.66583,52.39897]]]}},{"type":"Feature","properties":{"slice":"ura","kind":"wald"},"geometry":{"type":"Polygon","coordinates":[[[8.62217,52.49214],[8.62186,52.4922],[8.62156,52.49199],[8.62115,52.49201],[8.62053,52.49208],[8.61904,52.49249],[8.61826,52.49245],[8.61761,52.49226],[8.61692,52.49254],[8.61603,52.49346],[8.61608,52.49371],[8.61712,52.49452],[8.61778,52.49491],[8.61894,52.4953],[8.61994,52.49552],[8.62034,52.49542],[8.62132,52.49487],[8.62191,52.49436],[8.62226,52.49394],[8.62263,52.49264],[8.62235,52.4922],[8.62217,52.49214]]]}},{"type":"Feature","properties":{"slice":"ura","kind":"wald"},"geometry":{"type":"Polygon","coordinates":[[[8.61929,52.49033],[8.61982,52.49019],[8.62054,52.49012],[8.62063,52.48996],[8.62134,52.48951],[8.62178,52.48905],[8.62174,52.48875],[8.62145,52.48884],[8.62061,52.48937],[8.61985,52.48973],[8.61942,52.48964],[8.61903,52.48925],[8.61738,52.48898],[8.61749,52.48917],[8.61859,52.48946],[8.61872,52.48967],[8.61798,52.48992],[8.61785,52.49029],[8.61789,52.49098],[8.61711,52.49104],[8.61628,52.49081],[8.61557,52.491],[8.61501,52.49075],[8.61464,52.49093],[8.61437,52.49135],[8.61392,52.49133],[8.61407,52.49187],[8.61341,52.49196],[8.61368,52.49245],[8.61458,52.49322],[8.61492,52.49317],[8.61574,52.49275],[8.61652,52.49212],[8.61703,52.4922],[8.61807,52.49211],[8.61943,52.49175],[8.61929,52.49033]]]}},{"type":"Feature","properties":{"slice":"ura","kind":"wald"},"geometry":{"type":"Polygon","coordinates":[[[8.61776,52.48282],[8.61689,52.48277],[8.61654,52.48287],[8.61617,52.4831],[8.6163,52.48335],[8.61745,52.48414],[8.61889,52.48435],[8.61919,52.48384],[8.61865,52.48365],[8.61851,52.48297],[8.61776,52.48282]]]}},{"type":"Feature","properties":{"slice":"ura","kind":"wald"},"geometry":{"type":"Polygon","coordinates":[[[8.62203,52.48268],[8.62172,52.4824],[8.62151,52.48236],[8.62063,52.48223],[8.61952,52.48225],[8.61942,52.48186],[8.61769,52.48186],[8.61775,52.4825],[8.62147,52.48302],[8.62203,52.48268]]]}},{"type":"Feature","properties":{"slice":"ura","kind":"wald"},"geometry":{"type":"Polygon","coordinates":[[[8.62486,52.48028],[8.62361,52.48012],[8.62339,52.48094],[8.62345,52.4813],[8.62361,52.48143],[8.62445,52.48155],[8.62467,52.48166],[8.62444,52.48195],[8.62476,52.4821],[8.6251,52.48257],[8.62592,52.48269],[8.62648,52.4826],[8.62673,52.48251],[8.62683,52.48235],[8.62545,52.48167],[8.62588,52.48131],[8.62676,52.48113],[8.62654,52.48061],[8.62607,52.48056],[8.62486,52.48028]]]}},{"type":"Feature","properties":{"slice":"ura","kind":"wald"},"geometry":{"type":"Polygon","coordinates":[[[8.62367,52.4762],[8.62295,52.47628],[8.62246,52.47613],[8.62211,52.47617],[8.62163,52.47656],[8.62087,52.4766],[8.62081,52.47686],[8.62111,52.47727],[8.62096,52.47771],[8.62098,52.47808],[8.62134,52.47825],[8.62183,52.47831],[8.62225,52.47825],[8.62304,52.47737],[8.6238,52.47683],[8.62404,52.47659],[8.62367,52.4762]]]}},{"type":"Feature","properties":{"slice":"ura","kind":"wald"},"geometry":{"type":"Polygon","coordinates":[[[8.62529,52.47803],[8.6244,52.47812],[8.6248,52.4789],[8.6256,52.47927],[8.62628,52.47896],[8.62605,52.47863],[8.62529,52.47803]]]}},{"type":"Feature","properties":{"slice":"ura","kind":"wald"},"geometry":{"type":"Polygon","coordinates":[[[8.62233,52.47888],[8.62208,52.47964],[8.62279,52.47979],[8.62289,52.47977],[8.62315,52.47957],[8.62325,52.47901],[8.62233,52.47888]]]}},{"type":"Feature","properties":{"slice":"ura","kind":"wald"},"geometry":{"type":"Polygon","coordinates":[[[8.61613,52.47476],[8.61557,52.47514],[8.61435,52.4748],[8.61382,52.47475],[8.61364,52.47494],[8.61373,52.4752],[8.61542,52.47577],[8.61578,52.47565],[8.61619,52.47566],[8.61716,52.47534],[8.61696,52.47493],[8.6176,52.47455],[8.6161,52.47427],[8.61613,52.47476]]]}},{"type":"Feature","properties":{"slice":"ura","kind":"wald"},"geometry":{"type":"Polygon","coordinates":[[[8.61539,52.47796],[8.61443,52.47777],[8.6138,52.47731],[8.61371,52.47715],[8.61426,52.47699],[8.61432,52.47689],[8.61365,52.47648],[8.61334,52.4768],[8.61294,52.47702],[8.6129,52.47725],[8.61326,52.47742],[8.61333,52.47758],[8.613,52.47794],[8.61293,52.47838],[8.61424,52.47852],[8.61529,52.4782],[8.61539,52.47796]]]}},{"type":"Feature","properties":{"slice":"ura","kind":"wald"},"geometry":{"type":"Polygon","coordinates":[[[8.60299,52.47244],[8.60381,52.47362],[8.60361,52.47379],[8.60383,52.47388],[8.60521,52.47391],[8.60605,52.47357],[8.60595,52.47329],[8.60553,52.47307],[8.60289,52.47218],[8.60299,52.47244]]]}},{"type":"Feature","properties":{"slice":"ura","kind":"wald"},"geometry":{"type":"Polygon","coordinates":[[[8.51572,52.40978],[8.51567,52.40961],[8.51595,52.40898],[8.51568,52.40877],[8.51523,52.40871],[8.515,52.40875],[8.51469,52.40902],[8.51502,52.40977],[8.51498,52.41003],[8.51477,52.4102],[8.51439,52.41028],[8.51389,52.41028],[8.5134,52.41021],[8.51314,52.41009],[8.51299,52.40993],[8.51295,52.40953],[8.51316,52.40915],[8.51295,52.40882],[8.51263,52.40864],[8.51181,52.40862],[8.51064,52.40874],[8.50953,52.40903],[8.5086,52.40942],[8.5083,52.40965],[8.50787,52.40969],[8.50748,52.41025],[8.50676,52.41023],[8.506,52.41158],[8.50606,52.41184],[8.50689,52.41187],[8.50729,52.41141],[8.50732,52.41119],[8.5079,52.41053],[8.50803,52.41007],[8.50942,52.40998],[8.51114,52.41005],[8.51378,52.41083],[8.51442,52.41077],[8.51567,52.4109],[8.51607,52.41085],[8.51685,52.41055],[8.51572,52.40978]]]}},{"type":"Feature","properties":{"slice":"ura","kind":"wald"},"geometry":{"type":"Polygon","coordinates":[[[8.50697,52.41323],[8.50768,52.41373],[8.50821,52.41387],[8.50918,52.41393],[8.51025,52.41365],[8.51148,52.41304],[8.51155,52.41329],[8.51198,52.41301],[8.51193,52.41269],[8.51106,52.41289],[8.50914,52.41347],[8.50876,52.41301],[8.50825,52.41293],[8.50685,52.41286],[8.50697,52.41323]]]}},{"type":"Feature","properties":{"slice":"ura","kind":"wald"},"geometry":{"type":"Polygon","coordinates":[[[8.51368,52.41527],[8.51314,52.41456],[8.51289,52.4139],[8.51232,52.41346],[8.51166,52.4138],[8.51162,52.41407],[8.51185,52.41435],[8.51298,52.41516],[8.51336,52.41535],[8.51368,52.41527]]]}},{"type":"Feature","properties":{"slice":"ura","kind":"wald"},"geometry":{"type":"Polygon","coordinates":[[[8.5171,52.41533],[8.51974,52.41384],[8.51927,52.41348],[8.51991,52.41313],[8.52036,52.4136],[8.52243,52.41381],[8.52351,52.4136],[8.52453,52.41287],[8.52529,52.41159],[8.52533,52.41051],[8.52468,52.41075],[8.52448,52.41063],[8.52402,52.41062],[8.52388,52.41132],[8.52229,52.41198],[8.5223,52.41219],[8.52251,52.41248],[8.52309,52.41303],[8.52254,52.41331],[8.52204,52.41311],[8.52171,52.4131],[8.5204,52.41259],[8.51983,52.41284],[8.51879,52.41284],[8.51807,52.41358],[8.51753,52.4136],[8.51722,52.41424],[8.51693,52.41429],[8.51689,52.41467],[8.5171,52.41533]]]}},{"type":"Feature","properties":{"slice":"ura","kind":"wald"},"geometry":{"type":"Polygon","coordinates":[[[8.52649,52.4094],[8.52671,52.40922],[8.52692,52.40923],[8.52742,52.40933],[8.52775,52.40948],[8.52818,52.41011],[8.52867,52.4105],[8.52905,52.41067],[8.52911,52.41045],[8.52898,52.4099],[8.52865,52.40914],[8.52782,52.40823],[8.52772,52.4075],[8.52687,52.40761],[8.52536,52.40805],[8.5249,52.40781],[8.52421,52.40762],[8.52338,52.40767],[8.52279,52.40786],[8.52217,52.40816],[8.52285,52.40824],[8.5233,52.40836],[8.52371,52.40861],[8.524,52.40895],[8.52396,52.409],[8.52493,52.409],[8.52539,52.40928],[8.52649,52.4094]]]}},{"type":"Feature","properties":{"slice":"ura","kind":"wald"},"geometry":{"type":"Polygon","coordinates":[[[8.58738,52.40584],[8.58682,52.40592],[8.58641,52.40623],[8.5862,52.40665],[8.58613,52.40704],[8.58696,52.40734],[8.5874,52.40762],[8.58774,52.40769],[8.58812,52.40759],[8.58844,52.40739],[8.58814,52.4069],[8.58805,52.40631],[8.58738,52.40584]]]}},{"type":"Feature","properties":{"slice":"ura","kind":"wald"},"geometry":{"type":"Polygon","coordinates":[[[8.58179,52.4079],[8.58087,52.40741],[8.58043,52.40693],[8.58034,52.40663],[8.5805,52.40639],[8.58053,52.40618],[8.58016,52.40591],[8.57989,52.40584],[8.57966,52.40561],[8.57983,52.40522],[8.57983,52.40484],[8.57954,52.40461],[8.57921,52.40462],[8.57901,52.40541],[8.57874,52.40585],[8.57887,52.40605],[8.57943,52.40631],[8.57955,52.4067],[8.57909,52.40685],[8.5792,52.40743],[8.58006,52.40756],[8.58064,52.40775],[8.58096,52.4079],[8.58117,52.40818],[8.58106,52.40841],[8.58046,52.4086],[8.57993,52.40862],[8.5795,52.40825],[8.57876,52.40844],[8.57891,52.4087],[8.5793,52.40872],[8.57976,52.40929],[8.58043,52.40885],[8.58063,52.4089],[8.58085,52.40937],[8.58076,52.40992],[8.58103,52.41009],[8.58128,52.41041],[8.58129,52.41062],[8.5803,52.41065],[8.58041,52.4112],[8.58068,52.41116],[8.58123,52.41091],[8.58137,52.41092],[8.58185,52.41218],[8.58148,52.41219],[8.58127,52.41225],[8.58146,52.41252],[8.58397,52.41226],[8.5839,52.41205],[8.58302,52.41123],[8.58296,52.41098],[8.5832,52.41047],[8.58309,52.41019],[8.58262,52.40972],[8.5827,52.40945],[8.5832,52.40938],[8.58304,52.40905],[8.58268,52.40875],[8.58206,52.4085],[8.58179,52.4079]]]}},{"type":"Feature","properties":{"slice":"ura","kind":"wald"},"geometry":{"type":"Polygon","coordinates":[[[8.5845,52.41412],[8.58555,52.4144],[8.58608,52.41486],[8.58481,52.41503],[8.58493,52.41542],[8.58547,52.41545],[8.58653,52.41594],[8.58731,52.4159],[8.58765,52.41553],[8.58597,52.4139],[8.5845,52.41412]]]}},{"type":"Feature","properties":{"slice":"ura","kind":"wald"},"geometry":{"type":"Polygon","coordinates":[[[8.57873,52.41396],[8.57693,52.41434],[8.57695,52.41501],[8.57869,52.41458],[8.57863,52.41429],[8.57873,52.41396]]]}},{"type":"Feature","properties":{"slice":"ura","kind":"wald"},"geometry":{"type":"Polygon","coordinates":[[[8.58626,52.40794],[8.58598,52.40887],[8.58753,52.40905],[8.58751,52.40882],[8.58685,52.40818],[8.58626,52.40794]]]}},{"type":"Feature","properties":{"slice":"ura","kind":"wald"},"geometry":{"type":"Polygon","coordinates":[[[8.58409,52.40672],[8.58349,52.40668],[8.58308,52.40764],[8.58331,52.40772],[8.58421,52.40772],[8.58448,52.40683],[8.58409,52.40672]]]}},{"type":"Feature","properties":{"slice":"ura","kind":"wald"},"geometry":{"type":"Polygon","coordinates":[[[8.59353,52.40688],[8.59313,52.40698],[8.59308,52.40708],[8.59352,52.4081],[8.59353,52.40845],[8.59313,52.40871],[8.59347,52.40906],[8.59388,52.40927],[8.59481,52.40886],[8.59526,52.40884],[8.59542,52.40828],[8.59636,52.4084],[8.59764,52.40847],[8.59759,52.4083],[8.59666,52.408],[8.59614,52.40761],[8.59472,52.40766],[8.59488,52.40711],[8.59353,52.40688]]]}},{"type":"Feature","properties":{"slice":"ura","kind":"wald"},"geometry":{"type":"Polygon","coordinates":[[[8.59582,52.40629],[8.59536,52.40462],[8.59414,52.40503],[8.5952,52.40628],[8.59582,52.40629]]]}},{"type":"Feature","properties":{"slice":"ura","kind":"wald"},"geometry":{"type":"Polygon","coordinates":[[[8.59989,52.4087],[8.59913,52.40866],[8.59892,52.40913],[8.6006,52.40933],[8.60124,52.40933],[8.60124,52.4089],[8.59989,52.4087]]]}},{"type":"Feature","properties":{"slice":"ura","kind":"wald"},"geometry":{"type":"Polygon","coordinates":[[[8.60255,52.40819],[8.60332,52.40742],[8.60265,52.40722],[8.6032,52.40668],[8.60285,52.4067],[8.60205,52.40656],[8.60208,52.40804],[8.60255,52.40819]]]}},{"type":"Feature","properties":{"slice":"ura","kind":"wald"},"geometry":{"type":"Polygon","coordinates":[[[8.598,52.41362],[8.59896,52.41369],[8.59913,52.41305],[8.59864,52.41289],[8.59794,52.41286],[8.598,52.41362]]]}},{"type":"Feature","properties":{"slice":"ura","kind":"wald"},"geometry":{"type":"Polygon","coordinates":[[[8.59968,52.41215],[8.59964,52.41279],[8.60072,52.41294],[8.60082,52.41174],[8.5999,52.41156],[8.59968,52.41215]]]}},{"type":"Feature","properties":{"slice":"ura","kind":"wald"},"geometry":{"type":"Polygon","coordinates":[[[8.61169,52.41099],[8.6117,52.41062],[8.61139,52.41059],[8.61122,52.41068],[8.61116,52.41091],[8.61092,52.4111],[8.60992,52.41096],[8.60914,52.41095],[8.60877,52.41185],[8.60926,52.412],[8.61077,52.41196],[8.61114,52.41157],[8.61126,52.41134],[8.61125,52.41113],[8.61169,52.41099]]]}},{"type":"Feature","properties":{"slice":"ura","kind":"wald"},"geometry":{"type":"Polygon","coordinates":[[[8.60692,52.41207],[8.60679,52.41188],[8.60523,52.41185],[8.60539,52.41222],[8.60572,52.41218],[8.60635,52.4124],[8.60667,52.41242],[8.60692,52.41207]]]}},{"type":"Feature","properties":{"slice":"ura","kind":"wald"},"geometry":{"type":"Polygon","coordinates":[[[8.60512,52.41545],[8.60451,52.4166],[8.60501,52.41725],[8.60541,52.41716],[8.60588,52.41713],[8.60612,52.41705],[8.60625,52.41693],[8.60761,52.41694],[8.60845,52.41674],[8.60917,52.41674],[8.6093,52.41657],[8.60926,52.41631],[8.60871,52.41607],[8.60819,52.41592],[8.60676,52.41498],[8.60611,52.41489],[8.60512,52.41545]]]}},{"type":"Feature","properties":{"slice":"ura","kind":"wald"},"geometry":{"type":"Polygon","coordinates":[[[8.60955,52.41461],[8.60946,52.41502],[8.61163,52.41571],[8.61189,52.41546],[8.6124,52.41549],[8.61287,52.41558],[8.61347,52.41557],[8.61452,52.41525],[8.61485,52.41534],[8.61518,52.41534],[8.61553,52.41501],[8.61666,52.41499],[8.61691,52.41506],[8.61792,52.41495],[8.61872,52.4147],[8.61871,52.41459],[8.61818,52.41452],[8.61713,52.41452],[8.61631,52.41441],[8.61597,52.41419],[8.61494,52.41448],[8.61445,52.41439],[8.61403,52.41447],[8.61364,52.41482],[8.6121,52.415],[8.61207,52.41512],[8.61166,52.41512],[8.61122,52.415],[8.61092,52.4148],[8.61057,52.4148],[8.61008,52.4146],[8.60955,52.41461]]]}},{"type":"Feature","properties":{"slice":"ura","kind":"wald"},"geometry":{"type":"Polygon","coordinates":[[[8.5782,52.40025],[8.57914,52.40039],[8.58095,52.40014],[8.58139,52.40001],[8.58185,52.39995],[8.58236,52.40001],[8.58248,52.40007],[8.58258,52.4008],[8.58196,52.40085],[8.58161,52.40139],[8.5812,52.40139],[8.58188,52.40207],[8.58265,52.40202],[8.58303,52.40188],[8.5833,52.40152],[8.58356,52.39934],[8.58201,52.39928],[8.58162,52.39964],[8.58101,52.39955],[8.58038,52.39973],[8.579,52.39995],[8.57886,52.39993],[8.57876,52.3998],[8.57873,52.39942],[8.57932,52.39944],[8.57931,52.39931],[8.57821,52.39935],[8.5782,52.40025]]]}},{"type":"Feature","properties":{"slice":"ura","kind":"wald"},"geometry":{"type":"Polygon","coordinates":[[[8.60557,52.39923],[8.60341,52.39924],[8.60309,52.39943],[8.6019,52.39941],[8.60135,52.39905],[8.60128,52.39851],[8.60138,52.39822],[8.60097,52.39778],[8.59985,52.39531],[8.59709,52.39595],[8.59643,52.39518],[8.59596,52.39443],[8.59415,52.39471],[8.59433,52.39481],[8.59476,52.39487],[8.59545,52.3951],[8.59564,52.39534],[8.59474,52.39578],[8.59441,52.39607],[8.59543,52.39707],[8.59616,52.39824],[8.5969,52.39841],[8.5991,52.39924],[8.59786,52.39923],[8.60098,52.40114],[8.60258,52.40001],[8.60361,52.40067],[8.60531,52.3999],[8.60748,52.39921],[8.60733,52.39922],[8.6073,52.39891],[8.60742,52.39868],[8.60596,52.39828],[8.60567,52.39858],[8.60606,52.39889],[8.60557,52.39923]]]}},{"type":"Feature","properties":{"slice":"ura","kind":"wald"},"geometry":{"type":"MultiPolygon","coordinates":[[[[8.64944,52.40645],[8.64933,52.40673],[8.64962,52.40702],[8.64904,52.40728],[8.65154,52.40946],[8.65344,52.40857],[8.65391,52.40861],[8.65433,52.40916],[8.65524,52.40913],[8.65905,52.40826],[8.65938,52.40825],[8.65962,52.40842],[8.65993,52.40802],[8.6604,52.40815],[8.66116,52.40811],[8.66136,52.408],[8.6625,52.40817],[8.66173,52.40884],[8.66147,52.40945],[8.66275,52.40913],[8.66271,52.4087],[8.66387,52.40827],[8.66382,52.40722],[8.66048,52.40684],[8.66064,52.40631],[8.66122,52.4066],[8.66211,52.40676],[8.66278,52.40672],[8.66329,52.4065],[8.66344,52.40632],[8.66181,52.40574],[8.6617,52.40525],[8.66151,52.40493],[8.66173,52.40472],[8.66088,52.40442],[8.66073,52.40458],[8.66037,52.40439],[8.65971,52.40497],[8.65908,52.40479],[8.65895,52.40458],[8.65893,52.40423],[8.65809,52.40384],[8.65756,52.40383],[8.65742,52.40405],[8.65594,52.40389],[8.65593,52.40381],[8.65501,52.40392],[8.65502,52.40324],[8.65464,52.40327],[8.65512,52.40255],[8.6548,52.40246],[8.65446,52.40262],[8.65351,52.40251],[8.65277,52.40254],[8.65276,52.40294],[8.65203,52.40315],[8.65264,52.40388],[8.65258,52.40416],[8.65225,52.40429],[8.65079,52.40446],[8.65086,52.40502],[8.65075,52.40514],[8.65034,52.40532],[8.65028,52.40629],[8.64944,52.40645]]],[[[8.65762,52.40345],[8.6577,52.40318],[8.65802,52.40297],[8.65792,52.40272],[8.65641,52.40201],[8.65614,52.40313],[8.65762,52.40345]]]]}},{"type":"Feature","properties":{"slice":"ura","kind":"wald"},"geometry":{"type":"Polygon","coordinates":[[[8.66056,52.41138],[8.66026,52.41091],[8.66002,52.41014],[8.6593,52.40888],[8.659,52.40899],[8.65907,52.4101],[8.65952,52.41021],[8.65979,52.4108],[8.65913,52.41114],[8.65848,52.41133],[8.65839,52.41181],[8.65844,52.41222],[8.65876,52.41217],[8.65903,52.41269],[8.65923,52.41289],[8.65975,52.41276],[8.66007,52.41317],[8.65948,52.41344],[8.66124,52.41398],[8.66163,52.41402],[8.66223,52.41391],[8.66158,52.41322],[8.66088,52.41215],[8.66036,52.41188],[8.66056,52.41138]]]}},{"type":"Feature","properties":{"slice":"ura","kind":"wald"},"geometry":{"type":"Polygon","coordinates":[[[8.65537,52.41197],[8.65656,52.41076],[8.65653,52.41058],[8.65623,52.41047],[8.65587,52.41018],[8.65559,52.4097],[8.6536,52.41019],[8.65375,52.41053],[8.65396,52.4104],[8.65448,52.41062],[8.65401,52.41096],[8.65272,52.41045],[8.65168,52.41115],[8.65131,52.41185],[8.65079,52.41357],[8.65184,52.41359],[8.65196,52.41322],[8.65233,52.41305],[8.65196,52.41264],[8.65201,52.4119],[8.65232,52.41151],[8.65325,52.41145],[8.65304,52.41193],[8.65372,52.41214],[8.65425,52.41269],[8.65444,52.41316],[8.6543,52.41372],[8.65459,52.41349],[8.65475,52.41345],[8.6551,52.41282],[8.65557,52.41296],[8.65537,52.41197]]]}},{"type":"Feature","properties":{"slice":"ura","kind":"wald"},"geometry":{"type":"Polygon","coordinates":[[[8.65164,52.41414],[8.6508,52.41394],[8.65082,52.4149],[8.65069,52.4155],[8.65031,52.41611],[8.65072,52.41656],[8.65067,52.41696],[8.65075,52.41745],[8.6511,52.41772],[8.65128,52.41809],[8.65177,52.41821],[8.65191,52.41856],[8.65309,52.41818],[8.65357,52.41713],[8.65358,52.41658],[8.65353,52.41607],[8.65332,52.41556],[8.6524,52.4142],[8.65164,52.41414]]]}},{"type":"Feature","properties":{"slice":"ura","kind":"wald"},"geometry":{"type":"Polygon","coordinates":[[[8.66148,52.41665],[8.66079,52.41617],[8.66011,52.41613],[8.65973,52.41688],[8.66024,52.41703],[8.66111,52.41702],[8.66133,52.41713],[8.66148,52.41665]]]}},{"type":"Feature","properties":{"slice":"ura","kind":"wald"},"geometry":{"type":"Polygon","coordinates":[[[8.6632,52.41144],[8.66285,52.41109],[8.66251,52.41096],[8.66209,52.41099],[8.66194,52.41116],[8.66202,52.41139],[8.66227,52.4117],[8.6625,52.41233],[8.66292,52.41255],[8.6634,52.41185],[8.6632,52.41144]]]}},{"type":"Feature","properties":{"slice":"ura","kind":"wald"},"geometry":{"type":"MultiPolygon","coordinates":[[[[8.64107,52.42005],[8.64055,52.41985],[8.63973,52.41965],[8.63854,52.41835],[8.6381,52.41843],[8.63791,52.4186],[8.63838,52.41885],[8.63856,52.41905],[8.63892,52.41948],[8.63898,52.41985],[8.63928,52.41976],[8.63986,52.42025],[8.64072,52.42074],[8.64147,52.4203],[8.64107,52.42005]]],[[[8.64062,52.42123],[8.64028,52.42139],[8.64009,52.42178],[8.64018,52.42206],[8.64056,52.42231],[8.64158,52.42244],[8.64179,52.42231],[8.64194,52.42189],[8.64167,52.42158],[8.64098,52.42125],[8.64062,52.42123]]]]}},{"type":"Feature","properties":{"slice":"ura","kind":"wald"},"geometry":{"type":"Polygon","coordinates":[[[8.52933,52.43006],[8.52861,52.42937],[8.52802,52.42936],[8.52766,52.42946],[8.5276,52.43007],[8.52852,52.43028],[8.5286,52.43065],[8.52944,52.43076],[8.52933,52.43006]]]}},{"type":"Feature","properties":{"slice":"ura","kind":"wald"},"geometry":{"type":"Polygon","coordinates":[[[8.56496,52.42548],[8.56603,52.4259],[8.56667,52.42585],[8.56686,52.42572],[8.56696,52.42549],[8.56711,52.42539],[8.56686,52.42512],[8.56606,52.42464],[8.56496,52.42548]]]}},{"type":"Feature","properties":{"slice":"ura","kind":"wald"},"geometry":{"type":"Polygon","coordinates":[[[8.56453,52.43041],[8.56389,52.4302],[8.56361,52.4303],[8.56337,52.43053],[8.56335,52.43147],[8.56421,52.43169],[8.56453,52.43041]]]}},{"type":"Feature","properties":{"slice":"ura","kind":"wald"},"geometry":{"type":"Polygon","coordinates":[[[8.59112,52.42329],[8.59053,52.42412],[8.59041,52.42454],[8.59058,52.42499],[8.59149,52.425],[8.59152,52.42418],[8.5919,52.42344],[8.59112,52.42329]]]}},{"type":"Feature","properties":{"slice":"ura","kind":"wald"},"geometry":{"type":"Polygon","coordinates":[[[8.59589,52.41953],[8.59526,52.41952],[8.59485,52.41966],[8.59447,52.4199],[8.59575,52.42025],[8.5959,52.42007],[8.59613,52.42012],[8.59634,52.42029],[8.59646,52.4201],[8.5964,52.42],[8.59655,52.41963],[8.59589,52.41953]]]}},{"type":"Feature","properties":{"slice":"ura","kind":"wald"},"geometry":{"type":"Polygon","coordinates":[[[8.65717,52.4359],[8.65652,52.43556],[8.65627,52.43556],[8.65599,52.4344],[8.65553,52.43383],[8.6553,52.43368],[8.65493,52.43359],[8.65435,52.43367],[8.65407,52.43415],[8.65404,52.43471],[8.65323,52.43474],[8.65307,52.43491],[8.65306,52.43521],[8.65319,52.43541],[8.654,52.43561],[8.65411,52.43577],[8.65406,52.43588],[8.65308,52.43606],[8.65225,52.43593],[8.65181,52.43595],[8.65166,52.43611],[8.65175,52.43624],[8.65153,52.4365],[8.65187,52.43699],[8.65203,52.43705],[8.65284,52.43702],[8.65384,52.43648],[8.65642,52.43683],[8.6565,52.43648],[8.65717,52.4359]]]}},{"type":"Feature","properties":{"slice":"ura","kind":"wald"},"geometry":{"type":"Polygon","coordinates":[[[8.66589,52.42899],[8.66448,52.42906],[8.6652,52.42942],[8.66524,52.42968],[8.66532,52.42973],[8.66555,52.42967],[8.6659,52.42948],[8.66589,52.42899]]]}},{"type":"Feature","properties":{"slice":"ura","kind":"wald"},"geometry":{"type":"Polygon","coordinates":[[[8.55863,52.43764],[8.55795,52.43764],[8.55687,52.4378],[8.557,52.43849],[8.55615,52.43853],[8.55648,52.43888],[8.55715,52.4393],[8.55724,52.43917],[8.55861,52.43935],[8.55885,52.43851],[8.55885,52.43773],[8.55863,52.43764]]]}},{"type":"Feature","properties":{"slice":"ura","kind":"wald"},"geometry":{"type":"Polygon","coordinates":[[[8.57192,52.43852],[8.57122,52.43855],[8.57013,52.43874],[8.57004,52.43894],[8.5702,52.43937],[8.57116,52.43906],[8.57193,52.43896],[8.57192,52.43852]]]}},{"type":"Feature","properties":{"slice":"ura","kind":"wald"},"geometry":{"type":"Polygon","coordinates":[[[8.56219,52.44488],[8.56177,52.44425],[8.56169,52.44401],[8.56115,52.44368],[8.56089,52.44382],[8.56086,52.44435],[8.55987,52.44473],[8.5587,52.44453],[8.5575,52.44541],[8.56049,52.44507],[8.56108,52.44506],[8.56219,52.44488]]]}},{"type":"Feature","properties":{"slice":"ura","kind":"wald"},"geometry":{"type":"Polygon","coordinates":[[[8.55388,52.44764],[8.55388,52.44727],[8.55372,52.44715],[8.55375,52.44694],[8.55425,52.44692],[8.55473,52.44716],[8.55523,52.4467],[8.55437,52.44664],[8.55367,52.44635],[8.55336,52.44666],[8.55184,52.4459],[8.55116,52.44623],[8.55177,52.44668],[8.55149,52.44689],[8.55076,52.44662],[8.55031,52.44694],[8.55078,52.44712],[8.55211,52.44783],[8.55316,52.44853],[8.55403,52.44785],[8.55388,52.44764]]]}},{"type":"Feature","properties":{"slice":"ura","kind":"wald"},"geometry":{"type":"Polygon","coordinates":[[[8.54719,52.45113],[8.54677,52.45127],[8.54658,52.45203],[8.54727,52.45223],[8.54815,52.45227],[8.54827,52.45165],[8.54856,52.4509],[8.54719,52.45113]]]}},{"type":"Feature","properties":{"slice":"ura","kind":"wald"},"geometry":{"type":"Polygon","coordinates":[[[8.5233,52.43867],[8.52284,52.43875],[8.52287,52.43953],[8.52266,52.44008],[8.5227,52.44043],[8.52222,52.4408],[8.52334,52.44098],[8.52338,52.44073],[8.5236,52.44054],[8.52367,52.44034],[8.52364,52.44014],[8.52338,52.44002],[8.52339,52.43984],[8.52365,52.43963],[8.52369,52.43874],[8.5233,52.43867]]]}},{"type":"Feature","properties":{"slice":"ura","kind":"wald"},"geometry":{"type":"Polygon","coordinates":[[[8.50977,52.44188],[8.51187,52.44121],[8.51032,52.44016],[8.51013,52.44063],[8.51048,52.44105],[8.5097,52.4413],[8.50916,52.4414],[8.50977,52.44188]]]}},{"type":"Feature","properties":{"slice":"ura","kind":"wald"},"geometry":{"type":"Polygon","coordinates":[[[8.52671,52.45039],[8.52634,52.45],[8.52637,52.44988],[8.5266,52.44972],[8.52664,52.44952],[8.52655,52.44922],[8.52623,52.44911],[8.52527,52.44898],[8.52498,52.44862],[8.52401,52.44859],[8.52391,52.44855],[8.52383,52.44922],[8.52412,52.44965],[8.52392,52.44988],[8.52513,52.4503],[8.52564,52.45059],[8.52641,52.45088],[8.52671,52.45039]]]}},{"type":"Feature","properties":{"slice":"ura","kind":"wald"},"geometry":{"type":"Polygon","coordinates":[[[8.52834,52.45167],[8.52956,52.45191],[8.53004,52.45159],[8.53011,52.45144],[8.52991,52.45128],[8.52963,52.45078],[8.5284,52.45075],[8.52845,52.45131],[8.52834,52.45167]]]}},{"type":"Feature","properties":{"slice":"ura","kind":"wald"},"geometry":{"type":"Polygon","coordinates":[[[8.52733,52.44826],[8.528,52.44852],[8.52829,52.44805],[8.52859,52.44785],[8.52925,52.44765],[8.52942,52.4471],[8.52935,52.44695],[8.52772,52.44654],[8.52685,52.44769],[8.52733,52.44826]]]}},{"type":"Feature","properties":{"slice":"ura","kind":"wald"},"geometry":{"type":"Polygon","coordinates":[[[8.59102,52.46146],[8.59034,52.46112],[8.58969,52.46105],[8.58934,52.46107],[8.58898,52.46122],[8.58824,52.46123],[8.58822,52.46142],[8.58914,52.46164],[8.59029,52.46168],[8.5909,52.46177],[8.59102,52.46146]]]}},{"type":"Feature","properties":{"slice":"ura","kind":"wald"},"geometry":{"type":"Polygon","coordinates":[[[8.59325,52.46243],[8.59281,52.4622],[8.59281,52.4628],[8.59263,52.46346],[8.59316,52.46348],[8.59338,52.46358],[8.59327,52.46378],[8.59295,52.46385],[8.59154,52.4637],[8.59149,52.46418],[8.59077,52.4642],[8.59028,52.46405],[8.58985,52.464],[8.58906,52.4641],[8.58912,52.46429],[8.58982,52.46429],[8.59061,52.46473],[8.59109,52.46473],[8.59203,52.46511],[8.59242,52.46476],[8.5923,52.46444],[8.59254,52.46414],[8.59391,52.46447],[8.59432,52.46402],[8.59425,52.46349],[8.59325,52.46243]]]}},{"type":"Feature","properties":{"slice":"ura","kind":"wald"},"geometry":{"type":"Polygon","coordinates":[[[8.5985,52.46383],[8.59784,52.46385],[8.59758,52.46404],[8.59755,52.46422],[8.59802,52.4646],[8.59864,52.46492],[8.59885,52.46451],[8.59916,52.46416],[8.5985,52.46383]]]}},{"type":"Feature","properties":{"slice":"ura","kind":"wald"},"geometry":{"type":"Polygon","coordinates":[[[8.58081,52.46465],[8.57981,52.46413],[8.57986,52.464],[8.5801,52.46387],[8.57975,52.46309],[8.57938,52.46313],[8.57903,52.46373],[8.5788,52.46391],[8.57874,52.4645],[8.57965,52.46435],[8.58026,52.46526],[8.5818,52.46498],[8.5819,52.46501],[8.58203,52.46492],[8.58201,52.46462],[8.58081,52.46465]]]}},{"type":"Feature","properties":{"slice":"ura","kind":"wald"},"geometry":{"type":"Polygon","coordinates":[[[8.57894,52.46091],[8.57877,52.4607],[8.57842,52.46062],[8.5775,52.46058],[8.57659,52.46065],[8.5762,52.46084],[8.57633,52.46108],[8.5768,52.46122],[8.57768,52.46124],[8.57894,52.46091]]]}},{"type":"Feature","properties":{"slice":"ura","kind":"wald"},"geometry":{"type":"Polygon","coordinates":[[[8.57442,52.46338],[8.57322,52.46313],[8.57095,52.4625],[8.57058,52.46251],[8.57052,52.46276],[8.57166,52.4634],[8.57096,52.46364],[8.57091,52.46378],[8.57137,52.464],[8.57243,52.46362],[8.57483,52.46371],[8.57442,52.46338]]]}},{"type":"Feature","properties":{"slice":"ura","kind":"wald"},"geometry":{"type":"Polygon","coordinates":[[[8.56964,52.46271],[8.56928,52.46254],[8.56834,52.46248],[8.5671,52.4625],[8.5671,52.46274],[8.56725,52.46277],[8.5673,52.46325],[8.56847,52.46335],[8.56975,52.46329],[8.56998,52.46313],[8.57005,52.46276],[8.56964,52.46271]]]}},{"type":"Feature","properties":{"slice":"ura","kind":"wald"},"geometry":{"type":"Polygon","coordinates":[[[8.56873,52.4605],[8.56795,52.46031],[8.56752,52.46034],[8.56737,52.46049],[8.56734,52.46066],[8.56673,52.46076],[8.56617,52.46077],[8.56602,52.46093],[8.56858,52.46118],[8.56882,52.46105],[8.56866,52.46086],[8.56882,52.46061],[8.56873,52.4605]]]}},{"type":"Feature","properties":{"slice":"ura","kind":"wald"},"geometry":{"type":"Polygon","coordinates":[[[8.56502,52.46313],[8.5625,52.46283],[8.5622,52.46276],[8.56174,52.46247],[8.56119,52.46241],[8.56026,52.46248],[8.55991,52.46244],[8.55972,52.46253],[8.55975,52.46272],[8.56003,52.46288],[8.56102,52.4629],[8.56171,52.46298],[8.56342,52.46363],[8.56385,52.46372],[8.56483,52.46381],[8.56515,52.46374],[8.56502,52.46313]]]}},{"type":"Feature","properties":{"slice":"ura","kind":"wald"},"geometry":{"type":"Polygon","coordinates":[[[8.55813,52.46294],[8.55756,52.46251],[8.55697,52.46229],[8.55611,52.46228],[8.55583,52.46241],[8.556,52.46272],[8.55674,52.46305],[8.55757,52.46333],[8.55823,52.46335],[8.55813,52.46332],[8.55813,52.46294]]]}},{"type":"Feature","properties":{"slice":"ura","kind":"wald"},"geometry":{"type":"Polygon","coordinates":[[[8.56513,52.45872],[8.56573,52.45887],[8.56613,52.45882],[8.56618,52.45864],[8.56611,52.45853],[8.56386,52.45819],[8.56297,52.45792],[8.56262,52.45799],[8.56347,52.45878],[8.56402,52.4589],[8.56485,52.45881],[8.56513,52.45872]]]}},{"type":"Feature","properties":{"slice":"ura","kind":"wald"},"geometry":{"type":"MultiPolygon","coordinates":[[[[8.56018,52.46075],[8.56011,52.46062],[8.55987,52.46047],[8.55891,52.46036],[8.55852,52.46022],[8.55795,52.46017],[8.55779,52.46037],[8.55801,52.46055],[8.55866,52.46076],[8.56008,52.46094],[8.56018,52.46075]]],[[[8.5609,52.46179],[8.56068,52.46161],[8.55974,52.46144],[8.55937,52.4615],[8.55948,52.46175],[8.56009,52.4619],[8.56089,52.46196],[8.5609,52.46179]]]]}},{"type":"Feature","properties":{"slice":"ura","kind":"wald"},"geometry":{"type":"Polygon","coordinates":[[[8.55843,52.46381],[8.55748,52.46374],[8.55663,52.46356],[8.55394,52.46195],[8.55277,52.46163],[8.55146,52.46142],[8.54956,52.46159],[8.54958,52.46189],[8.54803,52.46172],[8.54688,52.46192],[8.54971,52.46206],[8.5526,52.46235],[8.553,52.46191],[8.55409,52.46221],[8.55374,52.46262],[8.55382,52.4627],[8.55707,52.46399],[8.55878,52.46414],[8.55843,52.46381]]]}},{"type":"Feature","properties":{"slice":"ura","kind":"wald"},"geometry":{"type":"Polygon","coordinates":[[[8.54558,52.45967],[8.54487,52.4594],[8.54373,52.45922],[8.54229,52.45916],[8.53745,52.45783],[8.53711,52.4583],[8.53797,52.45869],[8.53916,52.45912],[8.54194,52.4594],[8.545,52.45989],[8.54558,52.45967]]]}},{"type":"Feature","properties":{"slice":"ura","kind":"wald"},"geometry":{"type":"Polygon","coordinates":[[[8.58407,52.48083],[8.58316,52.48016],[8.58184,52.47951],[8.58147,52.47925],[8.58086,52.47844],[8.58012,52.47771],[8.57929,52.47714],[8.57845,52.47539],[8.57851,52.47524],[8.5787,52.47513],[8.57872,52.47477],[8.57903,52.47446],[8.57889,52.47433],[8.57754,52.47509],[8.57759,52.47567],[8.57833,52.47646],[8.5785,52.47769],[8.58012,52.47838],[8.58052,52.47887],[8.58033,52.47943],[8.58147,52.47998],[8.58217,52.48024],[8.58235,52.4804],[8.58192,52.48097],[8.58319,52.48133],[8.58407,52.48083]]]}},{"type":"Feature","properties":{"slice":"ura","kind":"wald"},"geometry":{"type":"Polygon","coordinates":[[[8.62943,52.48518],[8.62835,52.48539],[8.6281,52.48574],[8.62914,52.48592],[8.62916,52.48656],[8.62828,52.48638],[8.62766,52.48784],[8.62892,52.48803],[8.6301,52.48669],[8.63046,52.48581],[8.63057,52.48474],[8.62943,52.48518]]]}},{"type":"Feature","properties":{"slice":"ura","kind":"wald"},"geometry":{"type":"Polygon","coordinates":[[[8.63716,52.4902],[8.63694,52.48986],[8.63662,52.48971],[8.63574,52.4896],[8.63558,52.48983],[8.63554,52.49014],[8.63494,52.49023],[8.63465,52.49054],[8.6367,52.49101],[8.63716,52.4902]]]}},{"type":"Feature","properties":{"slice":"ura","kind":"wald"},"geometry":{"type":"Polygon","coordinates":[[[8.63987,52.48805],[8.6415,52.48793],[8.64168,52.48833],[8.64151,52.4884],[8.64135,52.48876],[8.64112,52.48877],[8.64104,52.48869],[8.64058,52.48879],[8.64049,52.48894],[8.64003,52.48898],[8.64011,52.48967],[8.64102,52.48968],[8.64178,52.49032],[8.64154,52.49065],[8.64167,52.49074],[8.6422,52.49085],[8.6428,52.49085],[8.64349,52.49096],[8.64437,52.49046],[8.64463,52.48993],[8.64455,52.4892],[8.64381,52.48896],[8.64377,52.48854],[8.64195,52.48832],[8.6417,52.4877],[8.6413,52.48753],[8.64079,52.48742],[8.64002,52.48754],[8.63987,52.48805]]]}},{"type":"Feature","properties":{"slice":"ura","kind":"wald"},"geometry":{"type":"Polygon","coordinates":[[[8.66279,52.49037],[8.66295,52.49001],[8.66265,52.48991],[8.66209,52.49026],[8.66105,52.49042],[8.66037,52.4904],[8.66009,52.49057],[8.6594,52.49046],[8.65892,52.49064],[8.65915,52.49115],[8.65981,52.49143],[8.66004,52.49136],[8.66006,52.4911],[8.6605,52.49108],[8.66043,52.49088],[8.66087,52.49094],[8.66117,52.49143],[8.66038,52.49197],[8.6618,52.4928],[8.66266,52.49232],[8.66257,52.49206],[8.66231,52.49201],[8.66215,52.49187],[8.66271,52.49161],[8.66327,52.49088],[8.66324,52.49059],[8.66279,52.49037]]]}},{"type":"Feature","properties":{"slice":"ura","kind":"wald"},"geometry":{"type":"Polygon","coordinates":[[[8.65079,52.49322],[8.64952,52.49333],[8.64846,52.49317],[8.64792,52.49296],[8.64727,52.49285],[8.64717,52.49312],[8.64773,52.49374],[8.64808,52.49378],[8.64863,52.49414],[8.64889,52.49422],[8.64964,52.49405],[8.65002,52.49402],[8.65018,52.49406],[8.65098,52.49378],[8.65179,52.4937],[8.65197,52.4938],[8.65231,52.4938],[8.65217,52.49344],[8.65218,52.49294],[8.65079,52.49322]]]}},{"type":"Feature","properties":{"slice":"ura","kind":"wald"},"geometry":{"type":"Polygon","coordinates":[[[8.64486,52.49669],[8.64497,52.49693],[8.64499,52.4973],[8.64519,52.49741],[8.64585,52.4973],[8.6463,52.49712],[8.64648,52.49687],[8.64728,52.49713],[8.64826,52.49755],[8.64964,52.49795],[8.64985,52.49715],[8.64958,52.4966],[8.64744,52.49658],[8.64721,52.49627],[8.64753,52.49623],[8.64899,52.49625],[8.64983,52.49618],[8.65019,52.49637],[8.6507,52.49687],[8.65114,52.49702],[8.65174,52.49789],[8.65139,52.49825],[8.65171,52.4988],[8.65671,52.49883],[8.65672,52.49823],[8.65679,52.49812],[8.65709,52.49798],[8.65759,52.49791],[8.65853,52.49801],[8.65892,52.49799],[8.65869,52.4978],[8.65838,52.49768],[8.65863,52.4973],[8.65849,52.497],[8.65765,52.4966],[8.6568,52.49677],[8.65573,52.49728],[8.65512,52.49652],[8.65442,52.49655],[8.65332,52.49678],[8.65298,52.49662],[8.65264,52.49616],[8.6519,52.49599],[8.65131,52.49565],[8.65095,52.49523],[8.64998,52.49511],[8.64968,52.49545],[8.64964,52.49562],[8.6504,52.49565],[8.65029,52.49585],[8.64858,52.49583],[8.64839,52.49561],[8.6488,52.49561],[8.64885,52.49484],[8.64837,52.4949],[8.6472,52.49426],[8.64675,52.49394],[8.6464,52.49386],[8.64642,52.49414],[8.64681,52.4946],[8.64565,52.49533],[8.64598,52.49562],[8.64637,52.49621],[8.64593,52.49637],[8.6454,52.49639],[8.64486,52.49669]]]}},{"type":"Feature","properties":{"slice":"ura","kind":"wald"},"geometry":{"type":"Polygon","coordinates":[[[8.644,52.49666],[8.64197,52.49549],[8.64141,52.4953],[8.64061,52.49532],[8.63968,52.49566],[8.63931,52.49594],[8.6392,52.49613],[8.63958,52.49631],[8.64195,52.49652],[8.64274,52.49674],[8.64297,52.49695],[8.64296,52.4975],[8.64346,52.49744],[8.64342,52.49698],[8.64396,52.49698],[8.64409,52.49691],[8.644,52.49666]]]}},{"type":"Feature","properties":{"slice":"ura","kind":"wald"},"geometry":{"type":"Polygon","coordinates":[[[8.6422,52.49781],[8.641,52.49789],[8.64015,52.49805],[8.63972,52.49805],[8.63942,52.49824],[8.63872,52.49824],[8.63885,52.49845],[8.64028,52.4986],[8.64209,52.49867],[8.64236,52.4986],[8.64226,52.49823],[8.64285,52.49793],[8.64298,52.4978],[8.64281,52.4977],[8.6422,52.49781]]]}},{"type":"Feature","properties":{"slice":"ura","kind":"wald"},"geometry":{"type":"Polygon","coordinates":[[[8.65123,52.48689],[8.64962,52.48629],[8.64937,52.48636],[8.64912,52.48657],[8.64903,52.4868],[8.64912,52.48689],[8.65051,52.48751],[8.65075,52.48725],[8.65104,52.48717],[8.65123,52.48689]]]}},{"type":"Feature","properties":{"slice":"ura","kind":"wald"},"geometry":{"type":"Polygon","coordinates":[[[8.48895,52.41179],[8.48843,52.41196],[8.48829,52.41248],[8.48765,52.41293],[8.48599,52.41307],[8.48543,52.41279],[8.48516,52.41283],[8.48448,52.4131],[8.48456,52.41345],[8.48446,52.41411],[8.48415,52.41447],[8.48423,52.41463],[8.48445,52.41465],[8.48477,52.41454],[8.48534,52.41421],[8.48561,52.41387],[8.48572,52.41343],[8.48628,52.41341],[8.48626,52.41432],[8.48804,52.41425],[8.48842,52.41376],[8.4882,52.41343],[8.48819,52.41322],[8.4886,52.41296],[8.48934,52.41223],[8.48945,52.41176],[8.48895,52.41179]]]}},{"type":"Feature","properties":{"slice":"ura","kind":"wald"},"geometry":{"type":"Polygon","coordinates":[[[8.48361,52.41383],[8.48362,52.41334],[8.48392,52.4118],[8.48279,52.41139],[8.48217,52.41147],[8.48186,52.41111],[8.48121,52.41063],[8.48007,52.41065],[8.48006,52.4108],[8.48029,52.41103],[8.48081,52.41132],[8.48091,52.41152],[8.48063,52.41193],[8.48107,52.41219],[8.48128,52.41248],[8.4815,52.41254],[8.48178,52.41272],[8.48197,52.41298],[8.48231,52.41323],[8.48257,52.41364],[8.48361,52.41383]]]}},{"type":"Feature","properties":{"slice":"ura","kind":"wald"},"geometry":{"type":"Polygon","coordinates":[[[8.47684,52.41675],[8.47678,52.41712],[8.47608,52.41701],[8.47568,52.41717],[8.47587,52.41853],[8.47754,52.41844],[8.47888,52.41845],[8.47964,52.41824],[8.48099,52.41837],[8.48277,52.41868],[8.48482,52.41891],[8.48506,52.41861],[8.48433,52.41839],[8.48483,52.41763],[8.48361,52.41694],[8.48344,52.41632],[8.48293,52.41623],[8.4821,52.41574],[8.48194,52.41522],[8.48157,52.41488],[8.48102,52.41475],[8.48084,52.41431],[8.48151,52.41423],[8.48153,52.41383],[8.481,52.4137],[8.48069,52.41331],[8.47955,52.41281],[8.47864,52.41278],[8.47798,52.41289],[8.47718,52.41345],[8.47625,52.41317],[8.47585,52.41214],[8.47518,52.41165],[8.475,52.41162],[8.47432,52.41254],[8.47334,52.41241],[8.47254,52.41302],[8.47161,52.41278],[8.471,52.41334],[8.47091,52.41372],[8.47268,52.4149],[8.47422,52.41562],[8.47456,52.41549],[8.47457,52.41508],[8.47514,52.41472],[8.47488,52.41402],[8.4752,52.41387],[8.47556,52.41359],[8.47628,52.41366],[8.47699,52.41387],[8.47725,52.4137],[8.47823,52.41389],[8.47769,52.41456],[8.47935,52.4148],[8.4791,52.41623],[8.47856,52.41653],[8.47778,52.41649],[8.47769,52.41694],[8.47684,52.41675]]]}},{"type":"Feature","properties":{"slice":"ura","kind":"wald"},"geometry":{"type":"Polygon","coordinates":[[[8.46937,52.41602],[8.46912,52.41643],[8.46896,52.41701],[8.46969,52.41722],[8.46998,52.41665],[8.47004,52.41621],[8.46937,52.41602]]]}},{"type":"Feature","properties":{"slice":"ura","kind":"wald"},"geometry":{"type":"Polygon","coordinates":[[[8.46454,52.41998],[8.46382,52.41963],[8.46315,52.41985],[8.46246,52.42058],[8.46225,52.42104],[8.46307,52.4214],[8.46347,52.42202],[8.46452,52.42279],[8.46496,52.42304],[8.46546,52.42319],[8.46591,52.42366],[8.46721,52.4236],[8.46804,52.42391],[8.46949,52.4242],[8.47132,52.42428],[8.47137,52.42413],[8.47074,52.42383],[8.46968,52.42376],[8.46916,52.42382],[8.46848,52.42372],[8.468,52.4235],[8.46553,52.42265],[8.46445,52.42218],[8.46348,52.42147],[8.46327,52.42117],[8.46398,52.42079],[8.46522,52.42108],[8.46578,52.42093],[8.46567,52.4207],[8.46454,52.41998]]]}},{"type":"Feature","properties":{"slice":"ura","kind":"wald"},"geometry":{"type":"Polygon","coordinates":[[[8.46509,52.41581],[8.46537,52.41526],[8.46474,52.41492],[8.46466,52.41418],[8.46433,52.41379],[8.46373,52.41407],[8.46156,52.41323],[8.46084,52.41316],[8.45996,52.41339],[8.45986,52.41369],[8.46032,52.41391],[8.46115,52.41412],[8.46285,52.41427],[8.46286,52.41494],[8.46306,52.41536],[8.46333,52.4156],[8.46407,52.41578],[8.46394,52.41612],[8.46514,52.41643],[8.46608,52.41654],[8.46635,52.4162],[8.46509,52.41581]]]}},{"type":"Feature","properties":{"slice":"ura","kind":"wald"},"geometry":{"type":"Polygon","coordinates":[[[8.45222,52.41175],[8.4502,52.41192],[8.45004,52.41185],[8.45,52.41163],[8.44976,52.41147],[8.44912,52.41179],[8.44884,52.41273],[8.44897,52.4129],[8.44932,52.41299],[8.44985,52.41296],[8.45023,52.41289],[8.45047,52.41277],[8.45109,52.41267],[8.45124,52.4125],[8.4513,52.41223],[8.45196,52.41219],[8.45234,52.41204],[8.45222,52.41175]]]}},{"type":"Feature","properties":{"slice":"ura","kind":"wald"},"geometry":{"type":"Polygon","coordinates":[[[8.44343,52.41347],[8.44288,52.41374],[8.44096,52.41308],[8.44042,52.41274],[8.44031,52.41214],[8.44067,52.41134],[8.44011,52.41131],[8.43834,52.41205],[8.43782,52.41208],[8.43751,52.41242],[8.43711,52.41256],[8.43693,52.41283],[8.43935,52.4134],[8.44427,52.41492],[8.44426,52.41448],[8.44441,52.41394],[8.44343,52.41347]]]}},{"type":"Feature","properties":{"slice":"ura","kind":"wald"},"geometry":{"type":"Polygon","coordinates":[[[8.43617,52.41099],[8.43583,52.41045],[8.4353,52.40989],[8.43525,52.40974],[8.434,52.40964],[8.43294,52.40939],[8.43205,52.4095],[8.43155,52.40946],[8.43007,52.40953],[8.42878,52.4092],[8.42845,52.40921],[8.42812,52.40937],[8.42785,52.40995],[8.42719,52.40997],[8.42686,52.41072],[8.42831,52.41106],[8.4319,52.41133],[8.43195,52.41216],[8.43513,52.4122],[8.43477,52.41193],[8.43494,52.4115],[8.43546,52.41182],[8.43563,52.41176],[8.43617,52.41099]]]}},{"type":"Feature","properties":{"slice":"ura","kind":"wald"},"geometry":{"type":"Polygon","coordinates":[[[8.43232,52.40901],[8.43243,52.40866],[8.43315,52.40786],[8.4344,52.40664],[8.43428,52.40591],[8.43401,52.40561],[8.43389,52.4052],[8.43345,52.40524],[8.43341,52.40591],[8.43181,52.40714],[8.42999,52.40727],[8.43007,52.40812],[8.42947,52.40837],[8.42955,52.40876],[8.43035,52.4089],[8.43083,52.4091],[8.43232,52.40901]]]}},{"type":"Feature","properties":{"slice":"ura","kind":"wald"},"geometry":{"type":"Polygon","coordinates":[[[8.44093,52.40199],[8.44034,52.4018],[8.44005,52.40179],[8.4384,52.40244],[8.4378,52.40223],[8.43727,52.40172],[8.43702,52.40181],[8.4365,52.40222],[8.43649,52.40262],[8.43669,52.40288],[8.43836,52.40321],[8.44033,52.40202],[8.44073,52.40211],[8.44097,52.40234],[8.44059,52.40286],[8.44038,52.40348],[8.4405,52.40365],[8.44106,52.40401],[8.44139,52.40431],[8.44177,52.40489],[8.44195,52.40491],[8.44179,52.4045],[8.44169,52.40206],[8.44093,52.40199]]]}},{"type":"Feature","properties":{"slice":"ura","kind":"wald"},"geometry":{"type":"Polygon","coordinates":[[[8.41605,52.39943],[8.41562,52.39895],[8.41528,52.39884],[8.41447,52.39881],[8.41386,52.39901],[8.41289,52.39903],[8.41248,52.39931],[8.4114,52.39945],[8.41098,52.39957],[8.41017,52.39962],[8.40927,52.39983],[8.40847,52.40018],[8.40869,52.40037],[8.41014,52.4005],[8.41061,52.40071],[8.41084,52.401],[8.41132,52.40122],[8.41203,52.40109],[8.41303,52.4006],[8.41402,52.40086],[8.41428,52.40076],[8.4146,52.4005],[8.4157,52.40012],[8.41605,52.39943]]]}},{"type":"Feature","properties":{"slice":"ura","kind":"wald"},"geometry":{"type":"Polygon","coordinates":[[[8.40738,52.40051],[8.40702,52.40019],[8.40657,52.39994],[8.40573,52.39902],[8.40516,52.39882],[8.40341,52.39876],[8.40272,52.39927],[8.40336,52.4001],[8.40378,52.39992],[8.40577,52.40056],[8.40665,52.40097],[8.40726,52.40114],[8.40738,52.40051]]]}},{"type":"Feature","properties":{"slice":"ura","kind":"wald"},"geometry":{"type":"Polygon","coordinates":[[[8.39278,52.41075],[8.3918,52.4106],[8.39093,52.41055],[8.39065,52.41046],[8.39048,52.41023],[8.391,52.40895],[8.39079,52.40872],[8.39015,52.40879],[8.38989,52.4089],[8.38981,52.4093],[8.38824,52.40932],[8.38806,52.40951],[8.38865,52.41008],[8.38944,52.41101],[8.39029,52.41161],[8.3936,52.41157],[8.39366,52.41151],[8.39278,52.41075]]]}},{"type":"Feature","properties":{"slice":"ura","kind":"wald"},"geometry":{"type":"Polygon","coordinates":[[[8.40045,52.41461],[8.40032,52.41479],[8.39987,52.4151],[8.39918,52.41533],[8.39875,52.41558],[8.39878,52.4162],[8.40011,52.41633],[8.39996,52.41705],[8.4008,52.41719],[8.40061,52.41648],[8.40065,52.41629],[8.40141,52.41593],[8.40069,52.41547],[8.40176,52.41487],[8.40087,52.4143],[8.40045,52.41461]]]}},{"type":"Feature","properties":{"slice":"ura","kind":"wald"},"geometry":{"type":"Polygon","coordinates":[[[8.39507,52.41717],[8.39448,52.41702],[8.39345,52.4181],[8.39391,52.41838],[8.39356,52.4186],[8.39308,52.41845],[8.39254,52.41852],[8.39213,52.41843],[8.39364,52.41663],[8.39279,52.41632],[8.39187,52.41618],[8.39065,52.41624],[8.39028,52.41642],[8.38998,52.41774],[8.38951,52.41922],[8.38946,52.42004],[8.39091,52.42268],[8.39174,52.42294],[8.39349,52.42305],[8.39398,52.42289],[8.39401,52.42191],[8.39431,52.42175],[8.39457,52.42191],[8.39457,52.42232],[8.39487,52.42267],[8.39517,52.42434],[8.39663,52.42379],[8.39604,52.42365],[8.39567,52.42215],[8.39547,52.42194],[8.39567,52.42171],[8.39696,52.4219],[8.39757,52.42173],[8.39768,52.42165],[8.39719,52.42158],[8.39718,52.42135],[8.39595,52.42124],[8.39533,52.42126],[8.39524,52.42109],[8.39524,52.42033],[8.39493,52.41998],[8.39461,52.42001],[8.39392,52.42029],[8.3932,52.42029],[8.39248,52.42014],[8.39219,52.41996],[8.3929,52.41965],[8.39485,52.41922],[8.39605,52.41869],[8.39582,52.41818],[8.39588,52.41749],[8.39634,52.41724],[8.39507,52.41717]]]}},{"type":"Feature","properties":{"slice":"ura","kind":"wald"},"geometry":{"type":"Polygon","coordinates":[[[8.38426,52.41502],[8.38348,52.41522],[8.38246,52.41516],[8.38202,52.41529],[8.38139,52.41535],[8.38133,52.41572],[8.38204,52.41632],[8.38292,52.41689],[8.38292,52.41725],[8.38331,52.41758],[8.38261,52.41859],[8.38149,52.41843],[8.38085,52.41805],[8.38006,52.41781],[8.37932,52.41779],[8.37793,52.41757],[8.37775,52.4178],[8.37783,52.41931],[8.37825,52.42082],[8.37967,52.42094],[8.37976,52.42124],[8.38054,52.42127],[8.3811,52.42113],[8.3811,52.42092],[8.38132,52.42058],[8.38173,52.42036],[8.38201,52.42001],[8.38203,52.41904],[8.38229,52.41877],[8.38318,52.41882],[8.38391,52.41935],[8.38446,52.42011],[8.38453,52.41969],[8.38517,52.41934],[8.3854,52.41885],[8.38505,52.41855],[8.38504,52.41828],[8.38553,52.41807],[8.38549,52.41763],[8.38573,52.41753],[8.38698,52.41797],[8.38728,52.41818],[8.38774,52.41839],[8.38806,52.41788],[8.38808,52.41748],[8.3857,52.41733],[8.38482,52.41722],[8.38406,52.41701],[8.38399,52.41694],[8.38524,52.4159],[8.38559,52.41553],[8.38563,52.41524],[8.3856,52.41507],[8.3854,52.41492],[8.38426,52.41502]]]}},{"type":"Feature","properties":{"slice":"ura","kind":"wald"},"geometry":{"type":"Polygon","coordinates":[[[8.3352,52.4107],[8.33641,52.41079],[8.3367,52.41011],[8.33663,52.4096],[8.33643,52.40909],[8.33598,52.40888],[8.33464,52.41013],[8.33399,52.41052],[8.33407,52.41071],[8.3352,52.4107]]]}},{"type":"Feature","properties":{"slice":"ura","kind":"wald"},"geometry":{"type":"Polygon","coordinates":[[[8.4154,52.4236],[8.41428,52.42339],[8.41437,52.423],[8.41372,52.42274],[8.41308,52.42269],[8.4126,52.42257],[8.41225,52.4226],[8.41213,52.42324],[8.41174,52.42348],[8.41158,52.42374],[8.41197,52.42422],[8.41284,52.42448],[8.41462,52.4247],[8.41563,52.42475],[8.4154,52.4236]]]}},{"type":"Feature","properties":{"slice":"ura","kind":"wald"},"geometry":{"type":"Polygon","coordinates":[[[8.41924,52.42533],[8.41856,52.42545],[8.4182,52.42523],[8.41794,52.42543],[8.41837,52.42716],[8.41861,52.42728],[8.41903,52.42725],[8.41916,52.42714],[8.41919,52.42692],[8.41902,52.42661],[8.419,52.42633],[8.41983,52.4259],[8.41924,52.42533]]]}},{"type":"Feature","properties":{"slice":"ura","kind":"wald"},"geometry":{"type":"Polygon","coordinates":[[[8.42391,52.41773],[8.42343,52.41754],[8.42364,52.41562],[8.42341,52.41542],[8.42269,52.41571],[8.42252,52.41589],[8.4225,52.41619],[8.42266,52.41654],[8.42323,52.41677],[8.42317,52.41713],[8.42291,52.41767],[8.42262,52.41904],[8.42211,52.41899],[8.42187,52.42132],[8.42252,52.42121],[8.42318,52.42143],[8.42336,52.4206],[8.42386,52.4204],[8.42375,52.42015],[8.42308,52.41932],[8.42358,52.41887],[8.42354,52.41848],[8.42383,52.41806],[8.42391,52.41773]]]}},{"type":"Feature","properties":{"slice":"ura","kind":"wald"},"geometry":{"type":"Polygon","coordinates":[[[8.42531,52.41887],[8.42501,52.41764],[8.42488,52.41779],[8.42474,52.4188],[8.4243,52.41889],[8.42467,52.41997],[8.42571,52.41957],[8.42531,52.41887]]]}},{"type":"Feature","properties":{"slice":"ura","kind":"wald"},"geometry":{"type":"Polygon","coordinates":[[[8.43091,52.42445],[8.4296,52.42458],[8.42929,52.42499],[8.42872,52.42516],[8.4275,52.42523],[8.42705,52.42518],[8.42692,52.42587],[8.42709,52.42658],[8.42767,52.42653],[8.42811,52.42678],[8.42883,52.42745],[8.42907,52.42759],[8.43016,52.42765],[8.43031,52.4273],[8.43016,52.42667],[8.42973,52.42589],[8.43055,52.42593],[8.43058,52.42577],[8.43178,52.42571],[8.43091,52.42445]]]}},{"type":"Feature","properties":{"slice":"ura","kind":"wald"},"geometry":{"type":"Polygon","coordinates":[[[8.49813,52.441],[8.49717,52.44062],[8.49712,52.44033],[8.49572,52.44029],[8.49521,52.44064],[8.49488,52.44131],[8.4951,52.44211],[8.49571,52.44219],[8.49643,52.44262],[8.49668,52.44252],[8.49717,52.44221],[8.49813,52.441]]]}},{"type":"Feature","properties":{"slice":"ura","kind":"wald"},"geometry":{"type":"Polygon","coordinates":[[[8.47279,52.43071],[8.47167,52.43179],[8.47128,52.43176],[8.47087,52.43147],[8.47071,52.43176],[8.47083,52.43214],[8.47024,52.43309],[8.47133,52.43306],[8.47275,52.43181],[8.47353,52.43184],[8.47411,52.43105],[8.47279,52.43071]]]}},{"type":"Feature","properties":{"slice":"ura","kind":"wald"},"geometry":{"type":"Polygon","coordinates":[[[8.4745,52.44008],[8.47379,52.43962],[8.47404,52.43908],[8.47382,52.43877],[8.47311,52.43879],[8.47287,52.43946],[8.47244,52.43974],[8.47182,52.43965],[8.4715,52.43948],[8.47102,52.43936],[8.4705,52.43946],[8.47017,52.43976],[8.4702,52.44002],[8.47052,52.44036],[8.47092,52.44059],[8.47154,52.44064],[8.47194,52.44056],[8.47277,52.44013],[8.47361,52.44022],[8.4745,52.44042],[8.47479,52.44015],[8.4745,52.44008]]]}},{"type":"Feature","properties":{"slice":"ura","kind":"wald"},"geometry":{"type":"Polygon","coordinates":[[[8.37201,52.43657],[8.36998,52.43574],[8.3698,52.43561],[8.36999,52.43528],[8.36985,52.43519],[8.36896,52.43521],[8.36905,52.43577],[8.36898,52.43599],[8.36843,52.43644],[8.36841,52.43656],[8.36974,52.43677],[8.37064,52.43682],[8.37132,52.43677],[8.37201,52.43657]]]}},{"type":"Feature","properties":{"slice":"ura","kind":"wald"},"geometry":{"type":"Polygon","coordinates":[[[8.3714,52.43826],[8.37098,52.438],[8.36861,52.43809],[8.36846,52.43774],[8.3688,52.43765],[8.36841,52.4372],[8.36784,52.4372],[8.36735,52.43666],[8.36662,52.43678],[8.36576,52.43674],[8.36528,52.43647],[8.3613,52.43683],[8.36069,52.43778],[8.36097,52.43859],[8.36105,52.43868],[8.3615,52.43873],[8.36189,52.43872],[8.36194,52.43863],[8.36187,52.43812],[8.36162,52.43801],[8.36171,52.43758],[8.36296,52.43767],[8.36445,52.43789],[8.36641,52.43797],[8.36582,52.43923],[8.3653,52.44004],[8.36524,52.44049],[8.36539,52.44075],[8.36658,52.4405],[8.36657,52.44028],[8.36768,52.44034],[8.36869,52.44026],[8.36911,52.44013],[8.36929,52.43978],[8.36963,52.43942],[8.37001,52.4392],[8.37032,52.43914],[8.37072,52.43894],[8.37087,52.43896],[8.37114,52.43885],[8.37137,52.43889],[8.37152,52.43877],[8.3714,52.43826]]]}},{"type":"Feature","properties":{"slice":"ura","kind":"wald"},"geometry":{"type":"Polygon","coordinates":[[[8.49769,52.45799],[8.49864,52.45786],[8.49891,52.45761],[8.49888,52.45743],[8.49848,52.45724],[8.49824,52.45703],[8.49886,52.45627],[8.49842,52.45618],[8.49767,52.45624],[8.49739,52.45645],[8.49669,52.45677],[8.49769,52.45799]]]}},{"type":"Feature","properties":{"slice":"ura","kind":"wald"},"geometry":{"type":"Polygon","coordinates":[[[8.4978,52.45819],[8.49654,52.45831],[8.4963,52.4588],[8.49549,52.45865],[8.49434,52.45815],[8.49323,52.45782],[8.49111,52.45739],[8.49045,52.45736],[8.49104,52.45827],[8.49179,52.45834],[8.49373,52.45868],[8.49476,52.4587],[8.4965,52.45894],[8.49677,52.45893],[8.49868,52.45925],[8.4978,52.45819]]]}},{"type":"Feature","properties":{"slice":"ura","kind":"wald"},"geometry":{"type":"Polygon","coordinates":[[[8.48041,52.4644],[8.47957,52.46427],[8.47895,52.46428],[8.47885,52.4649],[8.47864,52.46532],[8.47807,52.4657],[8.477,52.46598],[8.47644,52.46606],[8.47517,52.46652],[8.47437,52.46657],[8.47374,52.467],[8.47319,52.46703],[8.47291,52.46688],[8.47245,52.46688],[8.47249,52.46863],[8.47302,52.46815],[8.47315,52.46791],[8.47474,52.46793],[8.47629,52.46785],[8.47832,52.46799],[8.47854,52.46812],[8.47936,52.4681],[8.47989,52.46822],[8.48033,52.46852],[8.48046,52.46836],[8.48028,52.46753],[8.48051,52.46748],[8.48076,52.46749],[8.48091,52.46764],[8.48092,52.46791],[8.48168,52.46793],[8.48148,52.4686],[8.48159,52.46874],[8.48361,52.4687],[8.48406,52.46889],[8.48406,52.46802],[8.48322,52.46802],[8.48251,52.46789],[8.48192,52.46738],[8.4819,52.46709],[8.48173,52.46679],[8.48147,52.46666],[8.48098,52.46663],[8.48014,52.46613],[8.48071,52.46557],[8.48161,52.46494],[8.48204,52.46473],[8.48212,52.46444],[8.48041,52.4644]]]}},{"type":"Feature","properties":{"slice":"ura","kind":"wald"},"geometry":{"type":"Polygon","coordinates":[[[8.58828,52.29398],[8.58794,52.29334],[8.58779,52.29149],[8.58743,52.29191],[8.58762,52.29318],[8.58721,52.29319],[8.58671,52.29195],[8.58629,52.29135],[8.5863,52.29192],[8.5869,52.29349],[8.5875,52.29355],[8.58786,52.29405],[8.58828,52.29398]]]}},{"type":"Feature","properties":{"slice":"ura","kind":"wald"},"geometry":{"type":"Polygon","coordinates":[[[8.5495,52.31039],[8.54919,52.30997],[8.54868,52.30995],[8.54874,52.30968],[8.54674,52.30947],[8.54781,52.31019],[8.54879,52.31061],[8.54897,52.3105],[8.54933,52.3106],[8.55008,52.31054],[8.55027,52.31026],[8.5495,52.31039]]]}},{"type":"Feature","properties":{"slice":"ura","kind":"wald"},"geometry":{"type":"Polygon","coordinates":[[[8.52528,52.30219],[8.5253,52.30189],[8.5241,52.30156],[8.52313,52.30119],[8.522,52.30044],[8.52196,52.30077],[8.52271,52.30138],[8.52528,52.30219]]]}},{"type":"Feature","properties":{"slice":"ura","kind":"wald"},"geometry":{"type":"Polygon","coordinates":[[[8.50432,52.3119],[8.50381,52.31185],[8.50362,52.31253],[8.50314,52.31327],[8.50473,52.31405],[8.50482,52.31387],[8.50389,52.31278],[8.50532,52.3125],[8.50585,52.31333],[8.50666,52.31291],[8.50432,52.3119]]]}},{"type":"Feature","properties":{"slice":"ura","kind":"wald"},"geometry":{"type":"Polygon","coordinates":[[[8.51744,52.33162],[8.51838,52.33178],[8.51866,52.32852],[8.51885,52.32804],[8.51932,52.32756],[8.51968,52.32662],[8.52159,52.32629],[8.52246,52.32692],[8.52353,52.32697],[8.52381,52.3271],[8.52385,52.32747],[8.52396,52.32729],[8.52407,52.32626],[8.52403,52.32513],[8.52393,52.32482],[8.5233,52.32489],[8.52139,52.32547],[8.51849,52.32626],[8.51815,52.32667],[8.51853,52.32799],[8.51724,52.33045],[8.51689,52.33147],[8.51744,52.33162]]]}},{"type":"Feature","properties":{"slice":"ura","kind":"wald"},"geometry":{"type":"Polygon","coordinates":[[[8.51558,52.34336],[8.51507,52.34369],[8.51567,52.34368],[8.51586,52.34396],[8.51658,52.34397],[8.51674,52.34408],[8.51657,52.34438],[8.51583,52.34466],[8.5155,52.34512],[8.51542,52.3456],[8.5165,52.3452],[8.51709,52.34446],[8.51774,52.34417],[8.51771,52.34408],[8.51689,52.34389],[8.51658,52.34359],[8.51637,52.34301],[8.51558,52.34336]]]}},{"type":"Feature","properties":{"slice":"ura","kind":"wald"},"geometry":{"type":"Polygon","coordinates":[[[8.5107,52.34623],[8.51056,52.34546],[8.50945,52.34497],[8.50904,52.34498],[8.5089,52.3446],[8.50819,52.34469],[8.50829,52.34542],[8.50914,52.34535],[8.50928,52.34541],[8.50997,52.34641],[8.5107,52.34623]]]}},{"type":"Feature","properties":{"slice":"ura","kind":"wald"},"geometry":{"type":"Polygon","coordinates":[[[8.51078,52.37214],[8.51259,52.37235],[8.51343,52.37183],[8.5144,52.37305],[8.51475,52.3728],[8.51483,52.37247],[8.51435,52.37162],[8.51408,52.37155],[8.51369,52.37122],[8.51342,52.37168],[8.51289,52.37175],[8.51048,52.37142],[8.51032,52.37199],[8.51078,52.37214]]]}},{"type":"Feature","properties":{"slice":"ura","kind":"wald"},"geometry":{"type":"Polygon","coordinates":[[[8.51325,52.36957],[8.51437,52.37014],[8.51546,52.37031],[8.51627,52.37027],[8.51656,52.37053],[8.51653,52.37077],[8.51679,52.3708],[8.51692,52.37041],[8.51647,52.37005],[8.51645,52.36992],[8.51728,52.36964],[8.51726,52.36923],[8.5171,52.36884],[8.51765,52.36853],[8.51803,52.36818],[8.51798,52.36762],[8.51739,52.36747],[8.51719,52.36832],[8.51641,52.36863],[8.51652,52.36883],[8.5146,52.36815],[8.51438,52.36802],[8.51462,52.36854],[8.51539,52.36899],[8.51606,52.36917],[8.51514,52.3695],[8.51376,52.36937],[8.51297,52.36911],[8.5127,52.36909],[8.51325,52.36957]]]}},{"type":"Feature","properties":{"slice":"ura","kind":"wald"},"geometry":{"type":"Polygon","coordinates":[[[8.50923,52.36753],[8.5077,52.36682],[8.50703,52.36738],[8.50761,52.36766],[8.50757,52.36795],[8.5086,52.36829],[8.50923,52.36753]]]}},{"type":"Feature","properties":{"slice":"ura","kind":"wald"},"geometry":{"type":"Polygon","coordinates":[[[8.51541,52.37377],[8.51551,52.37432],[8.51587,52.37469],[8.51658,52.37492],[8.51666,52.37539],[8.51636,52.37552],[8.51517,52.37534],[8.51418,52.37548],[8.5141,52.37576],[8.51444,52.37593],[8.5149,52.37604],[8.51631,52.37607],[8.51616,52.37642],[8.5163,52.3766],[8.51656,52.37638],[8.51848,52.37598],[8.51863,52.37563],[8.51673,52.37617],[8.51649,52.37608],[8.51694,52.37586],[8.51703,52.37534],[8.51654,52.37458],[8.516,52.37339],[8.51517,52.37339],[8.51541,52.37377]]]}},{"type":"Feature","properties":{"slice":"ura","kind":"wald"},"geometry":{"type":"Polygon","coordinates":[[[8.52007,52.37405],[8.5201,52.37515],[8.5211,52.37468],[8.52142,52.37488],[8.52192,52.37506],[8.52183,52.37567],[8.52148,52.37624],[8.52203,52.37639],[8.52263,52.37636],[8.52286,52.37568],[8.52289,52.37508],[8.52249,52.37487],[8.52204,52.37483],[8.52126,52.37445],[8.52104,52.37403],[8.52007,52.37405]]]}},{"type":"Feature","properties":{"slice":"ura","kind":"wald"},"geometry":{"type":"Polygon","coordinates":[[[8.53159,52.36692],[8.53183,52.36639],[8.5297,52.36574],[8.52934,52.36621],[8.53159,52.36692]]]}},{"type":"Feature","properties":{"slice":"ura","kind":"wald"},"geometry":{"type":"Polygon","coordinates":[[[8.53013,52.3716],[8.52992,52.37189],[8.53062,52.37194],[8.53135,52.37191],[8.53221,52.37203],[8.53258,52.37203],[8.5328,52.37151],[8.53264,52.37136],[8.53187,52.37113],[8.5318,52.37098],[8.53065,52.3715],[8.53013,52.3716]]]}},{"type":"Feature","properties":{"slice":"ura","kind":"wald"},"geometry":{"type":"Polygon","coordinates":[[[8.52953,52.36236],[8.5287,52.36308],[8.52878,52.36322],[8.52918,52.36334],[8.52958,52.36329],[8.52975,52.3632],[8.53104,52.3634],[8.5311,52.3633],[8.53029,52.36286],[8.5301,52.36255],[8.52953,52.36236]]]}},{"type":"Feature","properties":{"slice":"ura","kind":"wald"},"geometry":{"type":"Polygon","coordinates":[[[8.53295,52.37783],[8.53308,52.37835],[8.53428,52.37801],[8.53397,52.37761],[8.53295,52.37783]]]}},{"type":"Feature","properties":{"slice":"ura","kind":"wald"},"geometry":{"type":"Polygon","coordinates":[[[8.53538,52.37717],[8.5354,52.3775],[8.53711,52.37699],[8.5372,52.37689],[8.53638,52.37665],[8.53605,52.37645],[8.53497,52.37674],[8.53538,52.37717]]]}},{"type":"Feature","properties":{"slice":"ura","kind":"wald"},"geometry":{"type":"Polygon","coordinates":[[[8.5374,52.37652],[8.53739,52.37676],[8.5387,52.37698],[8.53856,52.37658],[8.53875,52.37638],[8.53999,52.37617],[8.53932,52.37558],[8.53724,52.37615],[8.5374,52.37652]]]}},{"type":"Feature","properties":{"slice":"ura","kind":"wald"},"geometry":{"type":"Polygon","coordinates":[[[8.5354,52.37951],[8.53644,52.3797],[8.53773,52.38002],[8.53773,52.37972],[8.5375,52.3793],[8.5366,52.37913],[8.5354,52.37951]]]}},{"type":"Feature","properties":{"slice":"ura","kind":"wald"},"geometry":{"type":"Polygon","coordinates":[[[8.52715,52.38087],[8.52683,52.38033],[8.52705,52.3798],[8.52701,52.37975],[8.52635,52.37969],[8.52649,52.37952],[8.52626,52.37942],[8.52583,52.37982],[8.52572,52.38018],[8.52638,52.38092],[8.52715,52.38087]]]}},{"type":"Feature","properties":{"slice":"ura","kind":"wald"},"geometry":{"type":"Polygon","coordinates":[[[8.52328,52.37891],[8.52308,52.37883],[8.52283,52.37886],[8.52211,52.37942],[8.52159,52.38051],[8.52139,52.38045],[8.52018,52.38212],[8.52013,52.38282],[8.51993,52.3831],[8.51935,52.38356],[8.52025,52.38396],[8.52052,52.38357],[8.52055,52.3831],[8.52107,52.38239],[8.52189,52.38173],[8.52226,52.38073],[8.52336,52.37906],[8.52328,52.37891]]]}},{"type":"Feature","properties":{"slice":"ura","kind":"wald"},"geometry":{"type":"Polygon","coordinates":[[[8.52681,52.3861],[8.52748,52.38618],[8.52738,52.38589],[8.52748,52.3855],[8.52776,52.38503],[8.52776,52.38473],[8.52745,52.38442],[8.52689,52.38436],[8.52544,52.3852],[8.5267,52.38592],[8.52681,52.3861]]]}},{"type":"Feature","properties":{"slice":"ura","kind":"wald"},"geometry":{"type":"Polygon","coordinates":[[[8.52756,52.38398],[8.5275,52.38426],[8.52797,52.38431],[8.5282,52.38359],[8.52845,52.38313],[8.52773,52.38313],[8.52764,52.3822],[8.52647,52.38215],[8.52674,52.38248],[8.52692,52.38293],[8.52686,52.38396],[8.52756,52.38398]]]}},{"type":"Feature","properties":{"slice":"ura","kind":"wald"},"geometry":{"type":"Polygon","coordinates":[[[8.52609,52.38633],[8.5253,52.38685],[8.52559,52.38719],[8.52589,52.38732],[8.52661,52.38702],[8.52665,52.38659],[8.52609,52.38633]]]}},{"type":"Feature","properties":{"slice":"ura","kind":"wald"},"geometry":{"type":"Polygon","coordinates":[[[8.53068,52.38898],[8.53222,52.38875],[8.53326,52.38869],[8.5333,52.38834],[8.53179,52.38833],[8.5306,52.38821],[8.53068,52.38898]]]}},{"type":"Feature","properties":{"slice":"ura","kind":"wald"},"geometry":{"type":"Polygon","coordinates":[[[8.52924,52.39057],[8.52988,52.39061],[8.53059,52.39075],[8.53281,52.39055],[8.53109,52.39001],[8.52981,52.39028],[8.52939,52.39019],[8.52924,52.39057]]]}},{"type":"Feature","properties":{"slice":"ura","kind":"wald"},"geometry":{"type":"Polygon","coordinates":[[[8.5344,52.38991],[8.5347,52.38968],[8.53529,52.38945],[8.53581,52.38947],[8.53592,52.38899],[8.53681,52.38887],[8.53687,52.38862],[8.53735,52.38859],[8.53761,52.3883],[8.53838,52.38829],[8.53843,52.38817],[8.53823,52.38798],[8.53777,52.3878],[8.53682,52.38841],[8.53534,52.38899],[8.53499,52.38866],[8.53484,52.38882],[8.53391,52.38939],[8.53309,52.38977],[8.5344,52.38991]]]}},{"type":"Feature","properties":{"slice":"ura","kind":"wald"},"geometry":{"type":"Polygon","coordinates":[[[8.53602,52.38638],[8.53663,52.38642],[8.53736,52.38662],[8.53753,52.38658],[8.53767,52.38599],[8.53723,52.38576],[8.5367,52.38568],[8.53649,52.38547],[8.53669,52.38485],[8.53525,52.38478],[8.53544,52.38603],[8.53519,52.38641],[8.53602,52.38638]]]}},{"type":"Feature","properties":{"slice":"ura","kind":"wald"},"geometry":{"type":"Polygon","coordinates":[[[8.54479,52.3973],[8.54481,52.398],[8.54469,52.39828],[8.54571,52.39853],[8.54549,52.39734],[8.5456,52.39706],[8.54491,52.39694],[8.54479,52.3973]]]}},{"type":"Feature","properties":{"slice":"ura","kind":"wald"},"geometry":{"type":"Polygon","coordinates":[[[8.56111,52.39226],[8.5646,52.39179],[8.56437,52.39111],[8.56945,52.39012],[8.56897,52.38891],[8.56838,52.38903],[8.56788,52.38786],[8.55968,52.38922],[8.56111,52.39226]]]}},{"type":"Feature","properties":{"slice":"ura","kind":"wald"},"geometry":{"type":"Polygon","coordinates":[[[8.57755,52.38707],[8.57781,52.38678],[8.57582,52.38586],[8.5756,52.38549],[8.57496,52.38512],[8.57454,52.38429],[8.57392,52.38434],[8.57343,52.38454],[8.57401,52.3852],[8.57401,52.38583],[8.57232,52.38646],[8.57294,52.38673],[8.57453,52.38604],[8.57451,52.3861],[8.57755,52.38707]]]}},{"type":"Feature","properties":{"slice":"ura","kind":"wald"},"geometry":{"type":"Polygon","coordinates":[[[8.58709,52.39013],[8.58721,52.39048],[8.58717,52.39087],[8.58787,52.39149],[8.58924,52.39103],[8.59139,52.39058],[8.58953,52.3887],[8.58836,52.38893],[8.58722,52.38782],[8.58785,52.38775],[8.58595,52.3864],[8.59227,52.38494],[8.5912,52.38299],[8.59468,52.38208],[8.5937,52.38058],[8.58139,52.38333],[8.57938,52.38373],[8.58095,52.38436],[8.58109,52.38525],[8.57995,52.38526],[8.58087,52.3858],[8.58117,52.38622],[8.58242,52.38675],[8.58279,52.38741],[8.58352,52.38792],[8.58497,52.38827],[8.58747,52.38921],[8.58709,52.39013]]]}},{"type":"Feature","properties":{"slice":"ura","kind":"wald"},"geometry":{"type":"Polygon","coordinates":[[[8.58131,52.37857],[8.58089,52.3791],[8.57985,52.37959],[8.57923,52.37964],[8.57858,52.37942],[8.57793,52.37892],[8.57735,52.37819],[8.57705,52.37817],[8.57727,52.37893],[8.57695,52.37901],[8.57621,52.37903],[8.57642,52.37959],[8.57736,52.37936],[8.57743,52.37955],[8.57837,52.38011],[8.57993,52.38019],[8.5811,52.38003],[8.58163,52.37949],[8.58131,52.37857]]]}},{"type":"Feature","properties":{"slice":"ura","kind":"wald"},"geometry":{"type":"Polygon","coordinates":[[[8.57647,52.37817],[8.57555,52.37838],[8.57552,52.37775],[8.5756,52.37719],[8.57632,52.37694],[8.57638,52.37721],[8.57711,52.37715],[8.57784,52.37675],[8.57798,52.37644],[8.5778,52.37638],[8.57789,52.37624],[8.57793,52.37551],[8.57841,52.37484],[8.57837,52.37407],[8.57762,52.37396],[8.57682,52.37618],[8.57655,52.37624],[8.57632,52.37662],[8.57604,52.37681],[8.57558,52.37691],[8.57552,52.3771],[8.57464,52.37708],[8.57477,52.37817],[8.57468,52.37897],[8.57551,52.37903],[8.57556,52.37886],[8.57684,52.37873],[8.57647,52.37817]]]}},{"type":"Feature","properties":{"slice":"ura","kind":"wald"},"geometry":{"type":"Polygon","coordinates":[[[8.5769,52.37326],[8.57837,52.37343],[8.57751,52.37269],[8.57709,52.37212],[8.57586,52.37263],[8.57567,52.37279],[8.57513,52.37285],[8.5769,52.37326]]]}},{"type":"Feature","properties":{"slice":"ura","kind":"wald"},"geometry":{"type":"Polygon","coordinates":[[[8.5832,52.37275],[8.58246,52.37245],[8.58122,52.37243],[8.58039,52.37222],[8.57983,52.37197],[8.57933,52.37124],[8.57957,52.37075],[8.5794,52.37023],[8.57837,52.37051],[8.57853,52.37118],[8.57929,52.37156],[8.57991,52.37233],[8.58269,52.37331],[8.5832,52.37275]]]}},{"type":"Feature","properties":{"slice":"ura","kind":"wald"},"geometry":{"type":"Polygon","coordinates":[[[8.58658,52.37755],[8.58585,52.37768],[8.5854,52.37768],[8.58551,52.37822],[8.58535,52.37847],[8.58471,52.3787],[8.58425,52.37916],[8.58375,52.37951],[8.58591,52.37908],[8.58609,52.3781],[8.58646,52.37792],[8.58708,52.37791],[8.58744,52.37805],[8.58782,52.37853],[8.58855,52.37843],[8.58887,52.37734],[8.58658,52.37755]]]}},{"type":"Feature","properties":{"slice":"ura","kind":"wald"},"geometry":{"type":"Polygon","coordinates":[[[8.59327,52.38926],[8.59144,52.38966],[8.59282,52.39167],[8.5945,52.39139],[8.59327,52.38926]]]}},{"type":"Feature","properties":{"slice":"ura","kind":"wald"},"geometry":{"type":"Polygon","coordinates":[[[8.59797,52.38964],[8.59659,52.38989],[8.59671,52.39029],[8.59697,52.39037],[8.59775,52.39114],[8.59753,52.39127],[8.5978,52.39221],[8.59922,52.39193],[8.59797,52.38964]]]}},{"type":"Feature","properties":{"slice":"ura","kind":"wald"},"geometry":{"type":"Polygon","coordinates":[[[8.5802,52.39895],[8.57981,52.39852],[8.58009,52.39802],[8.57974,52.39768],[8.57896,52.3975],[8.5787,52.39782],[8.57919,52.39783],[8.57949,52.39795],[8.5793,52.39813],[8.57887,52.39829],[8.57862,52.39849],[8.57955,52.39898],[8.5802,52.39895]]]}},{"type":"Feature","properties":{"slice":"ura","kind":"wald"},"geometry":{"type":"Polygon","coordinates":[[[8.58382,52.39899],[8.58448,52.39838],[8.58481,52.39797],[8.58522,52.39713],[8.58622,52.39668],[8.58635,52.39624],[8.58634,52.39596],[8.58566,52.39527],[8.58589,52.39504],[8.58669,52.39499],[8.58609,52.39432],[8.58554,52.39434],[8.58153,52.39545],[8.58242,52.39626],[8.58244,52.39669],[8.58146,52.39687],[8.58184,52.39729],[8.58121,52.39753],[8.5812,52.39773],[8.58186,52.39803],[8.58233,52.39846],[8.58217,52.39896],[8.58382,52.39899]]]}},{"type":"Feature","properties":{"slice":"ura","kind":"wald"},"geometry":{"type":"Polygon","coordinates":[[[8.587,52.39372],[8.58574,52.39331],[8.58442,52.39277],[8.58283,52.39173],[8.58267,52.39232],[8.58343,52.39267],[8.58508,52.39371],[8.58693,52.3939],[8.587,52.39372]]]}},{"type":"Feature","properties":{"slice":"ura","kind":"wald"},"geometry":{"type":"Polygon","coordinates":[[[8.59173,52.39896],[8.59165,52.3983],[8.59132,52.39757],[8.59073,52.39776],[8.59066,52.39863],[8.59038,52.39874],[8.59035,52.39896],[8.59173,52.39896]]]}},{"type":"Feature","properties":{"slice":"ura","kind":"wald"},"geometry":{"type":"Polygon","coordinates":[[[8.59861,52.38446],[8.59821,52.38361],[8.59515,52.3843],[8.59568,52.38511],[8.59861,52.38446]]]}},{"type":"Feature","properties":{"slice":"ura","kind":"wald"},"geometry":{"type":"Polygon","coordinates":[[[8.60081,52.38396],[8.60181,52.38548],[8.60278,52.38509],[8.6019,52.38358],[8.60081,52.38396]]]}},{"type":"Feature","properties":{"slice":"ura","kind":"wald"},"geometry":{"type":"Polygon","coordinates":[[[8.6153,52.39396],[8.61765,52.39391],[8.61791,52.3935],[8.61794,52.39324],[8.61533,52.39314],[8.6153,52.39396]]]}},{"type":"Feature","properties":{"slice":"ura","kind":"wald"},"geometry":{"type":"Polygon","coordinates":[[[8.61555,52.39133],[8.61809,52.39131],[8.61807,52.39025],[8.61539,52.39031],[8.61536,52.39197],[8.61557,52.39199],[8.61555,52.39133]]]}},{"type":"Feature","properties":{"slice":"ura","kind":"wald"},"geometry":{"type":"Polygon","coordinates":[[[8.61426,52.3882],[8.61436,52.38723],[8.61363,52.38705],[8.61301,52.38645],[8.61267,52.3859],[8.61215,52.38601],[8.61206,52.38583],[8.60931,52.38652],[8.60864,52.38663],[8.60859,52.38878],[8.60555,52.38958],[8.60618,52.39057],[8.60858,52.38996],[8.60866,52.39059],[8.6106,52.39059],[8.61054,52.39191],[8.61168,52.3918],[8.61159,52.39062],[8.61443,52.39073],[8.61426,52.3882]]]}},{"type":"Feature","properties":{"slice":"ura","kind":"wald"},"geometry":{"type":"Polygon","coordinates":[[[8.61664,52.38604],[8.61669,52.38532],[8.61601,52.38524],[8.61555,52.3854],[8.61424,52.38564],[8.61424,52.38594],[8.61455,52.38628],[8.61492,52.38648],[8.61552,52.38644],[8.61672,52.38652],[8.61664,52.38604]]]}},{"type":"Feature","properties":{"slice":"ura","kind":"wald"},"geometry":{"type":"Polygon","coordinates":[[[8.63076,52.38678],[8.63474,52.38782],[8.63731,52.3825],[8.63798,52.38162],[8.6388,52.38105],[8.64173,52.38013],[8.64248,52.37963],[8.64268,52.37909],[8.64213,52.37778],[8.64209,52.37744],[8.64241,52.37689],[8.64108,52.37568],[8.64058,52.37485],[8.64045,52.37423],[8.64109,52.37324],[8.64143,52.37246],[8.6362,52.37127],[8.63194,52.37928],[8.62925,52.3846],[8.62869,52.38615],[8.63034,52.38654],[8.63076,52.38678]]]}},{"type":"Feature","properties":{"slice":"ura","kind":"wald"},"geometry":{"type":"Polygon","coordinates":[[[8.64675,52.39887],[8.64646,52.39859],[8.64649,52.39842],[8.6464,52.39819],[8.64622,52.39803],[8.64619,52.39784],[8.64683,52.39763],[8.64672,52.3974],[8.64657,52.39616],[8.64486,52.39578],[8.64483,52.39601],[8.64501,52.39635],[8.64499,52.39661],[8.64434,52.3971],[8.64431,52.39736],[8.64495,52.39762],[8.64518,52.39787],[8.64511,52.39864],[8.6456,52.3988],[8.64674,52.39897],[8.64675,52.39887]]]}},{"type":"Feature","properties":{"slice":"ura","kind":"wald"},"geometry":{"type":"Polygon","coordinates":[[[8.64829,52.39742],[8.64869,52.39757],[8.64935,52.39749],[8.64958,52.39723],[8.64922,52.39696],[8.64933,52.39661],[8.64778,52.39632],[8.64774,52.39699],[8.64762,52.39745],[8.64829,52.39742]]]}},{"type":"Feature","properties":{"slice":"ura","kind":"wald"},"geometry":{"type":"Polygon","coordinates":[[[8.65021,52.3928],[8.65033,52.3932],[8.65059,52.39327],[8.65104,52.39269],[8.6514,52.39263],[8.6517,52.39148],[8.65151,52.39089],[8.65117,52.3913],[8.65076,52.39228],[8.65021,52.3928]]]}},{"type":"Feature","properties":{"slice":"ura","kind":"wald"},"geometry":{"type":"Polygon","coordinates":[[[8.6569,52.3925],[8.65697,52.39297],[8.65752,52.39148],[8.65763,52.39075],[8.65755,52.39004],[8.65769,52.38946],[8.65755,52.38875],[8.65725,52.38828],[8.65638,52.38869],[8.65736,52.38919],[8.65742,52.38955],[8.65706,52.38959],[8.65695,52.38972],[8.65662,52.38977],[8.65594,52.39043],[8.65596,52.39069],[8.65633,52.39097],[8.65602,52.39133],[8.65607,52.39153],[8.65656,52.39163],[8.65676,52.3918],[8.65665,52.39214],[8.65654,52.3922],[8.65658,52.39235],[8.6569,52.3925]]]}},{"type":"Feature","properties":{"slice":"ura","kind":"wald"},"geometry":{"type":"Polygon","coordinates":[[[8.65959,52.39033],[8.6596,52.38958],[8.65829,52.38935],[8.65795,52.38994],[8.65959,52.39033]]]}},{"type":"Feature","properties":{"slice":"ura","kind":"wald"},"geometry":{"type":"Polygon","coordinates":[[[8.65441,52.38789],[8.65411,52.38831],[8.65374,52.38855],[8.65453,52.3888],[8.65451,52.38914],[8.65472,52.38913],[8.65506,52.38899],[8.65532,52.38872],[8.6553,52.38843],[8.65539,52.38833],[8.65502,52.38827],[8.65489,52.38808],[8.65453,52.38785],[8.65441,52.38789]]]}},{"type":"Feature","properties":{"slice":"ura","kind":"wald"},"geometry":{"type":"Polygon","coordinates":[[[8.66419,52.38168],[8.66386,52.38134],[8.66365,52.38075],[8.66274,52.38093],[8.6623,52.38087],[8.66164,52.38092],[8.66126,52.38103],[8.66134,52.3814],[8.6612,52.3817],[8.66419,52.38168]]]}},{"type":"Feature","properties":{"slice":"ura","kind":"wald"},"geometry":{"type":"Polygon","coordinates":[[[8.66773,52.37808],[8.66776,52.37728],[8.66727,52.37661],[8.66672,52.37619],[8.66548,52.3765],[8.66561,52.3776],[8.66548,52.37808],[8.66773,52.37808]]]}},{"type":"Feature","properties":{"slice":"ura","kind":"wald"},"geometry":{"type":"Polygon","coordinates":[[[8.66531,52.37622],[8.66502,52.37549],[8.66588,52.37538],[8.66587,52.37515],[8.66557,52.37497],[8.66533,52.37491],[8.66496,52.37491],[8.66488,52.37481],[8.66421,52.37496],[8.66372,52.37492],[8.6634,52.37481],[8.6629,52.37541],[8.66531,52.37622]]]}},{"type":"Feature","properties":{"slice":"ura","kind":"wald"},"geometry":{"type":"Polygon","coordinates":[[[8.65198,52.37668],[8.65236,52.37657],[8.6537,52.37667],[8.65417,52.37568],[8.65462,52.3751],[8.65351,52.37481],[8.65262,52.37582],[8.65214,52.37584],[8.65213,52.37603],[8.65195,52.37625],[8.65039,52.37613],[8.65004,52.37635],[8.65026,52.37657],[8.65198,52.37668]]]}},{"type":"Feature","properties":{"slice":"ura","kind":"wald"},"geometry":{"type":"Polygon","coordinates":[[[8.65819,52.3742],[8.65817,52.37385],[8.65836,52.37351],[8.65755,52.37333],[8.65698,52.37379],[8.65682,52.37427],[8.65819,52.3742]]]}},{"type":"Feature","properties":{"slice":"ura","kind":"wald"},"geometry":{"type":"Polygon","coordinates":[[[8.66231,52.37238],[8.66242,52.37267],[8.66319,52.37257],[8.66363,52.3722],[8.66407,52.37162],[8.6637,52.37141],[8.66278,52.37124],[8.66251,52.37148],[8.66244,52.37201],[8.66153,52.37196],[8.66147,52.37233],[8.66231,52.37238]]]}},{"type":"Feature","properties":{"slice":"ura","kind":"wald"},"geometry":{"type":"Polygon","coordinates":[[[8.65567,52.35065],[8.65689,52.35025],[8.65739,52.34994],[8.65502,52.34952],[8.65472,52.35005],[8.65567,52.35065]]]}},{"type":"Feature","properties":{"slice":"ura","kind":"wald"},"geometry":{"type":"Polygon","coordinates":[[[8.65615,52.32999],[8.65662,52.33002],[8.65658,52.3307],[8.65921,52.33052],[8.65963,52.33081],[8.66165,52.33085],[8.66156,52.33],[8.66033,52.32886],[8.65831,52.32874],[8.65694,52.32852],[8.65658,52.32835],[8.65666,52.32931],[8.65549,52.32924],[8.65615,52.32999]]]}},{"type":"Feature","properties":{"slice":"ura","kind":"wald"},"geometry":{"type":"Polygon","coordinates":[[[8.59904,52.38088],[8.59798,52.37927],[8.59655,52.37971],[8.5975,52.38132],[8.59904,52.38088]]]}},{"type":"Feature","properties":{"slice":"ura","kind":"wald"},"geometry":{"type":"Polygon","coordinates":[[[8.60315,52.37981],[8.60485,52.37934],[8.60388,52.37772],[8.60218,52.37816],[8.60315,52.37981]]]}},{"type":"Feature","properties":{"slice":"ura","kind":"wald"},"geometry":{"type":"Polygon","coordinates":[[[8.60019,52.38058],[8.60108,52.38035],[8.60008,52.37871],[8.5992,52.37899],[8.60019,52.38058]]]}},{"type":"Feature","properties":{"slice":"ura","kind":"wald"},"geometry":{"type":"Polygon","coordinates":[[[8.6106,52.37595],[8.60968,52.37419],[8.60799,52.3745],[8.60915,52.37635],[8.6106,52.37595]]]}},{"type":"Feature","properties":{"slice":"ura","kind":"wald"},"geometry":{"type":"Polygon","coordinates":[[[8.61567,52.37839],[8.61555,52.38004],[8.62186,52.37849],[8.62206,52.37634],[8.62197,52.37569],[8.62213,52.37513],[8.62582,52.37422],[8.62556,52.37222],[8.62475,52.37226],[8.62391,52.37253],[8.62332,52.37137],[8.61926,52.37226],[8.61952,52.37363],[8.61767,52.37409],[8.61762,52.37619],[8.61067,52.37785],[8.61085,52.37945],[8.61567,52.37839]]]}},{"type":"Feature","properties":{"slice":"ura","kind":"wald"},"geometry":{"type":"Polygon","coordinates":[[[8.63178,52.37307],[8.63175,52.37099],[8.62806,52.37176],[8.62758,52.37388],[8.63178,52.37307]]]}},{"type":"Feature","properties":{"slice":"ura","kind":"wald"},"geometry":{"type":"Polygon","coordinates":[[[8.62271,52.36987],[8.62066,52.37054],[8.62118,52.37153],[8.62312,52.37094],[8.62271,52.36987]]]}},{"type":"Feature","properties":{"slice":"ura","kind":"wald"},"geometry":{"type":"Polygon","coordinates":[[[8.62459,52.36665],[8.62544,52.36625],[8.62492,52.36526],[8.62589,52.36502],[8.62548,52.36392],[8.62438,52.364],[8.62374,52.3624],[8.62339,52.36245],[8.62296,52.36259],[8.62459,52.36665]]]}},{"type":"Feature","properties":{"slice":"ura","kind":"wald"},"geometry":{"type":"Polygon","coordinates":[[[8.62665,52.36285],[8.62762,52.36449],[8.62787,52.36539],[8.63131,52.36394],[8.62854,52.36039],[8.62688,52.35811],[8.62397,52.3588],[8.62457,52.36007],[8.62664,52.3594],[8.62707,52.35932],[8.62798,52.3607],[8.62763,52.36091],[8.62792,52.36126],[8.62743,52.3615],[8.6282,52.36281],[8.6267,52.36236],[8.62665,52.36285]]]}},{"type":"Feature","properties":{"slice":"ura","kind":"wald"},"geometry":{"type":"Polygon","coordinates":[[[8.6197,52.36168],[8.61758,52.36085],[8.61935,52.36384],[8.62014,52.36543],[8.62078,52.36707],[8.62171,52.36706],[8.62175,52.36776],[8.62294,52.36722],[8.62116,52.36244],[8.6197,52.36168]]]}},{"type":"Feature","properties":{"slice":"ura","kind":"wald"},"geometry":{"type":"Polygon","coordinates":[[[8.61286,52.36326],[8.61439,52.36361],[8.61472,52.36257],[8.6133,52.36253],[8.61286,52.36326]]]}},{"type":"Feature","properties":{"slice":"ura","kind":"wald"},"geometry":{"type":"Polygon","coordinates":[[[8.61198,52.35951],[8.60753,52.35849],[8.60837,52.3605],[8.61198,52.35951]]]}},{"type":"Feature","properties":{"slice":"ura","kind":"wald"},"geometry":{"type":"Polygon","coordinates":[[[8.60864,52.35283],[8.60299,52.35281],[8.60308,52.35356],[8.60924,52.35583],[8.60864,52.35283]]]}},{"type":"Feature","properties":{"slice":"ura","kind":"wald"},"geometry":{"type":"Polygon","coordinates":[[[8.62621,52.35433],[8.62566,52.35333],[8.62394,52.35312],[8.62484,52.35509],[8.62621,52.35433]]]}},{"type":"Feature","properties":{"slice":"ura","kind":"wald"},"geometry":{"type":"Polygon","coordinates":[[[8.63853,52.35589],[8.63825,52.35403],[8.6377,52.35395],[8.63693,52.35406],[8.63716,52.35562],[8.63789,52.35558],[8.63795,52.35596],[8.63853,52.35589]]]}},{"type":"Feature","properties":{"slice":"ura","kind":"wald"},"geometry":{"type":"Polygon","coordinates":[[[8.64192,52.36013],[8.64118,52.36136],[8.64009,52.36159],[8.64068,52.36226],[8.64165,52.36228],[8.64272,52.36204],[8.64324,52.36071],[8.64279,52.36068],[8.6427,52.36046],[8.64288,52.36022],[8.64192,52.36013]]]}},{"type":"Feature","properties":{"slice":"ura","kind":"wald"},"geometry":{"type":"Polygon","coordinates":[[[8.63096,52.35922],[8.6322,52.36084],[8.63162,52.36161],[8.63136,52.36234],[8.63162,52.36288],[8.63223,52.36306],[8.63342,52.3631],[8.63409,52.3627],[8.63446,52.36149],[8.63489,52.36149],[8.63609,52.36185],[8.63653,52.36234],[8.63733,52.36234],[8.63608,52.35967],[8.63096,52.35922]]]}},{"type":"Feature","properties":{"slice":"ura","kind":"wald"},"geometry":{"type":"Polygon","coordinates":[[[8.64013,52.3668],[8.63973,52.3669],[8.63959,52.36709],[8.63875,52.36707],[8.63824,52.3675],[8.63976,52.36807],[8.64047,52.36767],[8.6413,52.36746],[8.64167,52.3665],[8.64037,52.36664],[8.64013,52.3668]]]}},{"type":"Feature","properties":{"slice":"ura","kind":"wald"},"geometry":{"type":"Polygon","coordinates":[[[8.63246,52.36726],[8.63295,52.36867],[8.63208,52.36894],[8.63235,52.36957],[8.63437,52.36909],[8.63362,52.3672],[8.63246,52.36726]]]}},{"type":"Feature","properties":{"slice":"ura","kind":"wald"},"geometry":{"type":"Polygon","coordinates":[[[8.59741,52.36333],[8.59836,52.36339],[8.59898,52.36294],[8.60011,52.36271],[8.60002,52.36219],[8.59838,52.36269],[8.59792,52.36275],[8.59805,52.36229],[8.59749,52.36214],[8.59797,52.3607],[8.59659,52.36033],[8.59627,52.36068],[8.59581,52.36056],[8.59528,52.36146],[8.59542,52.36246],[8.59532,52.36303],[8.59741,52.36333]]]}},{"type":"Feature","properties":{"slice":"ura","kind":"wald"},"geometry":{"type":"Polygon","coordinates":[[[8.59839,52.36083],[8.60059,52.36134],[8.60094,52.36137],[8.60104,52.3607],[8.6007,52.36032],[8.60017,52.36016],[8.59983,52.36061],[8.59968,52.36069],[8.59847,52.36057],[8.59839,52.36083]]]}},{"type":"Feature","properties":{"slice":"ura","kind":"wald"},"geometry":{"type":"Polygon","coordinates":[[[8.59411,52.37254],[8.59547,52.37268],[8.59517,52.37238],[8.59554,52.3714],[8.5956,52.37083],[8.59407,52.37085],[8.59298,52.3708],[8.59411,52.37254]]]}},{"type":"Feature","properties":{"slice":"ura","kind":"wald"},"geometry":{"type":"Polygon","coordinates":[[[8.5966,52.37008],[8.59685,52.37099],[8.59703,52.37235],[8.59761,52.37304],[8.59776,52.37352],[8.59749,52.37397],[8.59787,52.37418],[8.59801,52.37449],[8.59789,52.37482],[8.59721,52.37481],[8.59753,52.37531],[8.59912,52.37472],[8.59855,52.37377],[8.59786,52.3713],[8.59729,52.37063],[8.59743,52.37058],[8.5966,52.37008]]]}},{"type":"Feature","properties":{"slice":"ura","kind":"wald"},"geometry":{"type":"Polygon","coordinates":[[[8.55945,52.36339],[8.56043,52.36284],[8.56039,52.36248],[8.56132,52.36246],[8.5615,52.36293],[8.56306,52.36234],[8.56295,52.36216],[8.5622,52.36199],[8.56174,52.36135],[8.56169,52.36111],[8.55956,52.36051],[8.55921,52.36061],[8.5588,52.36011],[8.55785,52.36015],[8.55713,52.35981],[8.55688,52.35947],[8.5565,52.35921],[8.55654,52.3587],[8.5564,52.35817],[8.55619,52.35868],[8.55632,52.36015],[8.55721,52.36084],[8.5576,52.3615],[8.55757,52.36208],[8.5582,52.36211],[8.5581,52.36284],[8.55741,52.363],[8.5574,52.36373],[8.55945,52.36339]]]}},{"type":"Feature","properties":{"slice":"ura","kind":"wald"},"geometry":{"type":"Polygon","coordinates":[[[8.56028,52.36598],[8.55973,52.36616],[8.5594,52.36612],[8.55813,52.36563],[8.55781,52.36582],[8.5574,52.36588],[8.55806,52.3661],[8.55894,52.36622],[8.55923,52.36668],[8.56002,52.36743],[8.56085,52.36742],[8.56113,52.36724],[8.56133,52.36695],[8.56139,52.36665],[8.56117,52.36662],[8.56107,52.36696],[8.56084,52.3672],[8.56033,52.36713],[8.56018,52.36688],[8.5603,52.36668],[8.56083,52.36649],[8.56139,52.36643],[8.56102,52.36599],[8.56028,52.36598]]]}},{"type":"Feature","properties":{"slice":"ura","kind":"wald"},"geometry":{"type":"Polygon","coordinates":[[[8.54699,52.36176],[8.5481,52.36149],[8.54712,52.36028],[8.54705,52.36078],[8.54631,52.36111],[8.54688,52.36214],[8.54714,52.36204],[8.54699,52.36176]]]}},{"type":"Feature","properties":{"slice":"ura","kind":"wald"},"geometry":{"type":"Polygon","coordinates":[[[8.5475,52.37025],[8.54712,52.36971],[8.54709,52.36892],[8.54624,52.3697],[8.54612,52.36988],[8.54641,52.37018],[8.54565,52.37081],[8.54558,52.371],[8.54602,52.37151],[8.54702,52.37201],[8.54692,52.37164],[8.54718,52.37107],[8.5462,52.37061],[8.54663,52.37029],[8.54714,52.37036],[8.54838,52.37101],[8.54861,52.3707],[8.5475,52.37025]]]}},{"type":"Feature","properties":{"slice":"ura","kind":"wald"},"geometry":{"type":"Polygon","coordinates":[[[8.55394,52.37135],[8.55391,52.37144],[8.55483,52.37171],[8.55538,52.37216],[8.55504,52.37263],[8.55309,52.37334],[8.55354,52.37391],[8.55404,52.37436],[8.55424,52.37425],[8.55374,52.37365],[8.55473,52.37325],[8.55661,52.37264],[8.55707,52.37286],[8.55741,52.37262],[8.55764,52.37232],[8.55575,52.37149],[8.55456,52.37135],[8.55394,52.37135]]]}},{"type":"Feature","properties":{"slice":"ura","kind":"wald"},"geometry":{"type":"Polygon","coordinates":[[[8.55254,52.37558],[8.55168,52.37619],[8.55225,52.37638],[8.5525,52.37623],[8.55425,52.37641],[8.55482,52.37617],[8.55402,52.37569],[8.5526,52.37538],[8.55254,52.37558]]]}},{"type":"Feature","properties":{"slice":"ura","kind":"wald"},"geometry":{"type":"Polygon","coordinates":[[[8.54963,52.37332],[8.54822,52.37378],[8.54858,52.37397],[8.54892,52.37432],[8.5493,52.37431],[8.54931,52.37449],[8.54964,52.37442],[8.55047,52.37468],[8.55104,52.37445],[8.55135,52.37455],[8.55143,52.37447],[8.55135,52.37425],[8.55091,52.37419],[8.55083,52.37428],[8.55037,52.37429],[8.54989,52.37411],[8.55008,52.37371],[8.54963,52.37332]]]}},{"type":"Feature","properties":{"slice":"ura","kind":"wald"},"geometry":{"type":"Polygon","coordinates":[[[8.56012,52.37523],[8.56152,52.37537],[8.56111,52.37588],[8.56289,52.37614],[8.56253,52.37536],[8.56193,52.37475],[8.56035,52.37462],[8.56012,52.37523]]]}},{"type":"Feature","properties":{"slice":"ura","kind":"wald"},"geometry":{"type":"Polygon","coordinates":[[[8.56723,52.37922],[8.56598,52.37894],[8.56591,52.37914],[8.56614,52.37942],[8.56647,52.37949],[8.56613,52.37991],[8.56623,52.38004],[8.56651,52.38014],[8.5669,52.38014],[8.56731,52.38023],[8.56788,52.38005],[8.56866,52.38001],[8.569,52.37988],[8.56869,52.37956],[8.56688,52.37952],[8.56723,52.37922]]]}},{"type":"Feature","properties":{"slice":"ura","kind":"wald"},"geometry":{"type":"Polygon","coordinates":[[[8.56822,52.38281],[8.56834,52.38321],[8.56753,52.38329],[8.5672,52.38293],[8.56635,52.38295],[8.56631,52.38306],[8.56661,52.38357],[8.56733,52.38346],[8.56756,52.38354],[8.56808,52.38347],[8.56892,52.38352],[8.56925,52.38413],[8.56876,52.3842],[8.56881,52.38472],[8.57055,52.38452],[8.56928,52.38303],[8.57094,52.38263],[8.57099,52.38242],[8.57066,52.38237],[8.56977,52.38244],[8.56822,52.38281]]]}},{"type":"Feature","properties":{"slice":"ura","kind":"wald"},"geometry":{"type":"Polygon","coordinates":[[[8.55015,52.37954],[8.54884,52.38077],[8.54823,52.38084],[8.54814,52.38139],[8.54913,52.38166],[8.54948,52.38137],[8.55008,52.38065],[8.55058,52.37969],[8.55046,52.37917],[8.55015,52.37954]]]}},{"type":"Feature","properties":{"slice":"ura","kind":"wald"},"geometry":{"type":"Polygon","coordinates":[[[8.5472,52.38048],[8.54663,52.38044],[8.54625,52.38023],[8.54566,52.38014],[8.54548,52.38003],[8.54506,52.3801],[8.54527,52.38067],[8.54664,52.38124],[8.5472,52.38048]]]}},{"type":"Feature","properties":{"slice":"ura","kind":"wald"},"geometry":{"type":"Polygon","coordinates":[[[8.56787,52.38524],[8.56784,52.38459],[8.56693,52.38463],[8.56678,52.38379],[8.56636,52.38388],[8.56622,52.38405],[8.56587,52.38417],[8.56613,52.3849],[8.56787,52.38524]]]}},{"type":"Feature","properties":{"slice":"ura","kind":"wald"},"geometry":{"type":"Polygon","coordinates":[[[8.52478,52.37337],[8.52446,52.37394],[8.52665,52.37456],[8.527,52.37401],[8.52478,52.37337]]]}},{"type":"Feature","properties":{"slice":"ura","kind":"wald"},"geometry":{"type":"Polygon","coordinates":[[[8.50121,52.38347],[8.50326,52.38405],[8.50345,52.38371],[8.50195,52.38328],[8.5021,52.38312],[8.50246,52.38305],[8.50308,52.38235],[8.50364,52.38234],[8.50396,52.38212],[8.50418,52.38184],[8.50426,52.38153],[8.50365,52.38144],[8.50305,52.37978],[8.50307,52.37905],[8.50338,52.37834],[8.50325,52.37815],[8.50277,52.37828],[8.50215,52.37822],[8.50198,52.3789],[8.50201,52.37914],[8.50272,52.3801],[8.50279,52.38056],[8.50272,52.38079],[8.50299,52.38146],[8.50235,52.38141],[8.50213,52.38196],[8.50126,52.38278],[8.50121,52.38347]]]}},{"type":"Feature","properties":{"slice":"ura","kind":"wald"},"geometry":{"type":"Polygon","coordinates":[[[8.50207,52.37749],[8.50323,52.37674],[8.5024,52.37614],[8.50199,52.376],[8.50169,52.37598],[8.50125,52.37562],[8.50128,52.37691],[8.50207,52.37749]]]}},{"type":"Feature","properties":{"slice":"ura","kind":"wald"},"geometry":{"type":"Polygon","coordinates":[[[8.53876,52.37097],[8.53887,52.37124],[8.53946,52.37145],[8.53983,52.37149],[8.54017,52.37188],[8.54074,52.37178],[8.54106,52.37159],[8.54129,52.37121],[8.54074,52.37101],[8.54011,52.37062],[8.5399,52.37022],[8.53876,52.37097]]]}},{"type":"Feature","properties":{"slice":"ura","kind":"wald"},"geometry":{"type":"Polygon","coordinates":[[[8.56398,52.3602],[8.56406,52.3603],[8.56503,52.36032],[8.56583,52.36069],[8.5664,52.36082],[8.5671,52.36113],[8.56772,52.36093],[8.56698,52.36039],[8.56672,52.36036],[8.56638,52.36049],[8.56613,52.36044],[8.56598,52.36024],[8.56544,52.36002],[8.56511,52.3597],[8.56496,52.35972],[8.56481,52.35946],[8.56334,52.35981],[8.56324,52.3602],[8.56398,52.3602]]]}},{"type":"Feature","properties":{"slice":"ura","kind":"wald"},"geometry":{"type":"Polygon","coordinates":[[[8.54884,52.3683],[8.54893,52.36854],[8.54875,52.36869],[8.54865,52.36897],[8.54888,52.36905],[8.5495,52.36904],[8.55159,52.36923],[8.55181,52.36894],[8.55188,52.36864],[8.55167,52.36856],[8.54976,52.36819],[8.54884,52.3683]],[[8.54967,52.36851],[8.5504,52.36854],[8.55108,52.36875],[8.5511,52.36884],[8.5507,52.36891],[8.54956,52.36875],[8.54967,52.36851]]]}},{"type":"Feature","properties":{"slice":"ura","kind":"wald"},"geometry":{"type":"Polygon","coordinates":[[[8.59817,52.34792],[8.59795,52.34834],[8.59869,52.34817],[8.59975,52.34809],[8.5998,52.3486],[8.60011,52.34852],[8.60056,52.34827],[8.60038,52.34792],[8.59998,52.34794],[8.59999,52.34758],[8.59931,52.34746],[8.5983,52.3474],[8.59817,52.34792]]]}},{"type":"Feature","properties":{"slice":"ura","kind":"wald"},"geometry":{"type":"Polygon","coordinates":[[[8.60903,52.34309],[8.60904,52.34257],[8.60825,52.34273],[8.60755,52.34264],[8.60719,52.34247],[8.60654,52.34258],[8.6045,52.34223],[8.60419,52.34242],[8.60651,52.34276],[8.60611,52.3438],[8.60887,52.34357],[8.60903,52.34309]]]}},{"type":"Feature","properties":{"slice":"ura","kind":"wald"},"geometry":{"type":"Polygon","coordinates":[[[8.57536,52.34932],[8.57613,52.34986],[8.57667,52.35009],[8.57641,52.3479],[8.578,52.34802],[8.57994,52.348],[8.57985,52.34742],[8.58152,52.3471],[8.58252,52.34698],[8.58238,52.34638],[8.57947,52.34691],[8.57917,52.34638],[8.58021,52.34604],[8.58132,52.34581],[8.58139,52.34566],[8.58298,52.34567],[8.58345,52.34574],[8.58492,52.34559],[8.58492,52.34503],[8.58565,52.3449],[8.58689,52.34491],[8.58691,52.34423],[8.58487,52.34417],[8.58473,52.34332],[8.58431,52.34255],[8.58502,52.34237],[8.58492,52.34198],[8.58394,52.34211],[8.58392,52.34183],[8.58552,52.34128],[8.58686,52.34035],[8.58618,52.34004],[8.58598,52.33964],[8.58499,52.33984],[8.5847,52.34017],[8.58389,52.34028],[8.5838,52.34079],[8.58357,52.34075],[8.58338,52.34026],[8.58197,52.33994],[8.58115,52.34057],[8.57913,52.34011],[8.57828,52.34147],[8.57658,52.34152],[8.57719,52.34173],[8.57844,52.34194],[8.57924,52.34197],[8.5795,52.34247],[8.58056,52.34265],[8.58047,52.34418],[8.58416,52.34432],[8.58465,52.34505],[8.58285,52.3451],[8.58133,52.34492],[8.58131,52.34524],[8.58119,52.34544],[8.58001,52.34579],[8.57891,52.34635],[8.57711,52.34636],[8.57705,52.34698],[8.57326,52.34677],[8.5734,52.34452],[8.57109,52.34375],[8.57062,52.34375],[8.57078,52.34406],[8.57161,52.34433],[8.57274,52.34445],[8.57254,52.34635],[8.57226,52.34685],[8.57312,52.34695],[8.57358,52.34753],[8.57096,52.34759],[8.57117,52.34787],[8.5719,52.34799],[8.5721,52.34815],[8.5722,52.34794],[8.57251,52.34781],[8.5728,52.34791],[8.57297,52.34819],[8.57338,52.34789],[8.57407,52.34774],[8.57483,52.34778],[8.57505,52.34787],[8.57495,52.34844],[8.57478,52.34868],[8.57536,52.34932]]]}},{"type":"Feature","properties":{"slice":"ura","kind":"wald"},"geometry":{"type":"Polygon","coordinates":[[[8.58373,52.34923],[8.58405,52.34869],[8.5832,52.34832],[8.58256,52.34812],[8.58285,52.34904],[8.58373,52.34923]]]}},{"type":"Feature","properties":{"slice":"ura","kind":"wald"},"geometry":{"type":"Polygon","coordinates":[[[8.58738,52.35289],[8.58706,52.35275],[8.5869,52.35209],[8.58657,52.35206],[8.58643,52.35223],[8.58652,52.35275],[8.58703,52.35288],[8.58741,52.3537],[8.58846,52.35376],[8.58827,52.35293],[8.58738,52.35289]]]}},{"type":"Feature","properties":{"slice":"ura","kind":"wald"},"geometry":{"type":"Polygon","coordinates":[[[8.55765,52.34757],[8.55697,52.34696],[8.55653,52.34704],[8.55606,52.34726],[8.55618,52.34797],[8.55706,52.34855],[8.5578,52.34823],[8.55765,52.34757]]]}},{"type":"Feature","properties":{"slice":"ura","kind":"wald"},"geometry":{"type":"Polygon","coordinates":[[[8.56685,52.3419],[8.56685,52.34209],[8.56664,52.34219],[8.56734,52.34268],[8.56675,52.34278],[8.5658,52.34277],[8.56459,52.34293],[8.565,52.34304],[8.56617,52.34309],[8.56719,52.34299],[8.56803,52.34273],[8.5688,52.34266],[8.56963,52.34231],[8.56962,52.34216],[8.56828,52.34244],[8.56768,52.34237],[8.56779,52.34202],[8.56777,52.34174],[8.56797,52.34146],[8.56845,52.34131],[8.56832,52.34112],[8.56737,52.34087],[8.56668,52.34053],[8.56637,52.34062],[8.56647,52.34125],[8.5663,52.34176],[8.56685,52.3419]]]}},{"type":"Feature","properties":{"slice":"ura","kind":"wald"},"geometry":{"type":"Polygon","coordinates":[[[8.55667,52.33931],[8.55643,52.33862],[8.55561,52.33841],[8.55514,52.33842],[8.55535,52.33896],[8.55583,52.33964],[8.55644,52.34013],[8.55654,52.34011],[8.55667,52.33931]]]}},{"type":"Feature","properties":{"slice":"ura","kind":"wald"},"geometry":{"type":"Polygon","coordinates":[[[8.5461,52.32665],[8.54683,52.32529],[8.54661,52.32476],[8.54129,52.32356],[8.53952,52.32624],[8.53814,52.32575],[8.53778,52.32557],[8.53745,52.32491],[8.53683,52.32449],[8.5367,52.32389],[8.53585,52.32329],[8.53511,52.3229],[8.53422,52.32259],[8.53417,52.32311],[8.53432,52.32435],[8.53493,52.32516],[8.53549,52.32511],[8.53816,52.32741],[8.53892,52.32788],[8.53931,52.32786],[8.53966,52.32793],[8.54023,52.32841],[8.54032,52.32897],[8.54172,52.33001],[8.54255,52.33078],[8.54284,52.33169],[8.54374,52.33184],[8.54547,52.33236],[8.54316,52.33427],[8.54343,52.33449],[8.54394,52.33393],[8.54503,52.33309],[8.54624,52.33221],[8.54662,52.33209],[8.54601,52.33292],[8.54494,52.33345],[8.54411,52.33428],[8.54696,52.33393],[8.54744,52.33527],[8.54766,52.33636],[8.54739,52.33644],[8.5467,52.33681],[8.54646,52.33707],[8.54628,52.3382],[8.54654,52.33845],[8.54669,52.33838],[8.54683,52.33741],[8.54734,52.33693],[8.54796,52.33681],[8.5486,52.33684],[8.54999,52.3371],[8.55047,52.33737],[8.5508,52.33774],[8.55064,52.33862],[8.55202,52.33866],[8.55191,52.33843],[8.55198,52.33795],[8.55257,52.33785],[8.55277,52.33821],[8.55282,52.33878],[8.55371,52.33873],[8.55372,52.33826],[8.55362,52.33794],[8.55342,52.3377],[8.55392,52.33732],[8.55404,52.33681],[8.55225,52.33695],[8.5508,52.33697],[8.54961,52.33663],[8.54809,52.33643],[8.54789,52.33597],[8.54787,52.33532],[8.54829,52.3342],[8.54908,52.33347],[8.5494,52.33356],[8.55103,52.3336],[8.55096,52.33314],[8.55092,52.33298],[8.55057,52.33303],[8.55041,52.33324],[8.55013,52.33316],[8.54943,52.33318],[8.5496,52.33302],[8.55017,52.33176],[8.54958,52.32998],[8.55005,52.3293],[8.54961,52.32918],[8.54828,52.33065],[8.54758,52.33092],[8.54671,52.33187],[8.54622,52.33182],[8.54673,52.33136],[8.54655,52.33118],[8.54669,52.33096],[8.54703,52.33076],[8.54735,52.33022],[8.54834,52.32962],[8.5457,52.32788],[8.546,52.32741],[8.54584,52.32737],[8.5461,52.32665]]]}},{"type":"Feature","properties":{"slice":"ura","kind":"wald"},"geometry":{"type":"Polygon","coordinates":[[[8.55107,52.3246],[8.55172,52.3247],[8.55261,52.32443],[8.5526,52.3243],[8.55328,52.3243],[8.55359,52.32421],[8.55349,52.32388],[8.55387,52.32348],[8.55388,52.32289],[8.55349,52.3226],[8.55308,52.32241],[8.55323,52.32211],[8.55304,52.32183],[8.55167,52.32158],[8.55093,52.32185],[8.55046,52.32248],[8.55048,52.32278],[8.55028,52.32299],[8.55014,52.32331],[8.55033,52.32358],[8.55016,52.32386],[8.55018,52.3242],[8.55038,52.32461],[8.55107,52.3246]]]}},{"type":"Feature","properties":{"slice":"ura","kind":"wald"},"geometry":{"type":"Polygon","coordinates":[[[8.55622,52.31814],[8.55632,52.31757],[8.55582,52.31758],[8.5554,52.31744],[8.55326,52.31746],[8.5523,52.31703],[8.5515,52.31762],[8.55165,52.31789],[8.55281,52.31809],[8.55599,52.31848],[8.55622,52.31814]]]}},{"type":"Feature","properties":{"slice":"ura","kind":"wald"},"geometry":{"type":"Polygon","coordinates":[[[8.50423,52.3213],[8.50495,52.32099],[8.50365,52.31862],[8.50213,52.31876],[8.50288,52.32046],[8.50317,52.32139],[8.50423,52.3213]]]}},{"type":"Feature","properties":{"slice":"ura","kind":"wald"},"geometry":{"type":"Polygon","coordinates":[[[8.591,52.32107],[8.5915,52.32099],[8.59204,52.32102],[8.59452,52.32093],[8.59488,52.32043],[8.59543,52.31928],[8.5936,52.31909],[8.59291,52.31892],[8.59152,52.31904],[8.591,52.32107]]]}},{"type":"Feature","properties":{"slice":"ura","kind":"wald"},"geometry":{"type":"Polygon","coordinates":[[[8.58232,52.32774],[8.57885,52.32729],[8.5786,52.32796],[8.5804,52.32831],[8.58139,52.3284],[8.58171,52.32849],[8.58172,52.32802],[8.58219,52.32804],[8.58232,52.32774]]]}},{"type":"Feature","properties":{"slice":"ura","kind":"wald"},"geometry":{"type":"Polygon","coordinates":[[[8.59319,52.32913],[8.59337,52.33116],[8.59318,52.33148],[8.59274,52.33156],[8.59274,52.3319],[8.59353,52.33224],[8.59369,52.3327],[8.59348,52.3334],[8.59378,52.33389],[8.59367,52.33465],[8.59333,52.33543],[8.59374,52.33541],[8.59451,52.33466],[8.59426,52.33401],[8.59425,52.33219],[8.59401,52.33185],[8.59426,52.33149],[8.59416,52.33066],[8.59386,52.32957],[8.59319,52.32913]]]}},{"type":"Feature","properties":{"slice":"ura","kind":"wald"},"geometry":{"type":"Polygon","coordinates":[[[8.58824,52.33487],[8.587,52.33484],[8.58642,52.33511],[8.58616,52.33547],[8.58643,52.33633],[8.58567,52.33693],[8.58504,52.33706],[8.58423,52.3369],[8.58425,52.33721],[8.5841,52.33733],[8.58508,52.33743],[8.58646,52.33715],[8.58656,52.33698],[8.58731,52.33752],[8.58824,52.33755],[8.58857,52.33748],[8.58881,52.3373],[8.58872,52.33706],[8.58793,52.33721],[8.5872,52.33664],[8.58694,52.33577],[8.58706,52.33551],[8.58765,52.33526],[8.58857,52.33548],[8.58929,52.33597],[8.59001,52.33629],[8.59041,52.33618],[8.59067,52.33569],[8.59035,52.33586],[8.58997,52.33594],[8.58985,52.3356],[8.58927,52.33513],[8.58824,52.33487]]]}},{"type":"Feature","properties":{"slice":"ura","kind":"wald"},"geometry":{"type":"Polygon","coordinates":[[[8.6309,52.34025],[8.62915,52.33994],[8.62777,52.33913],[8.6271,52.33906],[8.62739,52.33937],[8.62866,52.34008],[8.62929,52.34062],[8.63068,52.34052],[8.63096,52.34043],[8.6309,52.34025]]]}},{"type":"Feature","properties":{"slice":"ura","kind":"wald"},"geometry":{"type":"Polygon","coordinates":[[[8.62253,52.33536],[8.62288,52.33517],[8.62268,52.33475],[8.62437,52.33408],[8.6265,52.33344],[8.62795,52.33277],[8.62887,52.33352],[8.62924,52.33397],[8.62984,52.33358],[8.62908,52.33282],[8.62962,52.33255],[8.62961,52.33233],[8.62979,52.33214],[8.62957,52.33203],[8.62875,52.33252],[8.62765,52.33258],[8.62604,52.33227],[8.62542,52.33222],[8.62485,52.33203],[8.62442,52.33207],[8.62379,52.33184],[8.62224,52.33178],[8.62203,52.33163],[8.62209,52.33134],[8.62201,52.33095],[8.6217,52.33099],[8.62172,52.33153],[8.62187,52.33181],[8.62135,52.33196],[8.62154,52.33239],[8.62043,52.33267],[8.62036,52.33283],[8.62072,52.3336],[8.62166,52.33381],[8.62179,52.3341],[8.62112,52.33455],[8.61981,52.33466],[8.61912,52.33476],[8.61895,52.33484],[8.61984,52.33544],[8.62027,52.33524],[8.62084,52.33512],[8.62101,52.33563],[8.62042,52.33582],[8.62091,52.3359],[8.62167,52.33592],[8.6222,52.33579],[8.62256,52.33559],[8.62253,52.33536]]]}},{"type":"Feature","properties":{"slice":"ura","kind":"wald"},"geometry":{"type":"Polygon","coordinates":[[[8.52244,52.30754],[8.52293,52.30764],[8.52329,52.30754],[8.52354,52.30781],[8.52367,52.30817],[8.52369,52.30875],[8.52406,52.30847],[8.52471,52.30838],[8.52499,52.3082],[8.52506,52.30835],[8.52482,52.30886],[8.52506,52.30908],[8.52532,52.30853],[8.52575,52.30816],[8.52568,52.30804],[8.52506,52.30799],[8.525,52.30736],[8.5254,52.30579],[8.52492,52.30583],[8.52463,52.30593],[8.52306,52.30688],[8.52319,52.30714],[8.52244,52.30754]],[[8.52408,52.30746],[8.52409,52.30731],[8.52383,52.30721],[8.52437,52.30672],[8.52455,52.30685],[8.5246,52.30707],[8.5245,52.30742],[8.5242,52.30779],[8.52435,52.30814],[8.52424,52.30818],[8.52403,52.308],[8.52384,52.3076],[8.52408,52.30746]]]}},{"type":"Feature","properties":{"slice":"ura","kind":"wald"},"geometry":{"type":"Polygon","coordinates":[[[8.63182,52.33258],[8.63149,52.33298],[8.63183,52.33317],[8.63369,52.33322],[8.63379,52.33288],[8.63415,52.33281],[8.63794,52.33256],[8.63855,52.3321],[8.63934,52.33176],[8.63925,52.33159],[8.63898,52.33158],[8.63873,52.33165],[8.6384,52.33197],[8.63792,52.33188],[8.63738,52.33193],[8.63717,52.33208],[8.63649,52.33227],[8.63581,52.33232],[8.63457,52.33226],[8.63292,52.33234],[8.63182,52.33258]]]}},{"type":"Feature","properties":{"slice":"ura","kind":"wald"},"geometry":{"type":"Polygon","coordinates":[[[8.57262,52.33438],[8.57261,52.33468],[8.57086,52.33488],[8.5705,52.33504],[8.56869,52.33507],[8.56882,52.33571],[8.57021,52.33531],[8.57085,52.33533],[8.57133,52.33562],[8.5709,52.3362],[8.57149,52.33629],[8.571,52.33731],[8.57116,52.33765],[8.57216,52.33586],[8.5733,52.3341],[8.57237,52.33382],[8.57262,52.33438]]]}},{"type":"Feature","properties":{"slice":"ura","kind":"wald"},"geometry":{"type":"Polygon","coordinates":[[[8.54607,52.34335],[8.54498,52.34338],[8.54524,52.34481],[8.546,52.34485],[8.54609,52.34503],[8.54631,52.34519],[8.5476,52.34504],[8.54777,52.34457],[8.5476,52.34437],[8.54742,52.34427],[8.54695,52.34422],[8.54633,52.34327],[8.54607,52.34335]]]}},{"type":"Feature","properties":{"slice":"ura","kind":"wald"},"geometry":{"type":"Polygon","coordinates":[[[8.54453,52.35268],[8.5435,52.35325],[8.54461,52.35434],[8.54495,52.35499],[8.5447,52.35537],[8.54368,52.35545],[8.54231,52.35496],[8.54176,52.35499],[8.54227,52.35593],[8.54297,52.35585],[8.54306,52.3564],[8.54693,52.35561],[8.54604,52.35275],[8.54593,52.3527],[8.5455,52.35279],[8.54538,52.35266],[8.54493,52.35292],[8.54453,52.35268]]]}},{"type":"Feature","properties":{"slice":"ura","kind":"wald"},"geometry":{"type":"Polygon","coordinates":[[[8.54426,52.36283],[8.54494,52.36313],[8.54512,52.3627],[8.5454,52.36239],[8.54538,52.36216],[8.54507,52.36208],[8.54457,52.36209],[8.54421,52.36222],[8.54397,52.36243],[8.54426,52.36283]]]}},{"type":"Feature","properties":{"slice":"ura","kind":"wald"},"geometry":{"type":"Polygon","coordinates":[[[8.64647,52.35254],[8.6472,52.35277],[8.64751,52.35213],[8.64788,52.35184],[8.64828,52.35168],[8.64832,52.35132],[8.64714,52.35134],[8.64677,52.35143],[8.64694,52.35188],[8.64593,52.35224],[8.64647,52.35254]]]}},{"type":"Feature","properties":{"slice":"ura","kind":"wald"},"geometry":{"type":"Polygon","coordinates":[[[8.64475,52.35093],[8.64577,52.34988],[8.64492,52.34985],[8.64464,52.34974],[8.64408,52.34983],[8.64381,52.35013],[8.64403,52.35185],[8.64435,52.35179],[8.64475,52.35093]]]}},{"type":"Feature","properties":{"slice":"ura","kind":"wald"},"geometry":{"type":"Polygon","coordinates":[[[8.5918,52.36655],[8.58823,52.36616],[8.58821,52.36679],[8.59084,52.36699],[8.59187,52.36701],[8.5918,52.36655]]]}},{"type":"Feature","properties":{"slice":"ura","kind":"wald"},"geometry":{"type":"Polygon","coordinates":[[[8.63958,52.38257],[8.63911,52.38278],[8.63866,52.38282],[8.63815,52.38366],[8.63908,52.38396],[8.63931,52.38459],[8.63943,52.38525],[8.63979,52.38549],[8.64017,52.38594],[8.64018,52.38648],[8.63975,52.38738],[8.63918,52.38826],[8.63857,52.38866],[8.63833,52.38896],[8.63811,52.38975],[8.63777,52.39019],[8.63708,52.39073],[8.63687,52.39114],[8.63692,52.39138],[8.63706,52.39142],[8.63723,52.39131],[8.63753,52.39082],[8.63866,52.3899],[8.639,52.38936],[8.63905,52.38901],[8.63957,52.38865],[8.64063,52.38645],[8.64087,52.38561],[8.64092,52.38482],[8.64146,52.38408],[8.64152,52.3833],[8.64185,52.38291],[8.64165,52.38245],[8.64064,52.38185],[8.63958,52.38257]]]}},{"type":"Feature","properties":{"slice":"ura","kind":"wald"},"geometry":{"type":"Polygon","coordinates":[[[8.60105,52.37474],[8.60096,52.37422],[8.60102,52.37398],[8.60093,52.3737],[8.59995,52.37365],[8.59975,52.37379],[8.60007,52.37489],[8.60105,52.37474]]]}},{"type":"Feature","properties":{"slice":"ura","kind":"wald"},"geometry":{"type":"Polygon","coordinates":[[[8.61535,52.38213],[8.61199,52.38249],[8.61221,52.38124],[8.61124,52.38129],[8.61084,52.38165],[8.61061,52.38211],[8.61028,52.38233],[8.61016,52.38255],[8.61059,52.38293],[8.60961,52.38314],[8.6096,52.3837],[8.60881,52.38433],[8.60871,52.38462],[8.60876,52.38553],[8.61215,52.38478],[8.61221,52.38388],[8.61454,52.3835],[8.6152,52.38329],[8.61535,52.38213]]]}},{"type":"Feature","properties":{"slice":"ura","kind":"wald"},"geometry":{"type":"Polygon","coordinates":[[[8.52815,52.3957],[8.5282,52.39559],[8.5285,52.3955],[8.52827,52.39511],[8.52768,52.39467],[8.5275,52.39388],[8.52736,52.39373],[8.52685,52.39378],[8.52724,52.39444],[8.52714,52.39473],[8.5264,52.39542],[8.52646,52.39569],[8.52668,52.39589],[8.52703,52.3959],[8.5275,52.39562],[8.52791,52.39632],[8.52808,52.39687],[8.52839,52.39663],[8.52815,52.3957]]]}},{"type":"Feature","properties":{"slice":"ura","kind":"wald"},"geometry":{"type":"Polygon","coordinates":[[[8.65386,52.39301],[8.65454,52.39297],[8.65472,52.39273],[8.65456,52.39206],[8.65412,52.3915],[8.65342,52.39124],[8.65206,52.39148],[8.65199,52.39195],[8.65277,52.39161],[8.65308,52.39157],[8.65365,52.3917],[8.65407,52.39202],[8.6542,52.39226],[8.6531,52.39298],[8.65246,52.39323],[8.65259,52.39347],[8.65386,52.39301]]]}},{"type":"Feature","properties":{"slice":"ura","kind":"wald"},"geometry":{"type":"Polygon","coordinates":[[[8.65457,52.38481],[8.65382,52.38462],[8.65345,52.38461],[8.65288,52.38499],[8.65266,52.38525],[8.65513,52.38534],[8.65457,52.38481]]]}},{"type":"Feature","properties":{"slice":"ura","kind":"wald"},"geometry":{"type":"Polygon","coordinates":[[[8.88851,52.16826],[8.88897,52.16928],[8.88764,52.16936],[8.88578,52.16977],[8.88459,52.17013],[8.88512,52.17115],[8.88684,52.17185],[8.88664,52.17254],[8.8883,52.17311],[8.8879,52.17352],[8.88704,52.17315],[8.88584,52.17286],[8.88491,52.17254],[8.88452,52.17209],[8.88312,52.17148],[8.88332,52.17262],[8.88451,52.17335],[8.88524,52.17404],[8.8865,52.17462],[8.88683,52.17564],[8.88417,52.17726],[8.88357,52.17706],[8.88211,52.17714],[8.88025,52.17803],[8.87972,52.17799],[8.87926,52.17828],[8.87859,52.17819],[8.8778,52.17823],[8.87634,52.17868],[8.87594,52.17819],[8.87614,52.17697],[8.87482,52.17636],[8.87428,52.17705],[8.87421,52.1779],[8.87521,52.17807],[8.87561,52.17844],[8.87593,52.17917],[8.87799,52.17925],[8.87792,52.18011],[8.87699,52.18031],[8.87633,52.18015],[8.87533,52.1806],[8.8742,52.18194],[8.87446,52.18267],[8.87456,52.18337],[8.87489,52.18422],[8.87469,52.18565],[8.87541,52.18642],[8.87575,52.18724],[8.87488,52.18781],[8.87309,52.1887],[8.87348,52.18899],[8.87295,52.18972],[8.87202,52.18943],[8.87123,52.18976],[8.87056,52.1898],[8.87069,52.19143],[8.87155,52.19139],[8.87195,52.19188],[8.87301,52.19159],[8.87354,52.19196],[8.87407,52.19278],[8.8742,52.19367],[8.87646,52.19396],[8.87659,52.19339],[8.87752,52.19327],[8.87865,52.19323],[8.87945,52.19327],[8.87945,52.19376],[8.87998,52.19376],[8.87944,52.19486],[8.87898,52.19535],[8.87877,52.19616],[8.87897,52.19649],[8.8799,52.19669],[8.8797,52.19734],[8.88109,52.19812],[8.88172,52.19844],[8.88232,52.19836],[8.88225,52.19783],[8.88332,52.19694],[8.88504,52.19751],[8.88464,52.19808],[8.88491,52.19857],[8.88517,52.19857],[8.88571,52.19824],[8.88657,52.19845],[8.8887,52.19845],[8.88843,52.19796],[8.88963,52.19719],[8.88917,52.19637],[8.88883,52.19601],[8.8879,52.19601],[8.88784,52.19576],[8.88644,52.19592],[8.88598,52.19609],[8.88585,52.19588],[8.88784,52.19531],[8.8887,52.1945],[8.89202,52.19507],[8.89248,52.19544],[8.89222,52.19605],[8.89188,52.19638],[8.89169,52.19678],[8.89188,52.19707],[8.89182,52.19801],[8.89135,52.19805],[8.89155,52.19833],[8.89202,52.1985],[8.89221,52.19813],[8.89228,52.19748],[8.89294,52.19715],[8.89374,52.19723],[8.89401,52.19744],[8.89414,52.19784],[8.89447,52.19817],[8.89467,52.1985],[8.8952,52.19846],[8.89493,52.19776],[8.89527,52.1974],[8.89587,52.19695],[8.8956,52.19658],[8.89474,52.19622],[8.89508,52.19593],[8.89654,52.19601],[8.8968,52.19544],[8.89826,52.19553],[8.89879,52.19585],[8.90005,52.19586],[8.90032,52.1961],[8.90018,52.19646],[8.89906,52.19716],[8.89958,52.19801],[8.89945,52.19879],[8.90005,52.19875],[8.90025,52.19818],[8.89998,52.19756],[8.90032,52.19704],[8.90111,52.19712],[8.90171,52.19728],[8.90357,52.19659],[8.90497,52.19651],[8.90583,52.197],[8.90623,52.19802],[8.90622,52.19855],[8.90676,52.19859],[8.90689,52.19794],[8.90729,52.19749],[8.90829,52.19696],[8.90702,52.19668],[8.90702,52.19594],[8.9067,52.19586],[8.90656,52.19476],[8.9059,52.19427],[8.9059,52.19374],[8.90683,52.19284],[8.90644,52.1917],[8.90717,52.19113],[8.9079,52.19069],[8.90823,52.1902],[8.90936,52.18987],[8.91132,52.1889],[8.91245,52.19033],[8.91305,52.19],[8.91245,52.18841],[8.91331,52.18796],[8.91424,52.18764],[8.91517,52.18788],[8.91557,52.18841],[8.9153,52.1891],[8.9163,52.18931],[8.91763,52.18907],[8.91843,52.18797],[8.91816,52.18723],[8.91922,52.1865],[8.92042,52.18617],[8.92108,52.18715],[8.92208,52.18781],[8.92387,52.18773],[8.92268,52.18687],[8.92248,52.18605],[8.92261,52.18561],[8.92341,52.18516],[8.92779,52.1874],[8.92911,52.18838],[8.92924,52.18887],[8.92924,52.18956],[8.92964,52.18924],[8.92951,52.18846],[8.92686,52.18598],[8.92494,52.185],[8.92169,52.1832],[8.9187,52.18088],[8.91665,52.17982],[8.91426,52.17912],[8.91108,52.1777],[8.90703,52.17631],[8.90524,52.17537],[8.90464,52.17463],[8.90236,52.17321],[8.89606,52.1706],[8.88927,52.16814],[8.88851,52.16826]],[[8.8957,52.18396],[8.8953,52.18351],[8.89384,52.18281],[8.89272,52.18253],[8.89079,52.18269],[8.88893,52.18314],[8.88807,52.18269],[8.889,52.18204],[8.89013,52.18184],[8.89139,52.18139],[8.89418,52.18225],[8.89524,52.18204],[8.89577,52.18147],[8.89604,52.17919],[8.89657,52.17891],[8.8973,52.17915],[8.89823,52.17968],[8.89823,52.18078],[8.89809,52.18184],[8.89763,52.18249],[8.89749,52.18318],[8.89663,52.1838],[8.8957,52.18396]]]}}]}
