{"type":"FeatureCollection","slices":[{"id":"ura","year":1840,"label":"Hauptwege der Preußischen Uraufnahme entlang heutiger Straßen","km":569}],"features":[{"type":"Feature","properties":{"slice":"ura","kind":"weg"},"geometry":{"type":"LineString","coordinates":[[8.31928,52.43863],[8.31965,52.43864],[8.31998,52.43876],[8.32068,52.43864],[8.32139,52.43864],[8.32189,52.43857],[8.32238,52.43856],[8.32311,52.43842],[8.32446,52.4383],[8.32536,52.43805],[8.32596,52.43795],[8.32736,52.43783],[8.32795,52.43771]]}},{"type":"Feature","properties":{"slice":"ura","kind":"weg"},"geometry":{"type":"LineString","coordinates":[[8.3337,52.44335],[8.33392,52.44339],[8.33431,52.44366],[8.33515,52.44385],[8.33543,52.44389],[8.33622,52.4439],[8.33676,52.44376],[8.33706,52.44383],[8.33804,52.44387],[8.3397,52.44422],[8.33993,52.44434],[8.34064,52.44453],[8.34098,52.44456],[8.34224,52.44438]]}},{"type":"Feature","properties":{"slice":"ura","kind":"weg"},"geometry":{"type":"LineString","coordinates":[[8.33488,52.38552],[8.33463,52.38544],[8.33425,52.3852],[8.3342,52.38512],[8.33418,52.38105],[8.33407,52.381],[8.33299,52.381]]}},{"type":"Feature","properties":{"slice":"ura","kind":"weg"},"geometry":{"type":"LineString","coordinates":[[8.34208,52.43037],[8.34199,52.43061],[8.34206,52.43075],[8.34207,52.43099],[8.34198,52.43109],[8.34202,52.43141],[8.34189,52.43179],[8.34191,52.43273],[8.34167,52.43347],[8.3417,52.43409],[8.34186,52.43427],[8.34186,52.43456],[8.34174,52.43465],[8.34186,52.43566],[8.3418,52.43612],[8.34148,52.43694],[8.34144,52.4372],[8.3415,52.43741]]}},{"type":"Feature","properties":{"slice":"ura","kind":"weg"},"geometry":{"type":"LineString","coordinates":[[8.34262,52.42153],[8.34277,52.42162],[8.34282,52.42178],[8.34277,52.42197],[8.34288,52.4221],[8.3429,52.42226],[8.34305,52.42239],[8.34309,52.42264],[8.3436,52.42294],[8.34381,52.42312],[8.34321,52.42404],[8.34287,52.42439],[8.34277,52.425],[8.34287,52.4251],[8.34286,52.42526],[8.34303,52.42581],[8.34293,52.42595],[8.34291,52.42616],[8.34259,52.42647],[8.34247,52.4267],[8.34222,52.4277],[8.34202,52.42798],[8.34199,52.42843]]}},{"type":"Feature","properties":{"slice":"ura","kind":"weg"},"geometry":{"type":"LineString","coordinates":[[8.37975,52.42941],[8.37943,52.4292],[8.37916,52.42882],[8.37891,52.42831],[8.37883,52.42794],[8.37845,52.42723],[8.37809,52.42683],[8.37734,52.42625],[8.37751,52.42566],[8.37741,52.42543],[8.37727,52.42528],[8.37737,52.42501],[8.37722,52.42479],[8.37721,52.42434],[8.3773,52.42421],[8.3771,52.42403],[8.37692,52.42369],[8.37694,52.4234],[8.3768,52.42329],[8.37676,52.42293],[8.37661,52.42251],[8.37646,52.42234],[8.37647,52.42214],[8.37635,52.42197],[8.3763,52.42167],[8.37608,52.42152],[8.37581,52.42072]]}},{"type":"Feature","properties":{"slice":"ura","kind":"weg"},"geometry":{"type":"LineString","coordinates":[[8.36784,52.44384],[8.36847,52.44428],[8.36851,52.44437],[8.36846,52.44446],[8.36807,52.44475],[8.36782,52.4451],[8.36762,52.44543],[8.36758,52.44568],[8.3671,52.44623],[8.36708,52.44641],[8.36691,52.44667],[8.36692,52.4468],[8.36711,52.447],[8.36754,52.44722]]}},{"type":"Feature","properties":{"slice":"ura","kind":"weg"},"geometry":{"type":"LineString","coordinates":[[8.38391,52.43854],[8.38375,52.43845],[8.38319,52.43852],[8.3827,52.4385],[8.38238,52.43854],[8.3821,52.43865],[8.38177,52.43867],[8.38096,52.43885],[8.38068,52.43896],[8.37961,52.43919],[8.37877,52.43947],[8.378,52.43948],[8.37761,52.4397],[8.37731,52.43976],[8.37705,52.43989],[8.37671,52.43992],[8.37643,52.43999],[8.37551,52.43998],[8.37514,52.44018],[8.37474,52.44018],[8.37377,52.44033],[8.37358,52.44029],[8.37334,52.4403],[8.37258,52.44044]]}},{"type":"Feature","properties":{"slice":"ura","kind":"weg"},"geometry":{"type":"LineString","coordinates":[[8.38394,52.43854],[8.38377,52.43845],[8.38339,52.43846],[8.38317,52.43821],[8.38294,52.43771],[8.38309,52.43753],[8.38307,52.43735],[8.38319,52.4372],[8.38313,52.43693],[8.38266,52.43654],[8.38257,52.43623],[8.38214,52.43597],[8.38187,52.43591],[8.38173,52.43578],[8.38173,52.43512],[8.38084,52.43463],[8.38079,52.43413],[8.38066,52.43385],[8.3805,52.43303],[8.3806,52.43283],[8.38044,52.43268],[8.3799,52.43236],[8.37978,52.43218],[8.37978,52.43203]]}},{"type":"Feature","properties":{"slice":"ura","kind":"weg"},"geometry":{"type":"LineString","coordinates":[[8.39202,52.43629],[8.3918,52.43633],[8.39146,52.43652],[8.39139,52.43684],[8.39147,52.4371],[8.39141,52.43723],[8.39111,52.4374],[8.39071,52.43743],[8.39051,52.43761],[8.38928,52.43839],[8.38898,52.43831],[8.38849,52.43848],[8.38834,52.43865],[8.38783,52.43865],[8.38763,52.43871],[8.38665,52.43864],[8.38626,52.43851],[8.38554,52.43856]]}},{"type":"Feature","properties":{"slice":"ura","kind":"weg"},"geometry":{"type":"LineString","coordinates":[[8.42318,52.38836],[8.42272,52.38833],[8.4225,52.38827],[8.42215,52.38793],[8.42181,52.38778],[8.41872,52.38868],[8.41823,52.38875],[8.41697,52.38852],[8.41576,52.38841],[8.41388,52.38748],[8.4134,52.38747],[8.41331,52.38749],[8.41318,52.38765],[8.41256,52.38854],[8.41201,52.38863],[8.41139,52.3888],[8.41094,52.38886],[8.4107,52.38897],[8.4104,52.38901],[8.408,52.38901],[8.40778,52.38907],[8.40611,52.38922],[8.40583,52.3893],[8.40525,52.38934],[8.40497,52.38943],[8.40456,52.38947],[8.4036,52.3894],[8.40339,52.38936],[8.40233,52.38881],[8.40205,52.38879],[8.40164,52.38869],[8.40117,52.38849],[8.401,52.38827],[8.39939,52.38758],[8.39894,52.38733],[8.3981,52.38696],[8.39788,52.38685],[8.39776,52.38671],[8.39742,52.38661],[8.3971,52.38625],[8.39678,52.38537],[8.39611,52.38469],[8.39566,52.38441],[8.39538,52.38438],[8.39453,52.38414]]}},{"type":"Feature","properties":{"slice":"ura","kind":"weg"},"geometry":{"type":"LineString","coordinates":[[8.42037,52.4026],[8.41977,52.40258],[8.41952,52.40282],[8.41947,52.40298],[8.41918,52.40317],[8.41889,52.40356],[8.41806,52.40437],[8.41762,52.40496],[8.41731,52.4051],[8.41718,52.40533],[8.41701,52.40541],[8.41697,52.40556],[8.41664,52.40581],[8.41656,52.40595],[8.4163,52.40607],[8.41611,52.40629],[8.41589,52.40642],[8.41579,52.40661],[8.41531,52.40694],[8.41512,52.40716]]}},{"type":"Feature","properties":{"slice":"ura","kind":"weg"},"geometry":{"type":"LineString","coordinates":[[8.42865,52.38972],[8.42856,52.38985],[8.42857,52.39014],[8.42851,52.39021],[8.42782,52.39045],[8.42737,52.39079],[8.42705,52.39083],[8.4266,52.39098],[8.42597,52.39129],[8.42499,52.39219],[8.4245,52.39277],[8.42456,52.39288],[8.42493,52.39297],[8.42533,52.39323],[8.42476,52.39373],[8.42461,52.39401],[8.42522,52.39511],[8.4249,52.39518],[8.42412,52.39556],[8.42356,52.39598],[8.42351,52.39608],[8.42359,52.3962],[8.4236,52.39636],[8.42351,52.39647],[8.42325,52.39654],[8.42276,52.39655],[8.42252,52.39668],[8.42282,52.39714],[8.4228,52.39733],[8.42269,52.39742],[8.42276,52.39781],[8.42316,52.3985],[8.42317,52.39874],[8.42343,52.39896],[8.42345,52.39915],[8.42303,52.3996],[8.42301,52.39974],[8.42288,52.39979],[8.42286,52.3999],[8.42266,52.4],[8.42252,52.40022],[8.42225,52.40038],[8.42205,52.40061],[8.42163,52.40085]]}},{"type":"Feature","properties":{"slice":"ura","kind":"weg"},"geometry":{"type":"LineString","coordinates":[[8.43011,52.42908],[8.42986,52.42898],[8.42937,52.42895],[8.42915,52.42898],[8.42857,52.42882],[8.42802,52.4288],[8.42778,52.42884],[8.42757,52.42878],[8.42718,52.42874],[8.42681,52.42876],[8.42611,52.42865],[8.42585,52.42867],[8.42501,52.42863],[8.424,52.4285],[8.42381,52.42843],[8.42362,52.42849],[8.42289,52.42842],[8.42252,52.42844],[8.42216,52.42855],[8.42186,52.42873],[8.42179,52.42894]]}},{"type":"Feature","properties":{"slice":"ura","kind":"weg"},"geometry":{"type":"LineString","coordinates":[[8.43815,52.38804],[8.4379,52.3879],[8.43722,52.38809],[8.43679,52.38813],[8.43649,52.38832],[8.43559,52.38848],[8.43497,52.38869],[8.4345,52.38877],[8.43376,52.38901],[8.43353,52.38902],[8.43336,52.38912],[8.4331,52.38914],[8.43218,52.38943],[8.43177,52.3895],[8.43162,52.38958],[8.43126,52.38963],[8.43093,52.38957],[8.43055,52.38964],[8.43014,52.38962],[8.42964,52.38982]]}},{"type":"Feature","properties":{"slice":"ura","kind":"weg"},"geometry":{"type":"LineString","coordinates":[[8.43526,52.42955],[8.43409,52.42937],[8.43334,52.42905],[8.43248,52.42889],[8.4319,52.42891],[8.4316,52.42888],[8.43132,52.42895],[8.4305,52.42895],[8.43032,52.42902]]}},{"type":"Feature","properties":{"slice":"ura","kind":"weg"},"geometry":{"type":"LineString","coordinates":[[8.43682,52.38844],[8.43689,52.38837],[8.43689,52.38821],[8.43696,52.38817],[8.43909,52.38754],[8.44083,52.38711],[8.44098,52.38698],[8.4414,52.38687],[8.44156,52.38691],[8.4422,52.38676],[8.44299,52.3869],[8.44494,52.387]]}},{"type":"Feature","properties":{"slice":"ura","kind":"weg"},"geometry":{"type":"LineString","coordinates":[[8.4821,52.46026],[8.4817,52.46],[8.48142,52.4599],[8.48037,52.45985],[8.47874,52.45992],[8.4779,52.46036],[8.47713,52.46069],[8.47582,52.46109],[8.47413,52.46121],[8.47215,52.46129],[8.47132,52.4614],[8.4699,52.46167],[8.46887,52.46207],[8.46778,52.46217],[8.46713,52.46228],[8.46636,52.46227],[8.46608,52.46231],[8.46544,52.46226],[8.46522,52.46231],[8.46437,52.46234],[8.46334,52.46245],[8.46314,52.46239],[8.46224,52.46244],[8.46177,52.46251],[8.46078,52.46283],[8.46033,52.46284],[8.45971,52.46293],[8.459,52.46309],[8.4587,52.4631],[8.45825,52.46325],[8.45801,52.46325],[8.4578,52.46333],[8.45603,52.46349]]}},{"type":"Feature","properties":{"slice":"ura","kind":"weg"},"geometry":{"type":"LineString","coordinates":[[8.44206,52.36143],[8.44195,52.36151],[8.44188,52.36171],[8.44119,52.36175],[8.44085,52.36187],[8.44062,52.36233],[8.44071,52.36252],[8.44065,52.36272],[8.43969,52.36462],[8.4396,52.3647],[8.43939,52.36472],[8.43929,52.36478],[8.43918,52.36526],[8.43899,52.36547],[8.43891,52.36577],[8.43794,52.36622],[8.43786,52.36719],[8.43776,52.36754],[8.43766,52.36769],[8.43795,52.36792],[8.44001,52.36906],[8.44011,52.36946],[8.44026,52.36957],[8.44053,52.36965],[8.44091,52.36989],[8.44132,52.37003],[8.44162,52.37019],[8.44187,52.3704],[8.4421,52.37046],[8.44229,52.37077],[8.44244,52.37088],[8.4424,52.371],[8.44257,52.37153],[8.44299,52.37167],[8.44349,52.37167],[8.44404,52.37185],[8.44419,52.37197],[8.44438,52.37199],[8.44456,52.37208],[8.44583,52.37238],[8.44632,52.37258],[8.44645,52.37272],[8.44665,52.37277]]}},{"type":"Feature","properties":{"slice":"ura","kind":"weg"},"geometry":{"type":"LineString","coordinates":[[8.45691,52.34899],[8.45681,52.34897],[8.45676,52.34903],[8.4567,52.34952],[8.45653,52.34997],[8.4564,52.35059],[8.45623,52.35063],[8.45611,52.35072],[8.45533,52.35175],[8.4545,52.35266],[8.45321,52.35428],[8.45225,52.35476],[8.45181,52.35508],[8.45104,52.35543],[8.44987,52.35615],[8.44954,52.35629],[8.44907,52.35658],[8.44888,52.35663],[8.44851,52.35687],[8.44808,52.35701],[8.44771,52.35705],[8.44718,52.35726],[8.44495,52.35788],[8.44456,52.35795],[8.44321,52.35836],[8.4428,52.35846],[8.44237,52.35841],[8.44205,52.35868],[8.44164,52.35879],[8.44152,52.35888],[8.44147,52.35961]]}},{"type":"Feature","properties":{"slice":"ura","kind":"weg"},"geometry":{"type":"LineString","coordinates":[[8.44566,52.38286],[8.44484,52.38413],[8.44475,52.38465],[8.44449,52.38519],[8.44415,52.38551],[8.44438,52.38587],[8.44485,52.38622],[8.44488,52.38631]]}},{"type":"Feature","properties":{"slice":"ura","kind":"weg"},"geometry":{"type":"LineString","coordinates":[[8.44439,52.38644],[8.44442,52.38637],[8.44473,52.38624],[8.4458,52.38613],[8.44632,52.38617],[8.44735,52.38606],[8.44844,52.3861],[8.44875,52.38627],[8.44884,52.38657],[8.44923,52.38665],[8.44926,52.38683]]}},{"type":"Feature","properties":{"slice":"ura","kind":"weg"},"geometry":{"type":"LineString","coordinates":[[8.46283,52.43739],[8.46207,52.4372],[8.46013,52.43619],[8.45997,52.43617],[8.45906,52.43584],[8.45711,52.43529],[8.45666,52.43523],[8.45636,52.43508],[8.4558,52.43498],[8.45537,52.43482],[8.45452,52.43459],[8.45374,52.43443],[8.45235,52.43407],[8.45115,52.43389],[8.45085,52.43376],[8.45055,52.4337],[8.44897,52.43298],[8.44872,52.43297],[8.44844,52.43282],[8.44797,52.43284],[8.44771,52.43272],[8.44731,52.43274],[8.44711,52.43269],[8.44661,52.43307]]}},{"type":"Feature","properties":{"slice":"ura","kind":"weg"},"geometry":{"type":"LineString","coordinates":[[8.44608,52.42597],[8.44556,52.42514],[8.44544,52.42477],[8.44506,52.42432],[8.445,52.42401],[8.44481,52.4239],[8.44464,52.4235],[8.4443,52.42311],[8.44434,52.42234],[8.44455,52.42208],[8.44445,52.42187],[8.44446,52.42172],[8.44471,52.4209],[8.44456,52.42076],[8.44426,52.42069],[8.44414,52.4206],[8.44411,52.42049],[8.4442,52.42034],[8.44415,52.4201],[8.44424,52.42004],[8.44462,52.42003],[8.44485,52.41995],[8.44531,52.41962],[8.44536,52.41925],[8.44557,52.41891],[8.44556,52.41841],[8.44572,52.41817],[8.44601,52.4179],[8.44604,52.41779],[8.44627,52.41765],[8.44633,52.41743],[8.44659,52.41726],[8.44675,52.41697],[8.44697,52.41684],[8.44692,52.41654],[8.44712,52.41645],[8.44737,52.41616],[8.44754,52.41607],[8.44784,52.4153],[8.44807,52.41506],[8.44809,52.41495],[8.4482,52.41487],[8.44823,52.41471],[8.44839,52.4145],[8.44839,52.41394],[8.44892,52.41332],[8.44918,52.41279],[8.44955,52.4126],[8.44948,52.41237],[8.44965,52.41224],[8.44996,52.4116],[8.45015,52.41149],[8.45033,52.41084],[8.45048,52.41071],[8.45055,52.41026],[8.45071,52.40987],[8.45061,52.4095],[8.45084,52.40928],[8.45086,52.40913],[8.451,52.40902],[8.45109,52.40868],[8.45123,52.40852],[8.45124,52.40834],[8.45138,52.40819],[8.45141,52.40767],[8.45171,52.40726],[8.45163,52.40713],[8.45185,52.40678],[8.45182,52.4065],[8.45194,52.40625],[8.45211,52.40614],[8.45221,52.40548],[8.45233,52.40537]]}},{"type":"Feature","properties":{"slice":"ura","kind":"weg"},"geometry":{"type":"LineString","coordinates":[[8.45003,52.38618],[8.45031,52.38625],[8.45091,52.3863],[8.45132,52.38632],[8.45155,52.38628],[8.4519,52.38638],[8.45291,52.3864],[8.45379,52.38654],[8.45544,52.38665],[8.45885,52.38701],[8.45919,52.387],[8.45941,52.38706],[8.46046,52.38705],[8.46074,52.38697],[8.46108,52.38705],[8.46158,52.38698],[8.46312,52.38694],[8.46364,52.38696],[8.46385,52.38702],[8.46452,52.38703],[8.46537,52.38701],[8.46563,52.38693],[8.466,52.38694],[8.46617,52.38699],[8.46658,52.38699],[8.467,52.38693],[8.4672,52.38698],[8.46816,52.38695],[8.46831,52.38698],[8.47106,52.38696],[8.47147,52.38694],[8.47166,52.38687],[8.4719,52.38686],[8.47306,52.38686],[8.47325,52.38693],[8.47372,52.38692],[8.47387,52.38686],[8.47484,52.38685],[8.47516,52.38692],[8.47556,52.3869]]}},{"type":"Feature","properties":{"slice":"ura","kind":"weg"},"geometry":{"type":"LineString","coordinates":[[8.45565,52.39608],[8.45574,52.39555],[8.45611,52.39429],[8.45588,52.39407],[8.4556,52.39393],[8.45555,52.3938],[8.45518,52.39366],[8.45505,52.39354],[8.45417,52.39304],[8.45403,52.3929],[8.45404,52.39269],[8.45385,52.39236],[8.45364,52.39222],[8.45357,52.3921],[8.45296,52.39172],[8.4526,52.39141],[8.45242,52.39117],[8.45209,52.39065],[8.45204,52.39048],[8.45175,52.39018],[8.45183,52.39007],[8.45217,52.38997],[8.4522,52.38946],[8.45237,52.38904],[8.45233,52.38892],[8.45201,52.38875],[8.45136,52.38883],[8.4507,52.38879],[8.45045,52.38846],[8.4504,52.38821],[8.45016,52.38807],[8.45018,52.38792],[8.45002,52.38783],[8.4497,52.38744],[8.44964,52.38722],[8.44947,52.38709]]}},{"type":"Feature","properties":{"slice":"ura","kind":"weg"},"geometry":{"type":"LineString","coordinates":[[8.47358,52.40869],[8.47308,52.40869],[8.47243,52.40875],[8.47123,52.40874],[8.47012,52.40882],[8.46988,52.40878],[8.4687,52.40882],[8.46836,52.4089],[8.46733,52.4089],[8.46711,52.40895],[8.4664,52.40892],[8.46617,52.40894],[8.466,52.409],[8.46561,52.40895],[8.46544,52.40901],[8.46477,52.40899],[8.46464,52.40904],[8.46383,52.40897],[8.46308,52.40849],[8.46275,52.40808],[8.46235,52.40797],[8.4622,52.40779],[8.46181,52.40749],[8.46102,52.40734],[8.46018,52.40725],[8.45977,52.40739],[8.45961,52.40736],[8.4593,52.40697],[8.45907,52.4064],[8.45912,52.40627],[8.459,52.40611],[8.45901,52.40595],[8.4588,52.40584]]}},{"type":"Feature","properties":{"slice":"ura","kind":"weg"},"geometry":{"type":"LineString","coordinates":[[8.48213,52.36968],[8.48211,52.36958],[8.482,52.36957],[8.4814,52.36973],[8.48108,52.36976],[8.48072,52.36992],[8.48057,52.36993],[8.48011,52.36971],[8.47943,52.36968],[8.47911,52.36993],[8.4787,52.37012],[8.47765,52.37026],[8.47705,52.37041],[8.47567,52.37061],[8.47351,52.37101],[8.47327,52.37111],[8.47286,52.37109],[8.47235,52.3713],[8.47185,52.37141],[8.47115,52.37177],[8.47045,52.37223],[8.46984,52.37253],[8.46945,52.37262],[8.46887,52.37263],[8.46864,52.37268],[8.46705,52.3733],[8.46679,52.37347],[8.46621,52.3736],[8.46591,52.37361],[8.46428,52.37392],[8.46391,52.37395],[8.46361,52.37392],[8.46295,52.37399],[8.46273,52.37406],[8.46132,52.37428],[8.46072,52.37444],[8.46012,52.37444],[8.45876,52.37458],[8.45834,52.37458],[8.45786,52.37471],[8.45754,52.37469],[8.45698,52.37475],[8.45572,52.37499],[8.45505,52.37522],[8.45455,52.37531],[8.45442,52.37539],[8.4543,52.37552],[8.4543,52.37566],[8.45467,52.376]]}},{"type":"Feature","properties":{"slice":"ura","kind":"weg"},"geometry":{"type":"LineString","coordinates":[[8.47631,52.3869],[8.47608,52.3869],[8.47561,52.38672],[8.47421,52.38605],[8.47396,52.38549],[8.47399,52.38527],[8.47363,52.38461],[8.47324,52.38424],[8.47267,52.38388],[8.47253,52.3836],[8.47199,52.38321],[8.47159,52.38283],[8.47141,52.38257],[8.47086,52.38215],[8.47016,52.38141],[8.4698,52.38112],[8.46923,52.38055],[8.46895,52.38024],[8.46888,52.37999],[8.4683,52.37958],[8.46822,52.37938],[8.46801,52.37921],[8.4681,52.37894],[8.46807,52.37873],[8.46771,52.37866],[8.46705,52.37863],[8.46681,52.37854],[8.46654,52.37853],[8.46642,52.37845],[8.46619,52.3784],[8.46469,52.3784],[8.46394,52.37845],[8.46344,52.37825],[8.46244,52.3782],[8.46213,52.37797],[8.46166,52.37796],[8.46148,52.37815],[8.46128,52.37821],[8.46059,52.37809],[8.45998,52.37813]]}},{"type":"Feature","properties":{"slice":"ura","kind":"weg"},"geometry":{"type":"LineString","coordinates":[[8.45839,52.34363],[8.45816,52.34361],[8.45804,52.34372],[8.45803,52.34399],[8.45786,52.34444],[8.45775,52.34524],[8.45679,52.34885],[8.4567,52.34952],[8.45652,52.35003]]}},{"type":"Feature","properties":{"slice":"ura","kind":"weg"},"geometry":{"type":"LineString","coordinates":[[8.45841,52.34363],[8.46243,52.34499],[8.46355,52.34507],[8.46374,52.3451],[8.46389,52.34518],[8.46439,52.34521],[8.46503,52.34519],[8.46531,52.34522],[8.46555,52.34516],[8.46576,52.34525],[8.46658,52.34531],[8.46683,52.34539],[8.4672,52.34542],[8.46754,52.34538],[8.46776,52.34547],[8.46818,52.34544],[8.46838,52.34553],[8.46874,52.34557],[8.46904,52.34552],[8.47078,52.34564],[8.47117,52.34571],[8.47185,52.34568],[8.47207,52.34573],[8.47233,52.3457],[8.4726,52.34559],[8.47301,52.34554],[8.47351,52.3455],[8.47389,52.34554],[8.47539,52.34539],[8.47677,52.34523],[8.47698,52.34515],[8.47756,52.34505],[8.47876,52.34492],[8.47979,52.34494],[8.48076,52.34502],[8.48145,52.34523]]}},{"type":"Feature","properties":{"slice":"ura","kind":"weg"},"geometry":{"type":"LineString","coordinates":[[8.47601,52.3215],[8.47584,52.32149],[8.47576,52.32154],[8.47527,52.32244],[8.47508,52.32249],[8.475,52.32262],[8.47486,52.32267],[8.47452,52.32296],[8.474,52.32325],[8.47355,52.32334],[8.47325,52.32351],[8.47265,52.32372],[8.47242,52.32387],[8.47231,52.32404],[8.47281,52.32503],[8.47296,52.32529],[8.47319,52.32552],[8.47378,52.32668],[8.4737,52.3268],[8.47389,52.32701],[8.47383,52.3271],[8.47394,52.32766],[8.47373,52.32802],[8.47329,52.32828],[8.47282,52.32844],[8.4725,52.32846],[8.47222,52.32857],[8.47179,52.32863],[8.47108,52.32888],[8.47087,52.32887],[8.47067,52.32901],[8.47014,52.32915],[8.46875,52.32994]]}},{"type":"Feature","properties":{"slice":"ura","kind":"weg"},"geometry":{"type":"LineString","coordinates":[[8.46368,52.33216],[8.46357,52.33228],[8.46301,52.33246],[8.46243,52.33276],[8.46217,52.33311],[8.46205,52.3335],[8.4622,52.33434],[8.46224,52.33521],[8.46237,52.3355],[8.46222,52.33575],[8.46223,52.33653],[8.46179,52.33704],[8.46166,52.33746],[8.46099,52.33832],[8.46083,52.33845],[8.46032,52.33925],[8.46008,52.33952],[8.45989,52.33961],[8.45983,52.33985],[8.45949,52.34022],[8.45945,52.34036],[8.45928,52.34049],[8.45918,52.34073],[8.45882,52.34106],[8.45867,52.34138],[8.45854,52.34149],[8.45853,52.34174],[8.45861,52.34191],[8.45853,52.34203],[8.45845,52.34256],[8.45834,52.34275],[8.4582,52.34357],[8.45804,52.34372],[8.45801,52.3441],[8.45786,52.34444],[8.45788,52.34459]]}},{"type":"Feature","properties":{"slice":"ura","kind":"weg"},"geometry":{"type":"LineString","coordinates":[[8.46176,52.27373],[8.4619,52.27382],[8.46213,52.27386],[8.46243,52.27409],[8.4631,52.2744],[8.46327,52.27453],[8.46327,52.27516],[8.46309,52.27531],[8.46304,52.27556],[8.46295,52.27568],[8.46298,52.27577],[8.4628,52.2763],[8.46273,52.27684],[8.46263,52.27701]]}},{"type":"Feature","properties":{"slice":"ura","kind":"weg"},"geometry":{"type":"LineString","coordinates":[[8.46532,52.2781],[8.46683,52.27826],[8.46818,52.27852],[8.46857,52.27865],[8.46875,52.27906],[8.4693,52.27909],[8.47049,52.27902]]}},{"type":"Feature","properties":{"slice":"ura","kind":"weg"},"geometry":{"type":"LineString","coordinates":[[8.4625,52.27763],[8.4625,52.27783],[8.4624,52.27798],[8.46218,52.27874],[8.46216,52.27919],[8.46195,52.27961],[8.46187,52.28011],[8.46175,52.28026],[8.46188,52.28049],[8.46184,52.28068],[8.46158,52.28098],[8.46151,52.28152],[8.46116,52.2823],[8.46117,52.2826],[8.46084,52.28324],[8.46078,52.28385],[8.46046,52.28461],[8.46044,52.28499],[8.46036,52.28511],[8.46027,52.28554],[8.46033,52.28564],[8.46055,52.28572],[8.46073,52.28587],[8.46072,52.2862],[8.46063,52.28631],[8.46073,52.28641]]}},{"type":"Feature","properties":{"slice":"ura","kind":"weg"},"geometry":{"type":"LineString","coordinates":[[8.48093,52.45199],[8.48094,52.45185],[8.48104,52.45173],[8.48099,52.45168],[8.48059,52.45157],[8.47996,52.45159],[8.4796,52.45146],[8.47919,52.45117],[8.4791,52.451],[8.47862,52.45066],[8.4782,52.45041],[8.47741,52.45011],[8.47672,52.44973],[8.47623,52.44934],[8.47525,52.44885],[8.47434,52.44815],[8.4736,52.44751],[8.4725,52.44624],[8.47078,52.44499],[8.47012,52.44423],[8.46949,52.44289],[8.46928,52.44268],[8.46895,52.44249]]}},{"type":"Feature","properties":{"slice":"ura","kind":"weg"},"geometry":{"type":"LineString","coordinates":[[8.48156,52.31565],[8.48104,52.31563],[8.48074,52.31576],[8.48061,52.31596],[8.48027,52.31609],[8.47935,52.31672],[8.47906,52.31686],[8.47757,52.31804],[8.47721,52.3184],[8.47659,52.31924],[8.47631,52.32005],[8.47631,52.32023],[8.47613,52.32049],[8.47595,52.32119],[8.47563,52.32181],[8.47533,52.32225]]}},{"type":"Feature","properties":{"slice":"ura","kind":"weg"},"geometry":{"type":"LineString","coordinates":[[8.48195,52.38978],[8.48177,52.38991],[8.48112,52.38987],[8.4808,52.38981],[8.48068,52.38972],[8.48065,52.38925],[8.48057,52.38913],[8.47817,52.38801],[8.47752,52.38759],[8.47728,52.38757],[8.47709,52.3875],[8.47672,52.38722],[8.47623,52.38694],[8.47602,52.38689],[8.47562,52.38691]]}},{"type":"Feature","properties":{"slice":"ura","kind":"weg"},"geometry":{"type":"LineString","coordinates":[[8.48583,52.29895],[8.48596,52.29906],[8.4866,52.30007],[8.48694,52.30026],[8.48737,52.30064],[8.48795,52.30099],[8.48796,52.30109],[8.48812,52.30129],[8.48948,52.3025],[8.4904,52.30373],[8.49091,52.30423],[8.49108,52.30463],[8.49097,52.30505],[8.49132,52.30616]]}},{"type":"Feature","properties":{"slice":"ura","kind":"weg"},"geometry":{"type":"LineString","coordinates":[[8.48369,52.34515],[8.48484,52.34519],[8.48606,52.34485],[8.48702,52.34463],[8.4896,52.34458],[8.49127,52.34448],[8.49196,52.3445],[8.49228,52.34462],[8.4934,52.34533],[8.49388,52.34584],[8.49412,52.34588],[8.49443,52.34602],[8.49709,52.34619],[8.49725,52.34629],[8.49734,52.34661],[8.49757,52.34665]]}},{"type":"Feature","properties":{"slice":"ura","kind":"weg"},"geometry":{"type":"LineString","coordinates":[[8.48075,52.36988],[8.48108,52.36976],[8.4814,52.36973],[8.48198,52.36957],[8.48221,52.36958],[8.48256,52.36947],[8.48312,52.36942],[8.48385,52.36941],[8.48423,52.36935],[8.48507,52.36935],[8.48524,52.36928],[8.48621,52.36922],[8.48644,52.36917],[8.48741,52.36919],[8.48793,52.36915],[8.48823,52.36912],[8.4885,52.369],[8.48902,52.36887],[8.48917,52.36894],[8.49003,52.3689],[8.49029,52.36882],[8.49142,52.36883],[8.49181,52.36887]]}},{"type":"Feature","properties":{"slice":"ura","kind":"weg"},"geometry":{"type":"LineString","coordinates":[[8.4954,52.43884],[8.49531,52.43881],[8.49464,52.43888],[8.49389,52.43889],[8.49355,52.43881],[8.4928,52.43893],[8.49241,52.43889],[8.49192,52.43902],[8.49095,52.43908],[8.49046,52.43917],[8.49016,52.43915],[8.48994,52.43925],[8.48906,52.43922],[8.48883,52.43931],[8.48801,52.43938],[8.48741,52.43951],[8.48702,52.43952],[8.48651,52.4396],[8.48625,52.43971],[8.48604,52.43974],[8.48563,52.4396],[8.48535,52.43964],[8.48509,52.4396],[8.48399,52.4396]]}},{"type":"Feature","properties":{"slice":"ura","kind":"weg"},"geometry":{"type":"LineString","coordinates":[[8.48819,52.45971],[8.48795,52.45976],[8.48751,52.45966],[8.4872,52.45969],[8.48698,52.45966],[8.48668,52.45975],[8.48539,52.45984],[8.48488,52.45985],[8.48458,52.45978],[8.4831,52.45976],[8.48263,52.45981],[8.48245,52.45988],[8.4823,52.46008],[8.48194,52.46021],[8.48189,52.46065],[8.48157,52.46123]]}},{"type":"Feature","properties":{"slice":"ura","kind":"weg"},"geometry":{"type":"LineString","coordinates":[[8.50166,52.43812],[8.50155,52.43818],[8.50101,52.43825],[8.50092,52.43833],[8.50096,52.43898],[8.50126,52.43907],[8.50138,52.43939],[8.50132,52.43999],[8.50124,52.44016],[8.50094,52.44038],[8.50092,52.44071],[8.50101,52.44082],[8.50146,52.44106],[8.50156,52.44122],[8.50161,52.44169],[8.50189,52.44185],[8.50235,52.44226],[8.50281,52.4428],[8.50282,52.44383],[8.50292,52.4441],[8.50285,52.44438],[8.50289,52.44483],[8.50305,52.44497],[8.50292,52.44509],[8.50292,52.44521],[8.50271,52.44557],[8.50244,52.44591],[8.50215,52.44596],[8.50179,52.44617],[8.50157,52.44624],[8.50094,52.44637],[8.50087,52.44683],[8.50094,52.44693],[8.5009,52.4488],[8.5005,52.44883],[8.49874,52.44925],[8.49829,52.4493],[8.49699,52.44958]]}},{"type":"Feature","properties":{"slice":"ura","kind":"weg"},"geometry":{"type":"LineString","coordinates":[[8.49135,52.45129],[8.49093,52.45129],[8.49024,52.45139],[8.48883,52.45148],[8.48854,52.45125],[8.48793,52.45111],[8.48758,52.45098],[8.48723,52.4513],[8.48694,52.45124],[8.48679,52.45126],[8.48609,52.45171]]}},{"type":"Feature","properties":{"slice":"ura","kind":"weg"},"geometry":{"type":"LineString","coordinates":[[8.49402,52.39617],[8.49402,52.39564],[8.49395,52.39555],[8.49361,52.39537],[8.49286,52.39507],[8.49262,52.3949],[8.49134,52.39434],[8.49073,52.39401],[8.48986,52.39364],[8.4896,52.39348],[8.48923,52.39336],[8.48814,52.39278],[8.48743,52.39248],[8.48661,52.392]]}},{"type":"Feature","properties":{"slice":"ura","kind":"weg"},"geometry":{"type":"LineString","coordinates":[[8.48442,52.38713],[8.48451,52.38716],[8.48481,52.38714],[8.48529,52.38722],[8.48608,52.38728],[8.48664,52.38725],[8.48778,52.38736],[8.48799,52.38742],[8.48866,52.38741],[8.48934,52.38752],[8.49029,52.38757],[8.49147,52.3877],[8.49166,52.38768],[8.49344,52.38786],[8.4938,52.38781],[8.49453,52.38787],[8.49501,52.38811],[8.49546,52.38821],[8.49576,52.38817],[8.49595,52.38809],[8.49627,52.38807],[8.49904,52.38829],[8.49936,52.38824],[8.50041,52.38832],[8.50091,52.38839],[8.50112,52.38847],[8.50148,52.38849],[8.50172,52.38868],[8.50312,52.38881],[8.50376,52.3888],[8.50438,52.3889],[8.50447,52.38887],[8.50454,52.3887],[8.50503,52.3887],[8.50528,52.38877],[8.5061,52.38876],[8.50655,52.38884],[8.50709,52.38885],[8.50765,52.38897],[8.5085,52.389],[8.50876,52.38908],[8.50921,52.38908],[8.50953,52.38901],[8.50981,52.38913],[8.5119,52.38931],[8.51224,52.38928],[8.51423,52.38951],[8.51468,52.38952],[8.51485,52.38958],[8.51646,52.38956],[8.51658,52.38968],[8.51681,52.38976],[8.52039,52.39007],[8.52045,52.39011],[8.52046,52.39037],[8.52075,52.3906],[8.52071,52.39107],[8.52077,52.39114],[8.52106,52.39117],[8.52129,52.39126],[8.52181,52.3912],[8.52225,52.39123]]}},{"type":"Feature","properties":{"slice":"ura","kind":"weg"},"geometry":{"type":"LineString","coordinates":[[8.48278,52.38387],[8.4827,52.38346],[8.48274,52.38322],[8.48285,52.38303],[8.48302,52.38292],[8.48313,52.3827],[8.48325,52.38259],[8.48333,52.38237],[8.48354,52.38208],[8.48354,52.38187],[8.48376,52.3814],[8.48407,52.38106],[8.48411,52.38086],[8.48428,52.38059],[8.48579,52.37952],[8.4859,52.37933],[8.48651,52.37875]]}},{"type":"Feature","properties":{"slice":"ura","kind":"weg"},"geometry":{"type":"LineString","coordinates":[[8.50817,52.2567],[8.50631,52.25676],[8.50608,52.25672],[8.50539,52.2568],[8.504,52.2568],[8.50365,52.25686],[8.5031,52.25685],[8.50239,52.25691],[8.50159,52.25684],[8.50134,52.25705],[8.50059,52.25716],[8.49945,52.25719],[8.49823,52.25732],[8.49668,52.25738],[8.49602,52.25734],[8.49574,52.25738],[8.49548,52.25717],[8.49501,52.2572],[8.49468,52.25708],[8.49453,52.2569],[8.49382,52.25646],[8.49382,52.25607],[8.4937,52.25598],[8.49355,52.25595],[8.49325,52.256],[8.49303,52.25596],[8.49273,52.25599],[8.49241,52.25596],[8.49215,52.25581],[8.49123,52.25541],[8.49059,52.25505],[8.49037,52.25506],[8.49043,52.25483],[8.49075,52.25451],[8.49073,52.25438],[8.48994,52.25388],[8.48936,52.25363],[8.48908,52.25342],[8.48901,52.25325],[8.48884,52.25319],[8.48872,52.25306],[8.48824,52.25283]]}},{"type":"Feature","properties":{"slice":"ura","kind":"weg"},"geometry":{"type":"LineString","coordinates":[[8.48722,52.45598],[8.48727,52.45607],[8.48767,52.45631],[8.48866,52.45681],[8.48889,52.45688],[8.48915,52.45706],[8.48986,52.45729],[8.49029,52.4573],[8.49056,52.45746],[8.49067,52.4576],[8.49069,52.45794],[8.49103,52.45822],[8.49112,52.45848],[8.49108,52.45863],[8.49087,52.45874]]}},{"type":"Feature","properties":{"slice":"ura","kind":"weg"},"geometry":{"type":"LineString","coordinates":[[8.49106,52.36848],[8.49099,52.36855],[8.49101,52.36876],[8.49117,52.36885],[8.49217,52.36884],[8.49275,52.36877],[8.49318,52.36868],[8.49356,52.36854],[8.49425,52.36815],[8.49447,52.36798],[8.49479,52.36786],[8.49491,52.36775],[8.49519,52.36763],[8.49579,52.36704],[8.49606,52.36689],[8.49621,52.36661],[8.49669,52.36616],[8.49686,52.36607],[8.49743,52.36593],[8.49785,52.36577]]}},{"type":"Feature","properties":{"slice":"ura","kind":"weg"},"geometry":{"type":"LineString","coordinates":[[8.52607,52.46289],[8.526,52.4626],[8.52586,52.46255],[8.525,52.46253],[8.52436,52.46261],[8.52359,52.46259],[8.52309,52.46266],[8.52176,52.46271],[8.52153,52.46269],[8.52121,52.46253],[8.52095,52.46247],[8.52076,52.46249],[8.52011,52.46243],[8.51983,52.46249],[8.51917,52.46252],[8.51829,52.46277],[8.51769,52.46282],[8.51681,52.46278],[8.51588,52.4628],[8.51473,52.46273],[8.51348,52.46254],[8.51314,52.46269],[8.51234,52.46288],[8.51205,52.46301]]}},{"type":"Feature","properties":{"slice":"ura","kind":"weg"},"geometry":{"type":"LineString","coordinates":[[8.49442,52.32151],[8.49435,52.3216],[8.49435,52.32195],[8.49444,52.32212],[8.49434,52.3223],[8.49441,52.3225],[8.49435,52.32283],[8.49438,52.32513],[8.49432,52.32526],[8.49299,52.32665],[8.49294,52.32678],[8.49274,52.32696],[8.49273,52.32708],[8.49288,52.32746],[8.493,52.32822],[8.49313,52.3284],[8.49308,52.32852],[8.49315,52.32882],[8.49332,52.32915],[8.49333,52.32941],[8.4936,52.33029],[8.49356,52.33038],[8.49367,52.33049],[8.49363,52.33068],[8.49386,52.33121],[8.49392,52.33173],[8.49406,52.33198],[8.4942,52.33262],[8.49431,52.33272],[8.49426,52.3329],[8.49443,52.33323],[8.49443,52.33361],[8.49452,52.33382]]}},{"type":"Feature","properties":{"slice":"ura","kind":"weg"},"geometry":{"type":"LineString","coordinates":[[8.49577,52.33908],[8.49595,52.33925],[8.4963,52.33977],[8.49687,52.34087],[8.49668,52.34097],[8.49634,52.34093],[8.4962,52.34102],[8.49646,52.34147],[8.49651,52.34185],[8.49616,52.34234],[8.49611,52.34271],[8.49628,52.34296],[8.49654,52.34315],[8.49685,52.3437],[8.49685,52.344],[8.497,52.34453],[8.49679,52.34466],[8.49698,52.34467],[8.49706,52.34473],[8.49722,52.34588],[8.4973,52.34608],[8.49746,52.34622],[8.49757,52.34665]]}},{"type":"Feature","properties":{"slice":"ura","kind":"weg"},"geometry":{"type":"LineString","coordinates":[[8.49658,52.30998],[8.4969,52.31075],[8.49705,52.31135],[8.49721,52.31143],[8.49717,52.31175],[8.49726,52.31211],[8.49726,52.31251],[8.49693,52.31316],[8.49702,52.31345],[8.49675,52.31362],[8.49662,52.31414],[8.49649,52.31428],[8.4965,52.31441],[8.49607,52.3153],[8.49563,52.31648],[8.49548,52.31665],[8.49549,52.31687],[8.49535,52.31703],[8.49436,52.31939],[8.49441,52.32091],[8.49433,52.3211],[8.49439,52.32121],[8.49435,52.32195],[8.49444,52.32212],[8.49434,52.3223],[8.49441,52.3225],[8.49437,52.32303]]}},{"type":"Feature","properties":{"slice":"ura","kind":"weg"},"geometry":{"type":"LineString","coordinates":[[8.50229,52.3026],[8.50331,52.3026],[8.50385,52.30279],[8.50451,52.30223],[8.50526,52.3015],[8.5055,52.30142],[8.50608,52.30134],[8.50633,52.30169]]}},{"type":"Feature","properties":{"slice":"ura","kind":"weg"},"geometry":{"type":"LineString","coordinates":[[8.49667,52.34095],[8.49683,52.34094],[8.497,52.34102],[8.49717,52.34102],[8.49872,52.34126],[8.49915,52.34127],[8.49934,52.34135],[8.4999,52.34144],[8.50089,52.34127],[8.50138,52.34136],[8.50196,52.34134],[8.50222,52.34129],[8.50342,52.34205],[8.50436,52.34205],[8.50475,52.34215],[8.50516,52.34215],[8.50537,52.3422],[8.50554,52.34217],[8.50657,52.34218],[8.50674,52.34238],[8.50688,52.34286],[8.50703,52.34293],[8.50722,52.34321],[8.50754,52.34328],[8.50807,52.34326],[8.50829,52.34332],[8.50973,52.34327],[8.51093,52.34312],[8.51116,52.34301],[8.51213,52.34296],[8.51269,52.34297],[8.5128,52.34305],[8.51301,52.34306],[8.51319,52.34313],[8.51335,52.34311],[8.51376,52.34331],[8.51393,52.34335],[8.5141,52.34333],[8.51451,52.34339],[8.51503,52.3434],[8.51524,52.34336],[8.51573,52.3431],[8.51616,52.343],[8.51634,52.34287],[8.517,52.34275],[8.51725,52.34267],[8.51733,52.34259],[8.51758,52.34258],[8.51784,52.34246],[8.5182,52.34246],[8.51842,52.34239],[8.51878,52.34241],[8.51893,52.34235],[8.51915,52.3424],[8.51949,52.34231],[8.52041,52.34232],[8.52073,52.34224],[8.52088,52.34215],[8.52155,52.34201],[8.52217,52.34194],[8.52262,52.34204],[8.52299,52.34201],[8.52331,52.34206],[8.52346,52.342],[8.52357,52.34189],[8.52404,52.3418],[8.5243,52.34165],[8.52541,52.34157],[8.52565,52.34152],[8.5261,52.34159]]}},{"type":"Feature","properties":{"slice":"ura","kind":"weg"},"geometry":{"type":"LineString","coordinates":[[8.49972,52.36503],[8.49967,52.36498],[8.49975,52.36483],[8.50089,52.36417],[8.50095,52.3641],[8.50099,52.36283],[8.50092,52.36266],[8.501,52.3607],[8.50086,52.36061],[8.50009,52.36064],[8.49987,52.36055],[8.49984,52.35998],[8.49993,52.35958],[8.49983,52.35943],[8.49987,52.35865],[8.49978,52.35851],[8.49987,52.35833],[8.49975,52.35807],[8.49981,52.35789],[8.50008,52.35764],[8.50058,52.35732],[8.50068,52.35711],[8.50068,52.35678],[8.50082,52.35659],[8.50084,52.35646],[8.50103,52.35626],[8.50097,52.35616],[8.50104,52.356],[8.50097,52.3555],[8.50101,52.35517]]}},{"type":"Feature","properties":{"slice":"ura","kind":"weg"},"geometry":{"type":"LineString","coordinates":[[8.49882,52.36552],[8.49846,52.36569],[8.4984,52.36585],[8.49838,52.36604],[8.49846,52.36615],[8.49838,52.36627],[8.49841,52.36643],[8.49829,52.36663],[8.49817,52.36745],[8.49825,52.36813],[8.49815,52.36847],[8.4982,52.36922],[8.49839,52.36973],[8.49886,52.3702],[8.49888,52.37048],[8.49932,52.37073],[8.4995,52.37091],[8.49952,52.37105],[8.49974,52.37132],[8.49974,52.3715],[8.50014,52.37174],[8.50054,52.37187],[8.50104,52.37214],[8.50132,52.37222],[8.50219,52.37241],[8.50395,52.37255],[8.50413,52.3727],[8.50429,52.37314],[8.5043,52.37379],[8.50444,52.3742],[8.50442,52.37432],[8.50454,52.3745],[8.50743,52.37522],[8.50865,52.37559],[8.50891,52.37561],[8.50908,52.37569],[8.51068,52.37603],[8.51085,52.37615],[8.51089,52.37644],[8.51088,52.37662],[8.51071,52.37688]]}},{"type":"Feature","properties":{"slice":"ura","kind":"weg"},"geometry":{"type":"LineString","coordinates":[[8.49972,52.36503],[8.49967,52.36498],[8.49975,52.36483],[8.50092,52.36415],[8.50098,52.36385],[8.50149,52.36374],[8.50191,52.36289],[8.50211,52.36272],[8.50222,52.36268],[8.50282,52.36266],[8.50307,52.36256],[8.50331,52.36264],[8.5035,52.36262],[8.50385,52.36253],[8.50436,52.36223],[8.5046,52.36215],[8.50481,52.36223],[8.50503,52.3622],[8.50634,52.36154],[8.50643,52.3614],[8.50674,52.36124],[8.50674,52.3611],[8.50685,52.36098],[8.50723,52.36084],[8.50801,52.36036],[8.50856,52.3602]]}},{"type":"Feature","properties":{"slice":"ura","kind":"weg"},"geometry":{"type":"LineString","coordinates":[[8.51399,52.35759],[8.51425,52.35753],[8.51451,52.35736],[8.51475,52.35729],[8.51507,52.35728],[8.51567,52.35716],[8.51859,52.35729],[8.519,52.35709],[8.51983,52.35712],[8.52011,52.35709],[8.52084,52.35709],[8.52093,52.35712],[8.52099,52.35728],[8.5211,52.35733],[8.52241,52.35737],[8.52269,52.35736],[8.52288,52.35728],[8.52327,52.35728],[8.52348,52.35733],[8.52403,52.35735]]}},{"type":"Feature","properties":{"slice":"ura","kind":"weg"},"geometry":{"type":"LineString","coordinates":[[8.52506,52.43858],[8.52483,52.43843],[8.52468,52.43839],[8.52367,52.43842],[8.5235,52.43839],[8.52275,52.43843],[8.52262,52.43839],[8.52241,52.43842],[8.52185,52.43838],[8.5217,52.43833],[8.52142,52.43834],[8.52127,52.43829],[8.52093,52.43833],[8.5195,52.43822]]}},{"type":"Feature","properties":{"slice":"ura","kind":"weg"},"geometry":{"type":"LineString","coordinates":[[8.51991,52.41719],[8.51958,52.41698],[8.51874,52.4167],[8.51792,52.41671],[8.51769,52.41665],[8.51715,52.41665],[8.51631,52.4167],[8.51418,52.41671]]}},{"type":"Feature","properties":{"slice":"ura","kind":"weg"},"geometry":{"type":"LineString","coordinates":[[8.50682,52.30072],[8.50716,52.30122],[8.50765,52.30171],[8.5077,52.30198],[8.50784,52.30223],[8.50848,52.30295],[8.50867,52.30345],[8.50921,52.30411],[8.50924,52.30425],[8.50944,52.30433],[8.51014,52.30497],[8.51033,52.30502],[8.5108,52.30531],[8.51119,52.30545],[8.51138,52.30546],[8.51154,52.30543],[8.51189,52.30549],[8.51236,52.30565],[8.51267,52.30583],[8.51292,52.30587],[8.51548,52.3058],[8.51567,52.30575],[8.51634,52.30573],[8.51666,52.30563],[8.51788,52.30552],[8.51817,52.30558],[8.51844,52.30585],[8.519,52.30707],[8.51973,52.30826],[8.51974,52.30837],[8.52008,52.30891],[8.5202,52.30927],[8.52038,52.30949],[8.52057,52.30992],[8.52071,52.31007],[8.52084,52.31041],[8.52103,52.31054],[8.5211,52.31081],[8.5212,52.31095],[8.52119,52.31106],[8.52149,52.31165],[8.52169,52.31188],[8.52202,52.31262],[8.52232,52.31304],[8.52233,52.31318],[8.52248,52.31337],[8.52263,52.31378],[8.52274,52.31387],[8.5228,52.31411],[8.5233,52.3151],[8.5235,52.31531],[8.52383,52.31617],[8.52411,52.31652],[8.52415,52.31677],[8.52429,52.31687],[8.52436,52.31714],[8.52449,52.31725],[8.52451,52.31745],[8.52462,52.31753],[8.52464,52.31773],[8.52487,52.3182],[8.52518,52.31862],[8.52525,52.31893],[8.52552,52.31925],[8.52566,52.31971],[8.52586,52.31989],[8.52595,52.32026],[8.52617,52.32051],[8.52657,52.3214],[8.52675,52.32153],[8.52672,52.32165],[8.52687,52.3219],[8.5266,52.32204],[8.52644,52.32225]]}},{"type":"Feature","properties":{"slice":"ura","kind":"weg"},"geometry":{"type":"LineString","coordinates":[[8.51097,52.37588],[8.51099,52.37614],[8.51119,52.37624],[8.51267,52.37655],[8.51309,52.37669],[8.51308,52.37682],[8.51322,52.37695],[8.51368,52.37794],[8.51385,52.37809],[8.51468,52.37948],[8.51503,52.37982],[8.51506,52.38007],[8.51538,52.3806],[8.51553,52.38072],[8.51557,52.38092],[8.51564,52.38099],[8.51583,52.38106],[8.51611,52.38156],[8.51622,52.38195],[8.51694,52.38309],[8.51714,52.38329],[8.51722,52.38358],[8.51734,52.38363],[8.51743,52.38376],[8.51749,52.38407],[8.51775,52.38421],[8.51814,52.38422],[8.51827,52.38426],[8.5186,52.38445],[8.51881,52.38473],[8.51927,52.38504],[8.51967,52.38592],[8.51977,52.38598],[8.52014,52.38605],[8.52025,52.38642],[8.52084,52.3868],[8.52105,52.38716],[8.5211,52.38748],[8.52157,52.38766],[8.52273,52.38794],[8.52274,52.38824],[8.5229,52.38866],[8.52285,52.38881],[8.52273,52.38892],[8.52273,52.38939],[8.52259,52.38965],[8.52242,52.38968],[8.52231,52.3898],[8.52208,52.39059]]}},{"type":"Feature","properties":{"slice":"ura","kind":"weg"},"geometry":{"type":"LineString","coordinates":[[8.51628,52.27391],[8.5165,52.27412],[8.51669,52.27415],[8.51679,52.27426],[8.51709,52.2743],[8.51752,52.27449],[8.51768,52.27464],[8.518,52.2748],[8.51825,52.27514],[8.51941,52.27578],[8.52,52.27606],[8.52084,52.27634],[8.52115,52.27652],[8.52151,52.27663],[8.52172,52.27678],[8.52243,52.27761],[8.52263,52.27774],[8.52283,52.278],[8.52323,52.27828],[8.52329,52.27844],[8.52423,52.27933],[8.52458,52.27971],[8.52479,52.28012],[8.52491,52.28017],[8.52502,52.28038],[8.52581,52.28038]]}},{"type":"Feature","properties":{"slice":"ura","kind":"weg"},"geometry":{"type":"LineString","coordinates":[[8.52252,52.39092],[8.52204,52.39094],[8.52188,52.39103],[8.52178,52.39132],[8.52186,52.39151],[8.52182,52.39166],[8.52171,52.39172],[8.5217,52.39211],[8.52136,52.39242],[8.52122,52.39283],[8.52121,52.39308],[8.52112,52.39315],[8.5211,52.3935],[8.52086,52.39387],[8.521,52.39399],[8.52087,52.3942],[8.5209,52.39431],[8.52061,52.3945],[8.52062,52.39469],[8.52035,52.39518],[8.52051,52.39557],[8.52076,52.39585],[8.52079,52.39601],[8.5209,52.39607],[8.52095,52.3962],[8.52119,52.39644],[8.52138,52.39687],[8.52175,52.39719]]}},{"type":"Feature","properties":{"slice":"ura","kind":"weg"},"geometry":{"type":"LineString","coordinates":[[8.52468,52.34148],[8.52469,52.34159],[8.52481,52.34162],[8.52565,52.34152],[8.52588,52.34155],[8.52614,52.34151],[8.52698,52.34155],[8.52797,52.34147],[8.52938,52.34171],[8.52996,52.34159],[8.53022,52.34162],[8.5308,52.34148],[8.53121,52.34144],[8.53183,52.34121],[8.53219,52.34121],[8.53354,52.34096],[8.53458,52.34057],[8.53485,52.34037],[8.5352,52.34035],[8.53541,52.3402],[8.53578,52.34012],[8.53603,52.34012],[8.53611,52.34015],[8.53619,52.34066],[8.53625,52.3407],[8.53689,52.34068],[8.53762,52.34075],[8.53824,52.34069],[8.53865,52.34056],[8.53905,52.34056]]}},{"type":"Feature","properties":{"slice":"ura","kind":"weg"},"geometry":{"type":"LineString","coordinates":[[8.55707,52.35388],[8.55665,52.35366],[8.55584,52.35359],[8.55552,52.35373],[8.55474,52.35393],[8.55449,52.35396],[8.55436,52.35407],[8.55406,52.35418],[8.55384,52.35422],[8.55359,52.3542],[8.55346,52.35435],[8.55249,52.35465],[8.55223,52.35466],[8.55178,52.35479],[8.55167,52.3549],[8.55142,52.35498],[8.55097,52.355],[8.55075,52.35496],[8.55058,52.355],[8.54975,52.35502],[8.54878,52.35515],[8.54835,52.35515],[8.54796,52.35532],[8.54747,52.35535],[8.54661,52.3556],[8.54605,52.35563],[8.54578,52.35578],[8.5453,52.35587],[8.5451,52.35584],[8.54462,52.35591],[8.54399,52.35606],[8.54387,52.35616],[8.54337,52.35628],[8.54189,52.35657],[8.54013,52.35669],[8.5397,52.35677],[8.53687,52.35699],[8.53606,52.3571],[8.5358,52.35703],[8.53543,52.35705],[8.5352,52.35717],[8.5349,52.3572],[8.53427,52.35713],[8.53404,52.35721],[8.53325,52.35727],[8.53309,52.35736],[8.53243,52.35741],[8.53226,52.35735],[8.532,52.35745],[8.53056,52.35757],[8.53037,52.35763],[8.53011,52.35783],[8.52977,52.35772],[8.52953,52.3577],[8.52934,52.35757],[8.52838,52.35756]]}},{"type":"Feature","properties":{"slice":"ura","kind":"weg"},"geometry":{"type":"LineString","coordinates":[[8.52471,52.3905],[8.52567,52.39055],[8.5261,52.39061],[8.52683,52.39056],[8.52723,52.39061],[8.52771,52.39077],[8.52797,52.39076],[8.5287,52.39088],[8.5294,52.39086],[8.53022,52.39112],[8.53099,52.39113],[8.53129,52.39133],[8.5317,52.39139],[8.53183,52.39145],[8.532,52.39143],[8.53215,52.39154],[8.53234,52.39159],[8.53322,52.39162],[8.53367,52.39168],[8.534,52.39185],[8.53415,52.39181],[8.5353,52.39179],[8.53558,52.39166],[8.53629,52.39166],[8.53747,52.39114],[8.53766,52.39115],[8.53842,52.39139],[8.53882,52.39142],[8.53927,52.39161],[8.53942,52.39159],[8.53962,52.39146],[8.5399,52.39158],[8.5414,52.39154],[8.54204,52.3914],[8.54288,52.39145],[8.54318,52.39139],[8.54588,52.39158],[8.54629,52.39168],[8.54653,52.39163],[8.54689,52.39171],[8.54769,52.39177],[8.54794,52.39169],[8.54835,52.39171],[8.54861,52.3918],[8.54882,52.39181],[8.54904,52.39177],[8.54929,52.39185],[8.55056,52.39193],[8.55084,52.39193],[8.55099,52.39188],[8.55196,52.39192],[8.5522,52.39205],[8.55237,52.39242],[8.55248,52.39252],[8.5525,52.39265],[8.55265,52.39277],[8.55268,52.39292]]}},{"type":"Feature","properties":{"slice":"ura","kind":"weg"},"geometry":{"type":"LineString","coordinates":[[8.53119,52.46279],[8.5312,52.46257],[8.53069,52.46252],[8.52818,52.46248],[8.52681,52.46258],[8.52614,52.46303],[8.52592,52.46332],[8.5261,52.46366]]}},{"type":"Feature","properties":{"slice":"ura","kind":"weg"},"geometry":{"type":"LineString","coordinates":[[8.52581,52.47985],[8.52545,52.47981],[8.52524,52.47968],[8.5245,52.47801],[8.52439,52.47792],[8.52422,52.47754],[8.52425,52.4774],[8.52414,52.47712],[8.52399,52.47696],[8.52394,52.47677],[8.52382,52.47666],[8.52332,52.47538],[8.52313,52.47512],[8.52313,52.47472],[8.52386,52.47307]]}},{"type":"Feature","properties":{"slice":"ura","kind":"weg"},"geometry":{"type":"LineString","coordinates":[[8.52551,52.28112],[8.52581,52.28152],[8.52642,52.28198],[8.52662,52.28203],[8.52678,52.28228],[8.52694,52.28242],[8.5271,52.28248],[8.52747,52.28308],[8.52766,52.28313],[8.52807,52.28339],[8.52853,52.28356],[8.5286,52.28371],[8.52962,52.28423],[8.53035,52.28479],[8.5308,52.28508],[8.531,52.28512],[8.53152,52.28557],[8.53187,52.28618],[8.53185,52.28643],[8.5327,52.28811],[8.53243,52.28832],[8.53222,52.28839],[8.53228,52.28852],[8.53223,52.28872],[8.53212,52.28882],[8.53201,52.28884]]}},{"type":"Feature","properties":{"slice":"ura","kind":"weg"},"geometry":{"type":"LineString","coordinates":[[8.5657,52.25282],[8.5653,52.25274],[8.56513,52.25266],[8.56481,52.25262],[8.56391,52.25233],[8.56359,52.2523],[8.56344,52.25221],[8.56172,52.25207],[8.56148,52.25209],[8.56097,52.252],[8.55962,52.25188],[8.55919,52.25181],[8.55893,52.25168],[8.55865,52.25165],[8.55794,52.25145],[8.55724,52.25142]]}},{"type":"Feature","properties":{"slice":"ura","kind":"weg"},"geometry":{"type":"LineString","coordinates":[[8.54274,52.24871],[8.54258,52.2488],[8.54236,52.24882],[8.54191,52.24868],[8.5403,52.24831],[8.53959,52.24779],[8.53959,52.24764],[8.53909,52.24721],[8.53903,52.24708],[8.53851,52.2468],[8.53794,52.2462],[8.53739,52.24607],[8.53571,52.24605],[8.53354,52.2459],[8.53301,52.2459],[8.53259,52.24607]]}},{"type":"Feature","properties":{"slice":"ura","kind":"weg"},"geometry":{"type":"LineString","coordinates":[[8.52658,52.32193],[8.52679,52.32192],[8.52688,52.32196],[8.52729,52.32282],[8.5275,52.32304],[8.52765,52.32348],[8.52794,52.32376],[8.52824,52.32396],[8.52833,52.32408],[8.52862,52.32423],[8.52891,52.32457],[8.52948,52.32505],[8.52999,52.32559],[8.53014,52.32564],[8.53048,52.32599],[8.53072,52.32615],[8.5309,52.32637],[8.53117,52.32651],[8.53125,52.32676],[8.53167,52.32706],[8.53225,52.32773],[8.53245,52.32779],[8.53262,52.32794],[8.53356,52.32887],[8.53361,52.32901],[8.53393,52.3292],[8.5341,52.32947],[8.53459,52.32979],[8.53494,52.33025],[8.53529,52.33046],[8.53569,52.33094],[8.53591,52.33106],[8.53615,52.33141],[8.53663,52.33176],[8.53712,52.3323],[8.53782,52.33268],[8.53808,52.33292],[8.53853,52.33314]]}},{"type":"Feature","properties":{"slice":"ura","kind":"weg"},"geometry":{"type":"LineString","coordinates":[[8.54306,52.33791],[8.54342,52.33805],[8.54358,52.33826],[8.5434,52.33845],[8.54324,52.33947],[8.54311,52.33957],[8.54307,52.33985],[8.54287,52.34008],[8.54191,52.3405]]}},{"type":"Feature","properties":{"slice":"ura","kind":"weg"},"geometry":{"type":"LineString","coordinates":[[8.52776,52.48316],[8.52784,52.48322],[8.52816,52.48398],[8.5283,52.48448],[8.52844,52.48466],[8.52853,52.48503],[8.52876,52.4855],[8.52887,52.48594],[8.5291,52.48635],[8.52984,52.48841],[8.53,52.48861],[8.53023,52.48929],[8.53044,52.48963],[8.5304,52.48976],[8.53066,52.49033],[8.53064,52.49044],[8.53102,52.4911],[8.53121,52.49177],[8.53133,52.49185],[8.53138,52.49225],[8.53152,52.49245],[8.53155,52.49267],[8.53164,52.49274],[8.53191,52.49356],[8.53218,52.49412],[8.53224,52.49444],[8.53268,52.49539],[8.53267,52.49553],[8.53279,52.4957],[8.5336,52.49782],[8.5338,52.49816],[8.53386,52.49845],[8.53397,52.49862],[8.53419,52.49875],[8.53426,52.49888]]}},{"type":"Feature","properties":{"slice":"ura","kind":"weg"},"geometry":{"type":"LineString","coordinates":[[8.54285,52.46392],[8.54103,52.46379],[8.54097,52.46375],[8.54097,52.46358],[8.54043,52.46358],[8.5402,52.46353],[8.53983,52.46358],[8.53949,52.46357],[8.53839,52.46331],[8.53683,52.46319],[8.53552,52.46303],[8.53534,52.46307],[8.53526,52.46327],[8.53488,52.46339],[8.53364,52.46338]]}},{"type":"Feature","properties":{"slice":"ura","kind":"weg"},"geometry":{"type":"LineString","coordinates":[[8.53157,52.46244],[8.53167,52.46202],[8.53189,52.46158],[8.53265,52.46101],[8.53286,52.46097],[8.53305,52.461],[8.53367,52.46099],[8.53397,52.46091],[8.53477,52.46039],[8.53506,52.46027],[8.53545,52.45997],[8.53614,52.45968],[8.53639,52.45946],[8.5365,52.4592],[8.53661,52.45914],[8.53796,52.45934],[8.5385,52.45949],[8.53886,52.45947],[8.53926,52.45881],[8.53946,52.45866],[8.53979,52.45823]]}},{"type":"Feature","properties":{"slice":"ura","kind":"weg"},"geometry":{"type":"LineString","coordinates":[[8.53202,52.28884],[8.53286,52.28868],[8.53317,52.28885],[8.53352,52.28939],[8.53368,52.28979],[8.53378,52.29039],[8.53396,52.29067],[8.5344,52.29107],[8.53481,52.29124],[8.53531,52.29124]]}},{"type":"Feature","properties":{"slice":"ura","kind":"weg"},"geometry":{"type":"LineString","coordinates":[[8.55633,52.52716],[8.55631,52.52366]]}},{"type":"Feature","properties":{"slice":"ura","kind":"weg"},"geometry":{"type":"LineString","coordinates":[[8.54361,52.44774],[8.54357,52.44814],[8.54296,52.44857],[8.54257,52.44924],[8.54255,52.44939],[8.54242,52.4495],[8.5423,52.44975],[8.5423,52.44992],[8.54218,52.45001],[8.5421,52.45029],[8.5419,52.45061],[8.54181,52.45115]]}},{"type":"Feature","properties":{"slice":"ura","kind":"weg"},"geometry":{"type":"LineString","coordinates":[[8.54281,52.33958],[8.54306,52.33957],[8.54333,52.33972],[8.54357,52.33962],[8.54419,52.33947],[8.54455,52.33944],[8.54533,52.33924],[8.54608,52.33913],[8.54638,52.33901],[8.54707,52.33883],[8.54889,52.33845],[8.54949,52.33812],[8.54977,52.33809],[8.55041,52.33752],[8.55039,52.33736],[8.55047,52.33719],[8.55062,52.33712],[8.55076,52.33692],[8.55099,52.33684],[8.55236,52.33686],[8.55329,52.33676],[8.55468,52.33674],[8.55481,52.33669],[8.55511,52.33674],[8.55572,52.33674]]}},{"type":"Feature","properties":{"slice":"ura","kind":"weg"},"geometry":{"type":"LineString","coordinates":[[8.54575,52.29637],[8.54625,52.29677],[8.54657,52.29693],[8.54659,52.29715],[8.54685,52.29717],[8.5474,52.29734],[8.54784,52.29753],[8.54923,52.29834],[8.55022,52.29851],[8.55129,52.2988],[8.55408,52.29882],[8.55429,52.29903],[8.55513,52.29954],[8.55547,52.29969],[8.55559,52.29985],[8.55616,52.3002],[8.55654,52.30029],[8.55689,52.30045],[8.55704,52.3006],[8.55817,52.3009],[8.55887,52.30147],[8.55917,52.30162],[8.56007,52.30191],[8.56147,52.30212]]}},{"type":"Feature","properties":{"slice":"ura","kind":"weg"},"geometry":{"type":"LineString","coordinates":[[8.54885,52.42879],[8.54856,52.42864],[8.54835,52.42865],[8.54799,52.42903],[8.54793,52.42927],[8.54783,52.42938],[8.54793,52.42969],[8.54804,52.42978],[8.54811,52.43003],[8.54824,52.43016],[8.54848,52.43155],[8.54842,52.43209],[8.5486,52.43231],[8.54848,52.43244],[8.54855,52.43381],[8.54845,52.4341],[8.5485,52.43472],[8.54835,52.43517],[8.54839,52.43536],[8.54822,52.43553],[8.54793,52.43618],[8.54777,52.43694],[8.54803,52.43842],[8.54799,52.4389],[8.54785,52.43898],[8.54781,52.43907],[8.54788,52.43953],[8.54782,52.44007]]}},{"type":"Feature","properties":{"slice":"ura","kind":"weg"},"geometry":{"type":"LineString","coordinates":[[8.56203,52.43763],[8.56335,52.4379],[8.56346,52.43797],[8.56369,52.43798],[8.56419,52.4381],[8.56513,52.43822],[8.56562,52.43834],[8.56582,52.43845],[8.56599,52.43845],[8.56637,52.43856],[8.56657,52.43857],[8.5668,52.43867],[8.567,52.43865],[8.56734,52.43874],[8.5675,52.43884]]}},{"type":"Feature","properties":{"slice":"ura","kind":"weg"},"geometry":{"type":"LineString","coordinates":[[8.55433,52.36793],[8.55428,52.36804],[8.55406,52.36804],[8.554,52.36808],[8.55298,52.37006],[8.55285,52.3705],[8.55268,52.37065],[8.55256,52.37107],[8.5526,52.37117],[8.55249,52.37137],[8.55253,52.37192],[8.55245,52.37218],[8.55207,52.37229],[8.5518,52.37253],[8.55147,52.37272],[8.55091,52.3729],[8.5509,52.37307],[8.55115,52.3735],[8.55096,52.37395],[8.5512,52.37418],[8.55121,52.37428]]}},{"type":"Feature","properties":{"slice":"ura","kind":"weg"},"geometry":{"type":"LineString","coordinates":[[8.55231,52.39173],[8.55213,52.39182],[8.55204,52.3918],[8.55179,52.39139],[8.55173,52.39118],[8.55151,52.39092],[8.5515,52.39075],[8.55138,52.39061],[8.55141,52.39052],[8.551,52.38984],[8.55099,52.38968],[8.55074,52.3894],[8.55075,52.38919],[8.55064,52.3891],[8.55054,52.38864],[8.55056,52.38836],[8.55071,52.38815],[8.55067,52.38781],[8.55082,52.38766],[8.55076,52.38735],[8.55105,52.38656],[8.55093,52.38583],[8.551,52.38534],[8.55092,52.38523],[8.55098,52.38507],[8.5509,52.38453],[8.55093,52.38415],[8.55101,52.38402],[8.55095,52.38367],[8.551,52.38335],[8.55091,52.38314],[8.55101,52.38304],[8.55089,52.38284],[8.55097,52.3825],[8.5509,52.38237],[8.55097,52.38186],[8.5509,52.38174],[8.55094,52.38063],[8.55086,52.38029],[8.55094,52.38003],[8.55088,52.37953],[8.55095,52.37942],[8.55087,52.37911],[8.55092,52.379],[8.55091,52.37853],[8.55101,52.37839],[8.55085,52.37814],[8.55095,52.37781],[8.55085,52.37745],[8.55056,52.37723],[8.55032,52.37712],[8.55003,52.37707],[8.5498,52.37693],[8.54944,52.37684],[8.54924,52.37673]]}},{"type":"Feature","properties":{"slice":"ura","kind":"weg"},"geometry":{"type":"LineString","coordinates":[[8.55257,52.39256],[8.55251,52.39266],[8.55265,52.39277],[8.5527,52.39297],[8.55291,52.3931],[8.55275,52.39333],[8.55271,52.39358],[8.55237,52.39428],[8.5524,52.39443],[8.55212,52.39497],[8.55214,52.39517],[8.55188,52.39552],[8.55186,52.39579],[8.55213,52.3959],[8.55247,52.39594],[8.55277,52.39603],[8.55312,52.39621],[8.55335,52.39644],[8.55365,52.39659],[8.55406,52.39662],[8.55439,52.3967],[8.55458,52.39693],[8.55493,52.39704],[8.55531,52.39729],[8.55553,52.39735],[8.55565,52.39748],[8.55609,52.39769],[8.55619,52.3978],[8.55659,52.39791],[8.55672,52.39803],[8.55695,52.39806],[8.55701,52.39815],[8.55717,52.39823],[8.55724,52.39837],[8.55762,52.39851],[8.5578,52.39875],[8.55773,52.39888],[8.55775,52.39939],[8.55747,52.39969]]}},{"type":"Feature","properties":{"slice":"ura","kind":"weg"},"geometry":{"type":"LineString","coordinates":[[8.55308,52.39212],[8.55314,52.39225],[8.55295,52.39295],[8.55297,52.39303],[8.55305,52.39306],[8.55444,52.39286],[8.55498,52.39271],[8.55528,52.3927],[8.55571,52.39259],[8.55695,52.39242],[8.55719,52.39233],[8.55764,52.39227],[8.55811,52.39226],[8.55921,52.39237],[8.56067,52.39244],[8.56116,52.39224],[8.56178,52.39217],[8.56281,52.39222],[8.5632,52.39231],[8.56429,52.39237],[8.56462,52.39244],[8.56507,52.39244],[8.56532,52.39251],[8.56685,52.39255],[8.56839,52.39271],[8.56906,52.39272],[8.56949,52.39285],[8.57024,52.39289],[8.57049,52.39298],[8.57121,52.39301]]}},{"type":"Feature","properties":{"slice":"ura","kind":"weg"},"geometry":{"type":"LineString","coordinates":[[8.56396,52.36801],[8.56326,52.36803],[8.56223,52.36824],[8.5618,52.36825],[8.56135,52.36821],[8.56095,52.36826],[8.56077,52.36823],[8.55979,52.36843],[8.55899,52.36853],[8.55779,52.36832],[8.55408,52.36804],[8.554,52.36808],[8.55388,52.36839],[8.55376,52.36849],[8.55373,52.36866],[8.55358,52.36885]]}},{"type":"Feature","properties":{"slice":"ura","kind":"weg"},"geometry":{"type":"LineString","coordinates":[[8.5543,52.3679],[8.55404,52.36786],[8.55398,52.36779],[8.5545,52.36549],[8.55455,52.3654],[8.55469,52.36531],[8.55468,52.36514],[8.55478,52.36499],[8.55467,52.36483],[8.55484,52.36472],[8.55482,52.36458],[8.55491,52.36441],[8.55482,52.364],[8.55462,52.3636],[8.55459,52.36345],[8.55473,52.36335],[8.55464,52.36322],[8.55495,52.36248],[8.55543,52.3617],[8.55557,52.36121],[8.55592,52.36066],[8.5562,52.36005],[8.55612,52.35851],[8.55619,52.35828],[8.55656,52.35787],[8.55676,52.35744],[8.55685,52.35672],[8.55697,52.35661],[8.55688,52.35647],[8.55689,52.35634],[8.55699,52.35621],[8.55698,52.356],[8.55722,52.35515],[8.55737,52.35489]]}},{"type":"Feature","properties":{"slice":"ura","kind":"weg"},"geometry":{"type":"LineString","coordinates":[[8.56288,52.3538],[8.56256,52.35384],[8.562,52.35385],[8.56187,52.35382],[8.56155,52.35385],[8.56047,52.35371],[8.56003,52.35382],[8.55985,52.35395],[8.55949,52.35407],[8.55846,52.35397],[8.55762,52.35405],[8.55752,52.35411],[8.55741,52.35432],[8.55741,52.35486]]}},{"type":"Feature","properties":{"slice":"ura","kind":"weg"},"geometry":{"type":"LineString","coordinates":[[8.5584,52.33654],[8.55809,52.33641],[8.55805,52.33613],[8.55824,52.33475],[8.5584,52.33401],[8.5585,52.33387],[8.55846,52.33377],[8.55853,52.3335],[8.55852,52.3331],[8.55857,52.3328],[8.55864,52.33271],[8.55824,52.33114],[8.55835,52.33097],[8.55828,52.3308],[8.55832,52.3304],[8.55866,52.33034],[8.55865,52.33008],[8.55878,52.32946],[8.55891,52.32932],[8.55884,52.32914],[8.55909,52.32847],[8.55927,52.32814],[8.55948,52.32792],[8.55953,52.32772],[8.55974,52.32747],[8.56033,52.3263],[8.56037,52.32611],[8.56052,52.32596],[8.56059,52.32571],[8.56077,52.32553],[8.56092,52.32519],[8.56106,52.32503],[8.56109,52.32485],[8.5613,52.32459],[8.5613,52.32446],[8.56146,52.32411],[8.56206,52.3237],[8.56216,52.3235],[8.56243,52.32324]]}},{"type":"Feature","properties":{"slice":"ura","kind":"weg"},"geometry":{"type":"LineString","coordinates":[[8.56054,52.34864],[8.56037,52.34851],[8.55996,52.34849],[8.55987,52.34845],[8.55994,52.34547],[8.56,52.34515],[8.56046,52.34469],[8.56061,52.34441],[8.5609,52.34106],[8.56088,52.3402],[8.56096,52.34007],[8.56078,52.33986],[8.56079,52.33963],[8.56045,52.33937],[8.55994,52.33915],[8.55977,52.33916],[8.55954,52.33908],[8.55939,52.33898],[8.55921,52.33874],[8.55908,52.33869],[8.5585,52.33764],[8.55829,52.33757],[8.55787,52.33757]]}},{"type":"Feature","properties":{"slice":"ura","kind":"weg"},"geometry":{"type":"LineString","coordinates":[[8.55906,52.40377],[8.55919,52.40383],[8.5593,52.40409],[8.55943,52.40421],[8.55958,52.4048],[8.55979,52.40513],[8.55989,52.40559],[8.56008,52.40584],[8.56007,52.40614],[8.56018,52.40642],[8.5603,52.40656],[8.56026,52.40699],[8.56039,52.40722]]}},{"type":"Feature","properties":{"slice":"ura","kind":"weg"},"geometry":{"type":"LineString","coordinates":[[8.55911,52.33658],[8.55936,52.33678],[8.55983,52.33682],[8.5608,52.33679],[8.56165,52.33672],[8.56249,52.33685],[8.56292,52.33684],[8.56309,52.33678],[8.56324,52.33683],[8.56346,52.33678],[8.56449,52.33675],[8.56498,52.33664],[8.56584,52.33614],[8.56631,52.336],[8.56652,52.33596],[8.56684,52.33596],[8.56758,52.33571],[8.56783,52.33572],[8.56821,52.33583],[8.56848,52.33569],[8.5688,52.33561],[8.56933,52.33519]]}},{"type":"Feature","properties":{"slice":"ura","kind":"weg"},"geometry":{"type":"LineString","coordinates":[[8.56288,52.3538],[8.56256,52.35384],[8.56228,52.35378],[8.56242,52.35334],[8.56233,52.35325],[8.56239,52.35306],[8.56236,52.35284],[8.56214,52.35253],[8.56191,52.35233],[8.56186,52.3522],[8.5617,52.35208],[8.56149,52.35173],[8.56141,52.35129],[8.5615,52.35104],[8.5614,52.35082],[8.56123,52.35073],[8.56124,52.35053],[8.56104,52.35032],[8.56099,52.35017],[8.56113,52.35005]]}},{"type":"Feature","properties":{"slice":"ura","kind":"weg"},"geometry":{"type":"LineString","coordinates":[[8.56227,52.32216],[8.56256,52.32216],[8.56265,52.3221],[8.5626,52.32181],[8.56225,52.32124],[8.56221,52.32091],[8.56213,52.32082],[8.56221,52.32059],[8.56215,52.32047],[8.56221,52.32028],[8.56215,52.31979],[8.56222,52.31904],[8.56232,52.31897],[8.56236,52.31878],[8.56256,52.31846],[8.56281,52.31825],[8.56286,52.31803],[8.56302,52.31797],[8.56318,52.31784],[8.5635,52.31737],[8.5636,52.31701],[8.56359,52.31647],[8.56397,52.31592],[8.56415,52.31582],[8.56412,52.31571],[8.5647,52.31499],[8.56477,52.31466],[8.56417,52.3145],[8.56417,52.3143],[8.56397,52.31417],[8.56399,52.31384],[8.56402,52.31371],[8.56429,52.31341],[8.56413,52.31308],[8.56431,52.31184],[8.56442,52.31152],[8.56434,52.31142],[8.56436,52.31126],[8.5645,52.31074],[8.56523,52.3099],[8.56525,52.30955],[8.56517,52.30944],[8.56532,52.30928],[8.56535,52.30894],[8.5656,52.30826]]}},{"type":"Feature","properties":{"slice":"ura","kind":"weg"},"geometry":{"type":"LineString","coordinates":[[8.56768,52.35869],[8.56739,52.35827],[8.56748,52.35815],[8.56732,52.35792],[8.56732,52.35727],[8.56696,52.35695],[8.56698,52.35673],[8.5669,52.3566],[8.56693,52.35646],[8.56687,52.35627],[8.56679,52.35621],[8.56684,52.35608],[8.56668,52.35589],[8.56654,52.35555],[8.56656,52.35545]]}},{"type":"Feature","properties":{"slice":"ura","kind":"weg"},"geometry":{"type":"LineString","coordinates":[[8.56995,52.29765],[8.5694,52.29771],[8.56825,52.29865],[8.5682,52.2988],[8.56824,52.29899],[8.56805,52.29933],[8.56789,52.30011],[8.56745,52.30084]]}},{"type":"Feature","properties":{"slice":"ura","kind":"weg"},"geometry":{"type":"LineString","coordinates":[[8.57347,52.24301],[8.5732,52.24332],[8.5729,52.24416],[8.57258,52.24482],[8.57243,52.24501],[8.57229,52.24508],[8.57197,52.24554],[8.5719,52.24576],[8.57179,52.24584],[8.5706,52.24821]]}},{"type":"Feature","properties":{"slice":"ura","kind":"weg"},"geometry":{"type":"LineString","coordinates":[[8.57226,52.29463],[8.57213,52.29469],[8.57176,52.29508],[8.57172,52.29521],[8.57153,52.29537],[8.57132,52.29579],[8.57091,52.29625],[8.57089,52.29637],[8.57063,52.29666],[8.57061,52.29681],[8.57047,52.29698],[8.56999,52.29716],[8.56941,52.2977],[8.56824,52.29866],[8.56824,52.29899],[8.56805,52.29933],[8.56799,52.29974],[8.56843,52.29988],[8.56878,52.29989],[8.5695,52.3]]}},{"type":"Feature","properties":{"slice":"ura","kind":"weg"},"geometry":{"type":"LineString","coordinates":[[8.56868,52.3929],[8.56936,52.39291],[8.56961,52.39285],[8.57022,52.39289],[8.57043,52.3928],[8.57101,52.39279],[8.57262,52.39295],[8.5735,52.39292],[8.57502,52.39302],[8.5756,52.39297],[8.57657,52.39306],[8.57916,52.39312],[8.5794,52.39319],[8.5814,52.39331],[8.58178,52.39328],[8.58247,52.39353],[8.58298,52.39358],[8.58315,52.3937],[8.58511,52.39377],[8.58549,52.39369],[8.58556,52.39375],[8.58557,52.39406],[8.58567,52.3941],[8.58708,52.39401],[8.58777,52.39417],[8.58817,52.39419]]}},{"type":"Feature","properties":{"slice":"ura","kind":"weg"},"geometry":{"type":"LineString","coordinates":[[8.59355,52.39463],[8.59375,52.39471],[8.59406,52.39471],[8.59427,52.3948],[8.59478,52.39475],[8.59498,52.39522],[8.59527,52.39538],[8.59528,52.39545],[8.59518,52.39555],[8.59533,52.39574],[8.59548,52.39584],[8.59588,52.39594],[8.59599,52.39605],[8.59648,52.39622],[8.59662,52.39636],[8.59702,52.39638],[8.59742,52.39654],[8.59785,52.39654],[8.59833,52.39647],[8.59875,52.39654],[8.59905,52.39701]]}},{"type":"Feature","properties":{"slice":"ura","kind":"weg"},"geometry":{"type":"LineString","coordinates":[[8.58255,52.41376],[8.58324,52.41374],[8.58365,52.41382],[8.58403,52.41401],[8.58431,52.41405],[8.58449,52.41415],[8.58472,52.41411],[8.58528,52.41428],[8.58546,52.41447],[8.58564,52.41452],[8.58646,52.4145],[8.58674,52.41468],[8.587,52.41471],[8.58744,52.41466],[8.58762,52.41457],[8.58799,52.41458]]}},{"type":"Feature","properties":{"slice":"ura","kind":"weg"},"geometry":{"type":"LineString","coordinates":[[8.56868,52.43899],[8.56889,52.43901],[8.56901,52.43908],[8.5694,52.43907],[8.57052,52.43921],[8.57071,52.43928],[8.5709,52.43927],[8.57105,52.43934],[8.57127,52.43934],[8.57187,52.43949],[8.5721,52.43947],[8.57273,52.43953],[8.57361,52.43971],[8.57397,52.4397],[8.57485,52.43982],[8.57577,52.43983],[8.57605,52.43991],[8.57648,52.4399],[8.57708,52.44003],[8.57733,52.44001]]}},{"type":"Feature","properties":{"slice":"ura","kind":"weg"},"geometry":{"type":"LineString","coordinates":[[8.56931,52.25539],[8.56968,52.2554],[8.57013,52.25557],[8.57067,52.25585],[8.57129,52.25628],[8.57146,52.25633],[8.57164,52.25649],[8.57223,52.25677],[8.57294,52.25701],[8.57429,52.25725],[8.57499,52.25757],[8.57575,52.25818],[8.57625,52.25848],[8.57724,52.25924],[8.57805,52.26005],[8.57827,52.26019],[8.57846,52.26025],[8.57858,52.26039],[8.57882,52.26047],[8.57891,52.26064],[8.57941,52.26085],[8.5795,52.26099],[8.57974,52.26114],[8.58052,52.26149],[8.58189,52.26193],[8.58309,52.26244],[8.58368,52.26277],[8.58413,52.2632]]}},{"type":"Feature","properties":{"slice":"ura","kind":"weg"},"geometry":{"type":"LineString","coordinates":[[8.58971,52.26299],[8.59017,52.26287],[8.59079,52.2629],[8.59129,52.2631],[8.59154,52.26306],[8.59165,52.26316],[8.59283,52.2634],[8.59403,52.26383],[8.59461,52.26409],[8.59517,52.26415],[8.59581,52.26417],[8.59598,52.26423],[8.59616,52.26441],[8.59775,52.26487],[8.59809,52.26485],[8.59845,52.26491],[8.59916,52.26515],[8.59955,52.2652],[8.59968,52.26531],[8.5999,52.26538]]}},{"type":"Feature","properties":{"slice":"ura","kind":"weg"},"geometry":{"type":"LineString","coordinates":[[8.59336,52.30297],[8.59322,52.30302],[8.5927,52.30303],[8.59251,52.3031],[8.59221,52.30314],[8.59195,52.30327],[8.59182,52.30329],[8.59163,52.3032],[8.59142,52.30322],[8.59103,52.30302],[8.59041,52.30281],[8.59032,52.30263],[8.59006,52.30254],[8.58985,52.30252],[8.58966,52.30239],[8.5894,52.30235],[8.58918,52.30224],[8.58678,52.30197],[8.58614,52.30197],[8.58586,52.30202],[8.58566,52.30193],[8.5856,52.30173],[8.58438,52.30183],[8.5842,52.30191],[8.5842,52.30208],[8.58408,52.30217],[8.58386,52.30213],[8.58337,52.30234],[8.58144,52.30262],[8.58074,52.30279],[8.58056,52.30294],[8.58002,52.30297],[8.57897,52.30322],[8.57878,52.30318],[8.57826,52.30318],[8.57779,52.30335],[8.57667,52.30323],[8.57635,52.30325],[8.57406,52.30318],[8.57369,52.30322],[8.57346,52.30332],[8.57311,52.30372],[8.57264,52.30385],[8.57247,52.30387],[8.57191,52.30418],[8.57166,52.3042]]}},{"type":"Feature","properties":{"slice":"ura","kind":"weg"},"geometry":{"type":"LineString","coordinates":[[8.57855,52.36578],[8.57831,52.36565],[8.57827,52.36554],[8.57799,52.36535],[8.57774,52.36503],[8.57728,52.36467],[8.5772,52.36458],[8.5772,52.36441],[8.57697,52.36431],[8.57653,52.36378],[8.57571,52.36325],[8.57476,52.36282],[8.57283,52.36218],[8.5727,52.36203],[8.57236,52.36183],[8.57183,52.36163],[8.57097,52.36119],[8.57077,52.36116],[8.57052,52.36105],[8.56999,52.36127]]}},{"type":"Feature","properties":{"slice":"ura","kind":"weg"},"geometry":{"type":"LineString","coordinates":[[8.60512,52.35222],[8.60431,52.35233],[8.60262,52.35239],[8.60212,52.35237],[8.60184,52.35244],[8.60163,52.35239],[8.60058,52.35246],[8.59978,52.35259],[8.59893,52.35255],[8.59828,52.35242],[8.59695,52.35186],[8.59684,52.35178],[8.59651,52.35173]]}},{"type":"Feature","properties":{"slice":"ura","kind":"weg"},"geometry":{"type":"LineString","coordinates":[[8.59061,52.35183],[8.58905,52.35116],[8.5886,52.35085],[8.58828,52.35079],[8.58794,52.35084],[8.58734,52.35067],[8.58588,52.35059],[8.5847,52.35059],[8.5841,52.35072],[8.58204,52.35085],[8.58157,52.35093],[8.58124,52.35093],[8.58105,52.35101],[8.58009,52.35109],[8.57936,52.35121],[8.5792,52.35132],[8.57906,52.35159],[8.57888,52.35167],[8.57853,52.35205],[8.57807,52.3522],[8.57758,52.35223],[8.57715,52.35231],[8.57637,52.35235],[8.57431,52.3527],[8.57393,52.35283],[8.57343,52.3529],[8.57303,52.35307],[8.57249,52.35311],[8.5722,52.35328],[8.57152,52.35343],[8.57096,52.35366],[8.57047,52.35378],[8.57017,52.35391],[8.57,52.35392],[8.5688,52.35424],[8.56848,52.35427]]}},{"type":"Feature","properties":{"slice":"ura","kind":"weg"},"geometry":{"type":"LineString","coordinates":[[8.56982,52.3335],[8.57015,52.33346],[8.57052,52.33313],[8.5708,52.333],[8.57157,52.33273],[8.57176,52.33273],[8.5721,52.33261],[8.5724,52.33248],[8.57262,52.3323],[8.57367,52.33198],[8.57465,52.33143],[8.57503,52.33105],[8.57539,52.33079],[8.57553,52.33052],[8.57554,52.33032],[8.57717,52.32769],[8.57746,52.32744],[8.57742,52.32731],[8.57751,52.32721],[8.57779,52.32718],[8.57865,52.32727],[8.57996,52.32748],[8.58021,52.32748],[8.58197,52.32772],[8.58225,52.32766],[8.58264,52.32775],[8.58294,52.32769],[8.58339,52.3277],[8.58363,52.3278],[8.58429,52.32791],[8.5845,52.32784],[8.58481,52.32786],[8.5854,52.32773],[8.58612,52.3272],[8.58637,52.32691],[8.58651,52.32663],[8.58693,52.32409],[8.58711,52.32393],[8.58715,52.32379],[8.58734,52.32375],[8.5877,52.32356],[8.58994,52.3223],[8.59051,52.3223],[8.59125,52.32289]]}},{"type":"Feature","properties":{"slice":"ura","kind":"weg"},"geometry":{"type":"LineString","coordinates":[[8.57855,52.36578],[8.57837,52.36568],[8.57816,52.36571],[8.57511,52.36564],[8.57494,52.36562],[8.57464,52.36547],[8.57429,52.36546],[8.57402,52.36559],[8.57393,52.36604],[8.57362,52.36602]]}},{"type":"Feature","properties":{"slice":"ura","kind":"weg"},"geometry":{"type":"LineString","coordinates":[[8.59005,52.3221],[8.58963,52.32194],[8.58931,52.32191],[8.58912,52.32182],[8.58803,52.32158],[8.58762,52.32144],[8.58723,52.3214],[8.5857,52.32143],[8.58549,52.3213],[8.58468,52.32106],[8.58447,52.32103],[8.58429,52.32092],[8.583,52.32052],[8.58264,52.32032],[8.58259,52.32027],[8.58269,52.32014],[8.58285,52.31924],[8.58323,52.31817],[8.58324,52.3179],[8.58349,52.31706],[8.58352,52.31673],[8.5837,52.3163],[8.58365,52.31594],[8.58341,52.31584],[8.58266,52.31573],[8.58223,52.31561],[8.58086,52.31544],[8.58024,52.31529],[8.57921,52.3153],[8.57874,52.31525],[8.57644,52.31375],[8.57582,52.31328],[8.57543,52.3129],[8.57542,52.31278],[8.57517,52.31264],[8.57497,52.31244],[8.57439,52.31177],[8.57428,52.31155],[8.57404,52.31154],[8.57355,52.31141],[8.57301,52.31099],[8.57243,52.31071],[8.5714,52.31052],[8.57077,52.31032],[8.57028,52.31011],[8.57003,52.30986]]}},{"type":"Feature","properties":{"slice":"ura","kind":"weg"},"geometry":{"type":"LineString","coordinates":[[8.57853,52.44019],[8.57889,52.43999],[8.57888,52.43977],[8.57899,52.43965],[8.57899,52.43937],[8.57884,52.43924],[8.57887,52.43907],[8.57897,52.43894],[8.57895,52.43871],[8.57916,52.43822],[8.5793,52.43814],[8.57942,52.43796],[8.57929,52.43705],[8.57913,52.43691],[8.57865,52.43677],[8.57848,52.43667],[8.57837,52.43653],[8.57798,52.43639],[8.57788,52.43613],[8.57753,52.43593],[8.57723,52.43552],[8.5769,52.43499],[8.57688,52.43476],[8.57638,52.43434],[8.57621,52.43406],[8.57577,52.43364]]}},{"type":"Feature","properties":{"slice":"ura","kind":"weg"},"geometry":{"type":"LineString","coordinates":[[8.57336,52.28902],[8.57309,52.28918],[8.57288,52.28923],[8.57263,52.28941],[8.57241,52.29034],[8.5723,52.29067],[8.57219,52.29078],[8.57211,52.29128],[8.57271,52.29193],[8.57277,52.29238],[8.5727,52.2928],[8.57224,52.29424],[8.57209,52.29449],[8.57215,52.29465],[8.57176,52.29508],[8.57174,52.29521]]}},{"type":"Feature","properties":{"slice":"ura","kind":"weg"},"geometry":{"type":"LineString","coordinates":[[8.57501,52.28548],[8.57479,52.28567],[8.57466,52.28601],[8.57446,52.28622],[8.5742,52.2864],[8.57401,52.28643],[8.57373,52.28659],[8.57252,52.28754],[8.57204,52.28827],[8.57201,52.28836],[8.57209,52.28857],[8.57191,52.28879]]}},{"type":"Feature","properties":{"slice":"ura","kind":"weg"},"geometry":{"type":"LineString","coordinates":[[8.5749,52.44875],[8.57507,52.44873],[8.57527,52.44852],[8.57632,52.44793],[8.57625,52.44696],[8.57617,52.44684],[8.5763,52.44653],[8.57633,52.44623],[8.57648,52.44602],[8.57651,52.44585],[8.5768,52.44557],[8.57703,52.44505],[8.57717,52.44492],[8.57732,52.44459],[8.57734,52.44414],[8.57759,52.44391],[8.57793,52.4434],[8.578,52.44292],[8.57737,52.44245],[8.57725,52.44182],[8.57723,52.44105],[8.57707,52.44088],[8.57715,52.44077],[8.57761,52.44055],[8.57765,52.4403]]}},{"type":"Feature","properties":{"slice":"ura","kind":"weg"},"geometry":{"type":"LineString","coordinates":[[8.57549,52.47802],[8.57547,52.47763],[8.5756,52.47708],[8.57564,52.47643],[8.57562,52.47554],[8.57588,52.47435],[8.57588,52.47383],[8.57602,52.47366],[8.57603,52.47344],[8.57616,52.47332],[8.57612,52.4731],[8.57623,52.47238],[8.57635,52.47226],[8.57635,52.47146],[8.57647,52.47101]]}},{"type":"Feature","properties":{"slice":"ura","kind":"weg"},"geometry":{"type":"LineString","coordinates":[[8.61391,52.50721],[8.6136,52.50717],[8.61341,52.50696],[8.61328,52.50671],[8.61327,52.50643],[8.61335,52.50618],[8.61326,52.50613],[8.61264,52.5062],[8.61232,52.50617],[8.61182,52.50628],[8.61165,52.50637],[8.61032,52.50652],[8.60873,52.50653],[8.60792,52.50665],[8.60702,52.50684],[8.60677,52.50684]]}},{"type":"Feature","properties":{"slice":"ura","kind":"weg"},"geometry":{"type":"LineString","coordinates":[[8.58979,52.49928],[8.58961,52.4991],[8.58931,52.49897],[8.58515,52.49895],[8.58388,52.49898],[8.58245,52.49894],[8.58237,52.4989],[8.58233,52.49875],[8.58211,52.49868],[8.58202,52.49845],[8.58184,52.49832]]}},{"type":"Feature","properties":{"slice":"ura","kind":"weg"},"geometry":{"type":"LineString","coordinates":[[8.57457,52.50816],[8.57456,52.50806],[8.57464,52.50797],[8.57466,52.50734],[8.57481,52.50679],[8.57485,52.50589],[8.57491,52.50581],[8.57498,52.50491],[8.57509,52.50444],[8.57507,52.50418],[8.57532,52.50289],[8.57528,52.50264],[8.57552,52.50133],[8.57575,52.49939]]}},{"type":"Feature","properties":{"slice":"ura","kind":"weg"},"geometry":{"type":"LineString","coordinates":[[8.58419,52.5352],[8.58421,52.5336],[8.58412,52.53281],[8.58367,52.53246],[8.5811,52.53242],[8.58103,52.53206],[8.58041,52.53167],[8.58034,52.53149]]}},{"type":"Feature","properties":{"slice":"ura","kind":"weg"},"geometry":{"type":"LineString","coordinates":[[8.57984,52.46378],[8.58028,52.46355],[8.58079,52.46338],[8.58159,52.46316],[8.58197,52.46314],[8.5824,52.46298],[8.58309,52.46252],[8.58327,52.462],[8.58361,52.4619],[8.58385,52.46168],[8.58509,52.46121],[8.58539,52.46086],[8.58549,52.46062],[8.58558,52.46004],[8.58584,52.45964],[8.58603,52.45951],[8.58706,52.45931],[8.5874,52.45918],[8.58737,52.45881],[8.5873,52.45869],[8.58731,52.45857],[8.5874,52.45849]]}},{"type":"Feature","properties":{"slice":"ura","kind":"weg"},"geometry":{"type":"LineString","coordinates":[[8.58771,52.37535],[8.58724,52.37532],[8.58739,52.37493],[8.58732,52.3748],[8.58736,52.37456],[8.58697,52.37448],[8.58676,52.37432],[8.58633,52.37374],[8.58608,52.37352],[8.58568,52.37293],[8.58545,52.37276],[8.58485,52.37205],[8.58464,52.37189],[8.58388,52.37091],[8.58372,52.37083],[8.58346,52.37056],[8.58334,52.37033],[8.58279,52.36991],[8.58056,52.36794],[8.5801,52.36746],[8.58006,52.36728],[8.57944,52.36685],[8.57919,52.3665]]}},{"type":"Feature","properties":{"slice":"ura","kind":"weg"},"geometry":{"type":"LineString","coordinates":[[8.60899,52.37299],[8.6091,52.37284],[8.60914,52.37259],[8.60914,52.37244],[8.60905,52.3724],[8.60574,52.3729],[8.60564,52.37255],[8.60555,52.37138],[8.60528,52.37143],[8.60489,52.37131],[8.60466,52.37116],[8.6044,52.37115],[8.6038,52.37087],[8.6035,52.37085],[8.60296,52.37061],[8.6027,52.37058],[8.60261,52.37045],[8.60234,52.37045],[8.60118,52.37],[8.60049,52.36981],[8.59987,52.36956],[8.59936,52.36941],[8.5992,52.36931],[8.59904,52.36931],[8.59875,52.36921],[8.5957,52.3681],[8.59506,52.36796],[8.59487,52.36783],[8.59436,52.36771],[8.59309,52.36726],[8.59268,52.36705],[8.59204,52.36702],[8.59174,52.36694],[8.59107,52.36699],[8.59062,52.36692],[8.59041,52.36697],[8.58961,52.36684],[8.58796,52.36674],[8.5874,52.36666],[8.5871,52.36655],[8.58654,52.3666],[8.58633,52.36654],[8.58575,52.36653],[8.58519,52.36642],[8.58493,52.36631],[8.58412,52.36617],[8.58354,52.36615],[8.58245,52.36603],[8.5821,52.36595],[8.58155,52.36589],[8.58127,52.3658],[8.58103,52.36581],[8.58026,52.3657],[8.57901,52.36569],[8.57852,52.36575],[8.57854,52.36589],[8.57869,52.36597],[8.5788,52.36619],[8.57917,52.36646]]}},{"type":"Feature","properties":{"slice":"ura","kind":"weg"},"geometry":{"type":"LineString","coordinates":[[8.60037,52.39561],[8.60064,52.39548],[8.60059,52.39522],[8.60074,52.39475],[8.60072,52.3946],[8.60026,52.3938],[8.60031,52.39365],[8.60011,52.3935],[8.60018,52.39337],[8.60008,52.39328],[8.60008,52.39315],[8.59979,52.39294],[8.59953,52.39248],[8.59939,52.39219],[8.59938,52.39204],[8.59928,52.39197],[8.59905,52.39158],[8.59862,52.39083],[8.59841,52.39026],[8.59829,52.39016],[8.59725,52.38833],[8.59681,52.38741],[8.59613,52.38623],[8.59606,52.38597],[8.59591,52.38579],[8.59589,52.38562],[8.59579,52.38555],[8.59507,52.38434],[8.59487,52.3839],[8.59487,52.38377],[8.59468,52.3836],[8.59448,52.38314],[8.59367,52.38178],[8.59348,52.38162],[8.59347,52.38138],[8.59334,52.38118],[8.59345,52.381],[8.59337,52.38069],[8.59326,52.38056],[8.59291,52.38053],[8.59275,52.38028],[8.59214,52.3798],[8.59168,52.37924],[8.59153,52.37918],[8.59144,52.37902],[8.59118,52.37887],[8.5907,52.37831],[8.59053,52.37823],[8.59021,52.37791],[8.59008,52.37785],[8.58978,52.37738],[8.58952,52.37726],[8.58918,52.37682],[8.58903,52.37675],[8.58882,52.3765],[8.58859,52.37636],[8.58858,52.37625],[8.58841,52.37614]]}},{"type":"Feature","properties":{"slice":"ura","kind":"weg"},"geometry":{"type":"LineString","coordinates":[[8.58799,52.45583],[8.58832,52.45515],[8.58857,52.45475],[8.58871,52.45465],[8.58873,52.45448],[8.58926,52.45387],[8.58932,52.45358],[8.58953,52.45341],[8.58987,52.45329],[8.59019,52.45309],[8.59068,52.45269],[8.59089,52.45262],[8.59092,52.45255]]}},{"type":"Feature","properties":{"slice":"ura","kind":"weg"},"geometry":{"type":"LineString","coordinates":[[8.59271,52.44729],[8.59249,52.44654],[8.59253,52.44633],[8.59245,52.44521],[8.5923,52.44479],[8.59234,52.44463],[8.59215,52.44414],[8.59215,52.44393],[8.59202,52.44368],[8.59204,52.44345],[8.59197,52.44328],[8.59204,52.44301],[8.5926,52.44266],[8.5928,52.44263]]}},{"type":"Feature","properties":{"slice":"ura","kind":"weg"},"geometry":{"type":"LineString","coordinates":[[8.59053,52.32227],[8.59126,52.32289],[8.5915,52.32301],[8.59168,52.32321],[8.59486,52.32441],[8.59503,52.32453],[8.59532,52.32461],[8.59631,52.32503],[8.59738,52.3254],[8.59785,52.32562],[8.59953,52.32576],[8.60056,52.32581],[8.60075,52.32578],[8.60129,52.32589],[8.60157,52.32586],[8.60339,52.32603],[8.60373,52.32602],[8.60684,52.32627],[8.6086,52.32634],[8.60923,52.32644],[8.6097,52.32644],[8.61006,52.32649],[8.61036,52.32662],[8.61229,52.32717],[8.61259,52.32723],[8.61286,52.32719]]}},{"type":"Feature","properties":{"slice":"ura","kind":"weg"},"geometry":{"type":"LineString","coordinates":[[8.59079,52.32193],[8.59084,52.32144],[8.591,52.32068],[8.59112,52.32043],[8.59129,52.31948],[8.59124,52.31929],[8.59143,52.31901],[8.59153,52.31853],[8.59166,52.31839],[8.59158,52.31833]]}},{"type":"Feature","properties":{"slice":"ura","kind":"weg"},"geometry":{"type":"LineString","coordinates":[[8.59226,52.31747],[8.59268,52.3175],[8.59315,52.31736],[8.59339,52.3172],[8.59346,52.31699],[8.59358,52.31445],[8.59364,52.31426],[8.59382,52.31409],[8.59356,52.31379],[8.59367,52.31282],[8.59365,52.31235],[8.5938,52.31189],[8.5938,52.3114],[8.59399,52.31066],[8.59401,52.31007]]}},{"type":"Feature","properties":{"slice":"ura","kind":"weg"},"geometry":{"type":"LineString","coordinates":[[8.6093,52.30874],[8.60897,52.30872],[8.60837,52.30892],[8.60798,52.30917],[8.60795,52.30949],[8.60767,52.30976],[8.60723,52.30984],[8.60704,52.3098],[8.60668,52.30984],[8.60657,52.30999],[8.60625,52.31018],[8.60614,52.31039],[8.60548,52.31063],[8.60504,52.3115],[8.60474,52.31193],[8.60457,52.31245],[8.60457,52.31287],[8.60442,52.31326],[8.60412,52.31328],[8.6039,52.31322],[8.60337,52.31318],[8.60298,52.31331],[8.60283,52.31342],[8.60236,52.31356],[8.60164,52.31393],[8.60156,52.31404],[8.6011,52.31424],[8.60077,52.31454],[8.60064,52.31474],[8.60037,52.31481],[8.60027,52.3149],[8.60007,52.31493],[8.59899,52.31545],[8.59689,52.31633],[8.59667,52.31636],[8.5962,52.31657],[8.59579,52.31664],[8.59519,52.31685],[8.59416,52.31712],[8.5936,52.31734],[8.59328,52.31731],[8.5927,52.3175],[8.59234,52.31751],[8.5921,52.3176],[8.59175,52.31762],[8.59168,52.31769],[8.59163,52.31798],[8.59168,52.31826],[8.59158,52.31832]]}},{"type":"Feature","properties":{"slice":"ura","kind":"weg"},"geometry":{"type":"LineString","coordinates":[[8.59995,52.53192],[8.59993,52.53229],[8.59972,52.5325],[8.59573,52.53249],[8.59552,52.53253],[8.59547,52.53286]]}},{"type":"Feature","properties":{"slice":"ura","kind":"weg"},"geometry":{"type":"LineString","coordinates":[[8.59532,52.46121],[8.59519,52.46137],[8.59513,52.46159],[8.59484,52.46181],[8.59517,52.46235],[8.59534,52.46251],[8.59515,52.46319],[8.59517,52.46357],[8.59509,52.46378],[8.59515,52.46395],[8.5951,52.46436],[8.59502,52.46448],[8.59505,52.46472],[8.59494,52.46483],[8.59492,52.46525],[8.59474,52.46545],[8.59471,52.46568],[8.59461,52.4658],[8.59477,52.46595],[8.59476,52.46635],[8.59485,52.46645]]}},{"type":"Feature","properties":{"slice":"ura","kind":"weg"},"geometry":{"type":"LineString","coordinates":[[8.60276,52.47533],[8.60315,52.47562],[8.60313,52.47584],[8.60367,52.47608],[8.60407,52.47686],[8.60424,52.47692],[8.60448,52.47712],[8.60484,52.47731],[8.60506,52.47759],[8.60588,52.47822],[8.60585,52.47834],[8.60549,52.47874],[8.60559,52.479],[8.60523,52.47926],[8.60551,52.47927],[8.60575,52.47942],[8.60663,52.47956],[8.60699,52.47943],[8.60729,52.47944],[8.60771,52.47972],[8.60768,52.47981],[8.6078,52.47988],[8.60799,52.48022],[8.60824,52.48029],[8.60856,52.48066]]}},{"type":"Feature","properties":{"slice":"ura","kind":"weg"},"geometry":{"type":"LineString","coordinates":[[8.59434,52.30898],[8.59448,52.30844],[8.59458,52.30757],[8.59512,52.30617],[8.59516,52.30593],[8.59531,52.30579],[8.59536,52.30561],[8.5962,52.30499],[8.59579,52.30483],[8.59567,52.30473],[8.59575,52.3045],[8.59571,52.30391]]}},{"type":"Feature","properties":{"slice":"ura","kind":"weg"},"geometry":{"type":"LineString","coordinates":[[8.60096,52.30889],[8.60088,52.30873],[8.60002,52.30818],[8.59966,52.3082],[8.59873,52.30845],[8.59839,52.30845],[8.59822,52.30852],[8.59644,52.30884],[8.59564,52.30892],[8.5944,52.30895],[8.59427,52.3091],[8.59407,52.30962],[8.59401,52.31003]]}},{"type":"Feature","properties":{"slice":"ura","kind":"weg"},"geometry":{"type":"LineString","coordinates":[[8.60005,52.43118],[8.59831,52.4312],[8.59821,52.43131],[8.59798,52.43137],[8.59736,52.43177],[8.59714,52.43183],[8.59716,52.43209],[8.59702,52.43223],[8.59689,52.43229],[8.5965,52.43233],[8.59655,52.43253],[8.59644,52.4327],[8.59629,52.43274],[8.5957,52.43275]]}},{"type":"Feature","properties":{"slice":"ura","kind":"weg"},"geometry":{"type":"LineString","coordinates":[[8.60309,52.42714],[8.60304,52.42704],[8.60276,52.427],[8.60271,52.42674],[8.60255,52.42655],[8.60214,52.4263],[8.60127,52.42565],[8.60109,52.42544],[8.60064,52.42515],[8.60054,52.42493],[8.60074,52.42454],[8.60084,52.42391],[8.60098,52.42375],[8.60102,52.42341],[8.60111,52.42328],[8.60102,52.42286],[8.60034,52.42235],[8.60002,52.42223],[8.59948,52.42216],[8.59935,52.4221],[8.59909,52.42148],[8.59907,52.42129],[8.59897,52.42115],[8.5991,52.42098],[8.59912,52.42083]]}},{"type":"Feature","properties":{"slice":"ura","kind":"weg"},"geometry":{"type":"LineString","coordinates":[[8.59767,52.41499],[8.59772,52.41462],[8.59788,52.41444],[8.5978,52.41417],[8.59783,52.41381],[8.59769,52.41355],[8.59784,52.41339],[8.59783,52.41221],[8.59806,52.41158],[8.59801,52.41148],[8.59799,52.41091],[8.59825,52.41057],[8.59833,52.41006],[8.59856,52.40971],[8.59856,52.40953],[8.59846,52.40938],[8.5986,52.40906],[8.59882,52.40887],[8.59891,52.40872],[8.59869,52.40784],[8.59851,52.40769],[8.59853,52.40756],[8.59833,52.40721],[8.59817,52.40709],[8.59813,52.40687],[8.59798,52.40671],[8.598,52.40661],[8.59823,52.4065],[8.5983,52.40638]]}},{"type":"Feature","properties":{"slice":"ura","kind":"weg"},"geometry":{"type":"LineString","coordinates":[[8.60145,52.24502],[8.6013,52.24505],[8.60118,52.24518],[8.60071,52.24543],[8.60016,52.24564],[8.5998,52.24639],[8.59982,52.24698],[8.59972,52.24711],[8.59938,52.24723],[8.59882,52.2473],[8.59852,52.24749],[8.59798,52.24757],[8.59761,52.2478],[8.59759,52.24821],[8.59738,52.2489],[8.59681,52.25008],[8.59691,52.2503],[8.59685,52.25047],[8.59691,52.2507],[8.59683,52.25082],[8.5968,52.25115],[8.59684,52.25136],[8.59666,52.25152],[8.59666,52.25192],[8.5962,52.2524],[8.5964,52.25281],[8.59717,52.25297],[8.59757,52.25295],[8.59783,52.25302],[8.59801,52.25309],[8.59818,52.2533],[8.59819,52.25368],[8.59801,52.25384],[8.59791,52.25426],[8.59771,52.25447],[8.59771,52.25468],[8.59742,52.25495],[8.59708,52.25516],[8.59702,52.2555],[8.59715,52.25583],[8.59765,52.25651],[8.5976,52.25673],[8.59765,52.25695],[8.59757,52.25747],[8.59768,52.25764],[8.59759,52.25774],[8.59774,52.2581],[8.59767,52.25827],[8.59789,52.25871],[8.59795,52.25945],[8.59809,52.25967],[8.59863,52.26017],[8.59874,52.2604],[8.59905,52.26063],[8.59899,52.26084],[8.5991,52.26095],[8.59904,52.26107],[8.59916,52.26125],[8.59921,52.26168],[8.59931,52.26183],[8.59923,52.26212],[8.59925,52.2623],[8.59914,52.26244],[8.59927,52.26396]]}},{"type":"Feature","properties":{"slice":"ura","kind":"weg"},"geometry":{"type":"LineString","coordinates":[[8.59917,52.4021],[8.59937,52.40188],[8.59955,52.4018],[8.59977,52.40153],[8.59986,52.4012],[8.60021,52.4007],[8.60007,52.40055],[8.6001,52.40046],[8.59975,52.40025],[8.59979,52.40013],[8.59972,52.40001],[8.59946,52.39983],[8.59948,52.39941]]}},{"type":"Feature","properties":{"slice":"ura","kind":"weg"},"geometry":{"type":"LineString","coordinates":[[8.60191,52.30297],[8.6021,52.30328],[8.60218,52.30365],[8.6026,52.30376],[8.60294,52.304],[8.60272,52.30467],[8.60276,52.30496],[8.60311,52.305],[8.60405,52.30498],[8.60453,52.30503],[8.60659,52.30501],[8.60741,52.3051],[8.60755,52.30532],[8.60755,52.30549],[8.60745,52.30559],[8.60756,52.30568],[8.60751,52.30634],[8.60799,52.30662],[8.60823,52.3069],[8.60842,52.30704],[8.60854,52.30736],[8.60893,52.30752],[8.6097,52.30767],[8.61068,52.30823],[8.61064,52.30837]]}},{"type":"Feature","properties":{"slice":"ura","kind":"weg"},"geometry":{"type":"LineString","coordinates":[[8.61295,52.30311],[8.61244,52.30299],[8.61217,52.30296],[8.61195,52.30302],[8.61068,52.3028],[8.61059,52.30266],[8.61036,52.30256],[8.60993,52.30254],[8.60974,52.30258],[8.6095,52.30252],[8.60897,52.30254],[8.60856,52.30261],[8.60837,52.3027],[8.60805,52.30273],[8.60785,52.30271],[8.60759,52.30276],[8.60543,52.30282],[8.60519,52.30279],[8.60491,52.30265],[8.60457,52.30258],[8.60435,52.30261],[8.60393,52.30255],[8.60375,52.30259],[8.60337,52.30249],[8.60301,52.30253],[8.60287,52.30264],[8.60272,52.30267],[8.60131,52.30247],[8.60115,52.30239]]}},{"type":"Feature","properties":{"slice":"ura","kind":"weg"},"geometry":{"type":"LineString","coordinates":[[8.60025,52.39609],[8.60037,52.39584],[8.60059,52.39578],[8.60068,52.39546],[8.6012,52.39543],[8.60137,52.39534],[8.60195,52.39577],[8.6022,52.39587],[8.60229,52.39597],[8.60222,52.39609],[8.60264,52.3965],[8.60395,52.39648],[8.60476,52.3966],[8.60528,52.39646],[8.60547,52.3965],[8.60663,52.39647],[8.60689,52.39656],[8.60759,52.39639],[8.60787,52.39637],[8.60835,52.39622],[8.60899,52.39621],[8.60915,52.39638],[8.60925,52.39639],[8.60972,52.39635],[8.60987,52.39624],[8.61073,52.39607],[8.61096,52.39612],[8.61126,52.39628],[8.61152,52.3963],[8.61165,52.39651],[8.61196,52.39655],[8.6123,52.39676],[8.61284,52.3968]]}},{"type":"Feature","properties":{"slice":"ura","kind":"weg"},"geometry":{"type":"LineString","coordinates":[[8.60211,52.30891],[8.60226,52.30902],[8.60208,52.30962],[8.60197,52.30978],[8.6021,52.30984],[8.60253,52.30983],[8.60281,52.3099],[8.6038,52.30973],[8.60481,52.30987],[8.60541,52.30991],[8.60575,52.30983],[8.60637,52.30984],[8.60704,52.3098],[8.60721,52.30984],[8.60777,52.30972],[8.608,52.30976],[8.60882,52.30976],[8.60897,52.30982],[8.6093,52.30983]]}},{"type":"Feature","properties":{"slice":"ura","kind":"weg"},"geometry":{"type":"LineString","coordinates":[[8.61285,52.42084],[8.613,52.42078],[8.61324,52.42083],[8.61339,52.4209],[8.61351,52.42106],[8.61339,52.42141],[8.61328,52.42231],[8.6132,52.42234],[8.61274,52.42233],[8.61217,52.42246],[8.61174,52.42248],[8.61148,52.42272],[8.6108,52.42289],[8.61067,52.42297]]}},{"type":"Feature","properties":{"slice":"ura","kind":"weg"},"geometry":{"type":"LineString","coordinates":[[8.61065,52.43221],[8.61025,52.43197],[8.60992,52.43162],[8.60997,52.43152],[8.60993,52.43142],[8.60971,52.43126],[8.60939,52.43104],[8.60912,52.431],[8.60869,52.43074],[8.60847,52.43053],[8.60797,52.43022],[8.60783,52.43006],[8.60743,52.42985],[8.60658,52.42925],[8.60632,52.4292],[8.60613,52.42901],[8.60579,52.4288],[8.60564,52.42881],[8.60542,52.42895],[8.60535,52.42963],[8.60539,52.42969]]}},{"type":"Feature","properties":{"slice":"ura","kind":"weg"},"geometry":{"type":"LineString","coordinates":[[8.61161,52.36374],[8.61142,52.36346],[8.61121,52.36332],[8.61114,52.36319],[8.61116,52.36252],[8.61019,52.36246],[8.60956,52.36227],[8.60967,52.36191],[8.60867,52.36161],[8.60842,52.36143],[8.6082,52.36141],[8.60813,52.36133],[8.6081,52.36075],[8.60805,52.36071],[8.60777,52.36066],[8.60753,52.36045],[8.60751,52.36017],[8.60741,52.36005],[8.60733,52.35972],[8.60713,52.35942],[8.60706,52.3588],[8.60698,52.35868],[8.60695,52.35847],[8.60727,52.35837],[8.60748,52.35815],[8.60775,52.35747],[8.60767,52.35732],[8.60803,52.35701],[8.60807,52.35686],[8.60835,52.35661],[8.60847,52.35638],[8.60874,52.35608],[8.60886,52.35576],[8.6088,52.35569],[8.60832,52.35552],[8.60802,52.35535],[8.60777,52.35529],[8.60652,52.35481],[8.60624,52.35465],[8.6063,52.35411],[8.60641,52.35393],[8.60637,52.35372],[8.60679,52.3533],[8.60671,52.35318]]}},{"type":"Feature","properties":{"slice":"ura","kind":"weg"},"geometry":{"type":"LineString","coordinates":[[8.61395,52.35168],[8.61388,52.35177],[8.61354,52.3518],[8.61335,52.35177],[8.61321,52.35182],[8.61294,52.35186],[8.61249,52.35183],[8.61221,52.35188],[8.61165,52.35187],[8.61088,52.35196],[8.61062,52.35193],[8.61032,52.35199],[8.60925,52.352],[8.60905,52.35206],[8.60744,52.35211],[8.60699,52.35217],[8.60692,52.35228],[8.60697,52.35288],[8.60675,52.35303]]}},{"type":"Feature","properties":{"slice":"ura","kind":"weg"},"geometry":{"type":"LineString","coordinates":[[8.61346,52.34455],[8.61371,52.34454],[8.61397,52.34505],[8.61395,52.34513],[8.61331,52.34534],[8.61282,52.34559],[8.61274,52.3457],[8.61217,52.34591],[8.61201,52.34603],[8.61133,52.34625],[8.61118,52.34633],[8.6109,52.34637],[8.61041,52.34659],[8.61032,52.34671],[8.61038,52.34735],[8.61034,52.34747],[8.60978,52.3475],[8.60961,52.34754],[8.60914,52.34754],[8.60894,52.34763],[8.60904,52.34798],[8.60947,52.34887]]}},{"type":"Feature","properties":{"slice":"ura","kind":"weg"},"geometry":{"type":"LineString","coordinates":[[8.60831,52.24659],[8.60826,52.24672],[8.60799,52.24696],[8.60808,52.24716],[8.60794,52.2473],[8.60795,52.24743],[8.60779,52.24758],[8.60779,52.24771],[8.60747,52.24811],[8.60686,52.24964],[8.60678,52.24998],[8.60688,52.25048],[8.60712,52.25065],[8.60709,52.25081],[8.60724,52.25097],[8.60731,52.25125],[8.6076,52.2515],[8.60801,52.25164]]}},{"type":"Feature","properties":{"slice":"ura","kind":"weg"},"geometry":{"type":"LineString","coordinates":[[8.60987,52.25506],[8.61006,52.25522],[8.61002,52.25583],[8.60992,52.25609],[8.60954,52.25627],[8.60959,52.25694],[8.60969,52.25712],[8.61015,52.25739],[8.6103,52.2578],[8.61025,52.25784],[8.6099,52.25793],[8.60952,52.25825]]}},{"type":"Feature","properties":{"slice":"ura","kind":"weg"},"geometry":{"type":"LineString","coordinates":[[8.61263,52.35175],[8.61294,52.35186],[8.61321,52.35182],[8.61335,52.35177],[8.61354,52.3518],[8.61388,52.35177],[8.61412,52.3517],[8.61487,52.35174],[8.61517,52.35166],[8.61549,52.35167],[8.61665,52.35157],[8.6168,52.3516],[8.61704,52.35155],[8.61764,52.35161],[8.61815,52.35151],[8.62004,52.35145],[8.62049,52.35138],[8.62156,52.35137],[8.62238,52.35128],[8.62257,52.35132],[8.62292,52.35127],[8.62345,52.3513],[8.62382,52.35121],[8.62416,52.35118],[8.62444,52.35122],[8.62487,52.35117],[8.62532,52.35124],[8.62573,52.35116],[8.62695,52.35108],[8.6271,52.35089],[8.62764,52.35085],[8.62847,52.35068],[8.63098,52.35043],[8.63156,52.35032],[8.6321,52.35031],[8.63304,52.35011],[8.63347,52.35011],[8.6344,52.34996],[8.63472,52.34985],[8.63515,52.34988],[8.63658,52.34967],[8.63693,52.34969],[8.638,52.3495],[8.63819,52.34952],[8.63837,52.34943],[8.63967,52.34928],[8.64045,52.34925],[8.64105,52.34915],[8.64154,52.34912],[8.64227,52.34897],[8.64261,52.34901],[8.643,52.3489],[8.64336,52.3489],[8.64354,52.34899],[8.64373,52.34987]]}},{"type":"Feature","properties":{"slice":"ura","kind":"weg"},"geometry":{"type":"LineString","coordinates":[[8.62331,52.50829],[8.62311,52.50824],[8.6226,52.50793],[8.62255,52.50765],[8.62232,52.5076],[8.62226,52.50748],[8.62182,52.50738],[8.62159,52.50736],[8.62103,52.50742],[8.62058,52.5074],[8.62043,52.50746],[8.62019,52.50748],[8.61976,52.50748],[8.6195,52.50762],[8.61907,52.5075],[8.61813,52.50788],[8.61753,52.50824],[8.61719,52.50837],[8.61709,52.50831],[8.61701,52.50805],[8.61689,52.50793],[8.61686,52.50768],[8.61676,52.5076],[8.61602,52.50751],[8.61592,52.5073],[8.61403,52.50725],[8.61367,52.50719],[8.61356,52.50713],[8.61339,52.50689]]}},{"type":"Feature","properties":{"slice":"ura","kind":"weg"},"geometry":{"type":"LineString","coordinates":[[8.61631,52.51924],[8.61643,52.51912],[8.61652,52.5191],[8.61699,52.51927],[8.61736,52.51933],[8.61768,52.51924],[8.61985,52.51808],[8.62008,52.518],[8.62139,52.51726],[8.62166,52.51728],[8.62164,52.51712],[8.6219,52.51701],[8.62236,52.51673],[8.62419,52.51577]]}},{"type":"Feature","properties":{"slice":"ura","kind":"weg"},"geometry":{"type":"LineString","coordinates":[[8.63262,52.27784],[8.63246,52.27776],[8.63231,52.27776],[8.63181,52.27808],[8.63165,52.27808],[8.63093,52.27748],[8.6309,52.27732],[8.63072,52.27719],[8.63053,52.27715],[8.62977,52.27678],[8.6294,52.27672],[8.62792,52.27599],[8.62774,52.276],[8.62734,52.2759],[8.62682,52.27586],[8.62562,52.27586],[8.62523,52.27578],[8.62474,52.27561],[8.62431,52.27562],[8.62375,52.27553],[8.62363,52.27547],[8.62357,52.27536],[8.62327,52.27523],[8.62273,52.2748],[8.6226,52.27451],[8.62263,52.27416],[8.62229,52.27386],[8.62203,52.27374],[8.62079,52.27349],[8.61959,52.27312],[8.61914,52.27305],[8.6183,52.27306],[8.61807,52.27301],[8.61697,52.27254],[8.61526,52.27197],[8.61421,52.27167]]}},{"type":"Feature","properties":{"slice":"ura","kind":"weg"},"geometry":{"type":"LineString","coordinates":[[8.61313,52.38012],[8.61311,52.38115],[8.61328,52.38118],[8.61388,52.38106],[8.61406,52.3811],[8.61407,52.38122],[8.61399,52.38132],[8.614,52.38181],[8.61424,52.38197],[8.61427,52.38208],[8.6144,52.3822],[8.61478,52.3822],[8.615,52.38238],[8.61534,52.38249],[8.61557,52.38267],[8.61563,52.38279],[8.61549,52.38753],[8.61549,52.38833],[8.61559,52.38849],[8.61549,52.38875],[8.61558,52.38917],[8.61545,52.38927],[8.61538,52.39173],[8.61553,52.39191],[8.61551,52.39261],[8.61538,52.39278],[8.61536,52.39376],[8.61518,52.39382],[8.61513,52.39403],[8.61516,52.39425],[8.61534,52.39442],[8.6153,52.3957]]}},{"type":"Feature","properties":{"slice":"ura","kind":"weg"},"geometry":{"type":"LineString","coordinates":[[8.61509,52.45273],[8.61509,52.4529],[8.61493,52.45317],[8.61511,52.4534],[8.61622,52.45351],[8.61735,52.45372],[8.61759,52.45405],[8.61769,52.45444],[8.61789,52.45465],[8.61792,52.4549],[8.61806,52.45517]]}},{"type":"Feature","properties":{"slice":"ura","kind":"weg"},"geometry":{"type":"LineString","coordinates":[[8.61346,52.34454],[8.61364,52.34451],[8.614,52.3442],[8.614,52.34376],[8.61424,52.34347],[8.61421,52.3433],[8.61441,52.34309],[8.6147,52.34303],[8.61479,52.3429],[8.61519,52.34277],[8.6153,52.34265],[8.61589,52.34231],[8.61608,52.34208],[8.61627,52.34107],[8.61639,52.34094],[8.61627,52.34075],[8.61638,52.3406],[8.61633,52.34036],[8.6164,52.33976],[8.61689,52.33951],[8.61721,52.33951],[8.61794,52.33997]]}},{"type":"Feature","properties":{"slice":"ura","kind":"weg"},"geometry":{"type":"LineString","coordinates":[[8.61357,52.30895],[8.61391,52.30896],[8.61392,52.30913],[8.61421,52.30929],[8.61431,52.30948],[8.61723,52.30944],[8.61759,52.30955],[8.61781,52.30973],[8.618,52.30963],[8.61817,52.30961],[8.61914,52.30964],[8.6193,52.30973],[8.61957,52.30975],[8.61978,52.30987],[8.62047,52.31008],[8.62182,52.31026],[8.62201,52.31045],[8.62194,52.31058],[8.62199,52.31077]]}},{"type":"Feature","properties":{"slice":"ura","kind":"weg"},"geometry":{"type":"LineString","coordinates":[[8.61563,52.40287],[8.61573,52.40298],[8.61568,52.40343],[8.61576,52.40395],[8.61575,52.40445],[8.61567,52.40457],[8.61576,52.40472],[8.61573,52.40607],[8.61597,52.40628],[8.61602,52.40663],[8.61599,52.40674],[8.61579,52.40684],[8.61572,52.40706],[8.61552,52.40713],[8.61547,52.40729],[8.61549,52.40742],[8.61577,52.4076],[8.61581,52.40779],[8.61573,52.40822],[8.61583,52.40834],[8.61584,52.40848],[8.61601,52.40856],[8.61605,52.40902],[8.616,52.40915],[8.61569,52.40941],[8.61569,52.40955],[8.61551,52.40963],[8.61538,52.40976],[8.61568,52.41014],[8.61568,52.41031],[8.61557,52.4104],[8.61576,52.41061],[8.61577,52.41112],[8.61583,52.41129],[8.61578,52.41141],[8.61584,52.41152],[8.61571,52.41163],[8.61563,52.41196],[8.61534,52.41221],[8.61533,52.41238],[8.61549,52.41246],[8.61523,52.41328],[8.61528,52.41348],[8.61516,52.41398],[8.61503,52.41408],[8.61512,52.41423],[8.61489,52.41444],[8.61487,52.41478],[8.6147,52.41529],[8.61478,52.41542],[8.61478,52.41577],[8.61454,52.41595],[8.61448,52.41608],[8.61453,52.41636],[8.61431,52.41699],[8.61419,52.41805],[8.614,52.4182],[8.61408,52.41837],[8.61394,52.41912],[8.61387,52.41921],[8.61394,52.41932],[8.61379,52.41959],[8.61382,52.41976],[8.61374,52.42008],[8.61362,52.42015],[8.61293,52.42018]]}},{"type":"Feature","properties":{"slice":"ura","kind":"weg"},"geometry":{"type":"LineString","coordinates":[[8.61844,52.3742],[8.61817,52.37419],[8.61781,52.37403],[8.61766,52.37406],[8.61755,52.37415],[8.6171,52.37419],[8.61667,52.37427],[8.61631,52.37442],[8.61584,52.37437],[8.61577,52.37473],[8.61532,52.37472],[8.61423,52.375],[8.61386,52.37516],[8.61356,52.37519],[8.6131,52.37535]]}},{"type":"Feature","properties":{"slice":"ura","kind":"weg"},"geometry":{"type":"LineString","coordinates":[[8.61725,52.42899],[8.6175,52.42875],[8.61737,52.42828],[8.61716,52.42793],[8.61716,52.42751],[8.61701,52.42735],[8.61699,52.42713],[8.61709,52.42698],[8.61701,52.42684],[8.61665,52.42678],[8.61667,52.42633],[8.61656,52.4261],[8.61651,52.42576],[8.61607,52.42563],[8.61495,52.42551],[8.6148,52.42532],[8.61451,52.42527],[8.61417,52.42509],[8.6142,52.42477],[8.614,52.42466],[8.61401,52.42426],[8.61392,52.42413],[8.61392,52.42388],[8.61421,52.42364],[8.61416,52.42344],[8.61425,52.42319],[8.61419,52.42311]]}},{"type":"Feature","properties":{"slice":"ura","kind":"weg"},"geometry":{"type":"LineString","coordinates":[[8.62797,52.26661],[8.6292,52.26675],[8.62944,52.26672],[8.6297,52.26659],[8.63036,52.2665],[8.63103,52.26665],[8.63197,52.26669],[8.63219,52.26663],[8.63255,52.26664],[8.63292,52.26675],[8.63512,52.2669],[8.63529,52.26744],[8.63526,52.26808],[8.63546,52.26822],[8.63547,52.26833]]}},{"type":"Feature","properties":{"slice":"ura","kind":"weg"},"geometry":{"type":"LineString","coordinates":[[8.61683,52.32619],[8.61762,52.32608],[8.61783,52.32617],[8.61821,52.32621],[8.61853,52.32644],[8.61874,52.32646],[8.61884,52.32658],[8.61916,52.32675],[8.61942,52.32664],[8.61995,52.32666],[8.62105,52.32648],[8.62236,52.32635],[8.62251,52.32628],[8.62302,52.32628],[8.62315,52.32621],[8.6235,52.32624],[8.62395,52.32615],[8.62449,52.32621],[8.6245,52.32655]]}},{"type":"Feature","properties":{"slice":"ura","kind":"weg"},"geometry":{"type":"LineString","coordinates":[[8.6156,52.40283],[8.6157,52.4026],[8.61565,52.40221],[8.6157,52.40132],[8.61553,52.40094],[8.61553,52.40043],[8.61564,52.4003],[8.61565,52.39926],[8.61559,52.39905],[8.6154,52.39886],[8.61538,52.39836],[8.61527,52.39814],[8.61528,52.39706]]}},{"type":"Feature","properties":{"slice":"ura","kind":"weg"},"geometry":{"type":"LineString","coordinates":[[8.6209,52.40203],[8.62097,52.40221],[8.62077,52.40234],[8.62048,52.40271],[8.62052,52.40289],[8.62027,52.40318],[8.62005,52.4033],[8.62002,52.40366],[8.61984,52.40389],[8.61973,52.40421],[8.61957,52.40439],[8.61902,52.40464],[8.61897,52.4048],[8.61877,52.40504],[8.61876,52.40523],[8.61848,52.40539],[8.61846,52.40568],[8.61826,52.40595],[8.61834,52.4061],[8.61805,52.40628],[8.61804,52.40638],[8.6178,52.40661],[8.61778,52.40673],[8.61759,52.40695],[8.61759,52.40707],[8.61735,52.40728],[8.61718,52.4076],[8.61696,52.40784],[8.61697,52.40801],[8.61675,52.40824],[8.61665,52.40849],[8.61669,52.40865],[8.61648,52.40877],[8.6163,52.40917],[8.61605,52.40942],[8.61554,52.40962],[8.61538,52.40974],[8.61549,52.40995],[8.61568,52.41014],[8.61567,52.41033],[8.61555,52.41039]]}},{"type":"Feature","properties":{"slice":"ura","kind":"weg"},"geometry":{"type":"LineString","coordinates":[[8.62546,52.3257],[8.62535,52.32604],[8.62449,52.32616],[8.62453,52.32727],[8.62447,52.32748],[8.62453,52.3276],[8.62453,52.32814],[8.62433,52.32831],[8.62414,52.32859],[8.62414,52.3291],[8.62441,52.32915],[8.62447,52.32924],[8.62447,52.32982],[8.62433,52.33001],[8.6236,52.33003],[8.62281,52.32995],[8.62192,52.32995],[8.62182,52.33009],[8.62191,52.33078],[8.62186,52.33112],[8.62192,52.33126],[8.62211,52.33135],[8.6221,52.33191],[8.62167,52.33209],[8.62149,52.33226],[8.62145,52.33247],[8.62098,52.33274],[8.62048,52.33286],[8.62008,52.33303],[8.6197,52.33304],[8.61927,52.33299],[8.61901,52.33302],[8.61881,52.33311],[8.61871,52.33336],[8.6182,52.33362],[8.61812,52.33381],[8.61819,52.33468],[8.61805,52.33505],[8.61772,52.33547],[8.61736,52.33611],[8.61664,52.33825],[8.6166,52.33888],[8.61654,52.33897],[8.61656,52.33909],[8.61713,52.33939],[8.61794,52.33997]]}},{"type":"Feature","properties":{"slice":"ura","kind":"weg"},"geometry":{"type":"LineString","coordinates":[[8.61823,52.29462],[8.61875,52.29482],[8.61936,52.29515],[8.61905,52.29653],[8.61925,52.29748],[8.61911,52.29778],[8.61891,52.29802],[8.61888,52.29817],[8.61868,52.29834],[8.61864,52.29864],[8.61852,52.29878],[8.61854,52.29898],[8.61881,52.29918],[8.61881,52.29992],[8.61892,52.30004],[8.61895,52.30034],[8.61907,52.30055],[8.61981,52.30062],[8.61982,52.30073],[8.62058,52.30152],[8.62053,52.30167],[8.62076,52.30214],[8.62051,52.30238],[8.62076,52.30273],[8.62081,52.30292]]}},{"type":"Feature","properties":{"slice":"ura","kind":"weg"},"geometry":{"type":"LineString","coordinates":[[8.62949,52.28763],[8.62907,52.2876],[8.62824,52.28789],[8.62789,52.28787],[8.62774,52.28792],[8.62704,52.28801],[8.62678,52.28797],[8.62633,52.28808],[8.62609,52.28803],[8.62571,52.28808],[8.6251,52.28826],[8.62489,52.28825],[8.62352,52.28881],[8.62294,52.28907],[8.6227,52.28925],[8.62251,52.28931],[8.62113,52.29066],[8.62098,52.29096],[8.62034,52.29155],[8.6203,52.29172],[8.61993,52.29196],[8.61967,52.29229],[8.61947,52.29264],[8.61934,52.29338],[8.61925,52.29356],[8.61928,52.29367],[8.61943,52.29369]]}},{"type":"Feature","properties":{"slice":"ura","kind":"weg"},"geometry":{"type":"LineString","coordinates":[[8.6182,52.33942],[8.61819,52.33955],[8.618,52.33963],[8.61783,52.33989],[8.61942,52.34101],[8.61968,52.34112],[8.62002,52.34114],[8.62049,52.34133],[8.62073,52.34136],[8.62116,52.34155],[8.62133,52.3417],[8.62193,52.34193],[8.62201,52.34211],[8.62225,52.34219],[8.62242,52.34215],[8.62268,52.34221],[8.62298,52.34217],[8.62328,52.3422],[8.62347,52.34216],[8.625,52.34218],[8.62521,52.34215],[8.62545,52.34219],[8.62576,52.34243],[8.62591,52.34296],[8.62605,52.34302],[8.62628,52.343],[8.62656,52.34312],[8.6268,52.3431],[8.62766,52.3432],[8.62777,52.34325],[8.62882,52.3433],[8.62929,52.34331],[8.62963,52.34326],[8.63006,52.34332],[8.63064,52.34331],[8.63111,52.34338],[8.63171,52.34336],[8.63274,52.34342],[8.63298,52.34332],[8.63328,52.3433],[8.63394,52.34348],[8.63486,52.34354],[8.63553,52.34365],[8.63665,52.34397],[8.63723,52.34403],[8.63759,52.34423],[8.63828,52.34437],[8.63848,52.34447],[8.63884,52.34453],[8.64004,52.34451],[8.64135,52.3444],[8.64152,52.34447],[8.64246,52.34456],[8.64274,52.34448],[8.64315,52.34447],[8.64332,52.3444],[8.64379,52.34435],[8.64405,52.34445],[8.64446,52.34445],[8.64467,52.34439],[8.64519,52.3444],[8.6456,52.3445],[8.64592,52.34446],[8.64624,52.34454],[8.64656,52.34453],[8.64695,52.3447],[8.64731,52.34477],[8.64753,52.34474],[8.64798,52.34482],[8.64828,52.34496],[8.64864,52.345],[8.64888,52.34509],[8.65057,52.3452],[8.65062,52.34543],[8.65055,52.34603]]}},{"type":"Feature","properties":{"slice":"ura","kind":"weg"},"geometry":{"type":"LineString","coordinates":[[8.61883,52.45711],[8.61895,52.45715],[8.61918,52.45751],[8.61944,52.45832],[8.6198,52.45879],[8.61976,52.45896],[8.61985,52.45921],[8.62024,52.45997],[8.62049,52.46064],[8.62061,52.46076],[8.62064,52.46093],[8.62075,52.461],[8.62085,52.46144],[8.62098,52.46167],[8.62116,52.46183],[8.62114,52.46208],[8.62135,52.4623],[8.62133,52.46244],[8.62141,52.46265],[8.62163,52.46293],[8.62174,52.46316],[8.62171,52.46336],[8.622,52.46403]]}},{"type":"Feature","properties":{"slice":"ura","kind":"weg"},"geometry":{"type":"LineString","coordinates":[[8.62581,52.4763],[8.62588,52.47657],[8.62569,52.47689],[8.62586,52.47708],[8.62583,52.47716],[8.62592,52.47734],[8.6261,52.4775],[8.62616,52.47774],[8.62628,52.47788],[8.62621,52.47796],[8.6259,52.47811],[8.62617,52.47842],[8.62624,52.47877],[8.62599,52.47917],[8.62602,52.47925],[8.62623,52.47946],[8.62654,52.47956],[8.62727,52.47956],[8.62749,52.47965],[8.62783,52.47966],[8.62798,52.47972],[8.62825,52.47992],[8.62829,52.48005],[8.62885,52.48062],[8.62892,52.48078],[8.62948,52.48133],[8.63004,52.48161],[8.6301,52.48177],[8.63029,52.48189],[8.63051,52.48218],[8.63083,52.48227],[8.63109,52.48248],[8.63119,52.48261],[8.63075,52.48298],[8.6306,52.48357]]}},{"type":"Feature","properties":{"slice":"ura","kind":"weg"},"geometry":{"type":"LineString","coordinates":[[8.62481,52.39555],[8.62463,52.39548],[8.62446,52.39555],[8.62394,52.39658],[8.62374,52.39678],[8.62368,52.39702],[8.62341,52.39741],[8.62328,52.39773],[8.62312,52.39792],[8.62288,52.39848],[8.62256,52.39894],[8.62264,52.39926],[8.62256,52.3996],[8.62235,52.39983],[8.6223,52.40002],[8.62206,52.40017],[8.62205,52.40034],[8.62185,52.40046],[8.62176,52.4006],[8.62179,52.40094],[8.6219,52.40107],[8.62182,52.40135],[8.62156,52.40155],[8.62128,52.4017],[8.6212,52.40193]]}},{"type":"Feature","properties":{"slice":"ura","kind":"weg"},"geometry":{"type":"LineString","coordinates":[[8.62112,52.30236],[8.62136,52.30239],[8.62287,52.30546],[8.62239,52.30701],[8.62214,52.30752],[8.62213,52.30789],[8.6222,52.30799],[8.62209,52.3081],[8.62214,52.30824],[8.62195,52.30908],[8.62204,52.30937],[8.62195,52.30972],[8.62201,52.31011],[8.62184,52.31023],[8.6216,52.31024]]}},{"type":"Feature","properties":{"slice":"ura","kind":"weg"},"geometry":{"type":"LineString","coordinates":[[8.6249,52.3217],[8.62483,52.32169],[8.62483,52.32161],[8.62498,52.32079],[8.62484,52.32074],[8.62468,52.32052],[8.62447,52.32036],[8.6244,52.32022],[8.62414,52.32002],[8.62381,52.31958],[8.6236,52.31942],[8.6235,52.31898],[8.62312,52.31884],[8.62259,52.31823],[8.62254,52.31808],[8.62314,52.31767],[8.62317,52.31725],[8.62326,52.31711],[8.62324,52.31691],[8.62366,52.31673],[8.62382,52.31649],[8.62402,52.31635],[8.62406,52.31621],[8.62436,52.31596],[8.62462,52.31582],[8.62471,52.31567],[8.625,52.31544],[8.62441,52.31499],[8.62432,52.31484],[8.62362,52.31426],[8.62308,52.31353],[8.62275,52.31237],[8.62243,52.31189],[8.62223,52.31181],[8.62211,52.31168],[8.62209,52.31129]]}},{"type":"Feature","properties":{"slice":"ura","kind":"weg"},"geometry":{"type":"LineString","coordinates":[[8.62241,52.30973],[8.62223,52.30969],[8.62198,52.30971],[8.62195,52.30988],[8.62205,52.31022],[8.62294,52.31019],[8.62362,52.31021],[8.62566,52.3101],[8.62663,52.31012],[8.62695,52.31007],[8.62738,52.31008],[8.62993,52.31051],[8.63075,52.31056],[8.63094,52.3106],[8.63118,52.31057],[8.63146,52.3106],[8.63354,52.31061],[8.6339,52.31065],[8.63422,52.31081],[8.63479,52.31087]]}},{"type":"Feature","properties":{"slice":"ura","kind":"weg"},"geometry":{"type":"LineString","coordinates":[[8.63222,52.37183],[8.63211,52.37188],[8.63203,52.37213],[8.63193,52.37306],[8.63146,52.3733],[8.63098,52.37331],[8.62746,52.37402],[8.62708,52.37402],[8.62669,52.37412],[8.62635,52.37415],[8.62594,52.37433],[8.62538,52.3744],[8.62405,52.37482],[8.6238,52.37485],[8.62362,52.37492],[8.6233,52.37494],[8.62235,52.37522]]}},{"type":"Feature","properties":{"slice":"ura","kind":"weg"},"geometry":{"type":"LineString","coordinates":[[8.6384,52.44404],[8.63766,52.44405],[8.63753,52.44393],[8.63683,52.44361],[8.63529,52.44272],[8.63524,52.44266],[8.63527,52.44241],[8.6349,52.44226],[8.63484,52.44215],[8.63436,52.44196],[8.63449,52.44168],[8.63423,52.44158],[8.63416,52.44145],[8.63398,52.44131],[8.63391,52.44094],[8.6337,52.44076],[8.63368,52.44039],[8.63329,52.44025],[8.63287,52.4399],[8.63267,52.43957],[8.63229,52.43939],[8.63226,52.43922],[8.63194,52.43905],[8.63143,52.43846],[8.6312,52.43842],[8.63093,52.43814],[8.63092,52.43802],[8.63077,52.43795],[8.6307,52.43783],[8.63055,52.4378],[8.63055,52.43768],[8.63041,52.43762],[8.63027,52.43742],[8.62959,52.43682],[8.62943,52.43674],[8.62936,52.43663],[8.62916,52.43656],[8.62901,52.4364],[8.62865,52.43628],[8.62856,52.43619],[8.6282,52.43609],[8.62795,52.43593],[8.62779,52.43591],[8.62754,52.43577],[8.62729,52.43569],[8.62704,52.43568],[8.62691,52.4356],[8.62676,52.4356],[8.62643,52.43575],[8.62614,52.4358],[8.62618,52.43639],[8.62618,52.4364],[8.62618,52.43642],[8.62618,52.43643],[8.62618,52.43644],[8.62618,52.43646],[8.62618,52.43647],[8.62618,52.43651],[8.62617,52.43654],[8.62611,52.43602],[8.62553,52.43604],[8.6253,52.43594],[8.62502,52.43589],[8.62426,52.43592]]}},{"type":"Feature","properties":{"slice":"ura","kind":"weg"},"geometry":{"type":"LineString","coordinates":[[8.63243,52.42381],[8.63317,52.42375],[8.63343,52.42378],[8.63364,52.42371],[8.63392,52.42376],[8.63416,52.42368],[8.63495,52.42364],[8.63646,52.42373],[8.63667,52.42364],[8.63804,52.42371],[8.63858,52.42383],[8.63907,52.42384],[8.63927,52.42396],[8.63948,52.4239],[8.64001,52.42387],[8.64045,52.42379],[8.64094,52.42358],[8.64141,52.42326],[8.64156,52.42302],[8.64177,52.42294],[8.64196,52.42269],[8.64221,52.42256],[8.64257,52.42216],[8.64288,52.42195]]}},{"type":"Feature","properties":{"slice":"ura","kind":"weg"},"geometry":{"type":"LineString","coordinates":[[8.6253,52.50582],[8.62531,52.50593],[8.62521,52.50601],[8.62514,52.50628],[8.62522,52.50658],[8.62433,52.50697],[8.62401,52.50702],[8.62361,52.50725],[8.6237,52.50811],[8.62368,52.50864],[8.62394,52.50884]]}},{"type":"Feature","properties":{"slice":"ura","kind":"weg"},"geometry":{"type":"LineString","coordinates":[[8.62819,52.38807],[8.62822,52.38826],[8.62809,52.38838],[8.62815,52.38864],[8.62797,52.38875],[8.628,52.38884],[8.62787,52.38902],[8.6279,52.38913],[8.62769,52.38947],[8.62747,52.39027],[8.62735,52.39045],[8.62733,52.39063],[8.62704,52.3913],[8.6267,52.39147],[8.62655,52.39193],[8.62613,52.39252],[8.6261,52.39266],[8.62521,52.39417],[8.62521,52.39438],[8.62505,52.39448],[8.62504,52.39464],[8.62494,52.39471],[8.62449,52.39551]]}},{"type":"Feature","properties":{"slice":"ura","kind":"weg"},"geometry":{"type":"LineString","coordinates":[[8.62541,52.39499],[8.6255,52.39479],[8.62588,52.39454],[8.62635,52.39449],[8.62665,52.39435],[8.62892,52.39432],[8.62912,52.39424],[8.62961,52.39422],[8.62998,52.39401],[8.6303,52.39393],[8.63067,52.39399]]}},{"type":"Feature","properties":{"slice":"ura","kind":"weg"},"geometry":{"type":"LineString","coordinates":[[8.63593,52.45583],[8.6362,52.45582],[8.63684,52.45594],[8.63723,52.45595],[8.63759,52.45602],[8.64051,52.45601],[8.64184,52.45621],[8.64264,52.45617],[8.64296,52.45625],[8.64334,52.45629],[8.64335,52.45658],[8.64357,52.45666],[8.64365,52.4568],[8.64384,52.45684],[8.64407,52.45679],[8.6445,52.45684],[8.64478,52.45674],[8.64547,52.45675],[8.64601,52.45661],[8.64628,52.45662],[8.64662,52.45665],[8.6468,52.45672],[8.64706,52.45676],[8.6474,52.45676],[8.64768,52.45685],[8.64806,52.45688],[8.6483,52.45695],[8.64871,52.45697],[8.6492,52.45711],[8.64954,52.45712],[8.65027,52.45731],[8.65075,52.45737],[8.65105,52.45736],[8.65154,52.45748],[8.65184,52.45751],[8.65219,52.45766],[8.65224,52.45777],[8.65218,52.45819],[8.65255,52.45832],[8.65275,52.45865],[8.65328,52.45893]]}},{"type":"Feature","properties":{"slice":"ura","kind":"weg"},"geometry":{"type":"LineString","coordinates":[[8.63135,52.38028],[8.63082,52.38147],[8.63055,52.38182],[8.63019,52.38261],[8.6301,52.38269],[8.63002,52.38305],[8.62973,52.38343],[8.62971,52.38365],[8.62977,52.38376],[8.62952,52.38424],[8.62948,52.38461],[8.62933,52.38489],[8.62934,52.38508]]}},{"type":"Feature","properties":{"slice":"ura","kind":"weg"},"geometry":{"type":"LineString","coordinates":[[8.6306,52.48425],[8.63073,52.48475],[8.63067,52.48492],[8.63075,52.48508],[8.63061,52.48589],[8.63036,52.48622],[8.63031,52.4864],[8.6301,52.48658],[8.63002,52.48682],[8.62956,52.4872],[8.62937,52.48746],[8.62936,52.48758],[8.62948,52.48773]]}},{"type":"Feature","properties":{"slice":"ura","kind":"weg"},"geometry":{"type":"LineString","coordinates":[[8.64562,52.49538],[8.64587,52.49548],[8.64629,52.49586],[8.64656,52.49634],[8.64697,52.4965],[8.64741,52.49676],[8.64745,52.49709],[8.64759,52.49719],[8.64762,52.49739],[8.64755,52.49761],[8.6476,52.49903],[8.64928,52.49907],[8.64935,52.49918],[8.64932,52.49935],[8.6491,52.49965]]}},{"type":"Feature","properties":{"slice":"ura","kind":"weg"},"geometry":{"type":"LineString","coordinates":[[8.64295,52.32455],[8.64253,52.32471],[8.64223,52.32458],[8.64203,52.32459],[8.64167,52.32446],[8.64133,52.32446],[8.64096,52.32458],[8.64073,52.3246],[8.6401,52.32455],[8.63974,52.32434],[8.63965,52.32434],[8.63909,52.32451],[8.63839,52.32465],[8.6371,52.32504],[8.63558,52.32523],[8.63521,52.32519],[8.63489,52.32525],[8.63459,52.32524],[8.63401,52.32537],[8.63375,52.32535],[8.63354,52.32541],[8.63332,52.32539],[8.63313,52.32547],[8.63283,52.32547],[8.6326,52.32556],[8.63244,52.3255],[8.6322,52.32556],[8.63199,52.32556],[8.63182,52.32562],[8.63109,52.32573],[8.63122,52.32649]]}},{"type":"Feature","properties":{"slice":"ura","kind":"weg"},"geometry":{"type":"LineString","coordinates":[[8.63286,52.5105],[8.63319,52.51061],[8.63356,52.51064],[8.63427,52.51103],[8.6348,52.51119],[8.6356,52.51158],[8.63673,52.5119],[8.63703,52.51194],[8.6374,52.51217],[8.63779,52.51231],[8.63849,52.51248],[8.63928,52.51256],[8.63946,52.51282],[8.63976,52.51287],[8.63997,52.51309],[8.6403,52.51316],[8.64074,52.51338],[8.64083,52.51363],[8.64065,52.51382],[8.64033,52.51439],[8.64032,52.51458],[8.64068,52.51475],[8.64088,52.51476],[8.64109,52.51489],[8.64118,52.51511],[8.64184,52.5151],[8.64208,52.51515],[8.64321,52.51521],[8.6436,52.51529],[8.64401,52.51551],[8.64448,52.51558],[8.64542,52.51608],[8.64635,52.51683],[8.6473,52.51724],[8.64766,52.51729],[8.64821,52.51748],[8.64851,52.51747],[8.64894,52.51761],[8.64918,52.51758],[8.64974,52.51763],[8.64989,52.51761],[8.6509,52.5177],[8.65109,52.51776],[8.65246,52.5178],[8.65268,52.51786],[8.65306,52.51789],[8.65339,52.51808],[8.65405,52.5182],[8.65452,52.51834],[8.65641,52.51898],[8.65695,52.51929],[8.65736,52.5194],[8.65758,52.51953]]}},{"type":"Feature","properties":{"slice":"ura","kind":"weg"},"geometry":{"type":"LineString","coordinates":[[8.65247,52.28686],[8.6528,52.28691],[8.65319,52.28719],[8.65403,52.2874],[8.65444,52.28745],[8.65463,52.28752],[8.65499,52.28753],[8.65684,52.28794],[8.65772,52.28821],[8.65803,52.2882]]}},{"type":"Feature","properties":{"slice":"ura","kind":"weg"},"geometry":{"type":"LineString","coordinates":[[8.63579,52.37212],[8.63578,52.3723],[8.63559,52.37247],[8.63559,52.37263],[8.6353,52.37315],[8.63503,52.3735],[8.63501,52.37363],[8.63485,52.37387],[8.63473,52.37395],[8.63462,52.37429],[8.63468,52.37439],[8.63422,52.37481],[8.63398,52.37542],[8.63385,52.37555],[8.63389,52.37578],[8.63405,52.37602],[8.63381,52.37627],[8.63356,52.37684]]}},{"type":"Feature","properties":{"slice":"ura","kind":"weg"},"geometry":{"type":"LineString","coordinates":[[8.63491,52.27482],[8.63481,52.27491],[8.63481,52.27518],[8.63459,52.27571],[8.63441,52.2767],[8.63422,52.27672],[8.634,52.27681],[8.63364,52.27812]]}},{"type":"Feature","properties":{"slice":"ura","kind":"weg"},"geometry":{"type":"LineString","coordinates":[[8.64501,52.31073],[8.64486,52.31094],[8.64444,52.31106],[8.64394,52.31109],[8.64341,52.31119],[8.64223,52.31129],[8.64004,52.31129],[8.63993,52.31126],[8.63984,52.31113],[8.63944,52.31105],[8.63708,52.31082],[8.63671,52.31084],[8.63648,52.31093],[8.63564,52.31092],[8.63525,52.31123]]}},{"type":"Feature","properties":{"slice":"ura","kind":"weg"},"geometry":{"type":"LineString","coordinates":[[8.65009,52.27477],[8.64986,52.27496],[8.64962,52.27508],[8.64931,52.27537],[8.64819,52.27598],[8.64806,52.2761],[8.64761,52.27626],[8.64726,52.2765],[8.6472,52.27659],[8.64661,52.27662],[8.64635,52.27674],[8.6457,52.27684],[8.64538,52.27683],[8.64478,52.27715],[8.64377,52.27723],[8.64358,52.27721],[8.64332,52.27729],[8.64312,52.27728],[8.64283,52.277],[8.64197,52.27699],[8.63997,52.27728],[8.63914,52.27733],[8.63864,52.27744],[8.63805,52.27745],[8.63781,52.27752],[8.63686,52.2776],[8.63581,52.27763],[8.6351,52.27777],[8.63502,52.27782],[8.63504,52.27797],[8.63533,52.27833],[8.63522,52.27847]]}},{"type":"Feature","properties":{"slice":"ura","kind":"weg"},"geometry":{"type":"LineString","coordinates":[[8.63517,52.27464],[8.63525,52.27437],[8.63524,52.27404],[8.63535,52.27395],[8.63543,52.27375],[8.63567,52.27355],[8.63635,52.27261],[8.63652,52.27249],[8.63673,52.27218],[8.63702,52.27208],[8.63707,52.2719],[8.63732,52.27168],[8.63737,52.27155],[8.6378,52.27147]]}},{"type":"Feature","properties":{"slice":"ura","kind":"weg"},"geometry":{"type":"LineString","coordinates":[[8.64888,52.49867],[8.64891,52.4988],[8.64913,52.49891],[8.64918,52.49902],[8.64933,52.49911],[8.64931,52.49936],[8.64914,52.49963],[8.64884,52.4999],[8.64808,52.50033],[8.64801,52.50053],[8.64791,52.50056],[8.6477,52.50055],[8.64751,52.50072],[8.64714,52.50085],[8.64675,52.50126],[8.64663,52.50163],[8.6468,52.50235],[8.64675,52.50246],[8.64646,52.50264],[8.6464,52.50277],[8.6447,52.50378],[8.64444,52.50407],[8.64414,52.5041],[8.64367,52.50402],[8.64306,52.50403],[8.64283,52.50426],[8.64249,52.50436],[8.64231,52.5045],[8.64225,52.50484],[8.64206,52.50485],[8.64173,52.50499],[8.64133,52.5051],[8.64084,52.50535],[8.6408,52.50539],[8.64096,52.50562],[8.64089,52.50573],[8.6402,52.50604],[8.64002,52.50619],[8.63979,52.50623],[8.63961,52.50645],[8.63929,52.50664],[8.63884,52.50701],[8.63823,52.50736],[8.63789,52.50746],[8.63776,52.50761],[8.63757,52.50764],[8.63749,52.50775],[8.63702,52.50801],[8.63645,52.50849],[8.63615,52.50891],[8.63649,52.50946],[8.63637,52.50964],[8.63581,52.50978],[8.63585,52.51001]]}},{"type":"Feature","properties":{"slice":"ura","kind":"weg"},"geometry":{"type":"LineString","coordinates":[[8.63876,52.24313],[8.63913,52.24348],[8.63893,52.24416],[8.63928,52.2444],[8.63933,52.24449],[8.63928,52.2448],[8.63902,52.24518],[8.63889,52.24562],[8.63878,52.24572],[8.63875,52.24588],[8.63859,52.24601],[8.63856,52.24616],[8.63843,52.24629],[8.63841,52.24649],[8.63819,52.2468],[8.63824,52.24692],[8.63814,52.24702],[8.63813,52.24716],[8.63852,52.24769],[8.63809,52.24788],[8.63798,52.24814],[8.63773,52.24835],[8.63762,52.24864],[8.63685,52.24928],[8.63639,52.24978],[8.63597,52.25132],[8.63603,52.25165],[8.63583,52.25175],[8.6356,52.25169],[8.6351,52.25167],[8.63489,52.25173],[8.63433,52.25337],[8.63431,52.25374],[8.6345,52.25463],[8.63447,52.25475],[8.63467,52.25546],[8.63459,52.2556],[8.63456,52.25606],[8.6342,52.2569],[8.63461,52.25712],[8.63551,52.2575],[8.636,52.25786],[8.63619,52.25822],[8.63603,52.2584],[8.63604,52.25953],[8.63594,52.25962],[8.6357,52.25965],[8.63557,52.25971],[8.63543,52.26011],[8.63555,52.26028],[8.63583,52.26029],[8.63666,52.26047],[8.63671,52.26051],[8.63655,52.26074],[8.63633,52.26126],[8.63652,52.2618],[8.63641,52.26231],[8.63623,52.26264],[8.63619,52.2633],[8.63628,52.26343],[8.63623,52.26372],[8.63611,52.26384],[8.63623,52.26402],[8.63622,52.26439],[8.63617,52.26448],[8.63603,52.26455],[8.63624,52.26476],[8.63616,52.26487],[8.63617,52.26506],[8.63604,52.26547],[8.63582,52.26575],[8.63581,52.26598],[8.63573,52.26604],[8.63548,52.26605]]}},{"type":"Feature","properties":{"slice":"ura","kind":"weg"},"geometry":{"type":"LineString","coordinates":[[8.63882,52.3671],[8.63821,52.36758],[8.63803,52.36787],[8.63806,52.36803],[8.63788,52.3682],[8.63781,52.36843],[8.63758,52.36872],[8.63756,52.36885],[8.63745,52.36896],[8.63744,52.36909],[8.637,52.36977],[8.63698,52.37002],[8.63683,52.37021],[8.63679,52.37045],[8.63659,52.37063],[8.63624,52.37126],[8.63626,52.37138],[8.63643,52.37155],[8.63637,52.37175],[8.63651,52.37204]]}},{"type":"Feature","properties":{"slice":"ura","kind":"weg"},"geometry":{"type":"LineString","coordinates":[[8.65711,52.3743],[8.6566,52.37433],[8.65538,52.37422],[8.65502,52.37406],[8.65482,52.37404],[8.65418,52.37387],[8.65371,52.37384],[8.65358,52.37369],[8.65333,52.37365],[8.65333,52.37338],[8.65316,52.37328],[8.6531,52.37316],[8.65224,52.37301]]}},{"type":"Feature","properties":{"slice":"ura","kind":"weg"},"geometry":{"type":"LineString","coordinates":[[8.6435,52.37269],[8.64268,52.37264],[8.64199,52.37249],[8.64169,52.37251],[8.64156,52.37235],[8.64125,52.3724],[8.64103,52.37249],[8.64012,52.37236],[8.63922,52.37213],[8.63862,52.37205],[8.63791,52.37185],[8.63753,52.3718],[8.63712,52.37165],[8.63684,52.37162],[8.6367,52.3717],[8.63612,52.37261],[8.63603,52.37266],[8.63562,52.37266],[8.63549,52.37275]]}},{"type":"Feature","properties":{"slice":"ura","kind":"weg"},"geometry":{"type":"LineString","coordinates":[[8.6479,52.38413],[8.64734,52.38411],[8.64724,52.38381],[8.64709,52.38364],[8.64664,52.38357],[8.64662,52.38335],[8.64648,52.38329],[8.64601,52.38333],[8.64585,52.38345],[8.64557,52.38348],[8.64521,52.38366],[8.64478,52.38401],[8.64407,52.38397],[8.64347,52.38381],[8.64255,52.38388],[8.64231,52.38397],[8.64208,52.384],[8.64184,52.38395],[8.64178,52.38389],[8.6418,52.38343],[8.6421,52.3829],[8.64209,52.38272],[8.64188,52.38244],[8.64085,52.38191],[8.64012,52.38189],[8.63982,52.38171],[8.63918,52.38173],[8.63879,52.38166],[8.63854,52.38186],[8.63841,52.38187],[8.63822,52.38182],[8.63802,52.38197],[8.63783,52.38198],[8.6377,52.38204],[8.63753,52.38233]]}},{"type":"Feature","properties":{"slice":"ura","kind":"weg"},"geometry":{"type":"LineString","coordinates":[[8.64244,52.26929],[8.64237,52.26909],[8.64246,52.26888],[8.64243,52.26879],[8.64155,52.26832],[8.64092,52.26783],[8.64056,52.26741],[8.64015,52.26726],[8.63948,52.2672],[8.63929,52.26713],[8.63907,52.26716],[8.63856,52.26708],[8.6382,52.26709]]}},{"type":"Feature","properties":{"slice":"ura","kind":"weg"},"geometry":{"type":"LineString","coordinates":[[8.64943,52.34882],[8.64945,52.34889],[8.64931,52.34922],[8.64933,52.34938],[8.64922,52.34948],[8.64897,52.35057],[8.64874,52.35123],[8.64847,52.35165],[8.64848,52.35174],[8.64803,52.35203],[8.64785,52.35234],[8.64771,52.35246],[8.64758,52.35279],[8.6475,52.35325],[8.64755,52.35343],[8.64735,52.35463],[8.64739,52.35509],[8.64721,52.35547],[8.64722,52.35572],[8.64714,52.35584],[8.64696,52.35678],[8.64685,52.35696],[8.6465,52.35698],[8.6462,52.35697],[8.64534,52.35675],[8.64524,52.35676],[8.6451,52.35724],[8.64304,52.36203],[8.64306,52.36213],[8.64295,52.36222],[8.64209,52.36417],[8.64208,52.36438],[8.64199,52.36445],[8.64148,52.3646],[8.64126,52.36474],[8.64117,52.36488],[8.64094,52.36491],[8.64087,52.36496],[8.6408,52.36517],[8.64077,52.36577],[8.64102,52.36598],[8.64102,52.36618],[8.64093,52.36637],[8.64074,52.36648],[8.64058,52.36667],[8.63942,52.36672],[8.63897,52.36691],[8.63835,52.3675],[8.63855,52.36788]]}},{"type":"Feature","properties":{"slice":"ura","kind":"weg"},"geometry":{"type":"LineString","coordinates":[[8.63959,52.36709],[8.63973,52.36695],[8.63983,52.36671],[8.64053,52.36668],[8.64073,52.36663],[8.64113,52.36667],[8.6415,52.36655],[8.64208,52.36655],[8.64255,52.36647],[8.64352,52.36654],[8.64401,52.36646],[8.6452,52.3665],[8.64581,52.36644],[8.64652,52.36645],[8.64686,52.36651],[8.64727,52.36637],[8.64765,52.36635],[8.64779,52.36595],[8.648,52.36585],[8.64832,52.36577],[8.64969,52.36558],[8.64995,52.36559],[8.65053,52.36545],[8.65105,52.36541],[8.65141,52.3653],[8.6518,52.36532],[8.65212,52.36522],[8.65248,52.36526],[8.65349,52.36524],[8.65361,52.3652],[8.65386,52.36497],[8.65433,52.36495],[8.65457,52.36489],[8.6548,52.36472],[8.65497,52.36469],[8.65684,52.36473],[8.65699,52.36467],[8.65723,52.36468],[8.65807,52.36517],[8.65834,52.36552]]}},{"type":"Feature","properties":{"slice":"ura","kind":"weg"},"geometry":{"type":"LineString","coordinates":[[8.64945,52.34827],[8.64929,52.34836],[8.64905,52.34835],[8.64875,52.34842],[8.64832,52.34842],[8.64783,52.34834],[8.64742,52.34836],[8.64702,52.34841],[8.6468,52.34852],[8.64643,52.34848],[8.64549,52.34866],[8.64521,52.34863],[8.64394,52.34882],[8.64359,52.34912],[8.64373,52.34987]]}},{"type":"Feature","properties":{"slice":"ura","kind":"weg"},"geometry":{"type":"LineString","coordinates":[[8.64555,52.26706],[8.64572,52.26677],[8.64569,52.26652],[8.64587,52.26632],[8.64586,52.26608],[8.64618,52.26554],[8.64669,52.26502],[8.64674,52.26487],[8.647,52.26459],[8.64724,52.26444],[8.64752,52.2641],[8.64772,52.26401],[8.64841,52.2633],[8.64874,52.26285],[8.64868,52.26275],[8.64887,52.26226],[8.64908,52.26206],[8.64911,52.26197]]}},{"type":"Feature","properties":{"slice":"ura","kind":"weg"},"geometry":{"type":"LineString","coordinates":[[8.65707,52.31784],[8.6565,52.31736],[8.65606,52.3167],[8.65557,52.31628],[8.65383,52.3144],[8.65321,52.31349],[8.65286,52.31319],[8.6526,52.31285],[8.65208,52.31248],[8.65182,52.31235],[8.65139,52.31234],[8.65085,52.31246],[8.64995,52.31256],[8.64886,52.31255],[8.64781,52.31239],[8.64723,52.31221],[8.64679,52.31213],[8.64639,52.31183]]}},{"type":"Feature","properties":{"slice":"ura","kind":"weg"},"geometry":{"type":"LineString","coordinates":[[8.64526,52.32166],[8.64518,52.32152],[8.64516,52.32128],[8.64507,52.32118],[8.64474,52.32106],[8.64431,52.32108],[8.64404,52.32103],[8.64402,52.32049],[8.64384,52.32037],[8.64359,52.32028],[8.64352,52.31955],[8.64357,52.31924],[8.64349,52.31904],[8.64351,52.31871],[8.64339,52.31846],[8.64345,52.31824],[8.64343,52.31786],[8.64357,52.3177],[8.64365,52.31696],[8.64519,52.31678],[8.64581,52.31682],[8.64588,52.31678],[8.64592,52.3164]]}},{"type":"Feature","properties":{"slice":"ura","kind":"weg"},"geometry":{"type":"LineString","coordinates":[[8.65086,52.34399],[8.65099,52.34389],[8.65119,52.34383],[8.65131,52.34372],[8.6514,52.34344],[8.65152,52.34336],[8.65166,52.34302],[8.65163,52.34285],[8.65183,52.34221],[8.65175,52.34171],[8.65175,52.34133],[8.65182,52.3412],[8.65175,52.34106],[8.65194,52.34058],[8.65171,52.34003],[8.65126,52.33953],[8.65105,52.33879],[8.65108,52.3385],[8.65142,52.33834],[8.65136,52.33821],[8.65141,52.33803],[8.65157,52.33787],[8.6516,52.33773],[8.65185,52.33738],[8.65188,52.33707],[8.65182,52.33672],[8.65186,52.33645],[8.65146,52.33602],[8.65145,52.33582],[8.65131,52.33568],[8.6513,52.33541]]}},{"type":"Feature","properties":{"slice":"ura","kind":"weg"},"geometry":{"type":"LineString","coordinates":[[8.65654,52.49969],[8.65652,52.49907],[8.65566,52.49905],[8.64948,52.49905],[8.64935,52.49911],[8.64931,52.49936],[8.64906,52.49969]]}},{"type":"Feature","properties":{"slice":"ura","kind":"weg"},"geometry":{"type":"LineString","coordinates":[[8.65076,52.38456],[8.65064,52.38462],[8.6504,52.385],[8.65135,52.38688],[8.65176,52.38787],[8.65209,52.38889],[8.65221,52.3895],[8.65216,52.39011],[8.65198,52.39081],[8.6522,52.39139],[8.65199,52.39223],[8.65208,52.39233],[8.65194,52.39244],[8.65178,52.39296]]}},{"type":"Feature","properties":{"slice":"ura","kind":"weg"},"geometry":{"type":"LineString","coordinates":[[8.65737,52.37836],[8.65716,52.37834],[8.65709,52.37836],[8.65473,52.38077],[8.65453,52.38078],[8.6543,52.38092],[8.65404,52.38124],[8.65406,52.38149],[8.65385,52.38164],[8.65343,52.3821],[8.65311,52.38223],[8.65288,52.38242],[8.65287,52.38259],[8.65265,52.38287],[8.65258,52.38317],[8.65236,52.38331],[8.6523,52.38343],[8.6521,52.38346],[8.65168,52.38368],[8.65151,52.38407],[8.65114,52.38456],[8.65096,52.38468],[8.6509,52.38482],[8.65066,52.38494],[8.65041,52.38497],[8.6507,52.38561]]}},{"type":"Feature","properties":{"slice":"ura","kind":"weg"},"geometry":{"type":"LineString","coordinates":[[8.65456,52.39919],[8.65408,52.39891],[8.65392,52.3989],[8.65267,52.39759],[8.65243,52.39674],[8.65229,52.39657],[8.6521,52.39582],[8.65167,52.39473],[8.6518,52.3946],[8.65177,52.3943],[8.65151,52.39418]]}},{"type":"Feature","properties":{"slice":"ura","kind":"weg"},"geometry":{"type":"LineString","coordinates":[[8.65228,52.39262],[8.65245,52.39278],[8.65239,52.39295],[8.65274,52.39327],[8.65306,52.39325],[8.65328,52.39312],[8.65399,52.39311],[8.65476,52.39299],[8.65504,52.39302],[8.65551,52.39326],[8.65614,52.39329]]}},{"type":"Feature","properties":{"slice":"ura","kind":"weg"},"geometry":{"type":"LineString","coordinates":[[8.656,52.45544],[8.65648,52.45509],[8.65624,52.45474],[8.65597,52.45449],[8.65563,52.45394],[8.65559,52.45372],[8.65527,52.45332],[8.65508,52.45282],[8.65471,52.4523],[8.65469,52.45215],[8.65446,52.45196]]}},{"type":"Feature","properties":{"slice":"ura","kind":"weg"},"geometry":{"type":"LineString","coordinates":[[8.65659,52.43708],[8.65658,52.4375],[8.65645,52.43784],[8.65643,52.43817],[8.65633,52.43826],[8.65636,52.43838],[8.65652,52.43852],[8.65658,52.43881],[8.65643,52.43919],[8.65631,52.43933],[8.65633,52.43988],[8.65622,52.44004],[8.65634,52.4405],[8.65628,52.44107],[8.65641,52.44144],[8.6563,52.44153],[8.65622,52.44257],[8.65612,52.44271],[8.65613,52.44298],[8.65596,52.44361],[8.65598,52.44376],[8.65585,52.44382],[8.65581,52.44402],[8.6557,52.4441],[8.65558,52.44436],[8.6555,52.44465],[8.65519,52.44504],[8.65513,52.44525],[8.65517,52.4454],[8.655,52.44593],[8.65507,52.44602],[8.65501,52.44621],[8.65447,52.44686],[8.65426,52.44772],[8.65414,52.44793],[8.65398,52.44805],[8.65394,52.44827],[8.65368,52.44865],[8.65379,52.44886],[8.6537,52.449],[8.65373,52.44952],[8.65343,52.44989],[8.65347,52.45015],[8.65325,52.45041],[8.65313,52.45093]]}},{"type":"Feature","properties":{"slice":"ura","kind":"weg"},"geometry":{"type":"LineString","coordinates":[[8.65651,52.35083],[8.6562,52.351],[8.65602,52.351],[8.65591,52.35088],[8.65562,52.35077],[8.65545,52.35053],[8.65508,52.35035],[8.65489,52.35035],[8.65418,52.3499],[8.65383,52.34974],[8.65369,52.34978],[8.65353,52.34999]]}},{"type":"Feature","properties":{"slice":"ura","kind":"weg"},"geometry":{"type":"LineString","coordinates":[[8.65714,52.46578],[8.65721,52.46565],[8.65717,52.46538],[8.65665,52.46523],[8.65648,52.46513],[8.6562,52.46512],[8.65598,52.46504],[8.65469,52.46494],[8.65454,52.46487],[8.65379,52.46475],[8.65294,52.4644],[8.65271,52.46426],[8.65257,52.46401],[8.65252,52.46379],[8.65235,52.46359],[8.65223,52.46323],[8.65214,52.46315],[8.65214,52.46248],[8.65224,52.46236],[8.65227,52.462],[8.65202,52.4611],[8.65224,52.46078],[8.6523,52.46044],[8.6524,52.46034],[8.65243,52.46019],[8.65259,52.46008],[8.65273,52.45985],[8.65292,52.45978],[8.653,52.45968],[8.65272,52.45958],[8.65264,52.4594],[8.65294,52.45915],[8.65331,52.45897]]}},{"type":"Feature","properties":{"slice":"ura","kind":"weg"},"geometry":{"type":"LineString","coordinates":[[8.65657,52.25335],[8.65688,52.25316],[8.658,52.253],[8.65821,52.25305],[8.65892,52.25281],[8.65982,52.25291],[8.66017,52.25258],[8.66055,52.25259],[8.66079,52.2527],[8.66098,52.25272],[8.6612,52.2528],[8.662,52.25284]]}},{"type":"Feature","properties":{"slice":"ura","kind":"weg"},"geometry":{"type":"LineString","coordinates":[[8.66719,52.24844],[8.66729,52.24839],[8.66739,52.24814],[8.66765,52.24803],[8.66787,52.24787],[8.66827,52.24779],[8.66843,52.24756],[8.66924,52.24754],[8.67081,52.24759],[8.671,52.24757],[8.67113,52.24751],[8.6713,52.24756],[8.67227,52.24748],[8.67332,52.24747],[8.67345,52.24743],[8.67354,52.24729],[8.67368,52.24722],[8.67486,52.24722],[8.67508,52.24707],[8.67534,52.24701],[8.67598,52.24652],[8.67612,52.24559],[8.6763,52.24547],[8.67669,52.24472],[8.67724,52.24437],[8.67746,52.24377],[8.67739,52.24353],[8.67748,52.24314],[8.67734,52.24301],[8.67737,52.24291],[8.67753,52.2428],[8.67777,52.24273],[8.67821,52.24227]]}},{"type":"Feature","properties":{"slice":"ura","kind":"weg"},"geometry":{"type":"LineString","coordinates":[[8.65654,52.35083],[8.65646,52.35114],[8.65651,52.35123],[8.65744,52.35165],[8.65832,52.35194],[8.65905,52.35211],[8.66014,52.35216],[8.66045,52.35213],[8.66068,52.35221],[8.66092,52.35221],[8.66107,52.35236],[8.66214,52.35282],[8.66317,52.35308],[8.66379,52.35318],[8.66474,52.35348],[8.66504,52.35354],[8.66547,52.35352],[8.66585,52.35363],[8.66647,52.35362],[8.66699,52.35371],[8.66723,52.35382],[8.66772,52.35395],[8.66819,52.35393],[8.66831,52.35372],[8.66845,52.35368],[8.66909,52.35383],[8.66933,52.35409],[8.66945,52.35409],[8.66956,52.35404],[8.67001,52.35407],[8.67019,52.3542],[8.67117,52.35418],[8.67137,52.35423],[8.67173,52.35423],[8.67186,52.35415],[8.67208,52.35415],[8.67231,52.35408],[8.6728,52.35424]]}},{"type":"Feature","properties":{"slice":"ura","kind":"weg"},"geometry":{"type":"LineString","coordinates":[[8.65655,52.51858],[8.65664,52.51909],[8.65695,52.51929],[8.65738,52.51941],[8.65832,52.51989],[8.65974,52.51993],[8.6601,52.5201],[8.66036,52.52016],[8.66057,52.52011],[8.66079,52.52013],[8.66111,52.52026],[8.66201,52.5203],[8.66225,52.52038],[8.66263,52.52024],[8.66281,52.52022],[8.66302,52.52027],[8.66411,52.52005],[8.66442,52.5199],[8.66465,52.51992],[8.66538,52.51982],[8.66585,52.51982],[8.66671,52.51997],[8.66739,52.52024],[8.66751,52.5205],[8.66789,52.52071],[8.66783,52.52091],[8.66789,52.5211],[8.66783,52.5213],[8.66788,52.52145],[8.66866,52.52153],[8.66924,52.52182],[8.6762,52.52181],[8.67641,52.52187],[8.67717,52.52234]]}},{"type":"Feature","properties":{"slice":"ura","kind":"weg"},"geometry":{"type":"LineString","coordinates":[[8.66406,52.3458],[8.66381,52.34579],[8.66349,52.34566],[8.66278,52.34548],[8.66244,52.34556],[8.66173,52.34544],[8.66141,52.34529],[8.66085,52.34516],[8.66032,52.34523],[8.65908,52.3452],[8.65881,52.34594],[8.65836,52.34594],[8.65817,52.34591],[8.65791,52.34595],[8.65775,52.34587],[8.65778,52.34574]]}},{"type":"Feature","properties":{"slice":"ura","kind":"weg"},"geometry":{"type":"LineString","coordinates":[[8.66297,52.32234],[8.66306,52.32228],[8.66303,52.32218],[8.6628,52.32213],[8.66257,52.32186],[8.66228,52.32167],[8.66217,52.32152],[8.66203,52.32146],[8.66173,52.3212],[8.66159,52.32098],[8.66131,52.32078],[8.6612,52.32059],[8.66103,52.32051],[8.6608,52.32025],[8.66062,52.32018],[8.66011,52.31971],[8.65899,52.31898],[8.65808,52.31849],[8.65778,52.31851],[8.65738,52.31864],[8.65689,52.31865]]}},{"type":"Feature","properties":{"slice":"ura","kind":"weg"},"geometry":{"type":"LineString","coordinates":[[8.66756,52.48988],[8.66776,52.4902],[8.66772,52.49086],[8.66792,52.49102],[8.66819,52.49108],[8.66833,52.49121],[8.66828,52.49135],[8.66834,52.49148],[8.66831,52.49207],[8.66885,52.4924],[8.66892,52.49282],[8.66939,52.49312],[8.66945,52.49321]]}},{"type":"Feature","properties":{"slice":"ura","kind":"weg"},"geometry":{"type":"LineString","coordinates":[[8.66689,52.49844],[8.66672,52.49859],[8.66647,52.49871],[8.6663,52.49902],[8.66317,52.49902],[8.66309,52.49916],[8.66298,52.49921],[8.66288,52.49919],[8.66283,52.49907],[8.66272,52.49903],[8.6607,52.49904],[8.66059,52.49927],[8.66045,52.4994],[8.66042,52.49984],[8.65994,52.5001],[8.65971,52.5004],[8.65922,52.50052],[8.65841,52.50059],[8.65815,52.50069],[8.65764,52.50077]]}},{"type":"Feature","properties":{"slice":"ura","kind":"weg"},"geometry":{"type":"LineString","coordinates":[[8.65774,52.36439],[8.65781,52.36389],[8.65771,52.36376],[8.65811,52.36343],[8.65836,52.36327],[8.6586,52.36327],[8.65892,52.36311],[8.65939,52.36297],[8.66017,52.36246],[8.66047,52.36234],[8.66095,52.36204],[8.6619,52.36121],[8.66208,52.36115],[8.66251,52.36112],[8.6627,52.36102],[8.66304,52.36101],[8.66326,52.36091],[8.66366,52.36083],[8.6647,52.36024],[8.6649,52.36028],[8.66534,52.36053],[8.66574,52.36095],[8.666,52.36084],[8.66672,52.36081],[8.66689,52.36052],[8.66705,52.36044],[8.66714,52.36014],[8.66711,52.36003],[8.66728,52.35976],[8.66723,52.3596],[8.66738,52.35917],[8.66763,52.35913],[8.66813,52.35914],[8.66909,52.35896],[8.66965,52.35894],[8.66978,52.35887],[8.67057,52.35886],[8.67069,52.35899],[8.67092,52.35908],[8.67092,52.3595],[8.67102,52.35973],[8.67088,52.35993],[8.67087,52.36021]]}},{"type":"Feature","properties":{"slice":"ura","kind":"weg"},"geometry":{"type":"LineString","coordinates":[[8.65777,52.40271],[8.65817,52.4027],[8.65839,52.40282],[8.65865,52.40301],[8.65934,52.40385],[8.66045,52.40441],[8.66067,52.40457],[8.66068,52.4057],[8.6605,52.40589],[8.66047,52.40611],[8.66055,52.40632],[8.6605,52.40653],[8.66059,52.40663],[8.66061,52.40682],[8.6621,52.407],[8.66242,52.40709],[8.6628,52.4071],[8.66306,52.40741],[8.66305,52.40759],[8.66316,52.40777],[8.6633,52.40781],[8.66351,52.40777],[8.66378,52.40793],[8.66377,52.40881],[8.66361,52.40925],[8.66378,52.40941],[8.664,52.40991],[8.66399,52.41],[8.66432,52.41035],[8.66507,52.41162],[8.66498,52.41175],[8.66493,52.41214],[8.66523,52.41246],[8.66561,52.41258],[8.66586,52.41309],[8.66596,52.41341],[8.66572,52.41365],[8.6657,52.41396],[8.66588,52.41437],[8.66609,52.41468],[8.66623,52.41479],[8.66647,52.41476],[8.66658,52.41479],[8.66677,52.41531],[8.66658,52.41557],[8.66622,52.41564],[8.66585,52.41581],[8.66553,52.41583],[8.66542,52.41596],[8.66509,52.41607]]}},{"type":"Feature","properties":{"slice":"ura","kind":"weg"},"geometry":{"type":"LineString","coordinates":[[8.65791,52.3928],[8.65821,52.39275],[8.65832,52.39265],[8.65845,52.39263],[8.65869,52.39266],[8.65978,52.39264],[8.65995,52.39269],[8.66025,52.39265],[8.66197,52.39269],[8.66266,52.39261],[8.66281,52.39253],[8.66298,52.39251],[8.66379,52.39246],[8.66472,52.39248],[8.66544,52.39258],[8.66575,52.39275],[8.66659,52.39275],[8.66673,52.39346],[8.66684,52.39373],[8.66695,52.39378],[8.66746,52.39371],[8.66783,52.39357],[8.66828,52.39353],[8.66873,52.3934],[8.67032,52.39314],[8.67068,52.39318],[8.67076,52.39323],[8.67085,52.39345],[8.67095,52.39392],[8.67117,52.39395],[8.67171,52.39422],[8.67182,52.39439],[8.672,52.39446],[8.67218,52.39448],[8.67257,52.39445],[8.6728,52.39448],[8.67287,52.39465],[8.67315,52.39484],[8.67351,52.39485],[8.67381,52.39479],[8.67394,52.3948],[8.67413,52.39526],[8.67451,52.39553],[8.67499,52.39558],[8.67544,52.39579],[8.67604,52.39578],[8.67626,52.39571],[8.67699,52.3957],[8.67744,52.39562],[8.67778,52.39562],[8.6781,52.39598],[8.67796,52.3963],[8.67801,52.39645],[8.67828,52.39663],[8.68059,52.39694],[8.68068,52.397],[8.68073,52.39725],[8.68087,52.39731],[8.68156,52.39733],[8.68169,52.39738],[8.68205,52.39734],[8.68323,52.39742],[8.6839,52.39748],[8.6848,52.39762],[8.68493,52.3977],[8.68516,52.3977],[8.68572,52.3979],[8.68584,52.39802],[8.68585,52.39816],[8.68594,52.39823],[8.68652,52.39821],[8.68699,52.39828],[8.68733,52.39823],[8.68755,52.39829],[8.68823,52.39829],[8.68866,52.39834],[8.68896,52.39847],[8.68991,52.39847],[8.69016,52.39855],[8.69222,52.39854],[8.69261,52.39839],[8.69332,52.39837],[8.69362,52.39831],[8.69394,52.39802],[8.69407,52.39751],[8.69437,52.39742],[8.69466,52.39742],[8.69471,52.39725],[8.69486,52.39717],[8.69519,52.3972],[8.69686,52.39761],[8.69702,52.39774],[8.69684,52.39783],[8.69681,52.3979]]}},{"type":"Feature","properties":{"slice":"ura","kind":"weg"},"geometry":{"type":"LineString","coordinates":[[8.67211,52.35948],[8.67233,52.35969],[8.67232,52.36031],[8.67245,52.36043],[8.67248,52.36062],[8.67247,52.36073],[8.67233,52.36085],[8.67242,52.36174],[8.67225,52.36273],[8.67234,52.36297],[8.67214,52.36335],[8.67177,52.36362],[8.67169,52.36377],[8.67174,52.3639],[8.67202,52.36408],[8.67221,52.36428],[8.67223,52.36442],[8.6721,52.36463],[8.67209,52.36505],[8.67165,52.36549],[8.67137,52.36567],[8.67135,52.36611],[8.67151,52.36639],[8.67159,52.36685],[8.67149,52.36697],[8.67118,52.36714],[8.67121,52.36757],[8.67079,52.36777],[8.67011,52.36791],[8.66961,52.36847],[8.66957,52.36864],[8.66942,52.3687],[8.66904,52.36919],[8.66824,52.36947],[8.66797,52.36974],[8.66798,52.36993],[8.66774,52.36995],[8.66747,52.3701],[8.66711,52.37042],[8.66701,52.37045],[8.66615,52.37029],[8.66569,52.37044],[8.66542,52.37067],[8.66538,52.37088],[8.6647,52.37121],[8.66465,52.37145],[8.66473,52.37158],[8.66455,52.37189],[8.66421,52.37231],[8.66382,52.37247],[8.66336,52.37294],[8.66342,52.3732],[8.66321,52.37337],[8.66319,52.3735],[8.66301,52.37372],[8.66264,52.37402],[8.66234,52.37412],[8.66222,52.37426],[8.66179,52.37455],[8.66146,52.37455]]}},{"type":"Feature","properties":{"slice":"ura","kind":"weg"},"geometry":{"type":"LineString","coordinates":[[8.69296,52.45629],[8.69262,52.4561],[8.69241,52.45583],[8.69216,52.45569],[8.6909,52.45534],[8.69066,52.45518],[8.68948,52.45476],[8.6884,52.45447],[8.68815,52.45434],[8.68791,52.45431],[8.68718,52.45401],[8.68662,52.45384],[8.6863,52.4538],[8.68598,52.45361],[8.68542,52.45343],[8.6851,52.45326],[8.68461,52.45322],[8.68366,52.45325],[8.68276,52.45339],[8.68182,52.45366],[8.68072,52.4539],[8.67881,52.45423],[8.67834,52.4544],[8.67787,52.45442],[8.67667,52.45466],[8.6762,52.45468],[8.67587,52.4546],[8.67534,52.45455],[8.67499,52.45462],[8.67479,52.45454],[8.67459,52.45453],[8.67446,52.45443],[8.67416,52.45438],[8.67315,52.45432],[8.67285,52.45441],[8.67263,52.4544],[8.67214,52.45457],[8.67162,52.45462],[8.6713,52.45481],[8.67074,52.45486],[8.67023,52.45497],[8.66982,52.45497],[8.66892,52.45504],[8.66815,52.455],[8.66783,52.45495],[8.66777,52.45485],[8.66761,52.45476],[8.66728,52.45486],[8.6656,52.45487],[8.66536,52.45499],[8.66521,52.45519],[8.66484,52.45535],[8.66463,52.45535],[8.66422,52.45525],[8.66344,52.45528],[8.66338,52.45546],[8.66304,52.45581],[8.66252,52.45615]]}},{"type":"Feature","properties":{"slice":"ura","kind":"weg"},"geometry":{"type":"LineString","coordinates":[[8.66599,52.22353],[8.66623,52.22367],[8.66639,52.224],[8.66656,52.22411],[8.66659,52.22429],[8.66674,52.22442],[8.667,52.22486],[8.66696,52.22504],[8.66714,52.22537],[8.66707,52.22555],[8.66718,52.22579],[8.66713,52.22592],[8.66733,52.22635],[8.66727,52.22675],[8.66733,52.22689],[8.6673,52.227],[8.66746,52.22719],[8.66745,52.22733],[8.66755,52.22751],[8.66752,52.22763],[8.66793,52.22789],[8.668,52.22805],[8.66819,52.22818],[8.66877,52.22826],[8.66899,52.22835],[8.66895,52.2291],[8.66934,52.22934],[8.66951,52.22992],[8.66935,52.23006],[8.66886,52.23016],[8.66852,52.23033],[8.66848,52.23091],[8.66826,52.2313],[8.66825,52.23165],[8.66834,52.23178],[8.66833,52.23201],[8.66826,52.23212],[8.66826,52.23253],[8.66806,52.23292],[8.66828,52.23317],[8.66828,52.23347]]}},{"type":"Feature","properties":{"slice":"ura","kind":"weg"},"geometry":{"type":"LineString","coordinates":[[8.66686,52.32598],[8.66593,52.32499],[8.66577,52.32491],[8.66565,52.32476],[8.66543,52.32461],[8.66521,52.32433],[8.66508,52.32428],[8.66501,52.32413],[8.66461,52.32382],[8.66429,52.32345],[8.66395,52.32321],[8.66371,52.32289],[8.6636,52.32285],[8.66344,52.32261],[8.66314,52.32234],[8.66303,52.32233]]}},{"type":"Feature","properties":{"slice":"ura","kind":"weg"},"geometry":{"type":"LineString","coordinates":[[8.67101,52.41711],[8.67138,52.41713],[8.67144,52.41728],[8.67132,52.41781],[8.67136,52.4182],[8.67118,52.41857],[8.67107,52.41907],[8.67132,52.42042],[8.67124,52.42055],[8.67124,52.42087],[8.67098,52.42162],[8.67063,52.42214],[8.67063,52.42226],[8.67048,52.42242],[8.67043,52.42259],[8.66998,52.42314],[8.66986,52.42344],[8.66989,52.42357],[8.66959,52.42371],[8.66934,52.42416],[8.66876,52.42577],[8.66855,52.42615],[8.66806,52.42751],[8.66781,52.42799],[8.66775,52.42827],[8.66763,52.42833],[8.66723,52.42822],[8.66701,52.42839],[8.66663,52.42852],[8.66654,52.42867]]}},{"type":"Feature","properties":{"slice":"ura","kind":"weg"},"geometry":{"type":"LineString","coordinates":[[8.66848,52.28805],[8.66896,52.28796],[8.66935,52.28795],[8.66978,52.28787],[8.67027,52.28789],[8.67055,52.28783],[8.67117,52.28796],[8.67131,52.28808],[8.67203,52.28828],[8.67388,52.28858],[8.6741,52.28857],[8.67428,52.28873],[8.6745,52.2888],[8.67733,52.28872],[8.67749,52.28855],[8.67767,52.28855],[8.67877,52.28832],[8.67915,52.2883],[8.68047,52.28763],[8.6812,52.2874],[8.68151,52.28737],[8.68176,52.28719],[8.68195,52.28712],[8.68231,52.287],[8.6825,52.28701],[8.68304,52.28687],[8.68315,52.28676],[8.68337,52.28671],[8.68347,52.28664],[8.68363,52.28663],[8.68391,52.28625],[8.68482,52.28604],[8.68499,52.28597],[8.68544,52.28596],[8.68611,52.28558],[8.68671,52.28546],[8.6872,52.28517],[8.68768,52.28465],[8.68793,52.28449],[8.68836,52.28427],[8.68866,52.28422],[8.68933,52.28394],[8.69038,52.2837],[8.69045,52.28359],[8.69083,52.28339],[8.69106,52.28306],[8.69143,52.28288],[8.69195,52.28272],[8.69235,52.2827],[8.693,52.28242],[8.6942,52.28208],[8.6944,52.28181],[8.6945,52.28155],[8.69499,52.28134],[8.6951,52.2811],[8.6953,52.28096],[8.6957,52.28086],[8.69632,52.28059],[8.69691,52.27986],[8.69722,52.27966],[8.69838,52.27928],[8.69905,52.27928],[8.69922,52.27936],[8.69965,52.27941],[8.7,52.27909],[8.70035,52.27902],[8.70043,52.27891],[8.70057,52.27891],[8.70076,52.279],[8.70094,52.27898],[8.70121,52.27883],[8.70128,52.27875]]}},{"type":"Feature","properties":{"slice":"ura","kind":"weg"},"geometry":{"type":"LineString","coordinates":[[8.66838,52.27695],[8.66812,52.27723],[8.66784,52.27743],[8.66765,52.27803],[8.66767,52.27819],[8.66753,52.27829],[8.66728,52.27913],[8.6672,52.28004],[8.66732,52.28026],[8.66725,52.28046],[8.66728,52.28066],[8.66697,52.28131],[8.66693,52.28167],[8.66697,52.28178],[8.66688,52.28189],[8.6668,52.28298],[8.66652,52.28362],[8.6665,52.28382],[8.66628,52.28424],[8.6663,52.28435],[8.66618,52.28448],[8.66602,52.28515],[8.66606,52.28524],[8.66596,52.28545],[8.66595,52.28573]]}},{"type":"Feature","properties":{"slice":"ura","kind":"weg"},"geometry":{"type":"LineString","coordinates":[[8.66597,52.41629],[8.66633,52.41606],[8.66645,52.41604],[8.66669,52.41611],[8.66735,52.41615],[8.66759,52.41622],[8.66808,52.41628],[8.67002,52.41671],[8.67105,52.41678],[8.67142,52.41692],[8.67144,52.41725],[8.67167,52.41738],[8.67203,52.41734],[8.6722,52.4174],[8.67323,52.41748],[8.67364,52.41756],[8.67372,52.41752],[8.6738,52.41733],[8.6739,52.4173],[8.67542,52.41743],[8.67602,52.41743],[8.67641,52.41752],[8.6766,52.41747],[8.67684,52.41749],[8.67729,52.4176],[8.67772,52.41756],[8.67858,52.41767],[8.67881,52.41763],[8.67918,52.41764],[8.67937,52.41777],[8.67967,52.41777],[8.68014,52.41785],[8.68036,52.41783],[8.68083,52.4179],[8.68137,52.41788],[8.68173,52.41797],[8.68349,52.41798],[8.68422,52.41806],[8.68523,52.41806],[8.68542,52.41811],[8.68579,52.41812],[8.68705,52.41797],[8.68761,52.41786],[8.68819,52.4179],[8.68883,52.41779],[8.68898,52.4177],[8.68933,52.41766],[8.69233,52.41746],[8.69265,52.41735],[8.69373,52.41719],[8.69467,52.41694],[8.69521,52.41693],[8.69574,52.41676],[8.69594,52.41663],[8.69637,52.41658],[8.69729,52.41628],[8.69802,52.41611],[8.69823,52.41594],[8.69851,52.41599],[8.69885,52.41584],[8.69948,52.41584],[8.69984,52.41591],[8.70006,52.41584],[8.70027,52.41584],[8.70062,52.41602],[8.70148,52.41605]]}},{"type":"Feature","properties":{"slice":"ura","kind":"weg"},"geometry":{"type":"LineString","coordinates":[[8.68927,52.40206],[8.68936,52.40214],[8.68932,52.40243],[8.68912,52.40264],[8.68876,52.40288],[8.6885,52.40294],[8.68757,52.40351],[8.68747,52.40371],[8.68731,52.40385],[8.68707,52.40397],[8.68671,52.40406],[8.68668,52.40419],[8.68626,52.40447],[8.68596,52.40458],[8.68523,52.40508],[8.68504,52.40514],[8.68488,52.40531],[8.68433,52.40557],[8.68422,52.40574],[8.68368,52.40606],[8.68347,52.40609],[8.68325,52.40623],[8.6831,52.40641],[8.68257,52.40661],[8.68215,52.40691],[8.68195,52.40696],[8.68096,52.40754],[8.68061,52.40785],[8.68034,52.40794],[8.68002,52.40817],[8.67982,52.4084],[8.67907,52.40878],[8.67865,52.40917],[8.67619,52.41043],[8.6758,52.41068],[8.67566,52.41087],[8.67543,52.41089],[8.67514,52.41112],[8.67444,52.41145],[8.67371,52.4119],[8.67357,52.41212],[8.67257,52.4128],[8.67195,52.41292],[8.67171,52.41313],[8.67092,52.41351],[8.67036,52.41367],[8.67021,52.41381],[8.66956,52.41416],[8.66847,52.41462],[8.66791,52.41491],[8.66754,52.415]]}},{"type":"Feature","properties":{"slice":"ura","kind":"weg"},"geometry":{"type":"LineString","coordinates":[[8.66651,52.34901],[8.66618,52.349],[8.66601,52.34859],[8.66582,52.3484],[8.66489,52.34681],[8.66457,52.34636],[8.66453,52.34619],[8.66438,52.34608],[8.66441,52.34597],[8.66429,52.34564],[8.66377,52.34491],[8.66354,52.34485],[8.66343,52.34473],[8.66331,52.34442],[8.66338,52.3442],[8.66318,52.34377],[8.66299,52.3437],[8.66292,52.3436],[8.66306,52.34332],[8.66302,52.34314],[8.6629,52.34302],[8.66286,52.34286],[8.66249,52.3426],[8.66255,52.34241],[8.66243,52.34203],[8.66201,52.34195],[8.66179,52.34175],[8.66158,52.34171],[8.66143,52.34154],[8.66098,52.34157],[8.66093,52.3414],[8.6607,52.34119],[8.66033,52.34116],[8.66004,52.34096],[8.65961,52.34097],[8.65951,52.34091],[8.65943,52.33977],[8.65908,52.33889],[8.65875,52.33765],[8.65897,52.33753],[8.65904,52.33731],[8.65948,52.33702],[8.6607,52.33676],[8.66109,52.33663],[8.66132,52.33667],[8.66169,52.33659],[8.66205,52.33631],[8.66233,52.33622],[8.66261,52.3362],[8.66296,52.3361],[8.66323,52.33588],[8.66353,52.33583],[8.66363,52.33563],[8.66385,52.33548],[8.6639,52.33537],[8.66415,52.33522],[8.66424,52.33507],[8.66451,52.33489],[8.66476,52.33456],[8.66543,52.33394],[8.66534,52.33373],[8.66542,52.33357],[8.66568,52.3332],[8.66589,52.33311],[8.66589,52.33298],[8.66624,52.33283],[8.6666,52.33239],[8.66652,52.332],[8.66666,52.3319],[8.6667,52.33169],[8.66704,52.33146],[8.66714,52.3313],[8.66712,52.33101],[8.66738,52.32979],[8.66761,52.3278],[8.66778,52.32741],[8.66777,52.3271],[8.66768,52.3269]]}},{"type":"Feature","properties":{"slice":"ura","kind":"weg"},"geometry":{"type":"LineString","coordinates":[[8.66684,52.31057],[8.66678,52.31114],[8.66691,52.31255],[8.66724,52.31339],[8.66728,52.31383],[8.66759,52.31491],[8.66766,52.31571],[8.66783,52.31584],[8.66813,52.31583],[8.66849,52.31605],[8.66851,52.31632],[8.66864,52.31647],[8.66851,52.31672],[8.66854,52.31738]]}},{"type":"Feature","properties":{"slice":"ura","kind":"weg"},"geometry":{"type":"LineString","coordinates":[[8.68934,52.30528],[8.68843,52.3054],[8.68793,52.30557],[8.68671,52.30619],[8.68592,52.30635],[8.68514,52.30642],[8.68437,52.3067],[8.68343,52.30695],[8.68323,52.30707],[8.683,52.30713],[8.68261,52.30737],[8.68203,52.3076],[8.68165,52.30768],[8.68079,52.30776],[8.68023,52.30791],[8.67881,52.30836],[8.67827,52.3086],[8.67705,52.30897],[8.67486,52.30941],[8.67343,52.30955],[8.67233,52.30952],[8.67211,52.30961]]}},{"type":"Feature","properties":{"slice":"ura","kind":"weg"},"geometry":{"type":"LineString","coordinates":[[8.66849,52.32152],[8.66847,52.32213],[8.66828,52.3224],[8.6683,52.32291],[8.66803,52.32438],[8.66769,52.32515],[8.66732,52.32579],[8.66704,52.32613],[8.66762,52.3267],[8.66768,52.32686]]}},{"type":"Feature","properties":{"slice":"ura","kind":"weg"},"geometry":{"type":"LineString","coordinates":[[8.67576,52.23714],[8.67564,52.23712],[8.6751,52.23676],[8.67491,52.23671],[8.67326,52.23696],[8.6724,52.23696],[8.67044,52.23681],[8.67005,52.23684]]}},{"type":"Feature","properties":{"slice":"ura","kind":"weg"},"geometry":{"type":"LineString","coordinates":[[8.67492,52.35631],[8.67499,52.35623],[8.67488,52.35584],[8.67473,52.35575],[8.67446,52.3554],[8.67444,52.35522],[8.6742,52.35507],[8.67396,52.35474],[8.67388,52.35452],[8.67393,52.35435],[8.67366,52.3542],[8.67284,52.35425]]}},{"type":"Feature","properties":{"slice":"ura","kind":"weg"},"geometry":{"type":"LineString","coordinates":[[8.70098,52.27384],[8.70093,52.27363],[8.69894,52.27343],[8.69725,52.273],[8.69684,52.27295],[8.69619,52.27295],[8.69556,52.273]]}},{"type":"Feature","properties":{"slice":"ura","kind":"weg"},"geometry":{"type":"LineString","coordinates":[[8.68112,52.27359],[8.68047,52.27345],[8.6801,52.27325],[8.68006,52.273],[8.67993,52.27284],[8.67933,52.27274],[8.67838,52.27278],[8.67776,52.27275],[8.67731,52.27271],[8.67647,52.27254],[8.67597,52.27256]]}},{"type":"Feature","properties":{"slice":"ura","kind":"weg"},"geometry":{"type":"LineString","coordinates":[[8.67526,52.3566],[8.67538,52.35675],[8.67558,52.35683],[8.6756,52.35716],[8.67571,52.35735],[8.6759,52.35751],[8.6761,52.35791],[8.67628,52.35797],[8.67627,52.35816],[8.6764,52.35827],[8.67646,52.35846],[8.67658,52.35854],[8.67679,52.35901],[8.67769,52.3595],[8.67771,52.35971],[8.6779,52.35999],[8.67802,52.36037],[8.67825,52.36051],[8.6784,52.36072],[8.67841,52.36089],[8.67887,52.36137],[8.67885,52.36167],[8.67855,52.36242],[8.67864,52.36256],[8.67841,52.36283],[8.67838,52.36314],[8.67859,52.36361],[8.67913,52.3644],[8.67933,52.36487],[8.67945,52.36502],[8.67964,52.36511],[8.67973,52.36526],[8.6799,52.36535],[8.67996,52.36551],[8.68016,52.36559],[8.6802,52.36571],[8.68052,52.3661],[8.68075,52.36658],[8.68119,52.36682],[8.68138,52.36718],[8.68173,52.36746],[8.68192,52.36784],[8.6822,52.36807],[8.68217,52.36832],[8.68223,52.36846],[8.68268,52.36899],[8.68283,52.36904],[8.68313,52.36934],[8.68319,52.36959],[8.68371,52.37008],[8.68401,52.37025],[8.68415,52.3704],[8.68417,52.37053],[8.68469,52.37104],[8.68498,52.37124],[8.68484,52.37142],[8.68483,52.37159],[8.68493,52.37175],[8.68482,52.37185],[8.68484,52.37273],[8.68497,52.3728],[8.68536,52.37281],[8.68555,52.37286],[8.68677,52.37288],[8.68745,52.37348],[8.68758,52.37375],[8.6879,52.37396],[8.68799,52.37418],[8.68844,52.37446],[8.68873,52.37475],[8.68892,52.37504],[8.68938,52.37525]]}},{"type":"Feature","properties":{"slice":"ura","kind":"weg"},"geometry":{"type":"LineString","coordinates":[[8.67589,52.26858],[8.67601,52.26839],[8.67703,52.26757],[8.67744,52.26715],[8.67746,52.26705],[8.67765,52.26683],[8.67791,52.26669],[8.67799,52.26648],[8.67796,52.26637],[8.67811,52.26627],[8.67824,52.26582],[8.67883,52.26547],[8.67893,52.26524],[8.6793,52.26499],[8.67932,52.26477],[8.67947,52.2647],[8.67962,52.26445],[8.67978,52.26435],[8.67981,52.26415],[8.68,52.26405],[8.68012,52.26385],[8.68029,52.26381],[8.68072,52.2639],[8.68128,52.26395],[8.68207,52.26408],[8.68257,52.26422],[8.68345,52.26405],[8.68358,52.26395],[8.6839,52.26394],[8.68441,52.26375],[8.6848,52.26353],[8.68604,52.26304],[8.6863,52.26299],[8.68667,52.2628],[8.68752,52.26258],[8.68821,52.26248],[8.68858,52.26235],[8.68892,52.26242],[8.68918,52.26237],[8.68958,52.26239],[8.68982,52.26227],[8.69,52.26223],[8.69021,52.262],[8.69075,52.26176],[8.69111,52.26148],[8.69134,52.26142],[8.69169,52.26122],[8.69203,52.26118],[8.69251,52.26072],[8.69261,52.26054],[8.69282,52.26044],[8.69346,52.25975],[8.6936,52.25965],[8.69379,52.25961],[8.69387,52.25931],[8.69408,52.25915],[8.69422,52.25889],[8.69393,52.25592],[8.69401,52.25588],[8.69435,52.25587],[8.69451,52.25577],[8.69461,52.25563],[8.69499,52.25548],[8.6959,52.25544]]}},{"type":"Feature","properties":{"slice":"ura","kind":"weg"},"geometry":{"type":"LineString","coordinates":[[8.70052,52.23653],[8.70072,52.23641],[8.70075,52.23632],[8.70031,52.23614],[8.6998,52.2361],[8.69915,52.23589],[8.69819,52.2358],[8.69686,52.23546],[8.69656,52.23541],[8.69613,52.23524],[8.69589,52.2352],[8.69572,52.23506],[8.69478,52.23493],[8.69443,52.23482],[8.69426,52.2347],[8.69377,52.23461],[8.69351,52.23449],[8.69143,52.23382],[8.68982,52.23347],[8.68922,52.23328],[8.68903,52.23328],[8.68836,52.23304],[8.68705,52.23296],[8.68611,52.233],[8.68571,52.23308],[8.68552,52.2336],[8.6854,52.23367],[8.68519,52.23371],[8.68487,52.2339],[8.68496,52.23436],[8.68482,52.2345],[8.68443,52.23461],[8.68409,52.23461],[8.68386,52.23482],[8.68332,52.23502],[8.68299,52.23526],[8.68255,52.23533],[8.68122,52.23542],[8.68106,52.23537],[8.6805,52.23549],[8.68039,52.23563],[8.68024,52.23568],[8.68001,52.23591],[8.67993,52.23603],[8.67997,52.2362],[8.67979,52.23641],[8.67962,52.23656],[8.67935,52.23666],[8.6792,52.23679],[8.67918,52.23705],[8.67877,52.23725],[8.67877,52.23797],[8.67833,52.23832],[8.67786,52.23839]]}},{"type":"Feature","properties":{"slice":"ura","kind":"weg"},"geometry":{"type":"LineString","coordinates":[[8.67897,52.23975],[8.67929,52.23964],[8.68014,52.23971],[8.68055,52.23982],[8.68083,52.23982],[8.68205,52.24018],[8.68237,52.24021],[8.68274,52.24046],[8.68328,52.24067],[8.68432,52.24089],[8.68446,52.24102],[8.68465,52.24109],[8.68472,52.24151],[8.68537,52.2417]]}},{"type":"Feature","properties":{"slice":"ura","kind":"weg"},"geometry":{"type":"LineString","coordinates":[[8.68402,52.35739],[8.6846,52.3573],[8.68484,52.3571],[8.68559,52.35739],[8.686,52.35739],[8.68634,52.35748],[8.68654,52.35745],[8.68675,52.35758],[8.68806,52.35763],[8.68838,52.35769],[8.68866,52.35764],[8.68898,52.3577],[8.68924,52.35764],[8.68943,52.35766],[8.68969,52.35777],[8.69008,52.35779],[8.69083,52.3578],[8.69102,52.35771],[8.69145,52.3578],[8.69175,52.35769],[8.69205,52.35772],[8.69246,52.35786],[8.69285,52.35788],[8.69306,52.35798],[8.69336,52.35801],[8.69407,52.35795],[8.69497,52.35799],[8.69585,52.35783],[8.69604,52.35786],[8.69656,52.35773],[8.69664,52.35764],[8.69705,52.35753],[8.69757,52.3575],[8.69776,52.35737],[8.69823,52.35735],[8.69849,52.35726],[8.69905,52.35718],[8.69967,52.35704],[8.70006,52.35703],[8.70072,52.35716],[8.70091,52.35726],[8.70154,52.35726],[8.70188,52.35733],[8.70208,52.35731]]}},{"type":"Feature","properties":{"slice":"ura","kind":"weg"},"geometry":{"type":"LineString","coordinates":[[8.68593,52.24151],[8.68615,52.24145],[8.68641,52.24147],[8.68661,52.24141],[8.68671,52.24132],[8.68696,52.24138],[8.68703,52.24173],[8.68736,52.24222],[8.68745,52.24268],[8.6874,52.24302],[8.68752,52.24317],[8.68745,52.24345],[8.68752,52.2437],[8.68728,52.24394],[8.68744,52.24441],[8.68742,52.24471],[8.687,52.24521],[8.68692,52.24587],[8.68702,52.24597]]}},{"type":"Feature","properties":{"slice":"ura","kind":"weg"},"geometry":{"type":"LineString","coordinates":[[8.69138,52.2507],[8.69177,52.25077],[8.69237,52.25097],[8.69317,52.25134],[8.69409,52.25167],[8.69459,52.25199],[8.69501,52.25295],[8.69525,52.25385],[8.69516,52.25396],[8.69487,52.25408],[8.69485,52.25441],[8.69469,52.25454],[8.69464,52.25466],[8.69442,52.25471],[8.69412,52.25492]]}},{"type":"Feature","properties":{"slice":"ura","kind":"weg"},"geometry":{"type":"LineString","coordinates":[[8.68927,52.40206],[8.68963,52.40215],[8.68984,52.40228],[8.69,52.40221],[8.69026,52.402],[8.69068,52.40189],[8.69118,52.40161],[8.69131,52.4014],[8.69216,52.40088],[8.69259,52.40071],[8.69288,52.40047],[8.6931,52.4004],[8.6933,52.40022],[8.69368,52.40006],[8.69378,52.39991],[8.69403,52.39974],[8.69483,52.39922],[8.69509,52.39912],[8.69515,52.39887],[8.69549,52.39845],[8.69581,52.39834],[8.69592,52.39821],[8.69619,52.39812],[8.69668,52.39829]]}},{"type":"Feature","properties":{"slice":"ura","kind":"weg"},"geometry":{"type":"LineString","coordinates":[[8.68932,52.37526],[8.68946,52.37531],[8.68971,52.37551],[8.68979,52.37574],[8.6904,52.37621],[8.69074,52.37635],[8.69095,52.37649],[8.69124,52.37676],[8.69155,52.37696],[8.6916,52.37706],[8.69274,52.37784],[8.69336,52.37838],[8.69359,52.37849],[8.69441,52.37963],[8.69451,52.3797],[8.69469,52.38004],[8.69488,52.38017],[8.69488,52.38029],[8.69526,52.38083],[8.69545,52.38096],[8.69601,52.38176],[8.69617,52.38183],[8.69657,52.38229],[8.69681,52.38276],[8.69684,52.38297],[8.69708,52.38312],[8.6971,52.38334],[8.69725,52.38352],[8.69738,52.38357],[8.69749,52.38369],[8.69749,52.38384],[8.69767,52.38411],[8.6979,52.38419],[8.69811,52.38458],[8.69812,52.38474],[8.69853,52.38515],[8.69858,52.38537],[8.69872,52.38561],[8.69889,52.38575],[8.69894,52.38593],[8.69925,52.3863],[8.69964,52.38693],[8.69992,52.38713],[8.69998,52.38743],[8.70033,52.38771],[8.70037,52.38796],[8.70051,52.38817],[8.70083,52.38843],[8.70076,52.38855],[8.70089,52.38867],[8.70116,52.38922],[8.70199,52.39035],[8.70212,52.39041],[8.70213,52.39056],[8.70266,52.39128]]}},{"type":"Feature","properties":{"slice":"ura","kind":"weg"},"geometry":{"type":"LineString","coordinates":[[8.70184,52.45868],[8.70189,52.45843],[8.70182,52.4583],[8.70087,52.45807],[8.70059,52.45808],[8.69954,52.45793],[8.69924,52.45793],[8.6989,52.45783],[8.69752,52.45766],[8.6974,52.45758],[8.69632,52.45719],[8.6957,52.45686],[8.69549,52.45684],[8.69518,52.45655],[8.69499,52.45649],[8.69484,52.45656],[8.69443,52.45658],[8.69431,52.45665],[8.69398,52.45664],[8.69345,52.45675],[8.69291,52.45699],[8.69272,52.45725]]}},{"type":"Feature","properties":{"slice":"ura","kind":"weg"},"geometry":{"type":"LineString","coordinates":[[8.69822,52.25403],[8.69838,52.25395],[8.69872,52.25391],[8.69877,52.25374],[8.69873,52.25354],[8.69879,52.25346],[8.69939,52.25334],[8.69933,52.25313],[8.69946,52.25301],[8.69938,52.25286],[8.69961,52.25199],[8.69965,52.25131],[8.69974,52.25116],[8.6997,52.25104],[8.69983,52.25073],[8.70026,52.25016],[8.70027,52.25007],[8.70047,52.24985],[8.70104,52.24989],[8.70114,52.24985]]}},{"type":"Feature","properties":{"slice":"ura","kind":"weg"},"geometry":{"type":"LineString","coordinates":[[8.70051,52.27859],[8.70059,52.27836],[8.70074,52.27825],[8.70152,52.278],[8.70186,52.2777],[8.70205,52.27768],[8.70222,52.27758],[8.70242,52.27755],[8.7023,52.27699],[8.70244,52.27683],[8.70315,52.27642],[8.70424,52.27612],[8.70493,52.27587],[8.70527,52.27567],[8.70596,52.27546],[8.70613,52.27547],[8.70628,52.27555],[8.70665,52.27581],[8.70667,52.27591]]}},{"type":"Feature","properties":{"slice":"ura","kind":"weg"},"geometry":{"type":"LineString","coordinates":[[8.70995,52.29853],[8.7099,52.29858],[8.70948,52.29862],[8.70885,52.29857],[8.70859,52.29862],[8.70853,52.29878],[8.70815,52.29902],[8.70716,52.29952],[8.70609,52.29999],[8.70521,52.3002],[8.70443,52.30034],[8.70413,52.30035],[8.7018,52.30078]]}},{"type":"Feature","properties":{"slice":"ura","kind":"weg"},"geometry":{"type":"LineString","coordinates":[[8.70045,52.35699],[8.70027,52.35682],[8.70066,52.35656],[8.70109,52.35639],[8.70124,52.35626],[8.70198,52.35591],[8.70225,52.35571],[8.70254,52.3556],[8.70271,52.35544],[8.7031,52.35529],[8.70348,52.35501],[8.7039,52.35488],[8.70417,52.35463],[8.70449,52.35446],[8.70518,52.35419],[8.70529,52.35405],[8.70546,52.35402],[8.706,52.35374],[8.70611,52.3536],[8.70636,52.35356],[8.70639,52.35346],[8.70655,52.35334],[8.70688,52.35323],[8.70814,52.35229],[8.70923,52.35167],[8.70963,52.35138],[8.71014,52.35113],[8.71038,52.35091],[8.71072,52.35075],[8.71093,52.35056],[8.71125,52.35042],[8.71132,52.3503],[8.71198,52.35],[8.71215,52.3498],[8.71244,52.34969],[8.71267,52.34969],[8.71336,52.34957],[8.71418,52.34936],[8.7151,52.34928],[8.71587,52.34916],[8.71611,52.34907],[8.71652,52.34929],[8.71647,52.34951],[8.71663,52.3497]]}},{"type":"Feature","properties":{"slice":"ura","kind":"weg"},"geometry":{"type":"LineString","coordinates":[[8.70052,52.38846],[8.7007,52.38848],[8.70088,52.38866],[8.70116,52.38922],[8.70199,52.39035],[8.70212,52.39041],[8.70213,52.39056],[8.70255,52.39116],[8.7028,52.39136],[8.70283,52.39158],[8.70303,52.39183],[8.70317,52.39189],[8.70314,52.392],[8.70355,52.39257],[8.7038,52.39277],[8.70387,52.39303],[8.70405,52.39312],[8.7043,52.39355],[8.7043,52.39365],[8.70453,52.3939],[8.70466,52.3942],[8.70499,52.39442],[8.70503,52.39471],[8.70548,52.39526]]}},{"type":"Feature","properties":{"slice":"ura","kind":"weg"},"geometry":{"type":"LineString","coordinates":[[8.70052,52.39614],[8.70072,52.39568],[8.70087,52.39556],[8.70445,52.39416],[8.70462,52.39417],[8.70498,52.39441],[8.70503,52.39471],[8.70519,52.39485],[8.70518,52.39494],[8.70548,52.3952],[8.70552,52.3954],[8.70535,52.39564]]}},{"type":"Feature","properties":{"slice":"ura","kind":"weg"},"geometry":{"type":"LineString","coordinates":[[8.70086,52.2488],[8.70101,52.24876],[8.70114,52.24854],[8.70133,52.24851],[8.7014,52.24842],[8.70147,52.24804],[8.70126,52.2473],[8.70147,52.24676],[8.7016,52.24667],[8.70163,52.24655],[8.70182,52.24634],[8.70212,52.24616],[8.70248,52.24606],[8.70308,52.24557],[8.70327,52.24533],[8.7035,52.24521],[8.70365,52.245],[8.70371,52.24444],[8.70381,52.24407],[8.70394,52.24388],[8.70402,52.24328],[8.70419,52.24287],[8.70409,52.24271],[8.70435,52.2421]]}},{"type":"Feature","properties":{"slice":"ura","kind":"weg"},"geometry":{"type":"LineString","coordinates":[[8.71067,52.29522],[8.71053,52.29527],[8.70989,52.29527],[8.70966,52.29545],[8.70961,52.29556],[8.70948,52.29561],[8.70943,52.29571],[8.70927,52.29577],[8.70922,52.29584],[8.70908,52.29587],[8.70903,52.29601],[8.70881,52.29609],[8.70825,52.29609],[8.70793,52.29624],[8.70729,52.29631],[8.70703,52.29649],[8.70654,52.29669],[8.70636,52.29669],[8.70619,52.29663],[8.70562,52.29667],[8.70536,52.29692],[8.70508,52.29701],[8.7048,52.29719],[8.70458,52.29718],[8.70439,52.29725],[8.70405,52.2972],[8.70375,52.29751],[8.7034,52.29776],[8.70338,52.2979],[8.7035,52.29819],[8.70339,52.29826],[8.70321,52.29858],[8.70306,52.29862],[8.70215,52.29861]]}},{"type":"Feature","properties":{"slice":"ura","kind":"weg"},"geometry":{"type":"LineString","coordinates":[[8.70097,52.4151],[8.70145,52.4151],[8.70182,52.41488],[8.7025,52.41487],[8.70285,52.41479],[8.70356,52.41451],[8.70375,52.41448],[8.70388,52.41438],[8.70422,52.41425],[8.70452,52.41418],[8.70476,52.41417],[8.70581,52.41389],[8.70611,52.41376],[8.70628,52.41381],[8.70643,52.41376],[8.70694,52.41381],[8.70746,52.414],[8.70762,52.41401],[8.70767,52.41415],[8.70802,52.41409],[8.70845,52.41423],[8.70889,52.41427],[8.70933,52.4145],[8.70983,52.41465],[8.71023,52.41485],[8.71041,52.41496],[8.71056,52.41514],[8.71124,52.41551],[8.71159,52.41587],[8.71162,52.41611],[8.7119,52.4164],[8.71192,52.41708],[8.71205,52.41724],[8.71239,52.41743],[8.71246,52.41764],[8.71353,52.41806],[8.7136,52.4183],[8.7146,52.41861],[8.7149,52.41854],[8.71533,52.41873],[8.71544,52.41883]]}},{"type":"Feature","properties":{"slice":"ura","kind":"weg"},"geometry":{"type":"LineString","coordinates":[[8.70101,52.27384],[8.7012,52.27369],[8.70132,52.27368],[8.7025,52.27396],[8.7043,52.27426],[8.70533,52.27457],[8.70566,52.2746],[8.70581,52.27475],[8.70629,52.27496],[8.70635,52.27514]]}},{"type":"Feature","properties":{"slice":"ura","kind":"weg"},"geometry":{"type":"LineString","coordinates":[[8.70543,52.26809],[8.70565,52.26795],[8.70567,52.26788],[8.70505,52.26688],[8.70493,52.26654],[8.70476,52.26549],[8.70428,52.2648],[8.70414,52.26436],[8.7041,52.26399],[8.70343,52.26294],[8.70339,52.26269],[8.7032,52.26227],[8.70322,52.2622],[8.70345,52.26205],[8.70349,52.26193],[8.70351,52.26147],[8.70327,52.26076],[8.70334,52.26015],[8.70325,52.26002],[8.70324,52.2597],[8.70315,52.25957],[8.70321,52.2594],[8.70311,52.25925],[8.70272,52.25819],[8.70255,52.25682],[8.70246,52.25656],[8.70228,52.25651]]}},{"type":"Feature","properties":{"slice":"ura","kind":"weg"},"geometry":{"type":"LineString","coordinates":[[8.70137,52.30429],[8.70128,52.304],[8.70132,52.30389],[8.70201,52.30391],[8.70327,52.30384],[8.70347,52.30392],[8.70439,52.30384],[8.70465,52.30385],[8.70482,52.30375],[8.70527,52.30376],[8.70604,52.30388],[8.70675,52.30413],[8.707,52.30432],[8.70726,52.30437],[8.70739,52.30446],[8.70761,52.30445],[8.70776,52.30454],[8.70842,52.30468],[8.70952,52.30506],[8.71201,52.30577],[8.71267,52.30601],[8.71347,52.30621],[8.71366,52.30632],[8.71394,52.30636],[8.71432,52.30673],[8.71437,52.30688],[8.71511,52.30786],[8.71629,52.30854],[8.71654,52.30861],[8.71694,52.30884],[8.71727,52.30895],[8.71821,52.30881],[8.71937,52.30873],[8.72001,52.30873],[8.72035,52.3088],[8.72059,52.30903],[8.721,52.30921],[8.72128,52.30929],[8.72194,52.30931],[8.72298,52.3088],[8.72323,52.30878],[8.72335,52.30885],[8.72345,52.30925],[8.72356,52.30933],[8.72367,52.30963],[8.72407,52.30985],[8.72475,52.30997],[8.7249,52.30995],[8.7252,52.30968],[8.72617,52.30994],[8.72651,52.30992],[8.72714,52.30967],[8.72741,52.30973],[8.7278,52.30962],[8.72793,52.3095],[8.72857,52.30934],[8.72879,52.30913],[8.72958,52.30916],[8.72982,52.30913],[8.73008,52.30903],[8.73089,52.30897],[8.73179,52.30906],[8.73299,52.30902],[8.73334,52.30907],[8.73353,52.30919],[8.73362,52.30933],[8.73356,52.30948],[8.7337,52.3098],[8.73405,52.31004],[8.73435,52.31006],[8.73457,52.31017],[8.73462,52.31008],[8.73458,52.30974],[8.73469,52.30962],[8.73591,52.30965],[8.73643,52.3097],[8.73677,52.30968],[8.73707,52.30959],[8.73758,52.30962],[8.73791,52.30988],[8.73795,52.3101],[8.73826,52.31015]]}},{"type":"Feature","properties":{"slice":"ura","kind":"weg"},"geometry":{"type":"LineString","coordinates":[[8.70366,52.23824],[8.70381,52.23808],[8.70388,52.2375],[8.70379,52.23725],[8.7038,52.23609],[8.70341,52.2336],[8.70354,52.23345],[8.70353,52.23315],[8.7035,52.23307],[8.70331,52.23298],[8.70329,52.23249],[8.7031,52.23153],[8.70344,52.23143],[8.70348,52.23117],[8.70374,52.23113],[8.70379,52.23103],[8.70371,52.23074],[8.70357,52.23059],[8.70368,52.23039],[8.70352,52.23017],[8.70367,52.23002],[8.70362,52.22992],[8.70377,52.22978],[8.70371,52.22964],[8.70375,52.22923],[8.70382,52.22913],[8.70357,52.22884],[8.7036,52.22855],[8.70375,52.2284],[8.70393,52.22796],[8.70394,52.22765],[8.70407,52.22733],[8.70456,52.22651],[8.7051,52.22631],[8.70531,52.22628],[8.7054,52.22617],[8.7058,52.22596],[8.70573,52.22575],[8.70598,52.22555],[8.70612,52.22524],[8.70611,52.22445],[8.70601,52.22424],[8.70594,52.22369],[8.70604,52.22345],[8.706,52.22335],[8.70587,52.22326],[8.70583,52.22283],[8.70593,52.22148],[8.70627,52.2211],[8.70688,52.22071],[8.70759,52.21984],[8.70778,52.21974],[8.70839,52.21959],[8.70881,52.21956],[8.70918,52.2196],[8.70943,52.21955],[8.70955,52.21931],[8.70965,52.21863],[8.70988,52.21861],[8.71025,52.2187],[8.71038,52.21866],[8.71069,52.21794],[8.71048,52.2177],[8.71047,52.2174],[8.71033,52.21722],[8.71036,52.21694],[8.71053,52.21646],[8.71075,52.2162],[8.71123,52.21616],[8.71135,52.21606],[8.71136,52.21592],[8.71161,52.21581],[8.71165,52.21551],[8.71208,52.21506],[8.71226,52.21469],[8.71244,52.2145],[8.71261,52.21443],[8.71315,52.21449],[8.71392,52.2149]]}},{"type":"Feature","properties":{"slice":"ura","kind":"weg"},"geometry":{"type":"LineString","coordinates":[[8.70423,52.24031],[8.70437,52.24006],[8.70424,52.23995],[8.70425,52.2399],[8.70439,52.23981],[8.70484,52.23965],[8.70506,52.23975],[8.70551,52.23978],[8.70576,52.23984],[8.70609,52.24001],[8.70632,52.24007],[8.70645,52.24018],[8.70699,52.24026],[8.70813,52.24074],[8.70864,52.24155],[8.70875,52.24208]]}},{"type":"Feature","properties":{"slice":"ura","kind":"weg"},"geometry":{"type":"LineString","coordinates":[[8.70532,52.3951],[8.70548,52.3952],[8.70551,52.39548],[8.70563,52.39568],[8.70601,52.39604],[8.70601,52.39619],[8.70617,52.39632],[8.70622,52.39647],[8.70647,52.39667],[8.70676,52.39715],[8.70696,52.39731],[8.70693,52.39747],[8.7072,52.39773],[8.7072,52.39786],[8.7074,52.39797],[8.7074,52.39807],[8.70753,52.39819],[8.70758,52.39843],[8.70798,52.39885],[8.70796,52.39924],[8.70823,52.39954],[8.70829,52.39985],[8.70843,52.4001]]}},{"type":"Feature","properties":{"slice":"ura","kind":"weg"},"geometry":{"type":"LineString","coordinates":[[8.71066,52.27338],[8.71066,52.27328],[8.7104,52.27277],[8.70968,52.27203],[8.70957,52.27162],[8.70945,52.27149],[8.70937,52.27112],[8.70927,52.27103],[8.70908,52.27101],[8.70848,52.27036],[8.70621,52.26858]]}},{"type":"Feature","properties":{"slice":"ura","kind":"weg"},"geometry":{"type":"LineString","coordinates":[[8.70574,52.39444],[8.70581,52.39423],[8.70604,52.39415],[8.70641,52.39411],[8.70658,52.39392],[8.70778,52.39346],[8.7081,52.39329],[8.70973,52.39267],[8.71001,52.39266],[8.71033,52.39255],[8.71138,52.39213],[8.71184,52.39193],[8.71199,52.39178],[8.71244,52.39152],[8.71263,52.3915],[8.71334,52.39124],[8.7136,52.39122],[8.71385,52.39112],[8.71392,52.39099],[8.71428,52.39081],[8.71473,52.39074],[8.71487,52.39058],[8.7154,52.39039],[8.71563,52.39036],[8.71578,52.39022],[8.71819,52.38995],[8.71857,52.38998],[8.71875,52.38991],[8.71909,52.38988],[8.71939,52.38995],[8.71993,52.38989],[8.72023,52.38976],[8.72102,52.3897],[8.72136,52.38954],[8.72164,52.38952],[8.72211,52.38933],[8.72244,52.38917],[8.72282,52.38884],[8.72311,52.38878],[8.72332,52.38864],[8.7235,52.38859],[8.72428,52.38822],[8.72447,52.3882],[8.72463,52.38809],[8.72505,52.38816],[8.72542,52.38851],[8.72554,52.38855]]}},{"type":"Feature","properties":{"slice":"ura","kind":"weg"},"geometry":{"type":"LineString","coordinates":[[8.70912,52.24143],[8.70926,52.24136],[8.70937,52.24137],[8.70957,52.24156],[8.70971,52.24162],[8.70992,52.24161],[8.71,52.24149],[8.71023,52.24144],[8.71106,52.24164],[8.71132,52.24164],[8.71147,52.24176],[8.71319,52.24228],[8.71457,52.24256],[8.71503,52.2427],[8.71529,52.24272],[8.71555,52.24285],[8.71583,52.24289],[8.71733,52.2433],[8.71945,52.24378],[8.72046,52.24393],[8.72108,52.24396],[8.72162,52.24406],[8.72203,52.24402],[8.72323,52.24421],[8.72366,52.24418],[8.72415,52.24423],[8.72472,52.24448],[8.72493,52.24463],[8.7255,52.24484],[8.72574,52.24487],[8.72579,52.245],[8.72621,52.24518],[8.72664,52.24529],[8.72769,52.24573],[8.72792,52.24576],[8.72802,52.24586],[8.72844,52.24596],[8.72859,52.24608],[8.729,52.24617],[8.72952,52.24642],[8.7299,52.2465],[8.73027,52.24673],[8.73084,52.24686],[8.73108,52.24703],[8.73134,52.24709],[8.73153,52.2472],[8.73184,52.24726],[8.73204,52.2474],[8.73234,52.24748],[8.73327,52.24791],[8.73371,52.24804],[8.73375,52.24815],[8.73367,52.24838],[8.73355,52.24848],[8.73358,52.24863],[8.73419,52.24883],[8.73422,52.24896],[8.73467,52.24945],[8.73574,52.24996],[8.73613,52.25005],[8.7366,52.24998],[8.73791,52.24998],[8.73864,52.2501],[8.73896,52.25024],[8.7392,52.25027],[8.73953,52.25054],[8.73988,52.25115],[8.73993,52.25135],[8.73983,52.25152]]}},{"type":"Feature","properties":{"slice":"ura","kind":"weg"},"geometry":{"type":"LineString","coordinates":[[8.72215,52.29948],[8.72189,52.29929],[8.72159,52.29882],[8.72161,52.29862],[8.72151,52.29858],[8.71982,52.29857],[8.71958,52.29862],[8.71924,52.29857],[8.71782,52.29862],[8.71739,52.29858],[8.71724,52.29865],[8.71707,52.2986],[8.71658,52.29859],[8.71572,52.29859],[8.71548,52.29862],[8.71516,52.29858],[8.71274,52.29857],[8.71227,52.29862],[8.71171,52.29857],[8.71124,52.29861],[8.71115,52.29874],[8.71063,52.29901],[8.71039,52.2992],[8.71018,52.29923],[8.71027,52.29948]]}},{"type":"Feature","properties":{"slice":"ura","kind":"weg"},"geometry":{"type":"LineString","coordinates":[[8.71029,52.29817],[8.71032,52.2983],[8.7107,52.29835],[8.7113,52.29859],[8.71171,52.29857],[8.71229,52.29862],[8.71272,52.29857],[8.71366,52.29857],[8.71412,52.29828],[8.71403,52.29807],[8.71419,52.29794],[8.71422,52.29773],[8.71435,52.29766],[8.71617,52.29735],[8.71727,52.2971],[8.71943,52.2964],[8.72018,52.29639],[8.72051,52.29627],[8.72087,52.29601],[8.72156,52.29603],[8.72193,52.29584],[8.72254,52.29571],[8.72337,52.29526],[8.7242,52.29456],[8.72457,52.29443],[8.72544,52.29441],[8.7259,52.29465]]}},{"type":"Feature","properties":{"slice":"ura","kind":"weg"},"geometry":{"type":"LineString","coordinates":[[8.71191,52.27528],[8.71189,52.27552],[8.71216,52.27569],[8.71245,52.27605],[8.71255,52.27628],[8.71278,52.27633],[8.71316,52.27653],[8.71321,52.27664],[8.71375,52.27686],[8.71397,52.27707],[8.71409,52.27787],[8.71403,52.27803],[8.71381,52.27829],[8.71385,52.27867],[8.71433,52.27957],[8.71453,52.28012],[8.71458,52.28051],[8.71445,52.28085],[8.71448,52.28095],[8.71437,52.28105],[8.71372,52.28132],[8.71354,52.28143],[8.71312,52.28156],[8.71301,52.28167],[8.71207,52.28202],[8.71164,52.28224],[8.711,52.28278],[8.71032,52.28311],[8.70986,52.28353],[8.70975,52.28394],[8.70988,52.28417],[8.70975,52.28441],[8.71015,52.28512],[8.71023,52.28545],[8.71018,52.28589],[8.71001,52.28648]]}},{"type":"Feature","properties":{"slice":"ura","kind":"weg"},"geometry":{"type":"LineString","coordinates":[[8.70991,52.2901],[8.71007,52.29034],[8.71008,52.29046],[8.71024,52.29061],[8.70997,52.29093],[8.7101,52.29116],[8.7101,52.29134],[8.70994,52.29175],[8.71022,52.29202],[8.71023,52.29234],[8.71043,52.29252],[8.71054,52.2929],[8.71088,52.29309],[8.7108,52.2933],[8.711,52.29349],[8.71104,52.29361],[8.711,52.29401],[8.71085,52.29427],[8.71086,52.29461],[8.71073,52.29477],[8.71095,52.29502],[8.71076,52.29519],[8.71076,52.29557],[8.71102,52.29584],[8.71096,52.29601]]}},{"type":"Feature","properties":{"slice":"ura","kind":"weg"},"geometry":{"type":"LineString","coordinates":[[8.71424,52.27449],[8.71389,52.2742],[8.71384,52.27401],[8.7136,52.27379],[8.7135,52.27351],[8.71333,52.27341],[8.7133,52.27325],[8.71325,52.272],[8.7133,52.27189],[8.71325,52.27174],[8.71357,52.27086],[8.71357,52.26925]]}},{"type":"Feature","properties":{"slice":"ura","kind":"weg"},"geometry":{"type":"LineString","coordinates":[[8.71377,52.26803],[8.71368,52.26779],[8.71382,52.26674],[8.7142,52.26654],[8.71465,52.26645],[8.71516,52.26617],[8.71536,52.26599],[8.71572,52.26594],[8.71587,52.26585],[8.71605,52.26582],[8.71682,52.26521],[8.71726,52.26507],[8.71731,52.26497],[8.71711,52.26464],[8.71717,52.26441],[8.71749,52.26426],[8.71772,52.26423],[8.71798,52.26402],[8.71794,52.26381],[8.71814,52.26367],[8.71821,52.26353],[8.71951,52.26279],[8.71958,52.26259],[8.72003,52.26239],[8.72104,52.26128],[8.72128,52.26116],[8.72134,52.26094],[8.72218,52.26031],[8.7223,52.26016],[8.72244,52.26011],[8.72252,52.25995],[8.72278,52.25987],[8.72298,52.25966],[8.72321,52.25958],[8.72376,52.25923],[8.72394,52.25883],[8.72444,52.25826],[8.72452,52.25789],[8.72488,52.25774],[8.72568,52.25786],[8.7264,52.25781],[8.72672,52.25736],[8.72703,52.25713],[8.72741,52.25701],[8.72786,52.25695],[8.72799,52.25672],[8.7286,52.25637],[8.72886,52.25633],[8.72907,52.25607],[8.72957,52.25593],[8.72967,52.25571],[8.73004,52.2556],[8.73018,52.25562],[8.73044,52.25556],[8.73068,52.2556],[8.73106,52.2556],[8.73123,52.25556],[8.73145,52.25559],[8.73181,52.25541],[8.73203,52.25537],[8.73263,52.25546],[8.7331,52.25548],[8.73353,52.25545],[8.7336,52.25538],[8.73383,52.25533],[8.73488,52.25535],[8.73565,52.25519],[8.73623,52.25529],[8.73717,52.25511],[8.73727,52.25502],[8.73748,52.25501],[8.73757,52.25494],[8.73778,52.25493],[8.73798,52.25484]]}},{"type":"Feature","properties":{"slice":"ura","kind":"weg"},"geometry":{"type":"LineString","coordinates":[[8.71465,52.27474],[8.71467,52.27458],[8.71495,52.2745],[8.71587,52.27447],[8.71621,52.27442],[8.71684,52.2742],[8.717,52.2742],[8.71729,52.2741],[8.71761,52.27413],[8.71782,52.27409],[8.71806,52.27396],[8.71832,52.27393],[8.71864,52.27382],[8.7189,52.27381],[8.71903,52.27367],[8.7193,52.27355],[8.71945,52.27341],[8.71984,52.27323],[8.72005,52.27319],[8.72014,52.27306],[8.72039,52.27298],[8.72054,52.27282],[8.72066,52.27278],[8.72096,52.27293],[8.72123,52.27291],[8.72166,52.27299],[8.72177,52.27317],[8.72226,52.27338],[8.72291,52.2734],[8.72325,52.27352],[8.72392,52.27352],[8.7243,52.27374],[8.72555,52.27416],[8.72574,52.27417],[8.72611,52.27437],[8.72647,52.2744],[8.7269,52.27435],[8.72775,52.27434]]}},{"type":"Feature","properties":{"slice":"ura","kind":"weg"},"geometry":{"type":"LineString","coordinates":[[8.71937,52.41977],[8.71938,52.41988],[8.71945,52.41993],[8.71971,52.42001],[8.7201,52.41997],[8.72039,52.42002],[8.7206,52.42027],[8.72103,52.4203],[8.72114,52.42053],[8.72147,52.42073],[8.72173,52.42074],[8.72199,52.4207],[8.72214,52.42074],[8.7234,52.42074],[8.72372,52.42065],[8.72394,52.42065],[8.72416,52.42074]]}},{"type":"Feature","properties":{"slice":"ura","kind":"weg"},"geometry":{"type":"LineString","coordinates":[[8.71822,52.34885],[8.71838,52.34881],[8.71862,52.34867],[8.71878,52.34865],[8.71936,52.34837],[8.71971,52.34812],[8.72035,52.34785],[8.72053,52.34783],[8.72136,52.34757],[8.724,52.34669],[8.72495,52.34652],[8.7251,52.34639],[8.72574,52.34619],[8.72591,52.34609],[8.72621,52.34606],[8.72649,52.34597],[8.72724,52.34573],[8.72744,52.34561],[8.72765,52.3456],[8.72793,52.34546],[8.72937,52.34498],[8.73037,52.34452],[8.73085,52.34421],[8.73192,52.34366],[8.73344,52.34323],[8.73413,52.34294],[8.73446,52.34318],[8.73424,52.34396]]}},{"type":"Feature","properties":{"slice":"ura","kind":"weg"},"geometry":{"type":"LineString","coordinates":[[8.72736,52.38713],[8.72787,52.38691],[8.72802,52.38672],[8.72817,52.38665],[8.72848,52.38658],[8.72858,52.38651],[8.7289,52.38652],[8.72932,52.38634],[8.72969,52.38601],[8.72989,52.3857],[8.73008,52.38568],[8.73055,52.38572],[8.73087,52.38556],[8.73111,52.38555],[8.73177,52.38534],[8.73197,52.38514],[8.73248,52.38492],[8.73266,52.38489],[8.73357,52.38452],[8.734,52.38447],[8.73439,52.38433],[8.73533,52.38382],[8.73584,52.38366],[8.73607,52.38352],[8.73656,52.38341],[8.73688,52.38325],[8.73719,52.38318]]}},{"type":"Feature","properties":{"slice":"ura","kind":"weg"},"geometry":{"type":"LineString","coordinates":[[8.72679,52.37523],[8.72661,52.37628],[8.7267,52.3765],[8.72654,52.37673],[8.72649,52.37712],[8.72656,52.37742],[8.7264,52.37766],[8.72631,52.37834],[8.72636,52.37881],[8.72619,52.37902],[8.72597,52.38079],[8.7257,52.38225],[8.7257,52.38269],[8.7255,52.38356],[8.7249,52.38758],[8.72493,52.38769],[8.72514,52.38784],[8.7257,52.388]]}},{"type":"Feature","properties":{"slice":"ura","kind":"weg"},"geometry":{"type":"LineString","coordinates":[[8.73131,52.35384],[8.73124,52.35416],[8.73062,52.35553],[8.73027,52.35676],[8.73032,52.35699],[8.73013,52.35719],[8.72935,52.35955],[8.7293,52.3596],[8.72874,52.35969],[8.72853,52.35989],[8.72857,52.36057],[8.72865,52.36069],[8.72853,52.36133],[8.72869,52.36149],[8.7287,52.3617],[8.72832,52.36423],[8.72838,52.36479],[8.72829,52.36488],[8.72838,52.36508],[8.72825,52.36522],[8.72822,52.36551],[8.72813,52.36559],[8.72808,52.36592],[8.72815,52.36601],[8.72814,52.36614],[8.72794,52.36665],[8.72802,52.36699],[8.72788,52.36721],[8.72782,52.36778],[8.72789,52.36791],[8.72767,52.36856],[8.72766,52.3689],[8.72774,52.36902],[8.72761,52.36923],[8.72763,52.36986],[8.72751,52.37004],[8.72754,52.37032],[8.72746,52.37041],[8.7274,52.3708],[8.72746,52.3709],[8.72735,52.37101],[8.72726,52.37163],[8.72717,52.37238],[8.72723,52.37261],[8.72712,52.37276],[8.72705,52.37323],[8.72711,52.3735],[8.72699,52.37362],[8.72701,52.3739],[8.72678,52.37493],[8.7268,52.37527],[8.72661,52.37628],[8.7267,52.3765],[8.72654,52.37673],[8.72651,52.37692]]}},{"type":"Feature","properties":{"slice":"ura","kind":"weg"},"geometry":{"type":"LineString","coordinates":[[8.72743,52.29409],[8.72772,52.29385],[8.72817,52.29362],[8.72812,52.29305],[8.72783,52.29282],[8.72771,52.29264],[8.72745,52.29195],[8.72751,52.29158],[8.72787,52.29144],[8.72834,52.29117],[8.72799,52.29074],[8.72798,52.29034],[8.72823,52.29011],[8.72913,52.28999],[8.72956,52.29002],[8.72973,52.28996],[8.73023,52.28991],[8.73153,52.28989],[8.73239,52.2897],[8.73269,52.28975],[8.73291,52.28967],[8.73362,52.28962],[8.73447,52.28943],[8.73473,52.28944],[8.73505,52.2892],[8.73528,52.2891],[8.73533,52.28898],[8.73587,52.28877],[8.73607,52.28858],[8.7371,52.288],[8.7375,52.28798],[8.73759,52.28791],[8.73812,52.28775],[8.73881,52.28785],[8.7392,52.2875],[8.73967,52.28749],[8.73992,52.28735],[8.7402,52.2873],[8.7405,52.28733],[8.7407,52.28729],[8.74098,52.28718],[8.74186,52.28704],[8.74207,52.28692],[8.74263,52.28691],[8.74299,52.28681],[8.74315,52.28666],[8.74334,52.28662],[8.74355,52.28664],[8.74402,52.28653],[8.74472,52.28682]]}},{"type":"Feature","properties":{"slice":"ura","kind":"weg"},"geometry":{"type":"LineString","coordinates":[[8.73495,52.30258],[8.73541,52.30188],[8.73518,52.30168],[8.73495,52.30124],[8.73475,52.30096],[8.73461,52.30086],[8.73442,52.30046],[8.73445,52.29996],[8.73411,52.29975],[8.73396,52.29956],[8.73371,52.29897],[8.73355,52.29881],[8.73308,52.29861],[8.73217,52.29857],[8.7315,52.29764],[8.73042,52.29708],[8.73016,52.29689],[8.73012,52.29679],[8.72978,52.29671],[8.72947,52.29648],[8.72922,52.29644],[8.72898,52.29632],[8.72858,52.29632],[8.72843,52.29605],[8.72841,52.2959],[8.72817,52.29576],[8.72811,52.29567]]}},{"type":"Feature","properties":{"slice":"ura","kind":"weg"},"geometry":{"type":"LineString","coordinates":[[8.73163,52.22391],[8.73188,52.22397],[8.73233,52.22396],[8.73242,52.22399],[8.73339,52.22538],[8.73361,52.2256],[8.73362,52.22572],[8.73384,52.22592],[8.73388,52.22609],[8.73422,52.22645],[8.73439,52.22677],[8.73457,52.22691],[8.7347,52.22727],[8.73495,52.22751],[8.73497,52.22768],[8.73517,52.22776],[8.73511,52.2279],[8.73543,52.22825],[8.73549,52.22843],[8.73598,52.22902],[8.73656,52.22999],[8.73687,52.23034],[8.73693,52.23053],[8.73728,52.23109],[8.73734,52.23141],[8.73751,52.23164],[8.7376,52.23201],[8.73737,52.23315],[8.73817,52.23354],[8.73822,52.23386],[8.7387,52.2348],[8.73904,52.23499],[8.73905,52.23513],[8.73892,52.2353],[8.73917,52.2355],[8.73915,52.23568],[8.73927,52.23595],[8.73944,52.23612],[8.73942,52.23622],[8.73979,52.23697],[8.73993,52.23705],[8.73994,52.23733],[8.7402,52.23758],[8.74017,52.23777],[8.74037,52.23819],[8.74053,52.23833],[8.74058,52.2386],[8.74093,52.23893],[8.74111,52.2393],[8.74109,52.23943],[8.74118,52.23968],[8.74144,52.24017],[8.74152,52.24069],[8.74136,52.2412],[8.74147,52.24135],[8.74131,52.24157],[8.74109,52.24166],[8.74093,52.24192]]}},{"type":"Feature","properties":{"slice":"ura","kind":"weg"},"geometry":{"type":"LineString","coordinates":[[8.73225,52.34875],[8.73193,52.34855],[8.7322,52.34823],[8.73242,52.34756],[8.73284,52.34668],[8.73319,52.34644],[8.73308,52.34627],[8.73319,52.34591],[8.73347,52.3456],[8.73366,52.34525],[8.73382,52.34512],[8.73379,52.34488],[8.73394,52.3445],[8.73402,52.34447],[8.73439,52.34449],[8.73453,52.34445]]}},{"type":"Feature","properties":{"slice":"ura","kind":"weg"},"geometry":{"type":"LineString","coordinates":[[8.73481,52.34284],[8.73466,52.34272],[8.73485,52.34255],[8.73595,52.34204],[8.7367,52.34158],[8.73703,52.34121],[8.73723,52.34111],[8.73731,52.34098],[8.73763,52.34073],[8.73791,52.34065],[8.73832,52.34041],[8.73864,52.34032],[8.73892,52.34016],[8.7395,52.33998],[8.74029,52.3396],[8.74086,52.33922],[8.74175,52.33834],[8.74205,52.33817],[8.74231,52.33794],[8.74282,52.33792],[8.7431,52.33784],[8.7435,52.3383]]}},{"type":"Feature","properties":{"slice":"ura","kind":"weg"},"geometry":{"type":"LineString","coordinates":[[8.73811,52.30918],[8.7379,52.30908],[8.73746,52.30831],[8.73706,52.30784],[8.73703,52.30767],[8.73669,52.30723],[8.73624,52.30641],[8.73576,52.30585],[8.73562,52.30577]]}},{"type":"Feature","properties":{"slice":"ura","kind":"weg"},"geometry":{"type":"LineString","coordinates":[[8.73576,52.21483],[8.73593,52.21477],[8.73774,52.21481],[8.73834,52.21488],[8.73924,52.21506],[8.7399,52.21512],[8.74036,52.21523],[8.74059,52.21523],[8.74164,52.21544],[8.74192,52.21553],[8.74211,52.21552],[8.74265,52.21567],[8.7426,52.21587],[8.74308,52.21635],[8.74325,52.21648],[8.74355,52.21654],[8.74374,52.21668],[8.74415,52.21679],[8.74428,52.21677],[8.74447,52.21688],[8.74465,52.21687],[8.74486,52.21693],[8.7471,52.21707]]}},{"type":"Feature","properties":{"slice":"ura","kind":"weg"},"geometry":{"type":"LineString","coordinates":[[8.7419,52.32006],[8.74168,52.3195],[8.74153,52.31935],[8.74157,52.31908],[8.74136,52.31885],[8.74131,52.31867],[8.74128,52.31819],[8.74133,52.31803],[8.74126,52.31774],[8.74134,52.31695],[8.74122,52.31635],[8.7411,52.31624],[8.74092,52.31571],[8.74098,52.31542],[8.74085,52.31526],[8.7407,52.31449],[8.74087,52.31383],[8.74059,52.31363],[8.74012,52.3135],[8.73978,52.3133]]}},{"type":"Feature","properties":{"slice":"ura","kind":"weg"},"geometry":{"type":"LineString","coordinates":[[8.74173,52.26832],[8.74152,52.26855],[8.74162,52.26879],[8.7417,52.26984],[8.74183,52.26998],[8.74171,52.27047],[8.7418,52.27077],[8.74163,52.27083],[8.7416,52.2709],[8.7416,52.27127],[8.74178,52.27139],[8.74177,52.27153],[8.74127,52.27212],[8.74098,52.27226],[8.74044,52.27236],[8.7404,52.27241],[8.74045,52.27326],[8.74078,52.2733],[8.74086,52.27339]]}},{"type":"Feature","properties":{"slice":"ura","kind":"weg"},"geometry":{"type":"LineString","coordinates":[[8.74127,52.24157],[8.74111,52.24164],[8.741,52.24178],[8.74092,52.24204],[8.741,52.24251],[8.7411,52.24262],[8.74109,52.24289],[8.74121,52.2431],[8.74118,52.24323],[8.74141,52.2439],[8.74189,52.24437],[8.74206,52.24463],[8.74182,52.2457],[8.74168,52.24603],[8.74193,52.24652],[8.74177,52.24666],[8.74175,52.2468],[8.7416,52.24693],[8.74138,52.24731],[8.7414,52.24755],[8.74113,52.24802]]}},{"type":"Feature","properties":{"slice":"ura","kind":"weg"},"geometry":{"type":"LineString","coordinates":[[8.74182,52.25385],[8.74214,52.2538],[8.74247,52.25438],[8.74248,52.25506],[8.74255,52.25529],[8.74269,52.25539],[8.74266,52.25554],[8.74273,52.25567],[8.74267,52.25584],[8.74279,52.25595],[8.74274,52.25604],[8.74276,52.25647],[8.74302,52.25724],[8.74297,52.25826],[8.74304,52.25837],[8.74299,52.25857],[8.74308,52.25954],[8.74316,52.25966],[8.7431,52.25981],[8.74318,52.25994],[8.74314,52.26016],[8.74321,52.26054],[8.74353,52.26114],[8.74361,52.26147],[8.74372,52.26159],[8.74368,52.26218],[8.74383,52.26262],[8.74377,52.26277],[8.7439,52.2635],[8.74409,52.26363],[8.74404,52.2639],[8.74443,52.26449],[8.74445,52.26464],[8.74475,52.26499],[8.74473,52.26512],[8.74448,52.26536],[8.74444,52.26553],[8.7442,52.26566],[8.7441,52.26578],[8.74409,52.26589],[8.74394,52.26594],[8.7435,52.26634],[8.74324,52.26648],[8.74323,52.26659],[8.7435,52.26713],[8.7435,52.26742],[8.74316,52.26789],[8.74266,52.26835],[8.74265,52.26875]]}},{"type":"Feature","properties":{"slice":"ura","kind":"weg"},"geometry":{"type":"LineString","coordinates":[[8.74292,52.24748],[8.7428,52.24758],[8.74257,52.24826],[8.7425,52.24941],[8.74277,52.25015],[8.74335,52.25077],[8.74359,52.25123],[8.7436,52.25145],[8.74401,52.25173],[8.744,52.25208],[8.74416,52.25222],[8.74419,52.25236],[8.74446,52.25253],[8.74447,52.25269],[8.74479,52.25308],[8.74475,52.25314],[8.74461,52.25316]]}},{"type":"Feature","properties":{"slice":"ura","kind":"weg"},"geometry":{"type":"LineString","coordinates":[[8.7444,52.21606],[8.74424,52.21606],[8.74415,52.21618],[8.74419,52.21657],[8.74409,52.21673],[8.74413,52.21679],[8.74428,52.21677],[8.74447,52.21688],[8.74465,52.21687],[8.74542,52.21699],[8.74602,52.21698],[8.74645,52.21705],[8.74767,52.21708],[8.74782,52.21712],[8.7481,52.21708],[8.74829,52.21714],[8.74969,52.21727],[8.75001,52.21735],[8.75128,52.21748],[8.75175,52.21761],[8.75342,52.21784],[8.75464,52.21788],[8.75529,52.21782],[8.75636,52.21766],[8.75653,52.21758],[8.75698,52.21753],[8.75717,52.21745],[8.75764,52.21739]]}},{"type":"Feature","properties":{"slice":"ura","kind":"weg"},"geometry":{"type":"LineString","coordinates":[[8.74578,52.34814],[8.7452,52.34758],[8.74489,52.34745],[8.74478,52.34719],[8.74431,52.34685],[8.74427,52.34668],[8.74346,52.34589],[8.74315,52.3455],[8.74311,52.34536],[8.74302,52.3453],[8.74296,52.34475],[8.74283,52.3445],[8.74284,52.34432],[8.74269,52.34408],[8.74275,52.34353],[8.74263,52.34307]]}},{"type":"Feature","properties":{"slice":"ura","kind":"weg"},"geometry":{"type":"LineString","coordinates":[[8.74996,52.38134],[8.74941,52.38134],[8.74927,52.38152],[8.74913,52.38159],[8.74902,52.38161],[8.74884,52.38155],[8.74865,52.38166],[8.74849,52.38168],[8.74819,52.3816],[8.74802,52.38165],[8.74793,52.38175],[8.74754,52.38171],[8.74692,52.38181],[8.74565,52.38177],[8.74504,52.38195]]}},{"type":"Feature","properties":{"slice":"ura","kind":"weg"},"geometry":{"type":"LineString","coordinates":[[8.74736,52.29921],[8.74765,52.29911],[8.74814,52.29902],[8.74898,52.29895],[8.74922,52.29897],[8.74928,52.29882],[8.7494,52.29877],[8.74948,52.29865],[8.74964,52.29861],[8.75282,52.29864],[8.75372,52.29861],[8.75398,52.29865],[8.75417,52.29861],[8.75462,52.29865],[8.75675,52.29861],[8.75722,52.29869],[8.75765,52.29862],[8.75782,52.29866],[8.75834,52.29868],[8.75861,52.29861],[8.75896,52.29865],[8.76044,52.29862],[8.76148,52.29865]]}},{"type":"Feature","properties":{"slice":"ura","kind":"weg"},"geometry":{"type":"LineString","coordinates":[[8.74571,52.28607],[8.74585,52.28608],[8.7463,52.28598],[8.74733,52.28571],[8.74786,52.2857],[8.74806,52.2856],[8.74851,52.28549],[8.74883,52.28547],[8.74964,52.28528],[8.7498,52.28516],[8.75059,52.28507],[8.75102,52.28494],[8.75117,52.28495],[8.75175,52.28485],[8.75278,52.28459],[8.75299,52.28458],[8.75338,52.28449],[8.75377,52.28427],[8.75382,52.28398],[8.75411,52.28381],[8.75484,52.28402],[8.75497,52.2841],[8.75542,52.2841],[8.75555,52.28418]]}},{"type":"Feature","properties":{"slice":"ura","kind":"weg"},"geometry":{"type":"LineString","coordinates":[[8.74574,52.24379],[8.74593,52.2436],[8.74615,52.24358],[8.74632,52.2435],[8.74653,52.24347],[8.74674,52.24351],[8.74713,52.24376],[8.74804,52.24344],[8.74838,52.24311],[8.74876,52.24292],[8.74894,52.24275],[8.74905,52.24243]]}},{"type":"Feature","properties":{"slice":"ura","kind":"weg"},"geometry":{"type":"LineString","coordinates":[[8.74874,52.25468],[8.74967,52.25572],[8.75065,52.25633],[8.75166,52.25682],[8.75186,52.25687],[8.75192,52.25697],[8.7523,52.25719],[8.7524,52.25734],[8.75282,52.25767],[8.75359,52.25764],[8.75413,52.25767],[8.75437,52.25762],[8.7552,52.25767],[8.75542,52.2578],[8.75567,52.25785],[8.75591,52.25797],[8.7561,52.25799],[8.75649,52.25817],[8.7567,52.25818],[8.75704,52.25837],[8.75719,52.2586],[8.75746,52.25877],[8.75797,52.25873],[8.75828,52.2588],[8.75842,52.25892],[8.75885,52.25899],[8.75937,52.259],[8.76014,52.25935],[8.76048,52.2594],[8.76084,52.2596],[8.76096,52.25978],[8.76117,52.25987],[8.76168,52.25994],[8.76188,52.26004],[8.76306,52.26039],[8.76353,52.26062],[8.76372,52.26064],[8.76389,52.26075],[8.76395,52.26088],[8.76475,52.26147],[8.76509,52.26156],[8.7655,52.26172],[8.76592,52.26196],[8.76604,52.26214],[8.76666,52.26246],[8.76711,52.26256],[8.76738,52.26274],[8.76756,52.26278],[8.76761,52.26288],[8.76817,52.26334],[8.76843,52.26363],[8.76939,52.26438],[8.7692,52.26468],[8.76911,52.26497]]}},{"type":"Feature","properties":{"slice":"ura","kind":"weg"},"geometry":{"type":"LineString","coordinates":[[8.74652,52.25336],[8.74673,52.25334],[8.74692,52.25325],[8.74722,52.25325],[8.74789,52.25341],[8.74994,52.25325],[8.75,52.25302],[8.75014,52.25298],[8.75031,52.25276],[8.75059,52.25274],[8.75074,52.25263],[8.75102,52.25262],[8.75151,52.25246],[8.7517,52.25234],[8.75271,52.25231],[8.75316,52.25187],[8.75336,52.25107],[8.75389,52.25078],[8.75462,52.25052],[8.7548,52.25034],[8.75537,52.2501],[8.7557,52.24987],[8.75619,52.24982],[8.75656,52.24957],[8.75666,52.24939],[8.7566,52.24921],[8.7572,52.2487],[8.75758,52.24857],[8.75823,52.24853],[8.75842,52.24844],[8.75895,52.24847],[8.75909,52.2484],[8.75973,52.24826],[8.76003,52.2481],[8.76059,52.24805],[8.76079,52.2479],[8.76116,52.24791],[8.76149,52.24805],[8.76256,52.24798],[8.76274,52.24779],[8.7632,52.24756],[8.76324,52.2474],[8.76336,52.24732],[8.76396,52.24729],[8.76421,52.2474],[8.76439,52.2474],[8.76471,52.24726],[8.76512,52.24723],[8.76539,52.24716],[8.76595,52.24677],[8.76605,52.24657],[8.76649,52.24643],[8.76672,52.2463],[8.76701,52.24572],[8.76706,52.24539],[8.76726,52.24513],[8.76743,52.24502],[8.76866,52.24483],[8.76885,52.24467],[8.76904,52.24433],[8.76913,52.24428],[8.76941,52.24429],[8.76954,52.24439],[8.76999,52.24445],[8.77091,52.24488],[8.77132,52.24494],[8.7716,52.2449],[8.77226,52.245],[8.77241,52.2451],[8.77282,52.24518],[8.77301,52.24526],[8.77323,52.24522],[8.77393,52.24536],[8.77426,52.24536],[8.77458,52.24554],[8.77476,52.24567],[8.7752,52.2462],[8.77537,52.24664],[8.77553,52.24681],[8.77545,52.24718],[8.77552,52.24731],[8.77552,52.24734],[8.7755,52.24737],[8.7755,52.24738],[8.77549,52.24739],[8.77549,52.2474],[8.77546,52.2475],[8.77506,52.24781],[8.77488,52.24784],[8.77481,52.24787],[8.77503,52.24782],[8.77506,52.24781],[8.7751,52.24779],[8.77539,52.24758],[8.77546,52.2475],[8.77553,52.24734],[8.77626,52.24691],[8.77651,52.24682],[8.77702,52.24693],[8.77851,52.24713],[8.77923,52.24696],[8.78005,52.24688],[8.78052,52.24699],[8.78125,52.24704],[8.78145,52.24709],[8.7825,52.24701],[8.78282,52.24715],[8.78305,52.24718],[8.7831,52.24734],[8.78283,52.24809],[8.78329,52.24827],[8.78369,52.24825]]}},{"type":"Feature","properties":{"slice":"ura","kind":"weg"},"geometry":{"type":"LineString","coordinates":[[8.78186,52.37602],[8.78164,52.3761],[8.77969,52.37473],[8.77858,52.37405],[8.7785,52.37393],[8.77739,52.37328],[8.77696,52.37295],[8.77663,52.37286],[8.77651,52.37264],[8.77635,52.37258],[8.77629,52.37249],[8.7761,52.37241],[8.77564,52.37206],[8.77558,52.37186],[8.77529,52.37173],[8.77501,52.37172],[8.77475,52.37163],[8.77422,52.37132],[8.77379,52.37097],[8.77354,52.37086],[8.77341,52.37063],[8.7729,52.3703],[8.77279,52.37008],[8.77264,52.36997],[8.7723,52.36988],[8.77205,52.3697],[8.77157,52.36954],[8.77148,52.36944],[8.77108,52.36929],[8.77089,52.36917],[8.77035,52.36895],[8.77018,52.36893],[8.76994,52.36877],[8.76936,52.36854],[8.76912,52.36837],[8.76863,52.36816],[8.76836,52.36814],[8.76782,52.36799],[8.76718,52.3679],[8.76479,52.3674],[8.7646,52.36742],[8.76424,52.36736],[8.76376,52.36725],[8.76357,52.36714],[8.76306,52.36707],[8.76278,52.36664],[8.76246,52.36628],[8.76227,52.36572],[8.76209,52.36559],[8.76199,52.36529],[8.7617,52.36492],[8.76152,52.36442],[8.76127,52.36421],[8.76118,52.36385],[8.76085,52.3635],[8.76063,52.36347],[8.76033,52.36333],[8.75964,52.36313],[8.75816,52.36277],[8.75728,52.36261],[8.75653,52.36253],[8.75634,52.36244],[8.75542,52.36225],[8.75495,52.36233],[8.75455,52.36267],[8.75421,52.36274],[8.7543,52.36265],[8.7542,52.36245],[8.75432,52.36227],[8.75433,52.36187],[8.75443,52.36171],[8.75378,52.36122],[8.75334,52.36121],[8.75308,52.36111],[8.75271,52.36115],[8.75207,52.36111],[8.75188,52.36101],[8.75098,52.36102],[8.75074,52.36093],[8.75031,52.36095],[8.75015,52.36091],[8.75005,52.36009],[8.75025,52.3598],[8.75002,52.35943],[8.75014,52.35903],[8.75,52.35874],[8.75016,52.35847],[8.75037,52.3584],[8.75046,52.35821],[8.75131,52.35723],[8.75137,52.35692],[8.75106,52.35655]]}},{"type":"Feature","properties":{"slice":"ura","kind":"weg"},"geometry":{"type":"LineString","coordinates":[[8.74971,52.353],[8.74957,52.35259],[8.74947,52.35253],[8.74921,52.3525],[8.74903,52.35225],[8.74891,52.35208],[8.74893,52.35194],[8.74852,52.35136],[8.74847,52.35117],[8.74817,52.35087],[8.74811,52.35061],[8.74781,52.3503],[8.74762,52.34998],[8.74724,52.34976],[8.74677,52.34976],[8.7467,52.34981],[8.74663,52.35008]]}},{"type":"Feature","properties":{"slice":"ura","kind":"weg"},"geometry":{"type":"LineString","coordinates":[[8.75021,52.3334],[8.7505,52.33327],[8.75093,52.33327],[8.75151,52.33318],[8.75179,52.33306],[8.75244,52.3329],[8.75267,52.33291],[8.75291,52.3328],[8.75338,52.3327],[8.75409,52.33262],[8.75449,52.3325],[8.75479,52.3325],[8.75535,52.33233],[8.75589,52.33227],[8.7561,52.33217],[8.7569,52.33203],[8.75737,52.33187],[8.75754,52.3319],[8.75776,52.3318],[8.75889,52.33158],[8.75943,52.33143],[8.75962,52.33129],[8.75987,52.33128],[8.76009,52.33115],[8.76054,52.33107],[8.76076,52.33098],[8.76211,52.33025],[8.76252,52.33014],[8.76286,52.32995],[8.76321,52.32987],[8.76332,52.32976],[8.76351,52.32982],[8.7638,52.32974]]}},{"type":"Feature","properties":{"slice":"ura","kind":"weg"},"geometry":{"type":"LineString","coordinates":[[8.76961,52.32853],[8.77003,52.32842],[8.77042,52.32849],[8.77102,52.32832],[8.77113,52.32821],[8.77141,52.32813],[8.77162,52.32775],[8.77182,52.32759],[8.77253,52.32723],[8.77372,52.32653],[8.77464,52.32617],[8.77559,52.32593],[8.77587,52.32574],[8.77801,52.3248],[8.77818,52.32491],[8.77821,52.32535],[8.77848,52.32566],[8.77844,52.32577],[8.77852,52.32594]]}},{"type":"Feature","properties":{"slice":"ura","kind":"weg"},"geometry":{"type":"LineString","coordinates":[[8.75115,52.17321],[8.75128,52.17377],[8.75136,52.17381],[8.75151,52.17379],[8.75213,52.17356],[8.75267,52.17325],[8.75312,52.17315],[8.75373,52.17286],[8.75387,52.17272],[8.75408,52.17267],[8.75448,52.17237],[8.75484,52.17193],[8.75497,52.17164],[8.7555,52.17151],[8.75623,52.17156],[8.75658,52.17166],[8.75673,52.17177],[8.75754,52.17192],[8.75817,52.17211],[8.75872,52.17213],[8.7599,52.17201],[8.76037,52.1721],[8.76061,52.17205],[8.7613,52.17206],[8.76151,52.17196],[8.76181,52.17193],[8.76193,52.17175],[8.76237,52.1716],[8.76288,52.17156],[8.76306,52.17163],[8.76351,52.17169],[8.76413,52.17192],[8.76467,52.17202],[8.76576,52.17249],[8.76765,52.17319],[8.768,52.1734],[8.76804,52.17348],[8.7686,52.174],[8.76888,52.17415],[8.76903,52.17433],[8.76926,52.17448],[8.76943,52.17453],[8.76948,52.17466],[8.77003,52.17496],[8.77095,52.1754],[8.7711,52.17542],[8.77127,52.17555],[8.77155,52.17561],[8.77181,52.1758],[8.77204,52.17585],[8.77218,52.17595],[8.7731,52.17629],[8.77417,52.17678],[8.77565,52.17722],[8.77606,52.17727],[8.7768,52.1776],[8.77745,52.17814],[8.77774,52.17848]]}},{"type":"Feature","properties":{"slice":"ura","kind":"weg"},"geometry":{"type":"LineString","coordinates":[[8.74948,52.24099],[8.75003,52.24051],[8.74995,52.24038],[8.75005,52.24015],[8.75003,52.2398],[8.75014,52.23967],[8.75012,52.23947],[8.75026,52.23936],[8.75027,52.23921],[8.75071,52.23821],[8.75084,52.23776],[8.75083,52.23752],[8.75102,52.23712],[8.7518,52.23601],[8.75219,52.23563],[8.75235,52.23541],[8.75236,52.23525],[8.75262,52.2349],[8.75251,52.2344],[8.75277,52.23421],[8.75287,52.23405],[8.75402,52.2338],[8.7544,52.23364],[8.7545,52.23346],[8.75467,52.23274],[8.75467,52.23244],[8.75474,52.2323],[8.75494,52.23219],[8.7557,52.23219],[8.75621,52.23198],[8.75715,52.23193],[8.75758,52.2316],[8.75784,52.2315],[8.75849,52.23149],[8.7587,52.23141],[8.75875,52.23133],[8.75908,52.23129],[8.75921,52.23123],[8.76003,52.23119],[8.76006,52.23114],[8.75991,52.23085],[8.76024,52.23048],[8.76063,52.23035],[8.76106,52.23009],[8.76118,52.22993],[8.76142,52.2299],[8.76184,52.22959],[8.76243,52.22935],[8.76278,52.22905],[8.76318,52.22888],[8.76336,52.22863],[8.76374,52.22856],[8.7642,52.22823],[8.76459,52.22806],[8.7644,52.22748],[8.76442,52.22735],[8.76475,52.22731],[8.76533,52.22699],[8.76623,52.227],[8.76647,52.22707],[8.7667,52.22705],[8.76704,52.22685],[8.76724,52.22666],[8.76788,52.22632],[8.76808,52.22615],[8.76848,52.22599],[8.76857,52.22587],[8.76879,52.22578],[8.76895,52.22562],[8.76923,52.22556],[8.76951,52.22535],[8.77004,52.22527],[8.7702,52.22474],[8.77048,52.22463],[8.77066,52.22446],[8.77157,52.22401],[8.77166,52.22401],[8.77198,52.22418],[8.77235,52.2242],[8.77245,52.22425],[8.7725,52.2244],[8.77237,52.22467],[8.77245,52.22455],[8.77249,52.22442],[8.7725,52.2244],[8.7725,52.22433],[8.77251,52.2243],[8.77263,52.2242],[8.77263,52.22409],[8.77298,52.22361],[8.77294,52.22349],[8.77306,52.22337],[8.77304,52.22328],[8.77313,52.22312],[8.7734,52.22301],[8.77413,52.22304],[8.77441,52.22286]]}},{"type":"Feature","properties":{"slice":"ura","kind":"weg"},"geometry":{"type":"LineString","coordinates":[[8.75723,52.27624],[8.75752,52.27644],[8.75808,52.27671],[8.75817,52.27684],[8.75833,52.27689],[8.75834,52.27695],[8.75822,52.27705],[8.75827,52.27722],[8.75877,52.27759],[8.75877,52.27767],[8.75894,52.2778],[8.75988,52.27816],[8.76063,52.27862],[8.76127,52.27888],[8.76201,52.27934],[8.76234,52.28038],[8.76195,52.28062],[8.76162,52.28075],[8.76162,52.28108],[8.76144,52.28137]]}},{"type":"Feature","properties":{"slice":"ura","kind":"weg"},"geometry":{"type":"LineString","coordinates":[[8.75687,52.28359],[8.75724,52.2835],[8.75758,52.28351],[8.75774,52.2836],[8.75818,52.28419],[8.75824,52.28441],[8.75843,52.28458],[8.75854,52.28493],[8.75879,52.28515],[8.75881,52.2854],[8.75891,52.28551],[8.75892,52.28566],[8.75907,52.2858],[8.75886,52.28621],[8.75925,52.28684],[8.75926,52.28714],[8.75979,52.28974],[8.76017,52.29139],[8.76031,52.2917],[8.76026,52.29183],[8.76047,52.29235],[8.76105,52.29303],[8.76127,52.29349],[8.76137,52.29401],[8.7616,52.29419],[8.76161,52.29429],[8.76152,52.2944],[8.76196,52.29607]]}},{"type":"Feature","properties":{"slice":"ura","kind":"weg"},"geometry":{"type":"LineString","coordinates":[[8.75862,52.21756],[8.75891,52.21751],[8.75919,52.21736],[8.75952,52.21737],[8.75967,52.21734],[8.76001,52.21736],[8.7602,52.21744],[8.76134,52.21751],[8.76147,52.21746],[8.76192,52.21743],[8.76203,52.21752],[8.76215,52.21753],[8.76348,52.21755],[8.76447,52.21748],[8.7652,52.21757],[8.76705,52.21756],[8.76806,52.21749],[8.76894,52.21754],[8.76911,52.21741],[8.76956,52.21733],[8.76991,52.21714],[8.77049,52.2166],[8.77091,52.21647],[8.77153,52.21651],[8.77179,52.21639],[8.77212,52.21613],[8.77225,52.21611]]}},{"type":"Feature","properties":{"slice":"ura","kind":"weg"},"geometry":{"type":"LineString","coordinates":[[8.76045,52.21069],[8.76027,52.21077],[8.76009,52.21071],[8.75982,52.21072],[8.75904,52.21056],[8.75894,52.2105],[8.75884,52.2103],[8.75905,52.21004],[8.75938,52.20928],[8.75943,52.20895],[8.76,52.20867],[8.75997,52.20846],[8.76007,52.2084],[8.76006,52.20811]]}},{"type":"Feature","properties":{"slice":"ura","kind":"weg"},"geometry":{"type":"LineString","coordinates":[[8.76464,52.29748],[8.7648,52.2977],[8.76494,52.2981],[8.7651,52.2983],[8.76664,52.29838],[8.76718,52.29861],[8.76745,52.29865],[8.77166,52.29866],[8.77194,52.29863],[8.77203,52.2984]]}},{"type":"Feature","properties":{"slice":"ura","kind":"weg"},"geometry":{"type":"LineString","coordinates":[[8.76212,52.28051],[8.7625,52.28028],[8.76352,52.27998],[8.76362,52.27978],[8.76396,52.27958],[8.76428,52.27954],[8.76445,52.27945],[8.76466,52.27941],[8.76497,52.27909],[8.76505,52.27884],[8.76538,52.27869],[8.76604,52.27862],[8.76621,52.27864],[8.76645,52.27854],[8.767,52.27841],[8.76733,52.27822],[8.76833,52.27784],[8.76859,52.27766],[8.76921,52.27747],[8.76945,52.27748],[8.76966,52.27739],[8.76978,52.27725],[8.77175,52.27674],[8.7725,52.2764],[8.77344,52.27608],[8.77371,52.27592],[8.77395,52.27565],[8.7749,52.27492]]}},{"type":"Feature","properties":{"slice":"ura","kind":"weg"},"geometry":{"type":"LineString","coordinates":[[8.78955,52.39063],[8.78953,52.39078],[8.78906,52.39099],[8.787,52.39178],[8.78486,52.39269],[8.78286,52.39346],[8.78128,52.39412]]}},{"type":"Feature","properties":{"slice":"ura","kind":"weg"},"geometry":{"type":"LineString","coordinates":[[8.77311,52.20607],[8.7725,52.20605],[8.77211,52.20612],[8.7716,52.20608],[8.77121,52.20614],[8.77082,52.20628],[8.77059,52.20627],[8.7703,52.20649],[8.76985,52.20671],[8.76973,52.20691],[8.76954,52.20706],[8.76915,52.2071],[8.76899,52.20716]]}},{"type":"Feature","properties":{"slice":"ura","kind":"weg"},"geometry":{"type":"LineString","coordinates":[[8.77727,52.27306],[8.77734,52.27313],[8.77731,52.27324],[8.777,52.27335],[8.77612,52.27347],[8.77572,52.27348],[8.77552,52.27355],[8.77494,52.27361],[8.77466,52.2737],[8.77417,52.27378],[8.77396,52.27375],[8.77316,52.2739],[8.77267,52.27389],[8.77195,52.27402]]}},{"type":"Feature","properties":{"slice":"ura","kind":"weg"},"geometry":{"type":"LineString","coordinates":[[8.77345,52.19388],[8.7737,52.19372],[8.77413,52.19369],[8.77464,52.19332],[8.77485,52.19327],[8.77559,52.19293],[8.77595,52.19283],[8.77717,52.19224],[8.77813,52.19201],[8.77836,52.19206],[8.77885,52.19199],[8.77913,52.19191],[8.77939,52.19191],[8.78003,52.19169],[8.78121,52.19154],[8.78121,52.19126],[8.78153,52.19118],[8.78187,52.19104],[8.78211,52.19059],[8.78219,52.19025],[8.78187,52.18976],[8.78198,52.18952],[8.78196,52.18936],[8.7816,52.18872],[8.78146,52.18806]]}},{"type":"Feature","properties":{"slice":"ura","kind":"weg"},"geometry":{"type":"LineString","coordinates":[[8.78118,52.20226],[8.78124,52.20225],[8.78183,52.20158],[8.782,52.20127],[8.78193,52.20118],[8.78175,52.20108],[8.78175,52.20048],[8.78148,52.20031],[8.78146,52.20022],[8.78126,52.20003],[8.78126,52.19993],[8.78137,52.19981],[8.78135,52.19973],[8.78112,52.19957],[8.78072,52.19941],[8.78023,52.19941],[8.78007,52.19931],[8.78012,52.1992],[8.78007,52.19912],[8.77949,52.19876],[8.77891,52.19872],[8.77876,52.1986],[8.77838,52.19858],[8.77815,52.19844],[8.77805,52.19834],[8.77808,52.19815],[8.77763,52.19783],[8.7773,52.1974],[8.77729,52.1973],[8.77694,52.19693],[8.77695,52.19681],[8.77662,52.19638],[8.77668,52.19618],[8.77663,52.19601],[8.7765,52.19588],[8.77633,52.19555],[8.775,52.1947],[8.77417,52.19467],[8.77391,52.19475],[8.77371,52.19476],[8.77356,52.19507]]}},{"type":"Feature","properties":{"slice":"ura","kind":"weg"},"geometry":{"type":"LineString","coordinates":[[8.7745,52.26853],[8.77479,52.26837],[8.77534,52.26821],[8.77567,52.26771],[8.77566,52.26757],[8.77545,52.26744],[8.77535,52.26729],[8.77516,52.26632],[8.7755,52.26598],[8.77547,52.26547],[8.77582,52.26532],[8.77624,52.26529],[8.77653,52.26499],[8.77676,52.26456],[8.7767,52.26386],[8.7765,52.26346],[8.77665,52.26289],[8.77705,52.26251],[8.77726,52.26245],[8.77734,52.26199],[8.77753,52.2617],[8.77792,52.26162],[8.77815,52.26107],[8.7782,52.26032],[8.77838,52.25995],[8.77915,52.25903],[8.77944,52.2585],[8.77945,52.25835],[8.77969,52.25831],[8.77981,52.25822],[8.77981,52.25799],[8.77966,52.25789],[8.77969,52.25769],[8.77987,52.25698],[8.78012,52.25656],[8.78029,52.25602],[8.7805,52.25576],[8.78077,52.25498],[8.78081,52.25447],[8.78075,52.254],[8.78085,52.25391],[8.78084,52.25363]]}},{"type":"Feature","properties":{"slice":"ura","kind":"weg"},"geometry":{"type":"LineString","coordinates":[[8.7877,52.34862],[8.78736,52.34877],[8.7872,52.34894],[8.78662,52.34917],[8.78645,52.34935],[8.7861,52.3495],[8.78563,52.34982],[8.78578,52.35002],[8.78578,52.35078],[8.78565,52.35102],[8.78572,52.35124],[8.78568,52.35163],[8.78574,52.35174],[8.78623,52.35204],[8.78625,52.35272],[8.78615,52.35287],[8.78555,52.35318],[8.78544,52.35336],[8.78526,52.35342],[8.78494,52.35401],[8.78499,52.35425],[8.78553,52.3546],[8.78574,52.35504],[8.78536,52.35526],[8.78483,52.35575],[8.78463,52.35585],[8.78441,52.35611],[8.78396,52.35636],[8.78359,52.35644],[8.78349,52.35651],[8.78145,52.36005]]}},{"type":"Feature","properties":{"slice":"ura","kind":"weg"},"geometry":{"type":"LineString","coordinates":[[8.77945,52.36366],[8.77947,52.36378],[8.77937,52.364],[8.77926,52.36415],[8.77907,52.36421],[8.77877,52.36473],[8.77872,52.36486],[8.7788,52.365],[8.77864,52.36521],[8.77835,52.36543],[8.77775,52.36651],[8.77778,52.36683],[8.77749,52.36699],[8.77686,52.36805],[8.77691,52.36835],[8.77705,52.36849],[8.77702,52.36879]]}},{"type":"Feature","properties":{"slice":"ura","kind":"weg"},"geometry":{"type":"LineString","coordinates":[[8.77573,52.27402],[8.77597,52.27407],[8.77622,52.27402],[8.77617,52.27353],[8.77627,52.27344],[8.777,52.27335],[8.7772,52.27327],[8.77823,52.27318],[8.77866,52.27307],[8.77941,52.27306],[8.77988,52.27294],[8.78054,52.27292],[8.78093,52.27296],[8.78106,52.27302],[8.78145,52.27338],[8.78169,52.27378],[8.78227,52.27442],[8.78231,52.27458],[8.78301,52.27517],[8.783,52.27531],[8.78328,52.27555],[8.78335,52.27573],[8.78368,52.27601],[8.78401,52.27649],[8.78468,52.27723],[8.78472,52.27736],[8.7851,52.2777],[8.78569,52.27845],[8.78593,52.27866],[8.78608,52.27892],[8.78652,52.2794],[8.7867,52.27969],[8.78709,52.28008],[8.788,52.28121],[8.78813,52.28128],[8.78862,52.282],[8.78903,52.28238],[8.78906,52.28249],[8.78933,52.28271],[8.78945,52.28288],[8.78943,52.28293]]}},{"type":"Feature","properties":{"slice":"ura","kind":"weg"},"geometry":{"type":"LineString","coordinates":[[8.78975,52.37504],[8.78973,52.37494],[8.78962,52.37487],[8.78909,52.37477],[8.7889,52.37464],[8.78818,52.37449],[8.78762,52.37444],[8.78743,52.37433],[8.78604,52.37404],[8.78546,52.37397],[8.78511,52.37386],[8.78404,52.37366],[8.78389,52.37357],[8.78363,52.3735],[8.78327,52.37348],[8.78314,52.3734],[8.78288,52.37339],[8.78235,52.37329],[8.78166,52.37314],[8.78153,52.37304],[8.78114,52.37295],[8.77999,52.37278],[8.77934,52.37257],[8.7787,52.37243],[8.77846,52.37245],[8.77824,52.37233],[8.77752,52.37218],[8.77711,52.37213],[8.77694,52.37251],[8.77637,52.37252]]}},{"type":"Feature","properties":{"slice":"ura","kind":"weg"},"geometry":{"type":"LineString","coordinates":[[8.77648,52.17779],[8.77697,52.17775],[8.77788,52.17852],[8.77831,52.17835],[8.77956,52.17771],[8.78048,52.17752],[8.78069,52.17739],[8.78104,52.17737],[8.78119,52.17732],[8.78232,52.17745],[8.78282,52.17736],[8.7834,52.17712],[8.78438,52.17709],[8.78466,52.17714],[8.78524,52.17716],[8.78563,52.17715],[8.78584,52.17708],[8.78636,52.17708],[8.78667,52.17722],[8.78671,52.17735],[8.78694,52.17755],[8.78699,52.17768]]}},{"type":"Feature","properties":{"slice":"ura","kind":"weg"},"geometry":{"type":"LineString","coordinates":[[8.78126,52.18785],[8.7814,52.1878],[8.78136,52.18725],[8.78112,52.18619],[8.78076,52.18517],[8.77973,52.18481],[8.77863,52.18453],[8.77797,52.18444],[8.77744,52.18425],[8.77739,52.18412],[8.77747,52.18401],[8.77734,52.1838],[8.77723,52.18318],[8.7769,52.18315],[8.77682,52.1831],[8.77672,52.1826],[8.77678,52.1823],[8.77727,52.18081],[8.77757,52.18012],[8.77793,52.17893],[8.77792,52.17868],[8.77779,52.17852]]}},{"type":"Feature","properties":{"slice":"ura","kind":"weg"},"geometry":{"type":"LineString","coordinates":[[8.78652,52.27198],[8.78608,52.27204],[8.78589,52.27211],[8.7855,52.27213],[8.78537,52.27221],[8.78475,52.27224],[8.78432,52.27238],[8.78361,52.27239],[8.78338,52.27248],[8.78213,52.27266],[8.78183,52.27277],[8.78157,52.27273],[8.7811,52.27277],[8.78052,52.27288],[8.78033,52.27287],[8.77988,52.27294],[8.77943,52.27306],[8.77866,52.27307],[8.77799,52.27321],[8.77737,52.27327],[8.77716,52.27344],[8.77717,52.27362],[8.77724,52.27379],[8.77735,52.27386],[8.77756,52.27416]]}},{"type":"Feature","properties":{"slice":"ura","kind":"weg"},"geometry":{"type":"LineString","coordinates":[[8.77812,52.32488],[8.77808,52.32477],[8.77818,52.32469],[8.77994,52.32388],[8.78106,52.32326],[8.78128,52.32308],[8.78164,52.3229],[8.78207,52.32286],[8.78246,52.32266]]}},{"type":"Feature","properties":{"slice":"ura","kind":"weg"},"geometry":{"type":"LineString","coordinates":[[8.7784,52.32527],[8.77833,52.3254],[8.77848,52.32566],[8.77844,52.32577],[8.77853,52.32596],[8.77912,52.32658],[8.77925,52.32689],[8.77963,52.32721],[8.78028,52.32796],[8.78033,52.32809],[8.78053,52.32822],[8.78053,52.32838],[8.78064,52.32846],[8.78096,52.32911],[8.78112,52.3292],[8.78136,52.32975],[8.78162,52.33005],[8.78161,52.33021],[8.7818,52.33059],[8.7819,52.33068],[8.78203,52.3312],[8.78229,52.33176],[8.78223,52.33188],[8.78227,52.33202],[8.78242,52.33215],[8.78242,52.33236],[8.78257,52.33249],[8.7827,52.33275],[8.78313,52.33282],[8.78353,52.33297],[8.78361,52.3335]]}},{"type":"Feature","properties":{"slice":"ura","kind":"weg"},"geometry":{"type":"LineString","coordinates":[[8.78862,52.29258],[8.78859,52.29266],[8.7875,52.29314],[8.78722,52.2932],[8.78649,52.29346],[8.78125,52.29508]]}},{"type":"Feature","properties":{"slice":"ura","kind":"weg"},"geometry":{"type":"LineString","coordinates":[[8.78577,52.21988],[8.78597,52.21981],[8.78679,52.21981],[8.78778,52.21993],[8.78793,52.22001],[8.78818,52.21999],[8.78854,52.22023],[8.78846,52.22043],[8.78872,52.22075],[8.78861,52.22106]]}},{"type":"Feature","properties":{"slice":"ura","kind":"weg"},"geometry":{"type":"LineString","coordinates":[[8.77994,52.22034],[8.77997,52.2201],[8.78012,52.21994],[8.78034,52.21986],[8.78061,52.21952],[8.78061,52.21936],[8.78091,52.21896],[8.7819,52.2183],[8.78165,52.21769],[8.78121,52.21736],[8.78083,52.21726],[8.78079,52.21713]]}},{"type":"Feature","properties":{"slice":"ura","kind":"weg"},"geometry":{"type":"LineString","coordinates":[[8.78856,52.38001],[8.78842,52.38005],[8.78793,52.38005],[8.78711,52.3798],[8.78652,52.37936],[8.7862,52.37919],[8.78619,52.37908],[8.78587,52.37885],[8.78554,52.37877],[8.78505,52.37845],[8.78491,52.37822],[8.7846,52.37814],[8.78432,52.37789],[8.78393,52.37772],[8.78381,52.37748],[8.78357,52.37744],[8.78333,52.37732],[8.78326,52.37717],[8.78302,52.37709],[8.78244,52.37663],[8.78217,52.37654],[8.78212,52.3764],[8.78163,52.3761]]}},{"type":"Feature","properties":{"slice":"ura","kind":"weg"},"geometry":{"type":"LineString","coordinates":[[8.78362,52.21569],[8.78387,52.21568],[8.78417,52.21578],[8.78447,52.21562],[8.78479,52.21555],[8.78602,52.2156],[8.78666,52.21557],[8.78702,52.21549],[8.7873,52.21554],[8.7876,52.21552],[8.78804,52.21584],[8.78821,52.21607],[8.78862,52.21632],[8.78867,52.21646]]}},{"type":"Feature","properties":{"slice":"ura","kind":"weg"},"geometry":{"type":"LineString","coordinates":[[8.78373,52.24721],[8.78396,52.24698],[8.78421,52.24697],[8.78428,52.24692],[8.78436,52.24671],[8.78433,52.24647],[8.7845,52.24555],[8.78483,52.2447],[8.78519,52.24407],[8.78529,52.244],[8.78528,52.24387],[8.78537,52.24376],[8.7855,52.24371],[8.78551,52.24362],[8.78574,52.24353],[8.78589,52.24338],[8.78625,52.24316],[8.78651,52.24309],[8.78651,52.24275],[8.78665,52.2425],[8.7866,52.24235],[8.78668,52.24218]]}},{"type":"Feature","properties":{"slice":"ura","kind":"weg"},"geometry":{"type":"LineString","coordinates":[[8.7848,52.32205],[8.78463,52.32192],[8.78447,52.32162],[8.78508,52.3214],[8.78548,52.32131],[8.78638,52.32146],[8.7869,52.32148],[8.78876,52.32139],[8.78894,52.32165],[8.78903,52.32213],[8.78938,52.32257]]}},{"type":"Feature","properties":{"slice":"ura","kind":"weg"},"geometry":{"type":"LineString","coordinates":[[8.7884,52.22014],[8.78843,52.22004],[8.78868,52.21997],[8.79067,52.22015],[8.79102,52.22034],[8.79119,52.22032],[8.7917,52.22045],[8.79251,52.22048],[8.79284,52.22056],[8.79299,52.22053],[8.7935,52.22056],[8.79391,52.2207],[8.79421,52.22071],[8.79434,52.2208],[8.79451,52.22081],[8.79464,52.22088],[8.79537,52.22108],[8.79578,52.2211],[8.79604,52.22118],[8.79629,52.22118],[8.79662,52.22129],[8.79681,52.22129],[8.79725,52.22147],[8.79732,52.22161],[8.79763,52.22186],[8.79774,52.22203],[8.79793,52.22213],[8.79788,52.22227],[8.79797,52.22257],[8.79792,52.22273]]}},{"type":"Feature","properties":{"slice":"ura","kind":"weg"},"geometry":{"type":"LineString","coordinates":[[8.8027,52.33924],[8.80255,52.33945],[8.80234,52.33956],[8.80196,52.33969],[8.80175,52.33966],[8.80162,52.33975],[8.80119,52.33976],[8.80074,52.34006],[8.80063,52.3406],[8.80066,52.34071],[8.80053,52.34088],[8.8005,52.34112],[8.8003,52.34128],[8.80025,52.34149],[8.79997,52.34187],[8.79979,52.34194],[8.79962,52.3422],[8.79891,52.34236],[8.7983,52.34276],[8.79777,52.34292],[8.79745,52.34321],[8.79711,52.34331],[8.79693,52.34346],[8.79649,52.34365],[8.79553,52.34424],[8.79529,52.34429],[8.79512,52.34449],[8.79417,52.34496],[8.79321,52.34553],[8.79298,52.34581],[8.7928,52.34586],[8.79269,52.34595],[8.79223,52.34615],[8.7921,52.34627],[8.79132,52.34661],[8.79119,52.34673],[8.79097,52.34679],[8.79088,52.3469],[8.79033,52.34714],[8.78978,52.34744],[8.78955,52.34767],[8.78934,52.3477],[8.78883,52.34799],[8.78882,52.34823],[8.78916,52.34842],[8.7897,52.34895]]}},{"type":"Feature","properties":{"slice":"ura","kind":"weg"},"geometry":{"type":"LineString","coordinates":[[8.79592,52.28841],[8.79609,52.28849],[8.79611,52.28859],[8.79627,52.28873],[8.79586,52.28948],[8.79547,52.28962],[8.79511,52.29002],[8.79453,52.29043],[8.7935,52.29084],[8.79288,52.29098],[8.7926,52.291],[8.79166,52.29124],[8.79086,52.29153],[8.78793,52.29297],[8.78776,52.29338]]}},{"type":"Feature","properties":{"slice":"ura","kind":"weg"},"geometry":{"type":"LineString","coordinates":[[8.78908,52.33708],[8.78918,52.33751],[8.79031,52.33757],[8.79061,52.33744],[8.79086,52.3374],[8.79121,52.33715],[8.79155,52.33709],[8.79168,52.337],[8.79171,52.3369],[8.79187,52.33681],[8.79217,52.33669],[8.79256,52.3366],[8.79308,52.3366],[8.79376,52.33669],[8.79395,52.33665],[8.79411,52.33652],[8.79456,52.33655],[8.79669,52.33648]]}},{"type":"Feature","properties":{"slice":"ura","kind":"weg"},"geometry":{"type":"LineString","coordinates":[[8.80085,52.26877],[8.80065,52.26875],[8.80005,52.26883],[8.79917,52.26923],[8.79895,52.26924],[8.79876,52.2692],[8.79857,52.26929],[8.79831,52.26928],[8.79807,52.26935],[8.79657,52.26927],[8.79619,52.26936],[8.79595,52.26951],[8.79575,52.26954],[8.79571,52.26962],[8.79542,52.26966],[8.79535,52.26978],[8.79462,52.26989],[8.79428,52.26981],[8.79385,52.26995],[8.79353,52.27001],[8.7933,52.2701],[8.79323,52.27022],[8.79309,52.27026],[8.79282,52.27049],[8.79274,52.27068],[8.79257,52.27083],[8.79231,52.27097],[8.79209,52.27121],[8.79179,52.27127],[8.79149,52.27123],[8.79102,52.27134],[8.79074,52.27132],[8.79018,52.27147],[8.78947,52.27151],[8.78913,52.27161],[8.78905,52.27215],[8.78922,52.27234]]}},{"type":"Feature","properties":{"slice":"ura","kind":"weg"},"geometry":{"type":"LineString","coordinates":[[8.7893,52.17778],[8.78946,52.17796],[8.78971,52.17807],[8.7899,52.17807],[8.7902,52.17818],[8.79106,52.1782],[8.79194,52.17812],[8.79235,52.17816],[8.79275,52.1781],[8.79312,52.17816],[8.79362,52.17808],[8.79445,52.17773],[8.7952,52.17771],[8.79561,52.17767],[8.79584,52.17759],[8.79677,52.17777],[8.7969,52.1779],[8.79788,52.17843],[8.79797,52.17852],[8.79798,52.17871],[8.79831,52.17894],[8.79857,52.17898],[8.79902,52.1792],[8.79973,52.17967],[8.80044,52.18005],[8.80114,52.18034],[8.80119,52.18115]]}},{"type":"Feature","properties":{"slice":"ura","kind":"weg"},"geometry":{"type":"LineString","coordinates":[[8.79504,52.32045],[8.79516,52.32041],[8.79552,52.32039],[8.79569,52.32029],[8.79612,52.32022],[8.79726,52.31981],[8.79844,52.31929],[8.79958,52.319],[8.80003,52.31895],[8.80061,52.31881],[8.80089,52.3187],[8.80095,52.31858],[8.80174,52.31836],[8.80192,52.31826],[8.8032,52.3181],[8.80451,52.31801],[8.80554,52.31785],[8.80582,52.31771],[8.80659,52.31752],[8.80677,52.31744],[8.80829,52.31699],[8.8085,52.31688],[8.80919,52.31667],[8.81326,52.31568],[8.81346,52.31554],[8.81453,52.31518],[8.8147,52.31504]]}},{"type":"Feature","properties":{"slice":"ura","kind":"weg"},"geometry":{"type":"LineString","coordinates":[[8.78945,52.21578],[8.79009,52.21619],[8.79044,52.2162],[8.79134,52.21637],[8.79163,52.21637],[8.79161,52.21602],[8.79172,52.21596],[8.79194,52.21597],[8.79305,52.21623],[8.79329,52.21623],[8.7937,52.21638],[8.79434,52.21647],[8.79471,52.2166],[8.7952,52.21666],[8.79541,52.21675],[8.79565,52.21674],[8.79616,52.21662],[8.79647,52.21664],[8.79687,52.21648],[8.79713,52.21645],[8.7974,52.21629],[8.7979,52.21612],[8.79814,52.21609],[8.79838,52.21599],[8.79887,52.21591],[8.79896,52.21598],[8.79885,52.21613],[8.79883,52.21632]]}},{"type":"Feature","properties":{"slice":"ura","kind":"weg"},"geometry":{"type":"LineString","coordinates":[[8.79585,52.28838],[8.79544,52.28826],[8.79509,52.28798],[8.79475,52.28801],[8.7946,52.28794],[8.79432,52.28756],[8.79388,52.28713],[8.79399,52.28659],[8.7938,52.28641],[8.79376,52.28613],[8.79289,52.28539],[8.79265,52.28532],[8.79238,52.28509],[8.79235,52.28492],[8.79199,52.28463],[8.79161,52.2842],[8.79137,52.28411],[8.79122,52.28395],[8.79105,52.28394]]}},{"type":"Feature","properties":{"slice":"ura","kind":"weg"},"geometry":{"type":"LineString","coordinates":[[8.79052,52.15681],[8.79065,52.15697],[8.79055,52.15711],[8.79063,52.15757],[8.791,52.15819],[8.791,52.15828],[8.79144,52.1585],[8.79182,52.15882],[8.79213,52.15886],[8.79308,52.15931],[8.79372,52.15951],[8.79493,52.15976],[8.79511,52.15993],[8.795,52.16022],[8.79503,52.16036],[8.79556,52.16055],[8.79586,52.16057],[8.79735,52.16097],[8.79805,52.16122],[8.79868,52.16134],[8.79878,52.16142],[8.79873,52.16148]]}},{"type":"Feature","properties":{"slice":"ura","kind":"weg"},"geometry":{"type":"LineString","coordinates":[[8.79182,52.23929],[8.79206,52.23918],[8.79217,52.23902],[8.79222,52.23851],[8.79234,52.23825],[8.79226,52.23791],[8.79237,52.23776],[8.79231,52.23751],[8.7926,52.23725],[8.79315,52.23706],[8.79319,52.23684],[8.79338,52.23655],[8.79334,52.23642],[8.79388,52.23616],[8.79404,52.23534],[8.79402,52.23511],[8.79424,52.23499],[8.79433,52.23482],[8.79449,52.23475],[8.79499,52.23427],[8.79526,52.23419],[8.79545,52.23408],[8.79554,52.23383],[8.79552,52.23358],[8.79603,52.23331],[8.79609,52.23307],[8.79654,52.23281],[8.79659,52.23273],[8.79656,52.23244],[8.79663,52.23233],[8.79655,52.23214],[8.79659,52.23157],[8.79653,52.23132],[8.79679,52.23093],[8.79688,52.23041],[8.79677,52.23011],[8.79681,52.22988],[8.79701,52.22925],[8.79717,52.22913],[8.7972,52.22896],[8.79757,52.22846],[8.79775,52.22833],[8.79773,52.22822],[8.7979,52.22765],[8.79791,52.22696],[8.79774,52.22603],[8.79731,52.22514],[8.79698,52.22478],[8.79729,52.22454],[8.79724,52.22437],[8.79746,52.22421],[8.79768,52.2242]]}},{"type":"Feature","properties":{"slice":"ura","kind":"weg"},"geometry":{"type":"LineString","coordinates":[[8.79465,52.39751],[8.79475,52.39743],[8.79478,52.39721],[8.79472,52.3971],[8.79478,52.39701],[8.79464,52.39665],[8.79483,52.39645],[8.79485,52.39627],[8.7948,52.39616],[8.79486,52.39602],[8.79483,52.39566],[8.79472,52.39558],[8.7948,52.39414],[8.79498,52.3939],[8.79509,52.39233]]}},{"type":"Feature","properties":{"slice":"ura","kind":"weg"},"geometry":{"type":"LineString","coordinates":[[8.80866,52.38231],[8.8082,52.3823],[8.80801,52.38225],[8.8077,52.38236],[8.80612,52.38324],[8.80569,52.38335],[8.80539,52.38348],[8.80514,52.38363],[8.80504,52.3838],[8.80477,52.38396],[8.80321,52.38473],[8.80245,52.38518],[8.79956,52.38669],[8.79887,52.38692],[8.79582,52.38819],[8.79537,52.3883],[8.79503,52.38852],[8.79419,52.38883],[8.79282,52.38945],[8.7926,52.38946],[8.79241,52.38954],[8.79215,52.38972],[8.79167,52.38991],[8.7918,52.39028]]}},{"type":"Feature","properties":{"slice":"ura","kind":"weg"},"geometry":{"type":"LineString","coordinates":[[8.7995,52.20611],[8.79895,52.20602],[8.79812,52.206],[8.79778,52.2058],[8.7976,52.20577],[8.79687,52.20588],[8.79666,52.20586],[8.79561,52.20611],[8.79498,52.20633],[8.79466,52.20638],[8.79361,52.20625],[8.79331,52.20636],[8.79326,52.20661],[8.79338,52.2067],[8.7937,52.20674],[8.79389,52.20682],[8.79389,52.207],[8.79374,52.20717],[8.79311,52.20742]]}},{"type":"Feature","properties":{"slice":"ura","kind":"weg"},"geometry":{"type":"LineString","coordinates":[[8.80665,52.24803],[8.807,52.24797],[8.8071,52.24781],[8.8073,52.2477],[8.80784,52.24774],[8.80816,52.24771],[8.80856,52.2478],[8.80915,52.24803],[8.80936,52.24804],[8.81119,52.24781],[8.81142,52.2477],[8.81185,52.24762],[8.81209,52.24751],[8.8123,52.24748],[8.81252,52.24735],[8.81325,52.24731],[8.81411,52.2474],[8.81436,52.24736],[8.81535,52.2474],[8.81561,52.24734],[8.81615,52.2471],[8.81674,52.24712],[8.81702,52.24708],[8.81743,52.24715],[8.81771,52.24698],[8.81783,52.24676],[8.81788,52.24636],[8.818,52.2463],[8.81802,52.24612],[8.81819,52.24597],[8.81826,52.24568],[8.81848,52.24541],[8.81862,52.24535]]}},{"type":"Feature","properties":{"slice":"ura","kind":"weg"},"geometry":{"type":"LineString","coordinates":[[8.82158,52.34906],[8.8218,52.34921],[8.82179,52.34933],[8.82073,52.35045],[8.82055,52.35074],[8.82,52.35126],[8.81992,52.35141],[8.81999,52.35153],[8.8197,52.35184],[8.81932,52.35199],[8.81927,52.35228],[8.81898,52.35251],[8.81876,52.35254],[8.81859,52.35263],[8.81805,52.35305],[8.81795,52.35324],[8.81769,52.35333],[8.81716,52.35386],[8.81638,52.35445],[8.81624,52.35462],[8.81571,52.35491],[8.8151,52.35541],[8.81506,52.35562],[8.81525,52.35572],[8.81531,52.35583],[8.81554,52.35591],[8.81561,52.35616],[8.81548,52.3563],[8.81521,52.35647],[8.81462,52.35713],[8.8144,52.35731],[8.81433,52.35751],[8.8138,52.35791],[8.81266,52.35897],[8.81237,52.359],[8.81213,52.35895],[8.81187,52.35905],[8.8114,52.35906],[8.81109,52.35914],[8.81093,52.35925],[8.81066,52.35927],[8.8102,52.35952],[8.81015,52.35981],[8.80952,52.36035],[8.8091,52.36089],[8.80837,52.36148],[8.80833,52.36161],[8.80809,52.36178],[8.80786,52.3621],[8.80756,52.36225],[8.80755,52.36239],[8.80715,52.36284],[8.80661,52.36333],[8.80611,52.36365],[8.80589,52.36385],[8.80557,52.36423],[8.80558,52.3644],[8.8051,52.36481],[8.80447,52.36551],[8.80417,52.36566],[8.804,52.36584],[8.80394,52.36606],[8.80311,52.36683],[8.80212,52.36791],[8.80181,52.36808],[8.80177,52.36826],[8.80157,52.36838],[8.80153,52.36849],[8.80095,52.36901],[8.80089,52.36914],[8.8007,52.36927],[8.80051,52.36952],[8.80028,52.3696],[8.80007,52.36978],[8.79995,52.36993],[8.79992,52.3701],[8.79972,52.37033],[8.79944,52.37058],[8.79914,52.37071],[8.79875,52.37111],[8.79876,52.37126],[8.79855,52.3715],[8.79838,52.37158],[8.79798,52.37206],[8.79786,52.37215],[8.79765,52.37221],[8.79657,52.37333],[8.79639,52.37344],[8.79629,52.37357],[8.79631,52.37373],[8.79453,52.37551],[8.79436,52.37577],[8.79404,52.37594],[8.79403,52.37608],[8.7933,52.37677]]}},{"type":"Feature","properties":{"slice":"ura","kind":"weg"},"geometry":{"type":"LineString","coordinates":[[8.80104,52.29336],[8.80114,52.29323],[8.80057,52.29248],[8.80024,52.29237],[8.79994,52.29209],[8.79987,52.29184],[8.79925,52.2912],[8.79895,52.2911],[8.79882,52.291],[8.79848,52.29059],[8.79847,52.29044],[8.79828,52.29014]]}},{"type":"Feature","properties":{"slice":"ura","kind":"weg"},"geometry":{"type":"LineString","coordinates":[[8.81798,52.27949],[8.81784,52.27951],[8.81734,52.27935],[8.81683,52.27961],[8.81625,52.27976],[8.81376,52.28079],[8.81307,52.28103],[8.81258,52.28127],[8.81239,52.28131],[8.8118,52.28157],[8.81171,52.28167],[8.81151,52.28177],[8.80653,52.28382],[8.80571,52.28449],[8.80504,52.28517],[8.80447,52.28553],[8.79773,52.28764],[8.79713,52.28775],[8.79708,52.28799],[8.79686,52.2881],[8.79689,52.28823],[8.79668,52.28835],[8.79662,52.28851],[8.79622,52.28881],[8.79602,52.28922],[8.79627,52.28941]]}},{"type":"Feature","properties":{"slice":"ura","kind":"weg"},"geometry":{"type":"LineString","coordinates":[[8.80135,52.21592],[8.80126,52.21605],[8.80135,52.21617],[8.80134,52.21638],[8.80164,52.21663],[8.80141,52.21698],[8.80152,52.21743],[8.80135,52.21755],[8.80123,52.21773],[8.80125,52.21786],[8.80112,52.21797],[8.8011,52.21839],[8.80085,52.21883],[8.80087,52.21895],[8.80075,52.21903],[8.80075,52.21923],[8.80049,52.21945],[8.80049,52.21979],[8.80037,52.22006],[8.8003,52.22009],[8.80011,52.22007],[8.79999,52.22012],[8.80005,52.22065],[8.8,52.22081],[8.80008,52.22092],[8.79998,52.2214],[8.79942,52.22217],[8.79951,52.22233],[8.79981,52.22233],[8.8,52.22248],[8.79994,52.22271],[8.79972,52.22282]]}},{"type":"Feature","properties":{"slice":"ura","kind":"weg"},"geometry":{"type":"LineString","coordinates":[[8.79918,52.22245],[8.79943,52.22235],[8.79981,52.22233],[8.8,52.22249],[8.79997,52.22281],[8.80044,52.22283],[8.8006,52.22292],[8.80065,52.22309],[8.80062,52.22365],[8.80071,52.22386],[8.80067,52.22417],[8.80108,52.22432],[8.80129,52.22445],[8.80211,52.2252],[8.80235,52.22526],[8.80288,52.22568],[8.80406,52.22616],[8.80448,52.22626],[8.80456,52.22635],[8.80486,52.22651],[8.80509,52.22654],[8.8055,52.22669],[8.80582,52.22694],[8.80608,52.227],[8.80623,52.22697],[8.80715,52.22715],[8.80756,52.22734],[8.80788,52.22732],[8.80844,52.22743],[8.80865,52.22754],[8.80921,52.22761],[8.80938,52.22769],[8.80962,52.22763],[8.8099,52.22771],[8.81016,52.2277],[8.81035,52.22777],[8.81065,52.22775],[8.8111,52.22789],[8.81202,52.2279],[8.81267,52.22819],[8.81272,52.22826],[8.81252,52.22845],[8.81254,52.22856],[8.81227,52.22896],[8.81242,52.22909],[8.81245,52.22924],[8.81256,52.22929],[8.81302,52.22972],[8.81329,52.22987]]}},{"type":"Feature","properties":{"slice":"ura","kind":"weg"},"geometry":{"type":"LineString","coordinates":[[8.8013,52.20766],[8.80167,52.20775],[8.8028,52.20845],[8.8032,52.20837],[8.80344,52.20837],[8.80357,52.20844],[8.80383,52.20846],[8.8041,52.20844],[8.80432,52.20836],[8.80473,52.20837],[8.80523,52.20856],[8.80538,52.20872],[8.80532,52.20881]]}},{"type":"Feature","properties":{"slice":"ura","kind":"weg"},"geometry":{"type":"LineString","coordinates":[[8.80096,52.18028],[8.80108,52.1803],[8.80118,52.18039],[8.80115,52.1807],[8.80129,52.18173],[8.80143,52.18196],[8.80143,52.18222],[8.80153,52.18234],[8.80151,52.18246],[8.80172,52.18298],[8.8017,52.18355],[8.80162,52.18385],[8.80168,52.18413],[8.80156,52.18433],[8.80138,52.18445],[8.80131,52.18463],[8.8004,52.18543],[8.80035,52.18559],[8.80003,52.18576],[8.79953,52.18584],[8.79929,52.18593],[8.7993,52.18631],[8.79908,52.18722],[8.79947,52.18755],[8.80018,52.18784],[8.80028,52.18795]]}},{"type":"Feature","properties":{"slice":"ura","kind":"weg"},"geometry":{"type":"LineString","coordinates":[[8.80068,52.18773],[8.80113,52.18801],[8.80112,52.18818],[8.80141,52.18872],[8.80145,52.18897],[8.80204,52.19018],[8.80204,52.19072],[8.80192,52.19084],[8.80179,52.19123],[8.8013,52.19154],[8.80093,52.19202],[8.80105,52.19221],[8.80101,52.19232],[8.80111,52.19276],[8.80134,52.19336],[8.80133,52.19361],[8.80143,52.19401],[8.80135,52.19428],[8.80114,52.19451],[8.80117,52.19461],[8.80108,52.19472],[8.80104,52.19502],[8.80115,52.19645],[8.80155,52.19736],[8.80172,52.1983],[8.80179,52.19837],[8.80269,52.19857],[8.80322,52.19855],[8.80334,52.1986]]}},{"type":"Feature","properties":{"slice":"ura","kind":"weg"},"geometry":{"type":"LineString","coordinates":[[8.80417,52.17778],[8.80386,52.17801],[8.80389,52.17836],[8.80314,52.17853],[8.80299,52.17865],[8.80202,52.17912],[8.80053,52.18],[8.80063,52.18013],[8.80118,52.18038],[8.80119,52.18115]]}},{"type":"Feature","properties":{"slice":"ura","kind":"weg"},"geometry":{"type":"LineString","coordinates":[[8.80289,52.29667],[8.80329,52.29679],[8.80406,52.29693],[8.80442,52.29716],[8.80435,52.29778],[8.80467,52.29815],[8.80433,52.29842],[8.80435,52.29863],[8.80478,52.2987],[8.80479,52.29893],[8.80487,52.29904],[8.80539,52.29965],[8.80576,52.29995],[8.8062,52.3005],[8.80652,52.30072],[8.80653,52.30095],[8.80677,52.30117],[8.80715,52.30171],[8.80809,52.30273],[8.80863,52.30311],[8.8099,52.30332],[8.81098,52.30357]]}},{"type":"Feature","properties":{"slice":"ura","kind":"weg"},"geometry":{"type":"LineString","coordinates":[[8.81711,52.30964],[8.81713,52.31001],[8.81733,52.31025],[8.81736,52.3105],[8.81755,52.31071],[8.81863,52.31077],[8.819,52.31082],[8.81917,52.3109],[8.81928,52.31104],[8.81932,52.31122],[8.81948,52.31136],[8.81946,52.31181],[8.81978,52.31199],[8.81981,52.31215],[8.81998,52.3122]]}},{"type":"Feature","properties":{"slice":"ura","kind":"weg"},"geometry":{"type":"LineString","coordinates":[[8.80171,52.16112],[8.80204,52.16119],[8.80213,52.16126],[8.80222,52.16161],[8.80215,52.1618],[8.80227,52.16199],[8.80243,52.16273],[8.80261,52.16299],[8.80264,52.1632],[8.80271,52.16323],[8.80305,52.16317],[8.80329,52.16323],[8.80327,52.16405]]}},{"type":"Feature","properties":{"slice":"ura","kind":"weg"},"geometry":{"type":"LineString","coordinates":[[8.80361,52.16766],[8.80359,52.16789],[8.80369,52.16811],[8.80376,52.16817],[8.80399,52.16821],[8.80396,52.16854],[8.80433,52.16883],[8.80428,52.16897],[8.80436,52.16912],[8.80424,52.16937],[8.80437,52.16963],[8.80439,52.16992],[8.80451,52.17006],[8.80409,52.17075],[8.80376,52.17107],[8.80356,52.17118],[8.80342,52.17133],[8.80312,52.17146],[8.80284,52.17168],[8.80286,52.17181],[8.80306,52.17198],[8.8031,52.17235],[8.80326,52.17266],[8.80354,52.17285],[8.80367,52.17319],[8.80369,52.17348],[8.80314,52.17367],[8.80277,52.1737],[8.80269,52.17375],[8.80283,52.17391],[8.80284,52.1741],[8.80326,52.17435],[8.80358,52.17463],[8.80358,52.17493],[8.80349,52.17514],[8.80318,52.17535],[8.80316,52.17546],[8.80337,52.17566],[8.80337,52.17581],[8.80353,52.17588],[8.80358,52.17598],[8.80377,52.17613],[8.80407,52.17666],[8.80402,52.17691],[8.80417,52.17706],[8.80408,52.17725],[8.8041,52.17745],[8.80386,52.17767],[8.804,52.17788],[8.80385,52.17804],[8.80391,52.17833],[8.80364,52.17845]]}},{"type":"Feature","properties":{"slice":"ura","kind":"weg"},"geometry":{"type":"LineString","coordinates":[[8.80171,52.16112],[8.80196,52.16114],[8.8021,52.16122],[8.80214,52.16148],[8.80223,52.16165],[8.80237,52.16171],[8.8038,52.16157],[8.80577,52.16166],[8.806,52.16185],[8.80619,52.1622],[8.80661,52.16238],[8.80709,52.16271],[8.80739,52.16269],[8.80753,52.1628],[8.80784,52.16283],[8.80797,52.16291],[8.80887,52.16295],[8.80968,52.16312],[8.80988,52.16312],[8.81016,52.16325],[8.81071,52.16331],[8.81081,52.16337],[8.81093,52.1636],[8.81088,52.16392],[8.81094,52.16403],[8.81131,52.16418],[8.81168,52.16453],[8.81211,52.16461],[8.81238,52.16452],[8.81256,52.16434],[8.81299,52.16422],[8.81329,52.16401],[8.81361,52.164],[8.81383,52.16365],[8.81414,52.16357],[8.81428,52.16344],[8.8146,52.16338],[8.81505,52.16318],[8.81578,52.16302],[8.81587,52.16294],[8.81668,52.16272],[8.81683,52.16249],[8.8176,52.16252],[8.81801,52.16242],[8.81824,52.16244],[8.81845,52.16236],[8.81865,52.16206],[8.81861,52.16196],[8.81889,52.16173],[8.81947,52.16141],[8.82011,52.16127],[8.82054,52.16123],[8.82076,52.16129],[8.82149,52.16131],[8.82271,52.16159],[8.82312,52.16161],[8.82376,52.1615],[8.82477,52.16145],[8.825,52.16152],[8.8256,52.16158],[8.82846,52.16177],[8.8299,52.16197],[8.83021,52.16209]]}},{"type":"Feature","properties":{"slice":"ura","kind":"weg"},"geometry":{"type":"LineString","coordinates":[[8.80633,52.33725],[8.80659,52.33737],[8.80713,52.3374],[8.8073,52.3375],[8.80831,52.33742],[8.8087,52.33746],[8.80893,52.33736],[8.80962,52.33736],[8.81011,52.33728],[8.81164,52.33694],[8.81207,52.33691],[8.81271,52.33673],[8.81294,52.33673],[8.81352,52.33659],[8.81408,52.33651],[8.8143,52.33642],[8.81453,52.33642],[8.81539,52.33624],[8.81578,52.33624],[8.81606,52.33613],[8.81636,52.33617],[8.81715,52.33607],[8.82065,52.33598],[8.82142,52.33592],[8.82234,52.33591],[8.82262,52.33597],[8.82322,52.33598],[8.82352,52.33591],[8.82457,52.33598],[8.82548,52.33617],[8.82591,52.33633],[8.82685,52.33655],[8.8273,52.33676],[8.82801,52.33696],[8.82827,52.33714],[8.82859,52.33703],[8.8291,52.33703],[8.8294,52.33742],[8.82992,52.33764],[8.83017,52.33767],[8.83028,52.33788],[8.8306,52.33816],[8.83088,52.33826],[8.8311,52.33827],[8.83127,52.3384]]}},{"type":"Feature","properties":{"slice":"ura","kind":"weg"},"geometry":{"type":"LineString","coordinates":[[8.81235,52.32156],[8.81221,52.32156],[8.81214,52.32164],[8.81125,52.32301],[8.811,52.32356],[8.81079,52.32387],[8.8105,52.32457],[8.81001,52.32535],[8.8095,52.32641],[8.80948,52.32656],[8.80935,52.32662],[8.80924,52.3268],[8.80909,52.32689],[8.80921,52.32724],[8.80911,52.32738],[8.8088,52.3283],[8.80884,52.32857],[8.80915,52.32906],[8.80917,52.32927],[8.80893,52.32966],[8.80881,52.32975],[8.8087,52.33],[8.80844,52.33033],[8.80825,52.33044],[8.80796,52.33074],[8.80751,52.33127],[8.80727,52.33144],[8.80713,52.33169],[8.80683,52.33198],[8.80629,52.33241],[8.80593,52.3326],[8.80579,52.33279],[8.80559,52.33285],[8.80377,52.3344],[8.80287,52.33503]]}},{"type":"Feature","properties":{"slice":"ura","kind":"weg"},"geometry":{"type":"LineString","coordinates":[[8.80926,52.2672],[8.8088,52.26721],[8.80856,52.2671],[8.80829,52.26711],[8.80799,52.26701],[8.80772,52.26712],[8.80737,52.26763],[8.80722,52.26771],[8.80681,52.26781],[8.80616,52.26786],[8.80586,52.26794],[8.80555,52.26816],[8.80518,52.26828],[8.80488,52.26826],[8.80376,52.2685],[8.80366,52.26864],[8.80365,52.26883],[8.80388,52.26923]]}},{"type":"Feature","properties":{"slice":"ura","kind":"weg"},"geometry":{"type":"LineString","coordinates":[[8.8266,52.1679],[8.82655,52.16822],[8.82595,52.16858],[8.82587,52.16898],[8.82563,52.16926],[8.82566,52.16937],[8.8255,52.16956],[8.82547,52.17006],[8.82462,52.17067],[8.82436,52.17078],[8.82389,52.17084],[8.82364,52.17144],[8.82349,52.17162],[8.8223,52.17158],[8.82157,52.17147],[8.82146,52.17172],[8.82136,52.17179],[8.82099,52.17178],[8.82061,52.17193],[8.82033,52.17194],[8.81979,52.17217],[8.81969,52.17234],[8.81921,52.17273],[8.81872,52.17277],[8.8176,52.17305],[8.8161,52.17355],[8.81389,52.17455],[8.81144,52.17548],[8.81104,52.17569],[8.81082,52.17574],[8.81048,52.17598],[8.81039,52.17613],[8.80964,52.17649],[8.80857,52.17683],[8.80705,52.17718],[8.80649,52.17741],[8.80614,52.17743],[8.80574,52.17754],[8.80479,52.17793],[8.80435,52.17821],[8.80427,52.17838],[8.80389,52.17837],[8.80364,52.17845]]}},{"type":"Feature","properties":{"slice":"ura","kind":"weg"},"geometry":{"type":"LineString","coordinates":[[8.80753,52.19817],[8.80791,52.19837],[8.80775,52.19859],[8.8077,52.19881],[8.80744,52.19911],[8.80737,52.19958],[8.80742,52.19995],[8.80767,52.2004],[8.80754,52.20093],[8.80758,52.20102],[8.80744,52.20111],[8.80695,52.20232],[8.80693,52.20254],[8.80653,52.20325],[8.80661,52.20338]]}},{"type":"Feature","properties":{"slice":"ura","kind":"weg"},"geometry":{"type":"LineString","coordinates":[[8.82308,52.19874],[8.82264,52.19891],[8.82237,52.19892],[8.82202,52.19908],[8.82176,52.19906],[8.82133,52.19881],[8.82,52.19878],[8.81966,52.19882],[8.81952,52.19876],[8.81944,52.19863],[8.81919,52.19861],[8.81754,52.19862],[8.81736,52.19858],[8.81719,52.19862],[8.81676,52.19862],[8.81649,52.19879],[8.81395,52.19878],[8.81344,52.19882],[8.81279,52.19878],[8.81256,52.19861],[8.81166,52.19862],[8.81146,52.19857],[8.8092,52.19861]]}},{"type":"Feature","properties":{"slice":"ura","kind":"weg"},"geometry":{"type":"LineString","coordinates":[[8.8254,52.26671],[8.82498,52.26672],[8.82462,52.26685],[8.8241,52.26693],[8.82363,52.26685],[8.82348,52.26676],[8.82312,52.26675],[8.82284,52.26668],[8.82125,52.26665],[8.82054,52.26652],[8.8202,52.26638],[8.82,52.26637],[8.81904,52.26611],[8.81837,52.26611],[8.8182,52.26605],[8.81784,52.26604],[8.81764,52.26613],[8.81743,52.26614],[8.81657,52.26602],[8.81627,52.26608],[8.81584,52.26598],[8.81554,52.26608],[8.81451,52.26619],[8.81391,52.26634],[8.81359,52.26638],[8.8132,52.26653],[8.81278,52.2665],[8.8123,52.26662],[8.8117,52.2667],[8.81127,52.26691],[8.81075,52.26703]]}},{"type":"Feature","properties":{"slice":"ura","kind":"weg"},"geometry":{"type":"LineString","coordinates":[[8.83242,52.38493],[8.83219,52.38505],[8.83163,52.38506],[8.82831,52.38412],[8.82745,52.38392],[8.82731,52.38382],[8.82704,52.38381],[8.82644,52.38357],[8.82621,52.38357],[8.82569,52.38344],[8.82535,52.38331],[8.82348,52.38284],[8.82333,52.38274],[8.82282,52.38266],[8.82151,52.38231],[8.82123,52.38223],[8.82101,52.3821],[8.82067,52.38209],[8.8188,52.38156],[8.81668,52.38102],[8.81591,52.38135],[8.81537,52.38165],[8.81468,52.38165],[8.81421,52.38171],[8.81412,52.38193],[8.8138,52.382],[8.81286,52.38201],[8.81252,52.38215],[8.81116,52.38214],[8.81078,52.38197],[8.80995,52.38201]]}},{"type":"Feature","properties":{"slice":"ura","kind":"weg"},"geometry":{"type":"LineString","coordinates":[[8.81749,52.37567],[8.81757,52.37581],[8.81752,52.37598],[8.81707,52.37633],[8.81678,52.37644],[8.81629,52.37696],[8.81598,52.37705],[8.81522,52.37768],[8.81522,52.37779],[8.81504,52.37796],[8.81336,52.37928],[8.81289,52.37957],[8.81282,52.37969],[8.81241,52.37997],[8.80954,52.38142],[8.80957,52.38175]]}},{"type":"Feature","properties":{"slice":"ura","kind":"weg"},"geometry":{"type":"LineString","coordinates":[[8.81923,52.31575],[8.8193,52.31615],[8.81909,52.31639],[8.81893,52.31643],[8.81861,52.31643],[8.8184,52.31654],[8.81809,52.31654],[8.81734,52.31668],[8.81681,52.31672],[8.81583,52.31758],[8.8154,52.31787],[8.81522,52.31816],[8.81459,52.31868],[8.81429,52.31882],[8.81356,52.31965],[8.81317,52.32022],[8.81317,52.32034],[8.81302,52.32043],[8.81302,52.32056],[8.81268,52.32085],[8.81246,52.32126],[8.81231,52.32136],[8.8116,52.32247]]}},{"type":"Feature","properties":{"slice":"ura","kind":"weg"},"geometry":{"type":"LineString","coordinates":[[8.83059,52.23419],[8.83018,52.23422],[8.82998,52.23419],[8.82979,52.2341],[8.82957,52.23411],[8.82946,52.23416],[8.82921,52.23444],[8.82904,52.23444],[8.82874,52.23435],[8.8285,52.23438],[8.82842,52.23457],[8.82824,52.23471],[8.82784,52.23482],[8.82522,52.23468],[8.82442,52.23488],[8.82421,52.23487],[8.824,52.23496],[8.82376,52.23498],[8.82357,52.2351],[8.82344,52.23511],[8.82312,52.23497],[8.82298,52.23476],[8.82275,52.23465],[8.82234,52.23463],[8.82213,52.23454],[8.82107,52.23445],[8.82085,52.23396],[8.82089,52.23386],[8.82077,52.23379],[8.82036,52.23302],[8.8202,52.2329],[8.81998,52.23282],[8.81964,52.23281],[8.81927,52.2327],[8.8191,52.23259],[8.81885,52.23261],[8.81835,52.2325],[8.81812,52.23252],[8.81776,52.23247],[8.81729,52.23216],[8.81704,52.23186],[8.817,52.23164],[8.81651,52.23155],[8.81593,52.23136],[8.8156,52.23113],[8.81527,52.231],[8.8152,52.23084],[8.81498,52.23068],[8.81414,52.23069]]}},{"type":"Feature","properties":{"slice":"ura","kind":"weg"},"geometry":{"type":"LineString","coordinates":[[8.83369,52.36388],[8.83315,52.36431],[8.83259,52.36458],[8.83256,52.36471],[8.83234,52.3649],[8.83024,52.36637],[8.8295,52.36695],[8.82906,52.3672],[8.82793,52.36806],[8.82763,52.36823],[8.82757,52.36833],[8.82701,52.36869],[8.82676,52.36876],[8.82638,52.36901],[8.82616,52.36953],[8.82592,52.36968],[8.82567,52.3697],[8.82535,52.36986],[8.82444,52.37056],[8.82422,52.37063],[8.82383,52.37086],[8.82384,52.37095],[8.82357,52.37118],[8.82243,52.37203],[8.82237,52.37213],[8.82223,52.37217],[8.81798,52.37554],[8.818,52.3756],[8.81868,52.37606]]}},{"type":"Feature","properties":{"slice":"ura","kind":"weg"},"geometry":{"type":"LineString","coordinates":[[8.81843,52.21966],[8.81878,52.21974],[8.81912,52.21973],[8.8193,52.21996],[8.81969,52.22009],[8.82003,52.22027],[8.82007,52.22044],[8.81993,52.22111],[8.81995,52.22127],[8.82023,52.22146],[8.82025,52.22169],[8.8205,52.22211],[8.82046,52.22224],[8.82088,52.22279],[8.82087,52.22295],[8.82098,52.2232],[8.82108,52.22324],[8.82134,52.22325],[8.8216,52.22382],[8.82183,52.22392],[8.82183,52.22417],[8.82168,52.22443],[8.82172,52.22457],[8.82245,52.22512],[8.82249,52.22543],[8.82318,52.22587],[8.82327,52.226],[8.82367,52.22714],[8.82378,52.22785],[8.82391,52.22811],[8.8241,52.2283],[8.82408,52.22856],[8.82444,52.22872]]}},{"type":"Feature","properties":{"slice":"ura","kind":"weg"},"geometry":{"type":"LineString","coordinates":[[8.81888,52.24143],[8.81912,52.24128],[8.81936,52.24122],[8.81946,52.24112],[8.81902,52.23993],[8.81952,52.23967],[8.81956,52.23945],[8.82002,52.23928],[8.82009,52.23921],[8.82025,52.2392],[8.8204,52.23906],[8.82024,52.23844],[8.82085,52.23806],[8.82067,52.23785],[8.82072,52.23772],[8.82055,52.23747],[8.82067,52.23737],[8.82046,52.23721],[8.82028,52.23662],[8.82033,52.23643],[8.82086,52.23614],[8.82096,52.23599],[8.82127,52.23583],[8.82149,52.23585],[8.82196,52.23598],[8.82328,52.23642],[8.82373,52.23666],[8.82408,52.23699],[8.82461,52.23699],[8.82483,52.23711],[8.82507,52.23712],[8.82515,52.23725],[8.82569,52.23737],[8.82614,52.23732],[8.82679,52.23749],[8.82717,52.23747],[8.82762,52.23752],[8.82784,52.23748],[8.82861,52.23767],[8.82897,52.23766],[8.8293,52.2377],[8.82994,52.2377],[8.83101,52.23758],[8.83121,52.23772],[8.83127,52.23783],[8.83149,52.23791],[8.83145,52.23804],[8.83157,52.23814],[8.83156,52.23831],[8.8319,52.23843],[8.83205,52.23857],[8.83237,52.23854]]}},{"type":"Feature","properties":{"slice":"ura","kind":"weg"},"geometry":{"type":"LineString","coordinates":[[8.81911,52.23113],[8.8196,52.23102],[8.82033,52.2314],[8.82088,52.23158],[8.82127,52.23167],[8.82149,52.23164],[8.82215,52.23182],[8.82243,52.23185],[8.82335,52.2322],[8.82357,52.23221],[8.82369,52.23248],[8.824,52.23258],[8.82455,52.23256],[8.82488,52.23266],[8.82513,52.23265],[8.82552,52.23271],[8.82565,52.23266],[8.82621,52.23264],[8.82674,52.23271],[8.82691,52.23282],[8.82686,52.23311],[8.82695,52.23327],[8.82695,52.23345],[8.82713,52.23372],[8.82764,52.23372],[8.82788,52.23381],[8.8285,52.2337],[8.82873,52.23377],[8.82887,52.23388],[8.829,52.23382],[8.82923,52.23381],[8.8296,52.23362],[8.83011,52.2336],[8.83041,52.23366],[8.83071,52.23356],[8.83088,52.23356],[8.83108,52.2336],[8.83121,52.23372],[8.83132,52.23373]]}},{"type":"Feature","properties":{"slice":"ura","kind":"weg"},"geometry":{"type":"LineString","coordinates":[[8.82871,52.21575],[8.8285,52.21587],[8.82817,52.21591],[8.82813,52.21607],[8.82797,52.21616],[8.82745,52.21604],[8.82687,52.21609],[8.82653,52.21624],[8.82597,52.21627],[8.82558,52.21643],[8.82518,52.21646],[8.82479,52.21641],[8.82432,52.21642],[8.82425,52.21658],[8.82411,52.21667],[8.82408,52.21678],[8.82393,52.21686],[8.82363,52.21686],[8.82258,52.21671],[8.82215,52.21641],[8.82157,52.21631],[8.82116,52.21616],[8.82094,52.2162]]}},{"type":"Feature","properties":{"slice":"ura","kind":"weg"},"geometry":{"type":"LineString","coordinates":[[8.82008,52.21553],[8.82091,52.21553],[8.82125,52.21544],[8.82138,52.21536],[8.82155,52.21538],[8.82191,52.21552],[8.82247,52.21555],[8.82277,52.21552],[8.8229,52.21566],[8.82362,52.21577],[8.82371,52.2159],[8.82374,52.21631],[8.82406,52.21633],[8.82427,52.21642],[8.82478,52.21641]]}},{"type":"Feature","properties":{"slice":"ura","kind":"weg"},"geometry":{"type":"LineString","coordinates":[[8.83295,52.311],[8.83228,52.31076],[8.8314,52.31103],[8.83078,52.31136],[8.83063,52.31136],[8.82972,52.31169],[8.82958,52.31167],[8.82949,52.31156],[8.82927,52.31152],[8.82827,52.31154],[8.82803,52.31159],[8.82762,52.31154],[8.82608,52.3117],[8.82543,52.31168],[8.82488,52.31183],[8.82469,52.31184],[8.82432,52.3121],[8.82367,52.31211],[8.82224,52.31226],[8.82207,52.3124],[8.82211,52.31266],[8.82206,52.3129],[8.82182,52.31293]]}},{"type":"Feature","properties":{"slice":"ura","kind":"weg"},"geometry":{"type":"LineString","coordinates":[[8.8297,52.3419],[8.82938,52.34213],[8.82911,52.3422],[8.82881,52.34241],[8.82814,52.34322],[8.82767,52.34349],[8.82748,52.34372],[8.82662,52.34444],[8.82492,52.34538],[8.82482,52.34556],[8.82452,52.34575],[8.82414,52.34615],[8.82419,52.34636],[8.82393,52.34669],[8.82374,52.34686],[8.82355,52.34693],[8.82274,52.34774],[8.82263,52.34812],[8.82234,52.34868],[8.82206,52.34884],[8.8218,52.34914],[8.82179,52.34933]]}},{"type":"Feature","properties":{"slice":"ura","kind":"weg"},"geometry":{"type":"LineString","coordinates":[[8.82162,52.31452],[8.82188,52.31462],[8.82209,52.315],[8.82222,52.31496],[8.82244,52.31478],[8.82284,52.3147],[8.82333,52.3147],[8.82365,52.31487],[8.82398,52.3149],[8.82421,52.3156],[8.82407,52.31589],[8.82453,52.31606],[8.82469,52.31627],[8.82533,52.31657],[8.82595,52.31702],[8.82613,52.31706],[8.8262,52.3172],[8.82668,52.31748],[8.82704,52.31781],[8.82712,52.31795],[8.82742,52.31805],[8.82772,52.31823],[8.8277,52.31834],[8.82732,52.31861],[8.82747,52.31922],[8.82741,52.31928],[8.82719,52.31932],[8.82721,52.31954],[8.82895,52.32032],[8.82964,52.32091],[8.83003,52.32107],[8.8302,52.32128],[8.83021,52.3214],[8.83069,52.32182],[8.83075,52.32193],[8.83085,52.32198],[8.8309,52.32212],[8.83117,52.32233],[8.83155,52.32258],[8.83193,52.32263],[8.83218,52.32278]]}},{"type":"Feature","properties":{"slice":"ura","kind":"weg"},"geometry":{"type":"LineString","coordinates":[[8.82595,52.22834],[8.82643,52.22834],[8.82756,52.2292],[8.82782,52.22933],[8.82812,52.22934],[8.82845,52.22949],[8.8285,52.2296],[8.82879,52.22976],[8.82891,52.22992],[8.82921,52.22999],[8.82917,52.23009],[8.8293,52.23019],[8.82951,52.23026],[8.82957,52.23039],[8.82991,52.23053],[8.82995,52.23066],[8.8301,52.2308],[8.83005,52.23101],[8.83071,52.23151],[8.83081,52.23166],[8.83101,52.23173],[8.83151,52.23207],[8.83214,52.2323]]}},{"type":"Feature","properties":{"slice":"ura","kind":"weg"},"geometry":{"type":"LineString","coordinates":[[8.82891,52.27564],[8.82891,52.27541],[8.82902,52.27522],[8.82892,52.27504],[8.8289,52.27476],[8.82848,52.27471],[8.82817,52.27451],[8.828,52.27434],[8.82798,52.27416],[8.82761,52.27387],[8.82752,52.27371],[8.82747,52.27342],[8.82756,52.27327],[8.82744,52.27304],[8.82745,52.27267],[8.82738,52.27245],[8.82724,52.27233],[8.82726,52.27215],[8.82716,52.272],[8.82719,52.27189],[8.82705,52.27169],[8.82706,52.27155],[8.82694,52.27146],[8.82689,52.2713],[8.82674,52.27115],[8.8266,52.27039],[8.82636,52.27021],[8.82621,52.26993],[8.82618,52.26964],[8.82625,52.26952],[8.82611,52.26939],[8.82597,52.26894]]}},{"type":"Feature","properties":{"slice":"ura","kind":"weg"},"geometry":{"type":"LineString","coordinates":[[8.83233,52.36478],[8.83269,52.36452],[8.83315,52.36431],[8.83411,52.3636],[8.83489,52.36355],[8.83541,52.36294],[8.83545,52.3628],[8.83561,52.36271],[8.83582,52.36268],[8.83611,52.36255],[8.83637,52.36238],[8.83645,52.3621],[8.83666,52.36195],[8.83674,52.36171],[8.83693,52.36157],[8.837,52.36131],[8.83724,52.36113],[8.83724,52.36101],[8.83739,52.36091],[8.83791,52.36026],[8.83793,52.36014],[8.83805,52.36005],[8.83805,52.3599],[8.83929,52.35866],[8.83956,52.35829],[8.83982,52.35812],[8.83999,52.3579],[8.84021,52.35778],[8.84063,52.35735],[8.84066,52.35725],[8.84087,52.35712]]}},{"type":"Feature","properties":{"slice":"ura","kind":"weg"},"geometry":{"type":"LineString","coordinates":[[8.83248,52.38493],[8.83269,52.38504],[8.83299,52.38504],[8.8332,52.3851],[8.83336,52.38552],[8.83441,52.38581],[8.83457,52.38592],[8.83468,52.38619],[8.8376,52.38665],[8.84054,52.3872],[8.84509,52.38631],[8.84537,52.38647],[8.84557,52.38687],[8.84612,52.38688],[8.8464,52.38702],[8.84678,52.38704],[8.84704,52.38715],[8.84773,52.38716],[8.8478,52.38722],[8.84787,52.38747],[8.84807,52.38759],[8.85039,52.38763],[8.85047,52.38769],[8.85056,52.38803],[8.85079,52.38806]]}},{"type":"Feature","properties":{"slice":"ura","kind":"weg"},"geometry":{"type":"LineString","coordinates":[[8.85478,52.30423],[8.85447,52.30425],[8.85429,52.30438],[8.85369,52.30443],[8.85262,52.30463],[8.85202,52.30478],[8.85176,52.30492],[8.85159,52.30496],[8.85138,52.30493],[8.85045,52.30525],[8.85027,52.30528],[8.85,52.30545],[8.84861,52.30609],[8.84758,52.30671],[8.84732,52.3068],[8.84696,52.30701],[8.8466,52.30726]]}},{"type":"Feature","properties":{"slice":"ura","kind":"weg"},"geometry":{"type":"LineString","coordinates":[[8.84089,52.30875],[8.84045,52.30881],[8.83955,52.30902],[8.83912,52.30913],[8.83897,52.30922],[8.83831,52.30928],[8.83803,52.30938],[8.83766,52.30942],[8.83736,52.30957],[8.8367,52.30961],[8.83629,52.30972],[8.83588,52.30976],[8.83543,52.30986],[8.83527,52.30995]]}},{"type":"Feature","properties":{"slice":"ura","kind":"weg"},"geometry":{"type":"LineString","coordinates":[[8.83347,52.3244],[8.83359,52.32444],[8.83404,52.32506],[8.83425,52.32523],[8.83425,52.32574],[8.83434,52.32587],[8.83423,52.32606],[8.83423,52.32638],[8.83434,52.32655],[8.83425,52.3268],[8.83423,52.32724],[8.83424,52.32783],[8.83432,52.32805],[8.83423,52.32828],[8.83434,52.32839],[8.83432,52.32912],[8.83424,52.32923],[8.83432,52.32952],[8.83434,52.33042],[8.83426,52.33054],[8.83425,52.33143],[8.83432,52.33336],[8.83401,52.33363],[8.83373,52.33376],[8.83374,52.33405],[8.83344,52.33425],[8.83362,52.33532]]}},{"type":"Feature","properties":{"slice":"ura","kind":"weg"},"geometry":{"type":"LineString","coordinates":[[8.84505,52.20268],[8.84507,52.20279],[8.84541,52.20298],[8.8455,52.20316],[8.84542,52.20337],[8.84544,52.20356],[8.84527,52.20379],[8.84528,52.20429],[8.84498,52.20549],[8.84502,52.20575],[8.84484,52.20599],[8.84495,52.20613],[8.84472,52.20634],[8.8447,52.20651],[8.84457,52.20659],[8.84457,52.2067],[8.84428,52.20696],[8.84398,52.20743],[8.84341,52.20801],[8.84261,52.20859],[8.84245,52.20878],[8.84166,52.20914],[8.84028,52.20956],[8.83932,52.20992],[8.83882,52.21014],[8.83858,52.2103],[8.83854,52.21039]]}},{"type":"Feature","properties":{"slice":"ura","kind":"weg"},"geometry":{"type":"LineString","coordinates":[[8.849,52.34865],[8.84865,52.34864],[8.8482,52.34803],[8.8478,52.34795],[8.84766,52.34782],[8.84738,52.34776],[8.8473,52.34769],[8.84728,52.34731],[8.84738,52.34661],[8.84734,52.34589],[8.84728,52.34563],[8.84679,52.34491],[8.84644,52.34473],[8.84658,52.34397],[8.8465,52.34318],[8.84578,52.34187],[8.84453,52.34042]]}},{"type":"Feature","properties":{"slice":"ura","kind":"weg"},"geometry":{"type":"LineString","coordinates":[[8.84299,52.33789],[8.84304,52.33775],[8.84348,52.33761],[8.84374,52.33743],[8.84441,52.33726],[8.84449,52.33714],[8.84497,52.33683],[8.84541,52.33664],[8.84569,52.3366],[8.84623,52.33636],[8.84713,52.33615],[8.84792,52.33604],[8.84837,52.33593],[8.84863,52.33594],[8.84911,52.33588],[8.84928,52.33574],[8.8498,52.33546],[8.8501,52.33513],[8.85062,52.3347],[8.8512,52.33433],[8.85144,52.3343],[8.85178,52.33413],[8.85217,52.33413],[8.85263,52.33404],[8.85274,52.33392],[8.85275,52.33366],[8.85293,52.33348],[8.85292,52.33318],[8.85299,52.33311],[8.85322,52.33306],[8.85332,52.3328],[8.85399,52.33235],[8.85409,52.33221],[8.8544,52.33215],[8.85511,52.33162],[8.85577,52.33122],[8.85618,52.33109],[8.85676,52.33067],[8.857,52.33059],[8.85741,52.33024],[8.85956,52.32929]]}},{"type":"Feature","properties":{"slice":"ura","kind":"weg"},"geometry":{"type":"LineString","coordinates":[[8.84819,52.19973],[8.84805,52.19977],[8.84788,52.19993],[8.8476,52.2009],[8.84763,52.20102],[8.84752,52.20137],[8.84755,52.20161],[8.84735,52.20191],[8.84689,52.20212],[8.84682,52.20232],[8.8465,52.20255],[8.84584,52.20251],[8.84567,52.20257],[8.84557,52.20273],[8.84559,52.20296],[8.8454,52.20345],[8.84446,52.2035]]}},{"type":"Feature","properties":{"slice":"ura","kind":"weg"},"geometry":{"type":"LineString","coordinates":[[8.84652,52.37526],[8.84646,52.37515],[8.84661,52.37496],[8.84651,52.3745],[8.84652,52.37415],[8.84642,52.37401],[8.84648,52.37388],[8.84638,52.37358],[8.84643,52.37344],[8.84635,52.37332],[8.84643,52.3728],[8.84636,52.3724],[8.84644,52.37211],[8.84642,52.3719],[8.84661,52.37158],[8.84659,52.37117],[8.84676,52.37087],[8.84677,52.37059],[8.84707,52.37018],[8.84704,52.37003],[8.84718,52.3699],[8.84717,52.36977],[8.84729,52.36953],[8.84755,52.36918],[8.84755,52.36905],[8.84775,52.36868],[8.84775,52.36852],[8.84811,52.36796],[8.84805,52.36782],[8.84771,52.36769],[8.84753,52.36757],[8.84752,52.36741],[8.84761,52.36727],[8.84756,52.36715],[8.8478,52.36682],[8.84784,52.36648],[8.84823,52.36587],[8.84825,52.36562],[8.84836,52.3655],[8.84839,52.36535],[8.84868,52.36487],[8.84902,52.36454],[8.84909,52.3644],[8.84925,52.36429],[8.84962,52.36425],[8.84979,52.36418],[8.85011,52.3642],[8.85047,52.36401],[8.85052,52.36372],[8.85037,52.36351]]}},{"type":"Feature","properties":{"slice":"ura","kind":"weg"},"geometry":{"type":"LineString","coordinates":[[8.85086,52.38492],[8.85085,52.38479],[8.85062,52.38462],[8.85062,52.38447],[8.8505,52.38439],[8.84974,52.38416],[8.84929,52.38423],[8.84915,52.38421],[8.8491,52.38404],[8.84885,52.38388],[8.84873,52.38347],[8.84863,52.38339],[8.84858,52.38321],[8.84845,52.38316],[8.84829,52.38295],[8.84804,52.38277]]}},{"type":"Feature","properties":{"slice":"ura","kind":"weg"},"geometry":{"type":"LineString","coordinates":[[8.848,52.38169],[8.84828,52.38168],[8.84833,52.38154],[8.84852,52.38149],[8.84871,52.38153],[8.85028,52.38151],[8.85054,52.38154],[8.8509,52.38149],[8.85112,52.38159],[8.85354,52.3818],[8.855,52.38203],[8.85661,52.38222],[8.85779,52.38231],[8.85964,52.38263],[8.8614,52.38287],[8.86161,52.38288],[8.86183,52.3828],[8.86221,52.38286],[8.86245,52.38282],[8.86266,52.38293],[8.86451,52.38255],[8.8659,52.38242],[8.86607,52.38235],[8.86627,52.38236],[8.86644,52.38229],[8.86704,52.38225],[8.86728,52.38217],[8.86775,52.38216],[8.8685,52.38201],[8.8688,52.382],[8.86927,52.38188],[8.86955,52.38186],[8.86979,52.38177],[8.87043,52.38175],[8.8715,52.38156],[8.87193,52.38168],[8.87237,52.38166],[8.87247,52.38185],[8.87245,52.38239]]}},{"type":"Feature","properties":{"slice":"ura","kind":"weg"},"geometry":{"type":"LineString","coordinates":[[8.85138,52.26858],[8.85129,52.26835],[8.85127,52.268],[8.8511,52.2678],[8.85077,52.26765],[8.8505,52.26762],[8.85029,52.26747],[8.84994,52.26644],[8.84996,52.26621],[8.84985,52.26608],[8.8499,52.26533]]}},{"type":"Feature","properties":{"slice":"ura","kind":"weg"},"geometry":{"type":"LineString","coordinates":[[8.84974,52.37519],[8.84977,52.3749],[8.85073,52.3749],[8.85159,52.37484],[8.85448,52.37442],[8.85485,52.37431],[8.85502,52.37431],[8.85573,52.37415],[8.85702,52.37396],[8.85891,52.37349],[8.85916,52.37347],[8.86015,52.37323],[8.86077,52.37314],[8.86378,52.37238],[8.86399,52.3724],[8.86452,52.37266],[8.86479,52.37317],[8.86496,52.37321],[8.8653,52.37314],[8.86548,52.37334]]}},{"type":"Feature","properties":{"slice":"ura","kind":"weg"},"geometry":{"type":"LineString","coordinates":[[8.85109,52.26777],[8.85127,52.268],[8.85136,52.26871],[8.85157,52.26893],[8.8516,52.26912],[8.85144,52.2693],[8.85146,52.26952],[8.85164,52.27021],[8.85187,52.27049],[8.85186,52.27085],[8.85155,52.27111],[8.85201,52.27165],[8.85242,52.27193],[8.8526,52.27219],[8.85252,52.27297]]}},{"type":"Feature","properties":{"slice":"ura","kind":"weg"},"geometry":{"type":"LineString","coordinates":[[8.8548,52.38696],[8.85627,52.38695],[8.85734,52.38738],[8.85778,52.38776],[8.85792,52.3878],[8.85828,52.38776],[8.8588,52.38758],[8.85935,52.38746],[8.85945,52.38738],[8.86011,52.38729],[8.8603,52.38721],[8.8605,52.38722],[8.8608,52.38711],[8.86122,52.38716],[8.86206,52.38695],[8.86256,52.38695],[8.86283,52.38688],[8.86311,52.38694],[8.86485,52.38692],[8.86678,52.38696],[8.86695,52.38691],[8.86792,52.38692],[8.86828,52.387],[8.86912,52.38673],[8.87064,52.38656],[8.87082,52.38675],[8.87116,52.38687],[8.87167,52.38694],[8.8721,52.38693],[8.87326,52.38664],[8.87369,52.38662],[8.87432,52.38701]]}},{"type":"Feature","properties":{"slice":"ura","kind":"weg"},"geometry":{"type":"LineString","coordinates":[[8.85676,52.39441],[8.85682,52.39412],[8.8562,52.39402],[8.85594,52.39387],[8.85574,52.39352],[8.85541,52.39341],[8.85528,52.39319],[8.85533,52.39297],[8.8549,52.3927],[8.85461,52.39222],[8.85439,52.39202],[8.85403,52.39144],[8.85385,52.39126],[8.85374,52.39108],[8.85375,52.39096],[8.85344,52.39067],[8.85346,52.39056],[8.85323,52.3904],[8.85276,52.38974]]}},{"type":"Feature","properties":{"slice":"ura","kind":"weg"},"geometry":{"type":"LineString","coordinates":[[8.86352,52.36738],[8.86317,52.36706],[8.86311,52.3666],[8.86284,52.36626],[8.86279,52.36598],[8.8629,52.36585],[8.86288,52.3657],[8.86253,52.36565],[8.86236,52.36558],[8.86228,52.36544],[8.86211,52.3654],[8.86147,52.36501],[8.86128,52.36476],[8.86126,52.36457],[8.86114,52.36442],[8.86139,52.36418],[8.86088,52.36406],[8.86065,52.36408],[8.85964,52.36398],[8.8588,52.36381],[8.85852,52.36373],[8.8578,52.36328],[8.85747,52.3626],[8.85747,52.36204],[8.85719,52.36197],[8.85707,52.36165],[8.85679,52.36132],[8.85678,52.36094],[8.85672,52.36082],[8.85677,52.36052],[8.85673,52.36036],[8.85661,52.36028],[8.85652,52.35972],[8.85607,52.3595],[8.85594,52.35916],[8.85527,52.35891]]}},{"type":"Feature","properties":{"slice":"ura","kind":"weg"},"geometry":{"type":"LineString","coordinates":[[8.85276,52.1932],[8.85263,52.19297],[8.85275,52.19275],[8.85274,52.19229],[8.85322,52.19132],[8.85343,52.1911],[8.85363,52.19099],[8.85382,52.19097],[8.85406,52.19104],[8.85447,52.19102],[8.85479,52.19091],[8.85497,52.19072],[8.85497,52.19063],[8.85535,52.19008]]}},{"type":"Feature","properties":{"slice":"ura","kind":"weg"},"geometry":{"type":"LineString","coordinates":[[8.87764,52.27273],[8.87764,52.27239],[8.87759,52.27218],[8.87751,52.27213],[8.87685,52.27206],[8.87597,52.27209],[8.87539,52.27204],[8.87403,52.27187],[8.8732,52.2717],[8.87292,52.27171],[8.87288,52.27177]]}},{"type":"Feature","properties":{"slice":"ura","kind":"weg"},"geometry":{"type":"LineString","coordinates":[[8.85827,52.34608],[8.85885,52.34588],[8.85888,52.34576],[8.85908,52.34562],[8.85915,52.34541],[8.85942,52.34539],[8.85992,52.34526],[8.8611,52.34486],[8.86247,52.34409],[8.86288,52.34418],[8.8632,52.34399],[8.86352,52.3439],[8.86362,52.34373],[8.86386,52.34359],[8.8645,52.34335],[8.86492,52.34301],[8.86506,52.3428],[8.86543,52.34274],[8.86557,52.34243],[8.86597,52.34221],[8.86601,52.34208],[8.86723,52.34106],[8.86757,52.34065],[8.86773,52.34056],[8.86795,52.3405],[8.86836,52.34016],[8.86839,52.33998],[8.86894,52.33956],[8.86921,52.33925]]}},{"type":"Feature","properties":{"slice":"ura","kind":"weg"},"geometry":{"type":"LineString","coordinates":[[8.86036,52.17923],[8.86067,52.17906],[8.86112,52.17904],[8.8616,52.17895],[8.86177,52.1786],[8.86218,52.17734],[8.86242,52.177],[8.8629,52.17656],[8.86289,52.17647],[8.86256,52.17626],[8.86231,52.17602],[8.86225,52.17585],[8.86236,52.17547],[8.86287,52.17513],[8.86292,52.17476],[8.86305,52.17462],[8.86305,52.17431],[8.8633,52.17392],[8.86325,52.17382],[8.86304,52.17372],[8.86307,52.17344],[8.86299,52.17325],[8.86312,52.17301],[8.86333,52.17284],[8.86339,52.1726],[8.86372,52.1724],[8.86378,52.17227],[8.86405,52.17214],[8.86412,52.17196],[8.86448,52.17177],[8.86472,52.1712]]}},{"type":"Feature","properties":{"slice":"ura","kind":"weg"},"geometry":{"type":"LineString","coordinates":[[8.86596,52.30089],[8.86584,52.30085],[8.8656,52.30087],[8.86537,52.30098],[8.86515,52.30101],[8.86358,52.30143],[8.8632,52.30149],[8.86275,52.30165],[8.8623,52.30172],[8.86165,52.30174],[8.86142,52.30182],[8.8606,52.30188],[8.8601,52.30199]]}},{"type":"Feature","properties":{"slice":"ura","kind":"weg"},"geometry":{"type":"LineString","coordinates":[[8.86265,52.29036],[8.86234,52.29047],[8.86229,52.29056],[8.86203,52.29064],[8.86186,52.29079],[8.86166,52.2908],[8.8616,52.29086],[8.86176,52.29109],[8.86176,52.29219],[8.86186,52.2924],[8.86189,52.29269],[8.86174,52.29347]]}},{"type":"Feature","properties":{"slice":"ura","kind":"weg"},"geometry":{"type":"LineString","coordinates":[[8.87041,52.29534],[8.87013,52.29517],[8.86994,52.29515],[8.86985,52.29521],[8.8685,52.29558],[8.86724,52.29609],[8.86714,52.29618],[8.86663,52.2964],[8.86569,52.29696],[8.86505,52.29718]]}},{"type":"Feature","properties":{"slice":"ura","kind":"weg"},"geometry":{"type":"LineString","coordinates":[[8.86516,52.37242],[8.86534,52.37253],[8.86591,52.37244],[8.86625,52.37266],[8.86626,52.37314],[8.86603,52.37323],[8.86602,52.37341],[8.86638,52.37379],[8.86663,52.37383],[8.86682,52.37394],[8.86689,52.37411],[8.86715,52.37429],[8.86729,52.37455],[8.86742,52.37506]]}},{"type":"Feature","properties":{"slice":"ura","kind":"weg"},"geometry":{"type":"LineString","coordinates":[[8.8763,52.3702],[8.87597,52.37022],[8.87571,52.37031],[8.87534,52.37023],[8.87449,52.3702],[8.87341,52.37045],[8.87324,52.37044],[8.87288,52.37053],[8.87159,52.37058],[8.87067,52.3707],[8.87054,52.37075],[8.87046,52.37087],[8.8703,52.37092],[8.87009,52.37093],[8.86985,52.37088],[8.86959,52.37091],[8.86854,52.37121],[8.867,52.37153],[8.8668,52.37161],[8.86614,52.37174],[8.8659,52.37185],[8.86562,52.37188],[8.86547,52.37197],[8.8655,52.37219],[8.86561,52.37228]]}},{"type":"Feature","properties":{"slice":"ura","kind":"weg"},"geometry":{"type":"LineString","coordinates":[[8.87005,52.30767],[8.87022,52.30772],[8.87042,52.30788],[8.87042,52.30799],[8.87089,52.3082],[8.87112,52.30839],[8.87186,52.30881],[8.87221,52.30895],[8.87253,52.30919],[8.87549,52.3105],[8.87569,52.31056],[8.87596,52.31058],[8.87603,52.31071],[8.8764,52.3109],[8.87663,52.31095],[8.87712,52.31126],[8.87796,52.31153],[8.87809,52.31163]]}},{"type":"Feature","properties":{"slice":"ura","kind":"weg"},"geometry":{"type":"LineString","coordinates":[[8.87415,52.29871],[8.87318,52.29872],[8.87294,52.29884],[8.87274,52.29888],[8.87221,52.2992],[8.87101,52.2995],[8.87086,52.29971],[8.87086,52.30036],[8.87073,52.3008],[8.87062,52.30088],[8.8704,52.30088]]}},{"type":"Feature","properties":{"slice":"ura","kind":"weg"},"geometry":{"type":"LineString","coordinates":[[8.86666,52.37521],[8.86691,52.37521],[8.86715,52.3753],[8.86744,52.37534],[8.86808,52.37597],[8.86948,52.37674],[8.86964,52.37697],[8.86983,52.37707],[8.87017,52.37708],[8.87025,52.37712],[8.87025,52.37725],[8.87055,52.37787],[8.87081,52.37801],[8.87084,52.37844],[8.87098,52.37874],[8.87128,52.37893],[8.87146,52.37923],[8.87166,52.37935],[8.87178,52.37973],[8.87197,52.3799],[8.87197,52.38025],[8.87212,52.38047],[8.87219,52.38093],[8.87213,52.38107],[8.87227,52.38118],[8.87236,52.38135],[8.87238,52.38173],[8.87247,52.38185],[8.87245,52.38239]]}},{"type":"Feature","properties":{"slice":"ura","kind":"weg"},"geometry":{"type":"LineString","coordinates":[[8.87123,52.18366],[8.8711,52.18352],[8.87112,52.18313],[8.87129,52.18241],[8.87061,52.18236],[8.87034,52.18146],[8.87036,52.18126],[8.87047,52.18106],[8.87092,52.1805],[8.87097,52.17983],[8.87074,52.17893],[8.87056,52.17839],[8.87045,52.17829],[8.87045,52.17813],[8.87022,52.17763],[8.87001,52.17754],[8.86986,52.1772],[8.86999,52.177],[8.86969,52.17618],[8.86959,52.17606]]}},{"type":"Feature","properties":{"slice":"ura","kind":"weg"},"geometry":{"type":"LineString","coordinates":[[8.86965,52.20013],[8.86957,52.20003],[8.86995,52.19969],[8.87032,52.19914],[8.8703,52.19898],[8.87043,52.19881],[8.87033,52.19865],[8.8705,52.19816],[8.87067,52.19809],[8.87098,52.19776],[8.87129,52.19731],[8.87154,52.19725],[8.87161,52.19714],[8.8718,52.19704],[8.8726,52.19713],[8.87282,52.19699]]}},{"type":"Feature","properties":{"slice":"ura","kind":"weg"},"geometry":{"type":"LineString","coordinates":[[8.87585,52.21467],[8.87558,52.21462],[8.87547,52.21464],[8.87436,52.21512],[8.87369,52.21534],[8.8731,52.21545],[8.87305,52.21575],[8.87321,52.2161],[8.87293,52.2163],[8.87287,52.21645],[8.8726,52.21649],[8.87247,52.21663],[8.87242,52.21677],[8.87255,52.21694],[8.87253,52.21708]]}},{"type":"Feature","properties":{"slice":"ura","kind":"weg"},"geometry":{"type":"LineString","coordinates":[[8.87204,52.19604],[8.87181,52.19584],[8.8718,52.1949],[8.87171,52.19473],[8.8711,52.1941],[8.87053,52.19314],[8.87021,52.19277],[8.87016,52.19257],[8.87021,52.19236],[8.86985,52.19207],[8.86993,52.19189],[8.86979,52.1916],[8.86975,52.19134],[8.86989,52.19117],[8.86974,52.1909],[8.86974,52.19054],[8.86995,52.19005],[8.87021,52.18979],[8.87024,52.18944],[8.87015,52.18904]]}},{"type":"Feature","properties":{"slice":"ura","kind":"weg"},"geometry":{"type":"LineString","coordinates":[[8.87761,52.29344],[8.87743,52.29336],[8.87706,52.29333],[8.87594,52.29368],[8.87567,52.29368],[8.87543,52.29378],[8.87391,52.29407],[8.87346,52.29422],[8.87309,52.29423],[8.87296,52.2943],[8.87276,52.29431],[8.87236,52.29449],[8.87195,52.29451],[8.87176,52.29465],[8.87147,52.29467],[8.8712,52.29481],[8.87079,52.29486],[8.8706,52.29499],[8.86995,52.29515],[8.87017,52.29561],[8.87043,52.29581],[8.87083,52.29637]]}},{"type":"Feature","properties":{"slice":"ura","kind":"weg"},"geometry":{"type":"LineString","coordinates":[[8.87106,52.19187],[8.8713,52.19207],[8.87149,52.19216],[8.8717,52.19252],[8.87196,52.19268],[8.8721,52.19288],[8.87209,52.193],[8.8725,52.19359],[8.87281,52.19365],[8.8744,52.19374],[8.87462,52.19379],[8.87455,52.19407],[8.87403,52.19475]]}},{"type":"Feature","properties":{"slice":"ura","kind":"weg"},"geometry":{"type":"LineString","coordinates":[[8.87105,52.32234],[8.87106,52.32217],[8.87134,52.32191],[8.87138,52.32166],[8.87221,52.32161],[8.87262,52.32153],[8.87267,52.32111],[8.87253,52.32078],[8.87257,52.32043],[8.87247,52.3203],[8.87243,52.32001],[8.87311,52.31959],[8.87365,52.31952],[8.87406,52.31956],[8.87761,52.31954]]}},{"type":"Feature","properties":{"slice":"ura","kind":"weg"},"geometry":{"type":"LineString","coordinates":[[8.87741,52.26296],[8.87685,52.26282],[8.87562,52.26242],[8.87534,52.26222],[8.87504,52.26217],[8.87474,52.26204],[8.87305,52.26123],[8.87282,52.26103]]}},{"type":"Feature","properties":{"slice":"ura","kind":"weg"},"geometry":{"type":"LineString","coordinates":[[8.87284,52.38153],[8.87277,52.38157],[8.87251,52.38157],[8.87239,52.38165],[8.87238,52.38173],[8.87247,52.38185],[8.8726,52.38304],[8.87285,52.3832],[8.87315,52.38328],[8.87319,52.38338],[8.87305,52.38398],[8.87324,52.38457],[8.87325,52.38499],[8.87307,52.38525],[8.87312,52.38566],[8.87343,52.38616],[8.87386,52.38651],[8.8739,52.38673],[8.87432,52.38701]]}},{"type":"Feature","properties":{"slice":"ura","kind":"weg"},"geometry":{"type":"LineString","coordinates":[[8.87715,52.21265],[8.87694,52.21201],[8.87679,52.21188],[8.87679,52.21175],[8.87661,52.21155],[8.87662,52.21138],[8.87642,52.21064],[8.8765,52.2105],[8.87647,52.2103],[8.87653,52.20999],[8.87628,52.20975],[8.87616,52.20949],[8.87622,52.20932],[8.87582,52.20841],[8.87562,52.20819],[8.87511,52.20727]]}},{"type":"Feature","properties":{"slice":"ura","kind":"weg"},"geometry":{"type":"LineString","coordinates":[[8.8916,52.25699],[8.89137,52.2569],[8.89052,52.25698],[8.89044,52.25723],[8.88974,52.25734],[8.88901,52.25775],[8.88858,52.25783],[8.88815,52.25781],[8.88682,52.25738],[8.88635,52.25729],[8.88509,52.25727],[8.88412,52.2571],[8.88344,52.25714]]}},{"type":"Feature","properties":{"slice":"ura","kind":"weg"},"geometry":{"type":"LineString","coordinates":[[8.88847,52.27366],[8.88828,52.27362],[8.88809,52.27349],[8.8881,52.27298],[8.88794,52.27291],[8.88766,52.27259],[8.88738,52.27242],[8.8871,52.27217],[8.88616,52.27209],[8.88597,52.27204],[8.8856,52.27206],[8.88536,52.27199],[8.88463,52.27206],[8.88406,52.27203],[8.88358,52.27207],[8.8827,52.27204],[8.88247,52.272],[8.88232,52.27203],[8.88212,52.27198],[8.88155,52.27197],[8.88137,52.272],[8.88097,52.27197],[8.88045,52.27202],[8.88002,52.272],[8.87989,52.27205],[8.87869,52.27214],[8.87833,52.2721],[8.87747,52.27212],[8.87685,52.27206],[8.87597,52.27209],[8.87552,52.27203],[8.87541,52.2721],[8.87531,52.27254],[8.87508,52.27278],[8.87505,52.27351]]}},{"type":"Feature","properties":{"slice":"ura","kind":"weg"},"geometry":{"type":"LineString","coordinates":[[8.87625,52.38113],[8.87642,52.38105],[8.87858,52.38074],[8.87968,52.38065],[8.88021,52.38056],[8.8805,52.38065],[8.88082,52.38061],[8.88127,52.38043],[8.88148,52.38053],[8.88163,52.38054],[8.88318,52.38047],[8.88363,52.38041],[8.8841,52.38042],[8.89026,52.38017],[8.89277,52.37954],[8.89353,52.37939]]}},{"type":"Feature","properties":{"slice":"ura","kind":"weg"},"geometry":{"type":"LineString","coordinates":[[8.89937,52.37771],[8.90157,52.37732],[8.90187,52.37729],[8.9021,52.37735],[8.90272,52.37738],[8.90296,52.37735],[8.90315,52.37726],[8.90343,52.37724],[8.90354,52.37727],[8.9038,52.37725],[8.90397,52.3773],[8.90416,52.37727],[8.90481,52.37728],[8.90545,52.37738],[8.90605,52.37738],[8.90689,52.37746],[8.90828,52.37752],[8.90849,52.37759],[8.90854,52.37781],[8.90869,52.37783],[8.90948,52.37774],[8.91045,52.37751],[8.91126,52.37737],[8.9115,52.37745],[8.91175,52.37767],[8.91194,52.37787],[8.91193,52.37799]]}},{"type":"Feature","properties":{"slice":"ura","kind":"weg"},"geometry":{"type":"LineString","coordinates":[[8.87631,52.37018],[8.87633,52.37009],[8.87706,52.36991],[8.87725,52.36993],[8.8776,52.37017],[8.87845,52.3701],[8.87871,52.36995],[8.87903,52.36997],[8.87949,52.36982],[8.8797,52.3698],[8.88002,52.36966],[8.88021,52.36965],[8.88088,52.3694],[8.88148,52.36926],[8.88208,52.36918],[8.8823,52.36923],[8.88285,52.36918],[8.88348,52.36925],[8.88373,52.36921],[8.88402,52.36903]]}},{"type":"Feature","properties":{"slice":"ura","kind":"weg"},"geometry":{"type":"LineString","coordinates":[[8.881,52.29728],[8.88107,52.29742],[8.88102,52.29753],[8.88071,52.29754],[8.87989,52.29771],[8.87949,52.29789],[8.87956,52.29843],[8.8795,52.2985],[8.87835,52.2985],[8.87783,52.29867],[8.87743,52.29873],[8.87727,52.29883],[8.87724,52.29909]]}},{"type":"Feature","properties":{"slice":"ura","kind":"weg"},"geometry":{"type":"LineString","coordinates":[[8.88141,52.31343],[8.88121,52.313],[8.88099,52.31283],[8.88055,52.31262],[8.87981,52.31237],[8.87957,52.31222],[8.8788,52.31189],[8.87812,52.31165]]}},{"type":"Feature","properties":{"slice":"ura","kind":"weg"},"geometry":{"type":"LineString","coordinates":[[8.88312,52.18701],[8.88322,52.18706],[8.88324,52.18722],[8.88308,52.18737],[8.88304,52.18749],[8.88277,52.18759],[8.88241,52.18762],[8.88234,52.18787],[8.88214,52.18793],[8.88207,52.18805],[8.88183,52.18815],[8.88176,52.18837],[8.88149,52.18847],[8.88144,52.18875],[8.88112,52.189],[8.88113,52.18927],[8.88075,52.18952],[8.88065,52.18978],[8.8801,52.18984],[8.88006,52.19008],[8.87989,52.19017],[8.87974,52.19016],[8.87916,52.18997],[8.8789,52.18997],[8.87879,52.19014],[8.87817,52.19061],[8.87625,52.19173],[8.87598,52.19198],[8.87615,52.19204],[8.87618,52.19212]]}},{"type":"Feature","properties":{"slice":"ura","kind":"weg"},"geometry":{"type":"LineString","coordinates":[[8.88274,52.19943],[8.88294,52.19936],[8.88299,52.19916],[8.88343,52.19904],[8.88372,52.19884],[8.88455,52.19885],[8.88509,52.19878],[8.88555,52.1984],[8.88575,52.19811],[8.8859,52.19805],[8.88616,52.19801],[8.88777,52.19878],[8.88856,52.19884],[8.88869,52.199],[8.89,52.1993],[8.89101,52.19958],[8.89142,52.19962],[8.89169,52.19976],[8.89206,52.19986],[8.8924,52.19989],[8.89275,52.20007],[8.89463,52.20069],[8.8954,52.20067],[8.89556,52.20081],[8.89555,52.20095],[8.89577,52.20111],[8.8958,52.20124],[8.89619,52.20149],[8.89618,52.20195],[8.89632,52.20214],[8.89635,52.20245],[8.89643,52.20253],[8.89639,52.20274],[8.89646,52.203],[8.89685,52.20362],[8.89708,52.20369],[8.89751,52.20396],[8.89779,52.204],[8.89793,52.20408]]}},{"type":"Feature","properties":{"slice":"ura","kind":"weg"},"geometry":{"type":"LineString","coordinates":[[8.88415,52.22482],[8.88432,52.2249],[8.88434,52.22502],[8.8845,52.22512],[8.88456,52.22527],[8.88463,52.22531],[8.885,52.22534],[8.88554,52.22527],[8.88571,52.22521],[8.88613,52.2252],[8.88627,52.22546],[8.88663,52.22568],[8.88695,52.22581],[8.8874,52.22588],[8.88772,52.22608],[8.88784,52.22624],[8.88809,52.22638],[8.88826,52.22672],[8.88853,52.22696],[8.88854,52.22714],[8.88842,52.22731],[8.88904,52.22819],[8.88933,52.22819],[8.88954,52.2284],[8.88972,52.22848],[8.89032,52.2285],[8.89122,52.22874],[8.89167,52.22877],[8.8923,52.22887],[8.89241,52.22895],[8.8927,52.22901],[8.89291,52.22913],[8.893,52.22938],[8.89299,52.22965],[8.89322,52.23018],[8.89312,52.23054]]}},{"type":"Feature","properties":{"slice":"ura","kind":"weg"},"geometry":{"type":"LineString","coordinates":[[8.89851,52.23228],[8.89869,52.23244],[8.89974,52.23242],[8.90071,52.2323],[8.90118,52.23234],[8.90212,52.2326],[8.90317,52.23299],[8.90375,52.23299],[8.90408,52.23307],[8.90446,52.23307],[8.90521,52.23298],[8.90551,52.233],[8.90618,52.23323],[8.90677,52.23336],[8.9069,52.23362],[8.90703,52.23374],[8.90718,52.23425],[8.90796,52.23463],[8.90871,52.23512],[8.90934,52.23535],[8.91013,52.23546],[8.91041,52.23556],[8.91123,52.23559]]}},{"type":"Feature","properties":{"slice":"ura","kind":"weg"},"geometry":{"type":"LineString","coordinates":[[8.8829,52.26807],[8.88285,52.26811],[8.88221,52.26808],[8.88196,52.26763],[8.88175,52.26746],[8.88169,52.26717],[8.88155,52.26705],[8.8816,52.26675],[8.88156,52.26661],[8.88138,52.2665],[8.8812,52.26598],[8.88074,52.26566],[8.88025,52.26541],[8.88017,52.26523],[8.87964,52.26492],[8.87941,52.26469],[8.8793,52.26445],[8.8793,52.26413],[8.87903,52.26371],[8.87876,52.26353],[8.87876,52.26333]]}},{"type":"Feature","properties":{"slice":"ura","kind":"weg"},"geometry":{"type":"LineString","coordinates":[[8.87761,52.33563],[8.87743,52.33544],[8.87747,52.3353],[8.87853,52.33492],[8.87972,52.33408],[8.88158,52.33312],[8.88214,52.33179],[8.88358,52.3297],[8.8836,52.32912],[8.88322,52.32844],[8.88261,52.32764],[8.88283,52.32742],[8.88302,52.32735],[8.8843,52.3265],[8.8843,52.32611],[8.88408,52.32594],[8.88333,52.32563],[8.88282,52.32534],[8.88277,52.3248],[8.88257,52.32464],[8.88252,52.32447],[8.88223,52.32426],[8.88261,52.32389],[8.88256,52.32375],[8.88301,52.32325],[8.88304,52.32315],[8.8828,52.32301],[8.88278,52.32286],[8.88261,52.32265],[8.8824,52.32261],[8.88227,52.32251],[8.88174,52.32226],[8.88141,52.32221]]}},{"type":"Feature","properties":{"slice":"ura","kind":"weg"},"geometry":{"type":"LineString","coordinates":[[8.88433,52.36809],[8.88452,52.36759],[8.88441,52.36749],[8.88428,52.36715],[8.88404,52.36681],[8.88366,52.36639],[8.88362,52.36623],[8.88339,52.36616],[8.88338,52.36601],[8.88313,52.36588],[8.88309,52.36571],[8.88286,52.36564],[8.88278,52.36549],[8.88245,52.36533],[8.88225,52.36533],[8.88189,52.36552],[8.88156,52.36529],[8.88178,52.36469],[8.88186,52.36416],[8.88144,52.36349],[8.88136,52.3631],[8.88097,52.36275],[8.88099,52.36187],[8.88113,52.36142],[8.88134,52.36127],[8.88171,52.36064],[8.8818,52.35998],[8.88174,52.35903],[8.88181,52.35866],[8.88204,52.35817],[8.88207,52.35771],[8.88215,52.35757],[8.88203,52.35744],[8.882,52.35722],[8.88211,52.35711],[8.88213,52.35664],[8.8823,52.35647],[8.88223,52.35617],[8.88242,52.35545],[8.88242,52.35473],[8.88199,52.3541],[8.88197,52.35377],[8.88174,52.35347],[8.88008,52.35186],[8.87984,52.35177],[8.87959,52.35156]]}},{"type":"Feature","properties":{"slice":"ura","kind":"weg"},"geometry":{"type":"LineString","coordinates":[[8.87851,52.34869],[8.87828,52.34862],[8.87805,52.34846],[8.87794,52.34829],[8.87786,52.34777],[8.8779,52.34757],[8.87783,52.34743],[8.87791,52.34707],[8.878,52.34695],[8.87802,52.34669],[8.87771,52.34549],[8.87781,52.34538],[8.87784,52.34501],[8.87812,52.34437],[8.87789,52.34406],[8.87767,52.34345],[8.87758,52.34311],[8.87758,52.34272],[8.87778,52.34199],[8.8783,52.34096],[8.87837,52.34027],[8.87888,52.3396],[8.87907,52.33923],[8.87926,52.33914],[8.87939,52.33898],[8.87942,52.33878]]}},{"type":"Feature","properties":{"slice":"ura","kind":"weg"},"geometry":{"type":"LineString","coordinates":[[8.89115,52.2093],[8.89073,52.20935],[8.89057,52.20941],[8.89054,52.20959],[8.89015,52.20997],[8.89011,52.2101],[8.88986,52.21019],[8.88981,52.21039],[8.88966,52.21049],[8.88944,52.21055],[8.88933,52.21078],[8.88903,52.2108],[8.88873,52.21075],[8.88792,52.21102],[8.8877,52.21104],[8.88731,52.21133],[8.88693,52.2115],[8.88631,52.21163],[8.88586,52.21188],[8.88481,52.21214],[8.88416,52.21222],[8.88303,52.21226],[8.88258,52.21233],[8.88193,52.21253],[8.88122,52.21287],[8.88055,52.21312],[8.8804,52.21344],[8.88047,52.21378]]}},{"type":"Feature","properties":{"slice":"ura","kind":"weg"},"geometry":{"type":"LineString","coordinates":[[8.8884,52.22165],[8.88924,52.22198],[8.88936,52.22209],[8.88963,52.22215],[8.89018,52.22241],[8.89038,52.22246],[8.89063,52.22263],[8.89109,52.22282],[8.89154,52.22288],[8.89218,52.22337],[8.89231,52.22366],[8.89324,52.22462],[8.89342,52.22474],[8.89359,52.22478],[8.89397,52.22515],[8.89475,52.22552]]}},{"type":"Feature","properties":{"slice":"ura","kind":"weg"},"geometry":{"type":"LineString","coordinates":[[8.87947,52.3365],[8.87978,52.33636],[8.87985,52.33626],[8.88011,52.33624],[8.88043,52.33614],[8.88071,52.33614],[8.88097,52.33626],[8.88131,52.33628],[8.88339,52.33624],[8.8841,52.3363],[8.88554,52.33629],[8.88622,52.33643],[8.88644,52.3364],[8.88663,52.33647],[8.88715,52.33649],[8.88732,52.33663],[8.88778,52.33652]]}},{"type":"Feature","properties":{"slice":"ura","kind":"weg"},"geometry":{"type":"LineString","coordinates":[[8.89342,52.33648],[8.89391,52.33646],[8.89433,52.3358],[8.89453,52.33577],[8.89468,52.33569],[8.89523,52.33562],[8.89539,52.33534],[8.89613,52.33502],[8.89615,52.33492],[8.89608,52.33483],[8.89616,52.33478],[8.89667,52.33472],[8.89704,52.33461],[8.89805,52.33454],[8.89865,52.33441],[8.90168,52.33407]]}},{"type":"Feature","properties":{"slice":"ura","kind":"weg"},"geometry":{"type":"LineString","coordinates":[[8.88471,52.29122],[8.88386,52.29144],[8.88343,52.29144],[8.883,52.29154],[8.88277,52.29165],[8.8823,52.29167],[8.88142,52.29187],[8.87989,52.2924],[8.87972,52.29255],[8.8791,52.29281],[8.87886,52.29283],[8.87849,52.29295]]}},{"type":"Feature","properties":{"slice":"ura","kind":"weg"},"geometry":{"type":"LineString","coordinates":[[8.88081,52.32148],[8.88069,52.32137],[8.88034,52.32122],[8.88032,52.32114],[8.88091,52.32061],[8.88111,52.3203],[8.88186,52.31975],[8.88197,52.31955],[8.88178,52.31943],[8.88097,52.31916],[8.88073,52.31896],[8.88035,52.31883],[8.88024,52.31874],[8.88002,52.31869],[8.88,52.31857]]}},{"type":"Feature","properties":{"slice":"ura","kind":"weg"},"geometry":{"type":"LineString","coordinates":[[8.89351,52.32084],[8.89345,52.3206],[8.89311,52.32041],[8.8929,52.32038],[8.89264,52.32025],[8.89133,52.3195],[8.89114,52.31934],[8.89094,52.31903],[8.89044,52.31884],[8.89016,52.31862],[8.89013,52.31846],[8.8879,52.31707],[8.88779,52.31702],[8.88755,52.317],[8.8873,52.31685],[8.887,52.31682],[8.88687,52.31669],[8.88657,52.31656],[8.88636,52.31638],[8.88616,52.31631],[8.88587,52.31612],[8.88576,52.31594],[8.8856,52.31584],[8.88463,52.3156],[8.88398,52.31523],[8.8838,52.31508],[8.88376,52.31492],[8.88333,52.31467],[8.88324,52.31446],[8.8828,52.31407],[8.88261,52.31403]]}},{"type":"Feature","properties":{"slice":"ura","kind":"weg"},"geometry":{"type":"LineString","coordinates":[[8.89216,52.18035],[8.89204,52.18036],[8.89193,52.18043],[8.8915,52.18046],[8.89147,52.1807],[8.8913,52.18091],[8.8912,52.18117],[8.89109,52.18118],[8.89075,52.18105],[8.89063,52.18106],[8.89031,52.18133],[8.89029,52.18148],[8.89013,52.18152],[8.8901,52.18166],[8.88987,52.18178],[8.88966,52.1818],[8.88955,52.18194],[8.88895,52.18212],[8.8887,52.18227],[8.88847,52.1825],[8.88844,52.18267],[8.88831,52.18279],[8.88831,52.183],[8.88792,52.18316],[8.8879,52.1834],[8.88761,52.18349],[8.88736,52.18352],[8.88736,52.18381],[8.88718,52.18391],[8.88711,52.18415],[8.88686,52.18418],[8.88678,52.1843],[8.88646,52.18451],[8.88646,52.18473],[8.88624,52.1848],[8.88601,52.18494],[8.88601,52.18527],[8.88582,52.18533],[8.88573,52.18546],[8.88506,52.18548],[8.88505,52.18567],[8.88483,52.18571],[8.88479,52.1859],[8.88448,52.18593],[8.88441,52.18614],[8.88383,52.18651],[8.88375,52.18687],[8.88361,52.18695],[8.88326,52.18701],[8.88324,52.18723],[8.88308,52.18737],[8.88304,52.18749],[8.88277,52.18759],[8.88241,52.18762],[8.88234,52.18787],[8.88214,52.18793],[8.88207,52.18805],[8.88183,52.18815],[8.88176,52.18837],[8.88149,52.18846]]}},{"type":"Feature","properties":{"slice":"ura","kind":"weg"},"geometry":{"type":"LineString","coordinates":[[8.90872,52.39426],[8.90875,52.39459],[8.90886,52.39469],[8.90888,52.39484],[8.9091,52.39507],[8.90874,52.3956],[8.90872,52.39573],[8.90819,52.39621],[8.90809,52.39651],[8.90794,52.39658],[8.90717,52.39656],[8.90707,52.3967],[8.90677,52.39676],[8.90671,52.39718],[8.90642,52.39732],[8.90607,52.3976],[8.90571,52.39781],[8.90511,52.39786],[8.90453,52.39786],[8.90414,52.39782],[8.9039,52.39795],[8.90324,52.39818],[8.90315,52.39829],[8.90297,52.39837],[8.90282,52.39883],[8.90257,52.39875],[8.90202,52.39884],[8.90173,52.39911],[8.90145,52.39951],[8.90111,52.39963],[8.90081,52.39956],[8.90051,52.39959],[8.90008,52.39955],[8.8997,52.39959],[8.89946,52.39954],[8.89918,52.39956],[8.89897,52.39951],[8.89873,52.39952],[8.89843,52.39946],[8.89755,52.39951],[8.89741,52.39941],[8.8972,52.39909],[8.89697,52.39903],[8.89637,52.39875],[8.89596,52.39873],[8.89577,52.39868],[8.89547,52.39881],[8.89476,52.39873],[8.89448,52.39878],[8.89403,52.39877],[8.89369,52.39888],[8.89322,52.39886],[8.89296,52.39877],[8.89215,52.39887],[8.89176,52.39882],[8.89152,52.39886],[8.89114,52.39912],[8.8906,52.39917],[8.89011,52.39914],[8.88987,52.39907],[8.88901,52.39905],[8.88869,52.3989],[8.88833,52.39888],[8.88818,52.39876],[8.88689,52.39875],[8.88664,52.39879],[8.8866,52.39898],[8.88637,52.39931],[8.88579,52.39937],[8.88558,52.39933],[8.88521,52.39934],[8.88509,52.39943],[8.88513,52.39955],[8.88513,52.39956],[8.88513,52.39958],[8.88513,52.39959],[8.88513,52.3996],[8.88513,52.39962],[8.88513,52.39963],[8.88513,52.39964],[8.88513,52.39965],[8.88513,52.39966],[8.88513,52.39966],[8.88512,52.39955],[8.88504,52.39951],[8.88472,52.39951],[8.88442,52.39958],[8.88403,52.39956],[8.88388,52.39947],[8.88348,52.39944],[8.88316,52.39947],[8.88304,52.39955],[8.88258,52.39966],[8.88219,52.39961],[8.88171,52.39971]]}},{"type":"Feature","properties":{"slice":"ura","kind":"weg"},"geometry":{"type":"LineString","coordinates":[[8.8831,52.39656],[8.88378,52.39611],[8.88351,52.39589],[8.88352,52.3954],[8.88337,52.39531],[8.88311,52.39529],[8.88292,52.39519],[8.88219,52.39516],[8.88197,52.39519],[8.88172,52.3951],[8.88182,52.39464],[8.88171,52.39443],[8.88112,52.39396],[8.88095,52.39357],[8.88087,52.39303],[8.88069,52.3929],[8.88008,52.39213],[8.87951,52.39158],[8.87935,52.39132],[8.87913,52.39111],[8.87911,52.39098],[8.87883,52.39078],[8.87878,52.39064],[8.87859,52.39055],[8.87827,52.39028],[8.87831,52.38982],[8.8785,52.38963],[8.87839,52.38939],[8.87839,52.38916],[8.87853,52.38891],[8.87854,52.38863],[8.87868,52.3885],[8.87888,52.38807],[8.87889,52.38771],[8.87953,52.38738],[8.87981,52.38736],[8.87992,52.38728],[8.88007,52.38724],[8.8812,52.38671],[8.88148,52.38649],[8.88193,52.38649],[8.88231,52.38635],[8.88244,52.38614],[8.8827,52.38603],[8.88298,52.38604],[8.88354,52.38628],[8.88433,52.38648],[8.88476,52.38633],[8.8851,52.38608]]}},{"type":"Feature","properties":{"slice":"ura","kind":"weg"},"geometry":{"type":"LineString","coordinates":[[8.88402,52.31254],[8.88376,52.31231],[8.88386,52.31223],[8.88509,52.312],[8.88536,52.31184],[8.88577,52.31178],[8.88601,52.31164],[8.88646,52.31159],[8.88682,52.31143],[8.88719,52.31141],[8.88777,52.31115],[8.88826,52.31099],[8.88887,52.31067]]}},{"type":"Feature","properties":{"slice":"ura","kind":"weg"},"geometry":{"type":"LineString","coordinates":[[8.89447,52.30932],[8.89474,52.30927],[8.8949,52.30915],[8.8952,52.30912],[8.89529,52.30898],[8.89555,52.30879],[8.89562,52.3083],[8.89573,52.30826],[8.8961,52.30825],[8.8965,52.30799],[8.8967,52.30776],[8.89707,52.30767],[8.89744,52.30734],[8.89792,52.30713],[8.89893,52.30624],[8.89942,52.30588],[8.89983,52.30574]]}},{"type":"Feature","properties":{"slice":"ura","kind":"weg"},"geometry":{"type":"LineString","coordinates":[[8.88437,52.36813],[8.88451,52.3682],[8.88498,52.36825],[8.88545,52.36818],[8.88557,52.36806],[8.88584,52.36799],[8.88642,52.36793],[8.88659,52.36777],[8.88707,52.36759],[8.88751,52.36715],[8.88785,52.36711],[8.88841,52.36714],[8.8889,52.36708],[8.88936,52.36695],[8.88972,52.36693],[8.89011,52.36684],[8.89036,52.36669],[8.89077,52.36665],[8.8909,52.36659],[8.89133,52.36658],[8.89143,52.36647],[8.89134,52.36632],[8.89154,52.3662],[8.8918,52.36616],[8.89197,52.36605],[8.8929,52.3658],[8.89324,52.36574],[8.89463,52.36576],[8.89524,52.36563],[8.89571,52.36563],[8.89618,52.36538],[8.89654,52.36537],[8.89706,52.36553],[8.89809,52.36557],[8.89824,52.3657],[8.89821,52.36583],[8.89829,52.3659],[8.89981,52.36588],[8.90023,52.36597],[8.90103,52.36594],[8.90124,52.36587],[8.90202,52.36589],[8.90285,52.36584],[8.90316,52.36604],[8.90306,52.36628]]}},{"type":"Feature","properties":{"slice":"ura","kind":"weg"},"geometry":{"type":"LineString","coordinates":[[8.88789,52.38408],[8.88951,52.38407],[8.88961,52.38398],[8.88962,52.38368],[8.88994,52.38336],[8.89148,52.38334],[8.89172,52.38343],[8.89184,52.38337],[8.89227,52.38335],[8.89245,52.3833],[8.89262,52.38337],[8.89296,52.38339],[8.89328,52.38334],[8.89421,52.38338],[8.89448,52.38333],[8.89468,52.38337],[8.8956,52.38335],[8.89609,52.38338],[8.89657,52.38318],[8.89693,52.38312],[8.89714,52.38315],[8.8979,52.38295],[8.89806,52.38287],[8.89814,52.38273],[8.89835,52.38263],[8.89854,52.38268],[8.89869,52.38281],[8.89903,52.38291],[8.89935,52.38295],[8.90066,52.38296],[8.9009,52.38305],[8.90111,52.38304],[8.90129,52.38309],[8.90202,52.38302],[8.90217,52.38304],[8.90234,52.38299],[8.90275,52.383],[8.90313,52.38301],[8.90399,52.38318],[8.90444,52.38296],[8.90534,52.38297],[8.90544,52.38292],[8.90565,52.38255],[8.90581,52.38204],[8.90622,52.38182],[8.90687,52.3813],[8.90817,52.38098],[8.91026,52.38069],[8.91171,52.38036],[8.91201,52.38037],[8.91234,52.38044],[8.91278,52.38071],[8.91297,52.38101],[8.91324,52.38119],[8.91362,52.38128],[8.91403,52.38121],[8.91486,52.38139]]}},{"type":"Feature","properties":{"slice":"ura","kind":"weg"},"geometry":{"type":"LineString","coordinates":[[8.88875,52.27846],[8.88876,52.27831],[8.88887,52.27821],[8.88904,52.27779],[8.88916,52.27769],[8.88919,52.27748],[8.88943,52.27727],[8.88946,52.27713],[8.88971,52.27681],[8.88989,52.2763],[8.88998,52.27571],[8.88983,52.27555],[8.88983,52.27513],[8.8897,52.27493],[8.88967,52.27453],[8.88958,52.27444]]}},{"type":"Feature","properties":{"slice":"ura","kind":"weg"},"geometry":{"type":"LineString","coordinates":[[8.89804,52.28832],[8.89794,52.28832],[8.89753,52.28852],[8.89725,52.28857],[8.89701,52.28878],[8.8967,52.28887],[8.89662,52.28894],[8.89631,52.289],[8.89556,52.28907],[8.89539,52.28903],[8.895,52.28907],[8.89466,52.28921],[8.8929,52.28953],[8.89206,52.28964],[8.89159,52.28961],[8.89122,52.28966],[8.89101,52.28974],[8.89077,52.28977],[8.89062,52.28974],[8.89028,52.28983],[8.88843,52.29012],[8.88815,52.29008],[8.88757,52.29022],[8.88743,52.29021],[8.88692,52.29037]]}},{"type":"Feature","properties":{"slice":"ura","kind":"weg"},"geometry":{"type":"LineString","coordinates":[[8.89773,52.27686],[8.89642,52.27686],[8.89624,52.27683],[8.89554,52.27655],[8.89496,52.27622],[8.89474,52.27617],[8.89436,52.27596],[8.89384,52.27584],[8.89354,52.27585],[8.89341,52.27576],[8.893,52.2757],[8.89223,52.2755],[8.89146,52.27515],[8.89122,52.2751],[8.89038,52.27463],[8.89006,52.27451],[8.88958,52.27442]]}},{"type":"Feature","properties":{"slice":"ura","kind":"weg"},"geometry":{"type":"LineString","coordinates":[[8.89892,52.25594],[8.89858,52.25571],[8.89824,52.2556],[8.89693,52.25585],[8.89558,52.25593],[8.89408,52.25622],[8.89298,52.25628],[8.89195,52.25622],[8.89162,52.25638],[8.89143,52.25687],[8.89107,52.25695],[8.89078,52.25696]]}},{"type":"Feature","properties":{"slice":"ura","kind":"weg"},"geometry":{"type":"LineString","coordinates":[[8.89447,52.32152],[8.89457,52.3216],[8.89489,52.32155],[8.89511,52.3217],[8.89533,52.32174],[8.89624,52.32249],[8.89614,52.32276],[8.89665,52.32311],[8.8971,52.3233],[8.89725,52.32348],[8.89791,52.32382],[8.89799,52.32392],[8.89824,52.32399],[8.89831,52.3241],[8.8989,52.32451],[8.89993,52.32509],[8.90011,52.32533],[8.90015,52.3257],[8.90006,52.32584]]}},{"type":"Feature","properties":{"slice":"ura","kind":"weg"},"geometry":{"type":"LineString","coordinates":[[8.90243,52.26522],[8.9018,52.2652],[8.90118,52.26531],[8.90055,52.26498],[8.90017,52.26486],[8.89996,52.26486],[8.89981,52.26474],[8.89863,52.26458],[8.89779,52.26457],[8.89738,52.26463],[8.89725,52.26453],[8.89729,52.26417]]}},{"type":"Feature","properties":{"slice":"ura","kind":"weg"},"geometry":{"type":"LineString","coordinates":[[8.89688,52.26335],[8.89727,52.26338],[8.89725,52.26453],[8.89734,52.26462],[8.89745,52.26464],[8.89779,52.26457],[8.89863,52.26458],[8.89908,52.26463],[8.89982,52.26474],[8.89998,52.26486],[8.90019,52.26486],[8.90079,52.26508],[8.90116,52.2653],[8.90151,52.26526]]}},{"type":"Feature","properties":{"slice":"ura","kind":"weg"},"geometry":{"type":"LineString","coordinates":[[8.89895,52.25598],[8.89899,52.25602],[8.89935,52.25603],[8.89948,52.25607],[8.89956,52.2564],[8.89944,52.25674],[8.89942,52.25778],[8.89928,52.25808],[8.89903,52.25828],[8.89899,52.25847],[8.89901,52.25871],[8.89927,52.25895],[8.89928,52.25907],[8.89912,52.25942],[8.89897,52.25956],[8.89898,52.25991],[8.89882,52.26017],[8.89883,52.26029],[8.89867,52.26053],[8.89854,52.26061]]}},{"type":"Feature","properties":{"slice":"ura","kind":"weg"},"geometry":{"type":"LineString","coordinates":[[8.91299,52.20504],[8.91244,52.20506],[8.91208,52.20517],[8.91146,52.20506],[8.91077,52.20504],[8.91062,52.20507],[8.90972,52.20505],[8.90869,52.20513],[8.90846,52.20503],[8.9084,52.20478],[8.90811,52.20476],[8.90798,52.20469],[8.90771,52.20465]]}},{"type":"Feature","properties":{"slice":"ura","kind":"weg"},"geometry":{"type":"LineString","coordinates":[[8.9096,52.2538],[8.90942,52.25373],[8.90916,52.25375],[8.90906,52.25384],[8.90901,52.25413],[8.90881,52.2542],[8.90869,52.25433],[8.90837,52.25437],[8.90802,52.25447],[8.90719,52.25481],[8.90653,52.25487],[8.90609,52.25512],[8.90586,52.2551],[8.90519,52.25524],[8.90468,52.25524],[8.90418,52.25533],[8.90384,52.25547],[8.90287,52.2555],[8.90272,52.25547],[8.90249,52.25552],[8.90217,52.2555],[8.90202,52.25557],[8.90109,52.25563],[8.90082,52.25601],[8.90017,52.25655],[8.90014,52.25672],[8.90001,52.2568]]}},{"type":"Feature","properties":{"slice":"ura","kind":"weg"},"geometry":{"type":"LineString","coordinates":[[8.90028,52.35441],[8.90024,52.35474],[8.90057,52.35497],[8.90059,52.35513],[8.90073,52.3553],[8.90055,52.35566],[8.90053,52.35601],[8.90027,52.35629],[8.90013,52.35674],[8.90013,52.35715],[8.90026,52.3572],[8.90029,52.35728],[8.90021,52.35774],[8.90031,52.35792],[8.90058,52.35814],[8.90187,52.36157],[8.90195,52.36166],[8.90221,52.36169],[8.90247,52.36189],[8.9025,52.36207],[8.90298,52.36264],[8.90305,52.36334],[8.90313,52.36344],[8.90305,52.36373],[8.90327,52.364],[8.90333,52.36518],[8.90346,52.36539],[8.90344,52.36564],[8.90365,52.36585],[8.90361,52.36598],[8.90316,52.36611],[8.90306,52.36628]]}},{"type":"Feature","properties":{"slice":"ura","kind":"weg"},"geometry":{"type":"LineString","coordinates":[[8.92155,52.34376],[8.92124,52.34376],[8.92058,52.34384],[8.92047,52.3439],[8.92021,52.34391],[8.9201,52.34397],[8.91981,52.34399],[8.91959,52.34414],[8.91925,52.34381],[8.91834,52.34367],[8.91725,52.34356],[8.91714,52.34361],[8.91712,52.34377],[8.9173,52.34409]]}},{"type":"Feature","properties":{"slice":"ura","kind":"weg"},"geometry":{"type":"LineString","coordinates":[[8.90887,52.34541],[8.90865,52.34553],[8.9079,52.3457],[8.90634,52.34615],[8.90601,52.34615],[8.90579,52.34621],[8.90496,52.34654],[8.90323,52.34702]]}},{"type":"Feature","properties":{"slice":"ura","kind":"weg"},"geometry":{"type":"LineString","coordinates":[[8.9044,52.33407],[8.90423,52.33426],[8.90395,52.33428],[8.90363,52.33444],[8.90339,52.33446],[8.90334,52.33451],[8.90335,52.33564],[8.90321,52.33628],[8.90336,52.33668],[8.90332,52.33677],[8.90311,52.33689],[8.90294,52.33721]]}},{"type":"Feature","properties":{"slice":"ura","kind":"weg"},"geometry":{"type":"LineString","coordinates":[[8.90108,52.28493],[8.90101,52.28528],[8.90102,52.28585],[8.90084,52.28589],[8.9002,52.28591],[8.90008,52.28624],[8.90007,52.28663],[8.90023,52.28689],[8.90026,52.28715],[8.90012,52.2874],[8.90037,52.28796]]}},{"type":"Feature","properties":{"slice":"ura","kind":"weg"},"geometry":{"type":"LineString","coordinates":[[8.90301,52.36548],[8.90317,52.36562],[8.9032,52.36576],[8.90314,52.36626],[8.90197,52.36763],[8.90164,52.3677],[8.9015,52.36804],[8.90148,52.36843],[8.90124,52.36872],[8.90121,52.36885],[8.90153,52.36891],[8.90155,52.36906],[8.90168,52.36919],[8.9018,52.36955],[8.90203,52.36972],[8.90208,52.36985],[8.90272,52.36988],[8.90321,52.36997],[8.90328,52.37032],[8.90379,52.37082],[8.90395,52.3712],[8.90453,52.37158],[8.90461,52.37178],[8.90496,52.37202],[8.90515,52.37231],[8.90558,52.37252],[8.90597,52.3728],[8.90706,52.37383],[8.90777,52.37412],[8.90819,52.37442],[8.9084,52.37473],[8.90858,52.37484],[8.90882,52.37488],[8.90902,52.37513],[8.9092,52.37556],[8.90922,52.37596],[8.90944,52.37603],[8.90968,52.37596],[8.90989,52.37597],[8.90996,52.37611],[8.91035,52.37637],[8.91056,52.37665]]}},{"type":"Feature","properties":{"slice":"ura","kind":"weg"},"geometry":{"type":"LineString","coordinates":[[8.90301,52.36546],[8.90332,52.36552],[8.90352,52.36571],[8.9038,52.36577],[8.90433,52.36569],[8.90457,52.36571],[8.90478,52.36567],[8.90496,52.36571],[8.90515,52.36565],[8.90566,52.36567],[8.90581,52.36562],[8.90611,52.36569],[8.90659,52.36562],[8.90687,52.36566],[8.90914,52.36561],[8.91098,52.36569],[8.91232,52.36584],[8.91302,52.36589],[8.91322,52.36586],[8.91375,52.36592],[8.91528,52.36624],[8.9156,52.36623],[8.91579,52.36628],[8.9159,52.36637],[8.91633,52.36645],[8.9172,52.36651]]}},{"type":"Feature","properties":{"slice":"ura","kind":"weg"},"geometry":{"type":"LineString","coordinates":[[8.90373,52.33094],[8.90374,52.33085],[8.90382,52.33081],[8.90455,52.33067],[8.90486,52.33039],[8.905,52.33033],[8.90614,52.33013],[8.90631,52.33014],[8.90652,52.33008],[8.90671,52.33008],[8.90698,52.32999],[8.9071,52.3297],[8.90713,52.32922],[8.90677,52.32867]]}},{"type":"Feature","properties":{"slice":"ura","kind":"weg"},"geometry":{"type":"LineString","coordinates":[[8.91435,52.285],[8.91452,52.28516],[8.91478,52.2856],[8.91502,52.28565],[8.91525,52.2858],[8.91553,52.28619],[8.91582,52.28647],[8.91701,52.28734],[8.91743,52.28771],[8.91788,52.28783]]}},{"type":"Feature","properties":{"slice":"ura","kind":"weg"},"geometry":{"type":"LineString","coordinates":[[8.90662,52.17591],[8.90676,52.17592],[8.90747,52.17619],[8.9077,52.17624],[8.90805,52.17643],[8.90828,52.17649],[8.90842,52.17664],[8.90955,52.1771],[8.91002,52.17715],[8.91014,52.17729],[8.91041,52.17738],[8.91071,52.17741],[8.91088,52.17751],[8.91129,52.17764],[8.91147,52.17764],[8.91163,52.17778],[8.9119,52.17781],[8.91238,52.17803],[8.91262,52.17802],[8.913,52.17794],[8.91362,52.17742],[8.91384,52.17739],[8.91414,52.17749],[8.91506,52.17804],[8.9154,52.17816],[8.91549,52.17827],[8.91624,52.17877],[8.91636,52.17896],[8.91663,52.17902],[8.91743,52.17958],[8.91766,52.17967],[8.91772,52.1798],[8.91827,52.18031],[8.91845,52.18038],[8.91876,52.1806],[8.91916,52.18099],[8.91922,52.1811],[8.9195,52.18131],[8.91962,52.18156],[8.91989,52.18173],[8.91998,52.18186],[8.92032,52.18194],[8.9206,52.18216]]}},{"type":"Feature","properties":{"slice":"ura","kind":"weg"},"geometry":{"type":"LineString","coordinates":[[8.9096,52.2538],[8.90929,52.25372],[8.90911,52.25378],[8.90901,52.25413],[8.90878,52.25422],[8.90864,52.25459],[8.90846,52.2547],[8.90845,52.25539],[8.90835,52.25558],[8.9083,52.25609],[8.90805,52.25627],[8.90804,52.25693],[8.90779,52.2572],[8.90786,52.25734],[8.90802,52.25744],[8.90808,52.25759],[8.90835,52.25779],[8.90864,52.25788],[8.90877,52.25801],[8.90874,52.25808],[8.90846,52.25831],[8.90847,52.25843]]}},{"type":"Feature","properties":{"slice":"ura","kind":"weg"},"geometry":{"type":"LineString","coordinates":[[8.91387,52.39074],[8.91438,52.39061],[8.91596,52.39002],[8.91706,52.38983],[8.91816,52.38976],[8.91884,52.39013],[8.91932,52.39028]]}},{"type":"Feature","properties":{"slice":"ura","kind":"weg"},"geometry":{"type":"LineString","coordinates":[[8.91125,52.38508],[8.91096,52.38542],[8.91045,52.38556],[8.91034,52.38566],[8.91006,52.38575],[8.90972,52.38596],[8.90948,52.38616],[8.90946,52.38676],[8.90936,52.38705],[8.90917,52.38726],[8.90915,52.38752],[8.90903,52.38765],[8.90902,52.38781],[8.90891,52.3879],[8.9089,52.38821],[8.90876,52.38837],[8.9088,52.38868],[8.90868,52.38904],[8.90869,52.38957],[8.90851,52.39011],[8.90839,52.39082],[8.90842,52.39121],[8.90832,52.39128],[8.90768,52.3913],[8.90748,52.3914]]}},{"type":"Feature","properties":{"slice":"ura","kind":"weg"},"geometry":{"type":"LineString","coordinates":[[8.91126,52.31822],[8.91139,52.31794],[8.91119,52.31769],[8.91118,52.31735],[8.91091,52.31683],[8.91094,52.31671],[8.91078,52.31636],[8.91083,52.31627],[8.91079,52.31605],[8.91088,52.31569],[8.91166,52.31481],[8.91171,52.3146],[8.91163,52.31451],[8.91157,52.31416],[8.91157,52.31358],[8.91132,52.31318],[8.91125,52.31279],[8.91131,52.31255],[8.9112,52.3124],[8.91133,52.3118],[8.91105,52.31072],[8.91111,52.31025],[8.91106,52.31011],[8.91108,52.30902],[8.91116,52.30887]]}},{"type":"Feature","properties":{"slice":"ura","kind":"weg"},"geometry":{"type":"LineString","coordinates":[[8.91136,52.30822],[8.91118,52.30827],[8.91109,52.3082],[8.91114,52.30746],[8.91122,52.30726],[8.91121,52.30702],[8.91111,52.3069],[8.9111,52.3066],[8.91118,52.30627],[8.91109,52.30612],[8.91121,52.30583],[8.91109,52.30566],[8.91117,52.30546],[8.91109,52.30534],[8.91107,52.305],[8.91111,52.30452],[8.91123,52.3044],[8.91129,52.3042],[8.91117,52.304],[8.91128,52.3039],[8.9113,52.30375],[8.91121,52.30361],[8.91133,52.30322],[8.91133,52.30256],[8.91146,52.30234],[8.91142,52.30217],[8.91157,52.30198],[8.91149,52.30189],[8.91155,52.30179],[8.9115,52.30167],[8.91115,52.30164]]}},{"type":"Feature","properties":{"slice":"ura","kind":"weg"},"geometry":{"type":"LineString","coordinates":[[8.91423,52.228],[8.91441,52.22742],[8.91465,52.22722],[8.91474,52.22679],[8.91493,52.22661],[8.91502,52.22629],[8.91525,52.22584],[8.91538,52.22571],[8.91538,52.22558],[8.9155,52.22547],[8.91589,52.22467],[8.91599,52.22459],[8.91599,52.22425],[8.91616,52.22415],[8.91684,52.22412],[8.91714,52.22401],[8.91739,52.22381],[8.91765,52.22381]]}},{"type":"Feature","properties":{"slice":"ura","kind":"weg"},"geometry":{"type":"LineString","coordinates":[[8.91685,52.38121],[8.91772,52.38122],[8.91796,52.3813],[8.91877,52.38129],[8.91897,52.38122],[8.91991,52.38121],[8.92025,52.38112],[8.92077,52.3811],[8.92152,52.38113],[8.92197,52.38126]]}},{"type":"Feature","properties":{"slice":"ura","kind":"weg"},"geometry":{"type":"LineString","coordinates":[[8.92022,52.3221],[8.92041,52.32205],[8.92043,52.32188],[8.92019,52.32175],[8.91995,52.32128],[8.91984,52.32118],[8.91967,52.32111],[8.91953,52.32084],[8.91907,52.32048],[8.91898,52.32021],[8.91872,52.32007],[8.91852,52.31971],[8.91851,52.31942],[8.91833,52.31916],[8.91837,52.31903],[8.9181,52.3188],[8.91816,52.31868],[8.91797,52.31849],[8.91787,52.31798],[8.91773,52.31767],[8.91776,52.31754],[8.91755,52.31733],[8.91741,52.31703],[8.91751,52.31673],[8.91743,52.31655],[8.9173,52.31647],[8.91725,52.31632],[8.9173,52.31607],[8.91715,52.31582],[8.91646,52.3151],[8.91556,52.31446],[8.91528,52.31415],[8.91524,52.31401],[8.91503,52.3139],[8.91493,52.31333],[8.91526,52.31218],[8.91519,52.31155],[8.91526,52.31014],[8.91517,52.30946]]}},{"type":"Feature","properties":{"slice":"ura","kind":"weg"},"geometry":{"type":"LineString","coordinates":[[8.91516,52.30836],[8.91508,52.30772],[8.9151,52.30692],[8.91541,52.30559],[8.91591,52.30419],[8.91602,52.30332]]}},{"type":"Feature","properties":{"slice":"ura","kind":"weg"},"geometry":{"type":"LineString","coordinates":[[8.92058,52.29924],[8.92038,52.29902],[8.9201,52.29886],[8.91899,52.29883],[8.91785,52.29885],[8.91767,52.29898],[8.9175,52.29935],[8.91659,52.29951],[8.91582,52.29992],[8.91577,52.30008],[8.9159,52.30042],[8.9159,52.30063]]}},{"type":"Feature","properties":{"slice":"ura","kind":"weg"},"geometry":{"type":"LineString","coordinates":[[8.91654,52.29964],[8.91659,52.29951],[8.9175,52.29935],[8.91767,52.29898],[8.91783,52.29886],[8.91899,52.29883],[8.91944,52.29887],[8.91974,52.29883],[8.9202,52.2989],[8.92031,52.29922],[8.9206,52.29941],[8.92088,52.29952],[8.92128,52.29982],[8.92123,52.30002]]}},{"type":"Feature","properties":{"slice":"ura","kind":"weg"},"geometry":{"type":"LineString","coordinates":[[8.92117,52.21621],[8.92136,52.21632],[8.92153,52.21653],[8.92124,52.21702],[8.92082,52.21748],[8.92077,52.21761],[8.92053,52.21772],[8.92038,52.21791],[8.91993,52.2181],[8.91972,52.21826],[8.91933,52.21844],[8.91918,52.21862],[8.91896,52.21872],[8.9188,52.21919],[8.91865,52.21926],[8.91874,52.21949],[8.91867,52.21975],[8.91897,52.22079],[8.91865,52.22098],[8.91867,52.22121],[8.91851,52.22133],[8.91839,52.22206]]}},{"type":"Feature","properties":{"slice":"ura","kind":"weg"},"geometry":{"type":"LineString","coordinates":[[8.9402,52.37947],[8.93999,52.3796],[8.93967,52.37966],[8.93942,52.37963],[8.93922,52.37967],[8.93894,52.37962],[8.93834,52.37968],[8.93817,52.37964],[8.93785,52.37964],[8.93742,52.3797],[8.93635,52.37971],[8.93594,52.37985],[8.93551,52.37988],[8.93547,52.37993],[8.93551,52.38009],[8.9354,52.38021],[8.93515,52.38021],[8.93495,52.38029],[8.93476,52.38027],[8.93373,52.38051],[8.93324,52.38033],[8.93221,52.38029],[8.93199,52.38021],[8.93133,52.3802],[8.93106,52.38013],[8.93092,52.38016],[8.9304,52.38014],[8.9301,52.38011],[8.92993,52.38004],[8.92965,52.38004],[8.92958,52.38007],[8.92947,52.38025],[8.92953,52.38045],[8.92949,52.38058],[8.92912,52.38062],[8.92901,52.38068],[8.92837,52.38062],[8.92736,52.38069],[8.92676,52.3806],[8.92628,52.38059],[8.9262,52.38064],[8.92626,52.38093],[8.92618,52.38101],[8.92485,52.38112],[8.92429,52.38109],[8.92399,52.3807],[8.92371,52.38073],[8.92334,52.38094],[8.92302,52.38096],[8.92266,52.38114],[8.92028,52.38111],[8.91998,52.38122],[8.91993,52.38137]]}},{"type":"Feature","properties":{"slice":"ura","kind":"weg"},"geometry":{"type":"LineString","coordinates":[[8.94067,52.37361],[8.93967,52.37299],[8.93766,52.37267],[8.9365,52.37233],[8.93555,52.37194],[8.93536,52.37191],[8.93515,52.37173],[8.93485,52.37166],[8.93345,52.37103],[8.93206,52.37055],[8.93197,52.37046],[8.93163,52.37042],[8.93141,52.37031],[8.93107,52.37024],[8.93079,52.37027],[8.92897,52.36997],[8.92694,52.36946],[8.925,52.36911],[8.92385,52.36872]]}},{"type":"Feature","properties":{"slice":"ura","kind":"weg"},"geometry":{"type":"LineString","coordinates":[[8.92395,52.32815],[8.92378,52.32785],[8.92383,52.32772],[8.9237,52.32735],[8.92344,52.32714],[8.92347,52.32693],[8.92339,52.32675],[8.92313,52.32658],[8.92274,52.32604],[8.92271,52.32596],[8.92277,52.32588],[8.92251,52.3255],[8.92222,52.32535],[8.92171,52.32464],[8.9215,52.32371]]}},{"type":"Feature","properties":{"slice":"ura","kind":"weg"},"geometry":{"type":"LineString","coordinates":[[8.92381,52.3895],[8.92392,52.38959],[8.92432,52.39046],[8.9244,52.39051],[8.92515,52.39035],[8.92757,52.39032],[8.9284,52.39018]]}},{"type":"Feature","properties":{"slice":"ura","kind":"weg"},"geometry":{"type":"LineString","coordinates":[[8.93644,52.38775],[8.93729,52.38782],[8.93762,52.38771],[8.9377,52.38755],[8.93834,52.38739],[8.93843,52.38731],[8.93865,52.38725],[8.93957,52.38721],[8.93978,52.38714],[8.94042,52.3871],[8.94063,52.38697],[8.94065,52.38676],[8.94081,52.38655],[8.94176,52.38657],[8.94214,52.3865],[8.94229,52.38656],[8.94246,52.38652],[8.94296,52.38651],[8.94409,52.38636],[8.94435,52.38628],[8.94459,52.3863],[8.94482,52.38625],[8.94519,52.38627],[8.9459,52.38616],[8.9462,52.38604],[8.94693,52.38608],[8.9471,52.38622],[8.94759,52.38618],[8.94811,52.38607],[8.94824,52.38593],[8.94866,52.38579],[8.94993,52.38564],[8.95103,52.38544],[8.95139,52.38543],[8.95188,52.38526],[8.95251,52.38521],[8.95302,52.38506],[8.95333,52.38506],[8.95338,52.38522],[8.9537,52.38529],[8.95379,52.38542],[8.95369,52.38559]]}},{"type":"Feature","properties":{"slice":"ura","kind":"weg"},"geometry":{"type":"LineString","coordinates":[[8.94756,52.18207],[8.94691,52.18247],[8.94685,52.18268],[8.94675,52.18275],[8.94536,52.18277],[8.94465,52.18288],[8.94261,52.18352],[8.94088,52.18394],[8.94017,52.18407],[8.93978,52.18422],[8.93776,52.18465],[8.93753,52.18462],[8.93629,52.18386]]}},{"type":"Feature","properties":{"slice":"ura","kind":"weg"},"geometry":{"type":"LineString","coordinates":[[8.92142,52.1828],[8.92155,52.18283],[8.92172,52.18298],[8.9219,52.18307],[8.92215,52.18335],[8.92281,52.18367],[8.92283,52.18391],[8.92273,52.18413],[8.92288,52.18434],[8.92322,52.18446],[8.92321,52.18466],[8.92311,52.18476],[8.92319,52.18494],[8.92392,52.18532],[8.92411,52.18537],[8.92442,52.1856],[8.92463,52.18565],[8.92502,52.18594],[8.92519,52.18598],[8.92554,52.18621],[8.92573,52.18625],[8.92588,52.18637],[8.92658,52.18666],[8.92772,52.18733],[8.92807,52.18746],[8.92814,52.18754],[8.92815,52.18771],[8.92857,52.18802],[8.92858,52.18827]]}},{"type":"Feature","properties":{"slice":"ura","kind":"weg"},"geometry":{"type":"LineString","coordinates":[[8.92662,52.20693],[8.92721,52.20713],[8.92779,52.20745],[8.92795,52.20744],[8.92807,52.2075],[8.92806,52.20779],[8.92793,52.20792],[8.92789,52.20811],[8.92828,52.20853],[8.92822,52.20877],[8.92788,52.20916],[8.92785,52.20926],[8.92724,52.20986],[8.92719,52.21012],[8.92695,52.21028],[8.92676,52.21032],[8.92635,52.21056],[8.92594,52.21062],[8.92545,52.21058],[8.92518,52.21078],[8.92447,52.21154],[8.92435,52.21177],[8.92399,52.21209],[8.92394,52.21231],[8.92375,52.21239],[8.9236,52.21261]]}},{"type":"Feature","properties":{"slice":"ura","kind":"weg"},"geometry":{"type":"LineString","coordinates":[[8.94064,52.34189],[8.93859,52.34035],[8.93764,52.3397],[8.93756,52.33961],[8.93754,52.33939],[8.93734,52.33921],[8.9371,52.33913],[8.93674,52.33881],[8.93631,52.33855],[8.936,52.33849],[8.93575,52.33834],[8.93505,52.33778],[8.93466,52.33753],[8.93428,52.33705],[8.93392,52.33688],[8.93377,52.33665],[8.93306,52.3362],[8.9328,52.33594],[8.93242,52.33574],[8.93234,52.33562],[8.93205,52.33545],[8.93177,52.33534],[8.93131,52.33528],[8.93075,52.33493],[8.9307,52.33481],[8.92974,52.33415],[8.92969,52.33386],[8.92958,52.33371],[8.9296,52.33352],[8.92946,52.3334],[8.92934,52.33307],[8.929,52.33265],[8.92865,52.33249],[8.92845,52.33231],[8.92839,52.33214],[8.92819,52.33198],[8.92782,52.33185],[8.92772,52.33164],[8.92739,52.3315],[8.92731,52.33141],[8.92706,52.33137],[8.92671,52.33116],[8.92649,52.33112],[8.92631,52.33099],[8.92618,52.33079],[8.92595,52.33066]]}},{"type":"Feature","properties":{"slice":"ura","kind":"weg"},"geometry":{"type":"LineString","coordinates":[[8.92728,52.19651],[8.92759,52.19652],[8.92766,52.19656],[8.92811,52.19794],[8.92804,52.19801],[8.92749,52.19823],[8.92708,52.19861],[8.92709,52.19885],[8.92723,52.19897],[8.92731,52.19915],[8.92766,52.19944],[8.92756,52.1997],[8.92737,52.1999],[8.9273,52.20012],[8.92705,52.20051],[8.9271,52.20103],[8.92716,52.20115],[8.92715,52.20133],[8.92706,52.20145]]}},{"type":"Feature","properties":{"slice":"ura","kind":"weg"},"geometry":{"type":"LineString","coordinates":[[8.92691,52.27751],[8.92698,52.2776],[8.92694,52.27772],[8.927,52.27793],[8.92691,52.2781],[8.92699,52.27819],[8.92704,52.27856],[8.92701,52.27904],[8.92684,52.27917],[8.92662,52.2797],[8.92647,52.27978],[8.92634,52.2802],[8.92657,52.28038],[8.92679,52.2807],[8.92711,52.28093]]}},{"type":"Feature","properties":{"slice":"ura","kind":"weg"},"geometry":{"type":"LineString","coordinates":[[8.96436,52.19192],[8.96416,52.19204],[8.96306,52.19221],[8.96244,52.19224],[8.96175,52.19237],[8.96158,52.19248],[8.96109,52.1925],[8.96087,52.19263],[8.96021,52.19285],[8.95991,52.19301],[8.95954,52.1931],[8.9574,52.19322],[8.95611,52.19341],[8.95562,52.19343],[8.95505,52.19361],[8.95435,52.19374],[8.9533,52.19378],[8.95238,52.19372],[8.9519,52.19375],[8.9515,52.19368],[8.95096,52.19368],[8.94991,52.19358],[8.94916,52.19347],[8.9489,52.19349],[8.94843,52.19368],[8.94718,52.1937],[8.94628,52.1939],[8.94613,52.19398],[8.94604,52.19417],[8.94582,52.19421],[8.94457,52.19484],[8.94306,52.19518],[8.94274,52.19517],[8.94103,52.19456],[8.94073,52.19452],[8.93995,52.19467],[8.93909,52.19497],[8.93885,52.19486],[8.93852,52.19485],[8.93695,52.19506],[8.93643,52.19497],[8.93465,52.19497],[8.93425,52.19501],[8.93405,52.19507],[8.93367,52.19508],[8.93358,52.19513],[8.93349,52.19535],[8.93337,52.19541],[8.93283,52.1953],[8.93223,52.19524],[8.93161,52.19523],[8.93062,52.19527],[8.93047,52.19534],[8.93006,52.19537],[8.92903,52.19561],[8.92871,52.19572],[8.92768,52.19627],[8.92765,52.19653],[8.92794,52.19746]]}},{"type":"Feature","properties":{"slice":"ura","kind":"weg"},"geometry":{"type":"LineString","coordinates":[[8.92916,52.18737],[8.9294,52.18746],[8.92915,52.18792],[8.9293,52.18809],[8.92971,52.18837],[8.92967,52.18852],[8.92982,52.18886],[8.92977,52.18917],[8.92963,52.18931],[8.92961,52.18981],[8.92987,52.19055],[8.93011,52.19075]]}},{"type":"Feature","properties":{"slice":"ura","kind":"weg"},"geometry":{"type":"LineString","coordinates":[[8.92892,52.19434],[8.9288,52.19477],[8.92819,52.1949],[8.9277,52.1951],[8.92752,52.19522],[8.92727,52.19561],[8.92727,52.19573],[8.92759,52.19613],[8.92765,52.19655],[8.92794,52.19745]]}},{"type":"Feature","properties":{"slice":"ura","kind":"weg"},"geometry":{"type":"LineString","coordinates":[[8.92749,52.25193],[8.92758,52.25224],[8.92772,52.2523],[8.92777,52.25241],[8.92837,52.25287],[8.92861,52.25315],[8.92867,52.2533],[8.9289,52.2535],[8.92887,52.25364],[8.92906,52.25378],[8.92917,52.25395],[8.93024,52.25468],[8.93032,52.25495],[8.93015,52.25554]]}},{"type":"Feature","properties":{"slice":"ura","kind":"weg"},"geometry":{"type":"LineString","coordinates":[[8.94256,52.25051],[8.94238,52.25056],[8.94212,52.25047],[8.94156,52.25044],[8.93942,52.25056],[8.93678,52.25057],[8.93581,52.25052],[8.9356,52.25058],[8.93512,52.25059],[8.93491,52.25066],[8.93422,52.25069],[8.93375,52.25077],[8.93354,52.25073],[8.93268,52.25082],[8.93208,52.25081],[8.93186,52.25085],[8.93165,52.25081],[8.93064,52.25082],[8.93023,52.25073],[8.9297,52.25073],[8.92895,52.25057],[8.92816,52.2509]]}},{"type":"Feature","properties":{"slice":"ura","kind":"weg"},"geometry":{"type":"LineString","coordinates":[[8.93164,52.25167],[8.93274,52.25165],[8.93304,52.25168],[8.93369,52.252],[8.9347,52.25204],[8.93506,52.25216],[8.93543,52.25219],[8.93596,52.25243],[8.93637,52.25242],[8.93677,52.25249],[8.93688,52.25308],[8.93677,52.2543],[8.93708,52.25453]]}},{"type":"Feature","properties":{"slice":"ura","kind":"weg"},"geometry":{"type":"LineString","coordinates":[[8.93003,52.25501],[8.93053,52.25503],[8.93065,52.25512],[8.93081,52.25516],[8.93091,52.25528],[8.93112,52.25532],[8.93116,52.25548],[8.93155,52.25562],[8.9317,52.25579],[8.93203,52.256],[8.9321,52.25615],[8.9324,52.2563],[8.93263,52.25656],[8.93289,52.25662],[8.93385,52.25732],[8.93416,52.25749],[8.93456,52.25783],[8.93457,52.25793],[8.93502,52.25824],[8.93501,52.2585],[8.93396,52.25901]]}},{"type":"Feature","properties":{"slice":"ura","kind":"weg"},"geometry":{"type":"LineString","coordinates":[[8.93003,52.25502],[8.93023,52.25504],[8.93025,52.25527],[8.92999,52.25606],[8.92991,52.2566],[8.92965,52.25741],[8.9297,52.25759],[8.92958,52.2577],[8.92924,52.25916],[8.92991,52.25953],[8.93066,52.25958],[8.93087,52.25967]]}},{"type":"Feature","properties":{"slice":"ura","kind":"weg"},"geometry":{"type":"LineString","coordinates":[[8.94061,52.34192],[8.94034,52.34207],[8.93993,52.34217],[8.93972,52.34227],[8.93948,52.34229],[8.9392,52.34244],[8.93905,52.34246],[8.93869,52.34233],[8.93857,52.34221],[8.9383,52.34209],[8.93789,52.34199],[8.93731,52.34197],[8.93699,52.34189],[8.93652,52.34187],[8.93549,52.34115],[8.93528,52.34104],[8.93502,52.34103],[8.93354,52.34178],[8.93242,52.34188],[8.93186,52.34208],[8.9312,52.34215],[8.93114,52.34228],[8.93086,52.34237],[8.93083,52.34264],[8.93089,52.34284],[8.93084,52.34297],[8.93026,52.34315],[8.93021,52.34341]]}},{"type":"Feature","properties":{"slice":"ura","kind":"weg"},"geometry":{"type":"LineString","coordinates":[[8.94462,52.28585],[8.94482,52.28579],[8.94515,52.28557],[8.94545,52.28549],[8.94598,52.28489],[8.9465,52.28465],[8.94673,52.28463],[8.94693,52.28454],[8.9474,52.28453],[8.94778,52.28443],[8.94862,52.28434],[8.94894,52.28426],[8.94933,52.28425],[8.95017,52.28414],[8.95068,52.28413],[8.95094,52.28404],[8.95118,52.28405],[8.95145,52.28414],[8.95311,52.2836],[8.95384,52.28341],[8.95464,52.28297],[8.95478,52.28292],[8.95512,52.2829],[8.95534,52.28275],[8.95592,52.28253],[8.9568,52.28185],[8.95736,52.2816],[8.9579,52.28125],[8.95851,52.28119],[8.95892,52.28108],[8.95944,52.28082],[8.95993,52.28064],[8.96002,52.28037],[8.96037,52.28011]]}},{"type":"Feature","properties":{"slice":"ura","kind":"weg"},"geometry":{"type":"LineString","coordinates":[[8.94321,52.32173],[8.94317,52.32154],[8.94298,52.3214],[8.94273,52.32111],[8.94271,52.32099],[8.94242,52.32073],[8.9424,52.32034],[8.94225,52.32017],[8.94195,52.32003],[8.94164,52.31951],[8.94106,52.31897],[8.941,52.3188],[8.94074,52.31855],[8.94056,52.31819],[8.94025,52.31794],[8.94018,52.31774],[8.93994,52.31757],[8.93993,52.31743],[8.93976,52.31732],[8.93887,52.31627],[8.93867,52.31596],[8.9384,52.31569],[8.93814,52.3152],[8.93795,52.31506],[8.93766,52.31458],[8.93752,52.31447],[8.93741,52.31417],[8.93747,52.31407],[8.93733,52.31379],[8.93721,52.31363],[8.93695,52.31352],[8.93678,52.31325],[8.93677,52.31306],[8.93655,52.31289],[8.93654,52.31234],[8.93684,52.31117],[8.9368,52.31084],[8.93665,52.31075],[8.93656,52.31055],[8.93656,52.30959],[8.93646,52.30953],[8.93581,52.30959],[8.93521,52.30957],[8.93505,52.30948],[8.93497,52.30928],[8.93465,52.3091],[8.93398,52.30664],[8.93414,52.30532]]}},{"type":"Feature","properties":{"slice":"ura","kind":"weg"},"geometry":{"type":"LineString","coordinates":[[8.93488,52.25819],[8.93497,52.2582],[8.93511,52.25832],[8.9353,52.25835],[8.93537,52.25848],[8.93564,52.25864],[8.9358,52.25884],[8.93601,52.25893],[8.93619,52.25916],[8.93675,52.25946],[8.93683,52.25957],[8.93701,52.25962],[8.93712,52.25974],[8.93733,52.25979],[8.93747,52.25992],[8.93783,52.26007],[8.93802,52.2601],[8.9383,52.26026],[8.93882,52.26043],[8.93901,52.26045],[8.93922,52.26057],[8.9398,52.26078],[8.94084,52.26164],[8.94135,52.26195]]}},{"type":"Feature","properties":{"slice":"ura","kind":"weg"},"geometry":{"type":"LineString","coordinates":[[8.94997,52.26176],[8.95087,52.2626],[8.95102,52.26287],[8.95123,52.26299],[8.95145,52.26324],[8.95174,52.26344],[8.9521,52.26362],[8.95276,52.26378],[8.95309,52.26393],[8.95314,52.26434],[8.95295,52.26482],[8.95287,52.26528],[8.95291,52.26565],[8.95283,52.26577],[8.95288,52.26596],[8.95308,52.2662],[8.95328,52.26661]]}},{"type":"Feature","properties":{"slice":"ura","kind":"weg"},"geometry":{"type":"LineString","coordinates":[[8.9416,52.25468],[8.9416,52.2548],[8.94152,52.25489],[8.94035,52.25554],[8.94027,52.25568],[8.94002,52.25572],[8.93755,52.25707],[8.936,52.25799],[8.9355,52.25821],[8.93529,52.25842],[8.93507,52.25847],[8.93396,52.25901]]}},{"type":"Feature","properties":{"slice":"ura","kind":"weg"},"geometry":{"type":"LineString","coordinates":[[8.96185,52.30318],[8.9613,52.30304],[8.96117,52.3029],[8.96085,52.3028],[8.96052,52.30257],[8.96055,52.30236],[8.96071,52.30222],[8.96077,52.30191],[8.96078,52.30139],[8.96064,52.30125],[8.96072,52.30099],[8.96052,52.30083],[8.96042,52.30051],[8.96045,52.30029],[8.96028,52.30013],[8.95988,52.29937],[8.95957,52.29904],[8.95896,52.29904],[8.95879,52.29912],[8.95821,52.29915],[8.95766,52.29928],[8.95725,52.2992],[8.95665,52.2992],[8.95648,52.29916],[8.95568,52.29933],[8.95514,52.2995],[8.95505,52.29946],[8.95481,52.29907],[8.95457,52.29894],[8.9498,52.29894],[8.94914,52.2986],[8.94813,52.2986],[8.94789,52.29852],[8.94739,52.2985],[8.94727,52.29838],[8.947,52.29832],[8.94675,52.29808],[8.94611,52.29793],[8.94519,52.29785],[8.94281,52.29795],[8.94216,52.29794],[8.94177,52.29788]]}},{"type":"Feature","properties":{"slice":"ura","kind":"weg"},"geometry":{"type":"LineString","coordinates":[[8.94752,52.34869],[8.94768,52.34857],[8.94765,52.34849],[8.94743,52.34825],[8.94715,52.34816],[8.94671,52.34777],[8.94651,52.34749],[8.94652,52.34739],[8.94628,52.34731],[8.94566,52.34669],[8.94542,52.34643],[8.94546,52.34634],[8.94539,52.34621],[8.94524,52.34608],[8.94473,52.34577],[8.94395,52.34555],[8.94375,52.34542],[8.94306,52.34522],[8.94279,52.34521],[8.94191,52.34465],[8.94187,52.34458],[8.94197,52.34439],[8.94203,52.34376],[8.94196,52.34315],[8.94186,52.34298],[8.9415,52.34294],[8.94136,52.34287]]}},{"type":"Feature","properties":{"slice":"ura","kind":"weg"},"geometry":{"type":"LineString","coordinates":[[8.94128,52.23354],[8.94145,52.23343],[8.94211,52.23334],[8.94213,52.23317],[8.94239,52.23286],[8.94231,52.23266],[8.94287,52.23257],[8.94287,52.23106],[8.94278,52.23081],[8.94243,52.23043],[8.94242,52.23019],[8.94219,52.22974],[8.94282,52.22914],[8.94298,52.22907],[8.94326,52.22872],[8.94348,52.22856],[8.9439,52.22797],[8.9441,52.22783],[8.94411,52.22764],[8.94444,52.22713],[8.94461,52.22698],[8.94502,52.22528],[8.94514,52.22509],[8.94514,52.2248],[8.94497,52.22463],[8.94489,52.22433],[8.94527,52.22412],[8.94543,52.22375],[8.94577,52.22356],[8.94649,52.22336],[8.94671,52.2232],[8.94688,52.22296],[8.94709,52.22192],[8.94723,52.22174],[8.948,52.22131],[8.94864,52.22113],[8.94901,52.22096]]}},{"type":"Feature","properties":{"slice":"ura","kind":"weg"},"geometry":{"type":"LineString","coordinates":[[8.95112,52.2174],[8.95135,52.21709],[8.95138,52.21692],[8.9517,52.21649],[8.95198,52.2159],[8.95215,52.21572],[8.95227,52.21573],[8.95253,52.21585],[8.9527,52.21579],[8.95327,52.21572],[8.9535,52.21554],[8.95401,52.21555],[8.95448,52.21541],[8.95464,52.21544],[8.95474,52.21557],[8.95472,52.21569]]}},{"type":"Feature","properties":{"slice":"ura","kind":"weg"},"geometry":{"type":"LineString","coordinates":[[8.95571,52.2284],[8.95484,52.22866],[8.9545,52.22869],[8.95407,52.2289],[8.95386,52.22892],[8.9527,52.22924],[8.95245,52.22927],[8.95148,52.22961],[8.95133,52.22973],[8.951,52.22976],[8.94969,52.23019],[8.94871,52.23064],[8.9483,52.23089],[8.94802,52.23096],[8.94768,52.23114],[8.9474,52.23141],[8.94717,52.23147],[8.94711,52.23156],[8.94697,52.23159],[8.9464,52.23191],[8.94565,52.23225],[8.94537,52.2323],[8.94401,52.23296],[8.94364,52.23309],[8.94285,52.23326]]}},{"type":"Feature","properties":{"slice":"ura","kind":"weg"},"geometry":{"type":"LineString","coordinates":[[8.9417,52.41397],[8.94214,52.41416],[8.9428,52.41409],[8.943,52.41417],[8.94328,52.41418],[8.94416,52.41438],[8.94583,52.41464],[8.9463,52.41476],[8.94678,52.41481],[8.94701,52.41493],[8.94718,52.41492],[8.94738,52.41498],[8.94759,52.41496],[8.94775,52.41505],[8.94828,52.41517],[8.94865,52.41546],[8.94861,52.41572],[8.94876,52.41579],[8.94874,52.41591],[8.94893,52.41599],[8.94902,52.41616]]}},{"type":"Feature","properties":{"slice":"ura","kind":"weg"},"geometry":{"type":"LineString","coordinates":[[8.9644,52.2508],[8.96416,52.25073],[8.96388,52.25073],[8.96291,52.25083],[8.96264,52.25082],[8.96253,52.25086],[8.96109,52.25089],[8.95978,52.25079],[8.95899,52.25088],[8.95866,52.25097],[8.95834,52.25097],[8.95808,52.25106],[8.9577,52.25108],[8.95751,52.25114],[8.95617,52.25112],[8.956,52.25106],[8.95577,52.25112],[8.9554,52.25112],[8.95517,52.25108],[8.95493,52.25115],[8.95414,52.25115],[8.95373,52.25122],[8.95293,52.25126],[8.9519,52.25124],[8.95028,52.25103]]}},{"type":"Feature","properties":{"slice":"ura","kind":"weg"},"geometry":{"type":"LineString","coordinates":[[8.95322,52.33293],[8.9533,52.33284],[8.95292,52.33261],[8.95286,52.33215],[8.9527,52.33201],[8.95264,52.33183],[8.95257,52.33105],[8.95252,52.3308],[8.9524,52.33067],[8.95246,52.33041],[8.95238,52.33026],[8.95245,52.32971],[8.95194,52.3292],[8.95172,52.32857],[8.95156,52.3284],[8.95135,52.32796],[8.95117,52.32784],[8.95074,52.3273],[8.95072,52.32717],[8.94995,52.32681],[8.94967,52.32683],[8.94927,52.32695],[8.94878,52.32693],[8.94852,52.32632],[8.94809,52.32605],[8.94768,52.32606],[8.94754,52.32601],[8.94716,52.32543],[8.94697,52.32532],[8.94691,52.32521],[8.94666,52.32502],[8.94662,52.32487],[8.94634,52.32464],[8.94625,52.32446],[8.94601,52.32438],[8.94579,52.32422],[8.94502,52.32394],[8.94444,52.32385],[8.94432,52.32354],[8.94417,52.32343],[8.94404,52.32322],[8.94332,52.3228]]}},{"type":"Feature","properties":{"slice":"ura","kind":"weg"},"geometry":{"type":"LineString","coordinates":[[8.94555,52.42282],[8.94559,52.4281]]}},{"type":"Feature","properties":{"slice":"ura","kind":"weg"},"geometry":{"type":"LineString","coordinates":[[8.95707,52.35764],[8.95724,52.35748],[8.95714,52.35726],[8.95725,52.35714],[8.95719,52.35692],[8.95444,52.35483],[8.95437,52.35465],[8.95419,52.35448],[8.95405,52.3544],[8.95381,52.35437],[8.95318,52.3539],[8.95305,52.35376],[8.95304,52.35365],[8.95232,52.35298],[8.95201,52.3529],[8.95007,52.35102],[8.94984,52.35074],[8.94983,52.35061],[8.94948,52.35027],[8.94943,52.35015],[8.94895,52.34973],[8.94873,52.34968],[8.9485,52.3495]]}},{"type":"Feature","properties":{"slice":"ura","kind":"weg"},"geometry":{"type":"LineString","coordinates":[[8.94996,52.41558],[8.9503,52.41546],[8.95067,52.41545],[8.9508,52.41531],[8.9508,52.41497],[8.95089,52.41488],[8.95105,52.41404],[8.95126,52.41364],[8.95127,52.41335],[8.9512,52.41324],[8.95102,52.41319],[8.951,52.41311],[8.95157,52.41183],[8.95218,52.40848],[8.95258,52.4067],[8.95363,52.40544]]}},{"type":"Feature","properties":{"slice":"ura","kind":"weg"},"geometry":{"type":"LineString","coordinates":[[8.95046,52.41574],[8.9506,52.41563],[8.95081,52.4153],[8.95115,52.41534],[8.95137,52.41542],[8.95293,52.41578],[8.95297,52.41587],[8.95306,52.41592],[8.95326,52.4159],[8.95362,52.41605],[8.95457,52.41624],[8.9551,52.41654],[8.95564,52.41663],[8.95677,52.41703],[8.9572,52.41705],[8.95753,52.41712],[8.95819,52.41745],[8.95886,52.41751],[8.95914,52.41761],[8.95965,52.41765],[8.95976,52.41772],[8.95999,52.4177],[8.96094,52.41785],[8.96136,52.41798]]}},{"type":"Feature","properties":{"slice":"ura","kind":"weg"},"geometry":{"type":"LineString","coordinates":[[8.95694,52.33511],[8.95579,52.33417],[8.95575,52.33394],[8.9554,52.33388],[8.95493,52.33351],[8.95484,52.33352],[8.95463,52.33367],[8.95433,52.33367],[8.95351,52.33359],[8.95321,52.33348],[8.95259,52.33341],[8.95244,52.33352],[8.95235,52.33373],[8.95236,52.33388]]}},{"type":"Feature","properties":{"slice":"ura","kind":"weg"},"geometry":{"type":"LineString","coordinates":[[8.95319,52.33297],[8.95317,52.33319],[8.95288,52.33341],[8.95276,52.33343],[8.95258,52.3334],[8.95246,52.33348],[8.95228,52.33396],[8.95229,52.33408],[8.95217,52.33424],[8.95217,52.33436],[8.95201,52.33446],[8.95165,52.33447],[8.95153,52.33453],[8.95153,52.33468],[8.95124,52.33506],[8.95123,52.33544],[8.95106,52.33597],[8.95076,52.33637],[8.95015,52.33778],[8.95033,52.33827],[8.95116,52.33864],[8.95186,52.33884],[8.95261,52.33887],[8.95298,52.33893],[8.95332,52.3389],[8.95384,52.33897],[8.95431,52.33891],[8.95583,52.33893],[8.95665,52.33889],[8.95693,52.33894],[8.95723,52.33892],[8.9574,52.33897],[8.95766,52.33896],[8.95817,52.33906],[8.95854,52.33907],[8.95907,52.3392],[8.95937,52.33918],[8.95954,52.33923],[8.9598,52.33923],[8.96021,52.33932],[8.96038,52.33947],[8.96076,52.33948]]}},{"type":"Feature","properties":{"slice":"ura","kind":"weg"},"geometry":{"type":"LineString","coordinates":[[8.95403,52.37609],[8.95409,52.37604],[8.95587,52.37623],[8.95761,52.37653],[8.95914,52.37686],[8.95923,52.37697],[8.95987,52.37716],[8.96029,52.37725],[8.96055,52.3772],[8.96109,52.37735],[8.96145,52.37752],[8.9615,52.37768],[8.96175,52.37769],[8.96242,52.37794],[8.9627,52.3779],[8.96287,52.37799],[8.96412,52.3782]]}},{"type":"Feature","properties":{"slice":"ura","kind":"weg"},"geometry":{"type":"LineString","coordinates":[[8.95546,52.37413],[8.9556,52.37406],[8.9558,52.37404],[8.95597,52.37382],[8.95617,52.37376],[8.9563,52.37366],[8.9556,52.37293],[8.95528,52.37246],[8.95503,52.37188],[8.95484,52.37112],[8.95496,52.36961],[8.95516,52.36888],[8.95553,52.36824],[8.9557,52.36807],[8.95593,52.36797],[8.95633,52.36753],[8.95649,52.36743]]}},{"type":"Feature","properties":{"slice":"ura","kind":"weg"},"geometry":{"type":"LineString","coordinates":[[8.95486,52.26818],[8.955,52.26833],[8.95575,52.26833],[8.95611,52.26845],[8.95611,52.26883],[8.95594,52.26908],[8.95596,52.26931],[8.9562,52.26961],[8.95634,52.26992],[8.95652,52.27004],[8.95648,52.27051],[8.9567,52.27069],[8.95681,52.27112],[8.9571,52.27136],[8.95714,52.27149],[8.95735,52.27169],[8.95771,52.27224],[8.9582,52.27273]]}},{"type":"Feature","properties":{"slice":"ura","kind":"weg"},"geometry":{"type":"LineString","coordinates":[[8.95516,52.2147],[8.95503,52.21468],[8.95471,52.21483],[8.95455,52.21484],[8.95443,52.21477],[8.95432,52.21459],[8.95445,52.21448],[8.95455,52.21423],[8.95523,52.2135],[8.95554,52.21304],[8.95575,52.21288],[8.95617,52.21231],[8.9563,52.21225],[8.95652,52.21225],[8.95675,52.21211]]}},{"type":"Feature","properties":{"slice":"ura","kind":"weg"},"geometry":{"type":"LineString","coordinates":[[8.95707,52.35764],[8.95738,52.3576],[8.95761,52.3575],[8.95803,52.35751],[8.95812,52.35764],[8.95904,52.35835],[8.95922,52.35842],[8.95941,52.35863],[8.96019,52.35925],[8.96136,52.36012],[8.96153,52.3602],[8.96187,52.36052],[8.96359,52.36181]]}},{"type":"Feature","properties":{"slice":"ura","kind":"weg"},"geometry":{"type":"LineString","coordinates":[[8.95755,52.39107],[8.95767,52.39153],[8.95821,52.39171],[8.96047,52.39234],[8.96264,52.39269]]}},{"type":"Feature","properties":{"slice":"ura","kind":"weg"},"geometry":{"type":"LineString","coordinates":[[8.9586,52.27307],[8.95929,52.27364],[8.95948,52.27392],[8.96025,52.2756],[8.9603,52.27634],[8.96021,52.27646],[8.96019,52.27671],[8.96022,52.2769],[8.96039,52.27718]]}},{"type":"Feature","properties":{"slice":"ura","kind":"weg"},"geometry":{"type":"LineString","coordinates":[[8.96003,52.34258],[8.95989,52.34288],[8.96005,52.34319],[8.96004,52.34343],[8.96014,52.34365],[8.96005,52.34403],[8.95992,52.3442],[8.95983,52.34462],[8.96004,52.34477],[8.96009,52.34494],[8.96111,52.34546],[8.96119,52.34559],[8.96146,52.34579],[8.96153,52.34593],[8.96178,52.34596],[8.96202,52.34623],[8.96211,52.34646],[8.96206,52.3468],[8.96215,52.34694],[8.96248,52.3472],[8.96299,52.34748],[8.96321,52.34754],[8.96383,52.34782],[8.96401,52.34809],[8.96466,52.34858],[8.9647,52.34875],[8.96503,52.3491],[8.96519,52.34941]]}},{"type":"Feature","properties":{"slice":"ura","kind":"weg"},"geometry":{"type":"LineString","coordinates":[[8.96419,52.30744],[8.96378,52.30692],[8.9636,52.30655],[8.96337,52.30642],[8.96324,52.30626],[8.96326,52.30605],[8.9629,52.30546],[8.96271,52.30529],[8.9627,52.30473]]}},{"type":"Feature","properties":{"slice":"ura","kind":"weg"},"geometry":{"type":"LineString","coordinates":[[8.9888,52.2139],[8.98815,52.21386],[8.9876,52.21418],[8.98745,52.21441],[8.9869,52.2145],[8.98615,52.21497],[8.98595,52.21517],[8.98591,52.21571],[8.98575,52.2159],[8.98568,52.21596],[8.9855,52.21599],[8.98537,52.21623],[8.98515,52.21629],[8.98504,52.21641],[8.98463,52.21646],[8.98409,52.21667],[8.98393,52.21685],[8.98365,52.21703],[8.98362,52.21724],[8.98345,52.21747],[8.9833,52.21755],[8.98313,52.21781],[8.98252,52.21832],[8.9822,52.21851],[8.98213,52.21865],[8.98176,52.21889],[8.98089,52.21968],[8.98065,52.21978],[8.98021,52.21981],[8.97999,52.21978],[8.97976,52.21982],[8.97879,52.21969],[8.97742,52.21964],[8.97686,52.21971],[8.97619,52.21998],[8.97582,52.22001]]}},{"type":"Feature","properties":{"slice":"ura","kind":"weg"},"geometry":{"type":"LineString","coordinates":[[8.96672,52.36368],[8.96705,52.36369],[8.96727,52.36379],[8.96757,52.36382],[8.96787,52.36397],[8.97036,52.36448],[8.97062,52.36463],[8.97083,52.36517],[8.97109,52.36533],[8.97121,52.36568],[8.97132,52.36579],[8.9712,52.36598],[8.97177,52.36728],[8.97194,52.36783],[8.9724,52.36872],[8.97251,52.36914],[8.97278,52.3696],[8.97302,52.37028],[8.97334,52.37046],[8.97342,52.37065],[8.97368,52.37089]]}},{"type":"Feature","properties":{"slice":"ura","kind":"weg"},"geometry":{"type":"LineString","coordinates":[[8.97563,52.4454],[8.976,52.44549],[8.97673,52.44574],[8.97791,52.44622],[8.9784,52.44637],[8.97911,52.44647],[8.97967,52.44673],[8.98016,52.44674],[8.98044,52.44679],[8.98066,52.44672],[8.98225,52.44673],[8.98263,52.44682],[8.98311,52.44712],[8.98332,52.44719],[8.98401,52.4471],[8.98456,52.44709],[8.98484,52.44703],[8.98534,52.44703],[8.98548,52.44712],[8.98538,52.44721],[8.9854,52.44733],[8.98523,52.44754],[8.98534,52.44783]]}},{"type":"Feature","properties":{"slice":"ura","kind":"weg"},"geometry":{"type":"LineString","coordinates":[[8.96728,52.41798],[8.96746,52.41809],[8.96778,52.41815],[8.96809,52.41933],[8.96856,52.41944],[8.9687,52.41953],[8.96872,52.41964],[8.96896,52.41981],[8.96899,52.42019],[8.96928,52.42036],[8.96926,52.42051],[8.96877,52.4209],[8.96862,52.42111],[8.96864,52.42116],[8.9689,52.42129],[8.9707,52.42128],[8.9711,52.42159]]}},{"type":"Feature","properties":{"slice":"ura","kind":"weg"},"geometry":{"type":"LineString","coordinates":[[8.96466,52.33976],[8.96481,52.33975],[8.96521,52.33961],[8.96551,52.33969],[8.96626,52.33967],[8.96686,52.33973],[8.96718,52.3397],[8.9675,52.33976],[8.96929,52.33979],[8.96965,52.33964],[8.97044,52.3396],[8.97285,52.33928],[8.97401,52.33925],[8.97504,52.33915],[8.97542,52.33897],[8.97583,52.33889],[8.97765,52.3388],[8.97798,52.3389],[8.97866,52.33888],[8.97963,52.339],[8.98229,52.33914],[8.983,52.33924],[8.98474,52.33959],[8.98564,52.3396],[8.98602,52.33969],[8.98671,52.33969],[8.9872,52.33959],[8.988,52.33959],[8.9884,52.33976],[8.98862,52.33976],[8.98881,52.33971],[8.9892,52.33974],[8.99078,52.33973]]}},{"type":"Feature","properties":{"slice":"ura","kind":"weg"},"geometry":{"type":"LineString","coordinates":[[8.96719,52.35027],[8.9677,52.35024],[8.96792,52.3504],[8.96807,52.35062],[8.96809,52.35085],[8.96841,52.35115],[8.96844,52.35129],[8.96872,52.35167],[8.96906,52.35194],[8.96922,52.35196],[8.96976,52.35182],[8.97042,52.35206],[8.97087,52.35208],[8.97107,52.35215],[8.97132,52.35216],[8.9719,52.35234],[8.97249,52.35288],[8.97408,52.35458],[8.97502,52.35545]]}},{"type":"Feature","properties":{"slice":"ura","kind":"weg"},"geometry":{"type":"LineString","coordinates":[[8.97916,52.35826],[8.97921,52.35899],[8.98032,52.36006],[8.98037,52.36023],[8.98064,52.36057],[8.98099,52.36133],[8.98111,52.36182],[8.98132,52.36226],[8.98137,52.36246],[8.98128,52.36259],[8.98133,52.36275],[8.98162,52.36289],[8.98246,52.36275],[8.98279,52.36293],[8.98283,52.36554],[8.9836,52.36661],[8.98379,52.3668],[8.98413,52.367],[8.98413,52.36711],[8.98437,52.36729],[8.98443,52.36753],[8.98406,52.36764],[8.98394,52.36775],[8.98395,52.36782],[8.98521,52.36865],[8.98596,52.369],[8.98626,52.36907],[8.98724,52.36944],[8.98704,52.37022],[8.98728,52.37037],[8.98765,52.37084],[8.98797,52.37105],[8.98809,52.37125],[8.98868,52.37165],[8.98924,52.37185],[8.98967,52.37211],[8.98972,52.37235],[8.99017,52.37286],[8.99028,52.37346],[8.99026,52.37406],[8.99122,52.37414],[8.99124,52.37459],[8.99158,52.37473],[8.99163,52.37558],[8.99241,52.3756]]}},{"type":"Feature","properties":{"slice":"ura","kind":"weg"},"geometry":{"type":"LineString","coordinates":[[8.97069,52.42257],[8.97053,52.42278],[8.97052,52.42292],[8.97061,52.42299],[8.9705,52.42309],[8.97047,52.42324],[8.97055,52.42337],[8.97026,52.42381],[8.97027,52.42395],[8.96949,52.42472],[8.96927,52.4248],[8.96857,52.42534],[8.96823,52.42578],[8.96781,52.42668],[8.96755,52.42702],[8.96736,52.42708],[8.96726,52.42721],[8.96681,52.42742],[8.96673,52.42755],[8.96654,52.42764],[8.96649,52.42785],[8.96634,52.42797],[8.96606,52.42807],[8.966,52.42821],[8.96551,52.42856],[8.96555,52.42867],[8.9651,52.42901],[8.96509,52.42914],[8.96492,52.42922],[8.96463,52.42982]]}},{"type":"Feature","properties":{"slice":"ura","kind":"weg"},"geometry":{"type":"LineString","coordinates":[[8.97935,52.19579],[8.97941,52.19552],[8.97923,52.19542],[8.97915,52.19515],[8.97898,52.19492],[8.97644,52.1939],[8.97607,52.19365],[8.97596,52.1935],[8.97577,52.19335],[8.97518,52.19332]]}},{"type":"Feature","properties":{"slice":"ura","kind":"weg"},"geometry":{"type":"LineString","coordinates":[[8.96983,52.19251],[8.96886,52.19239],[8.96826,52.19224],[8.96802,52.19213],[8.96716,52.19199],[8.96583,52.19195],[8.96547,52.19189],[8.96525,52.19195],[8.96469,52.19197],[8.96402,52.19205]]}},{"type":"Feature","properties":{"slice":"ura","kind":"weg"},"geometry":{"type":"LineString","coordinates":[[8.96514,52.39228],[8.96502,52.39248],[8.96494,52.39283],[8.96522,52.3931],[8.96515,52.39323],[8.96622,52.39354],[8.96632,52.39391],[8.96615,52.39848],[8.96622,52.39874],[8.96593,52.40078],[8.96605,52.40106],[8.96585,52.40141],[8.96571,52.40284],[8.9656,52.40326],[8.9657,52.40337],[8.96602,52.40351],[8.96607,52.40358],[8.96587,52.40377],[8.96554,52.40387]]}},{"type":"Feature","properties":{"slice":"ura","kind":"weg"},"geometry":{"type":"LineString","coordinates":[[8.97473,52.31119],[8.9745,52.3112],[8.97358,52.31078],[8.97315,52.31066],[8.97285,52.31066],[8.97265,52.31083],[8.97242,52.31085],[8.97236,52.31102],[8.97225,52.31111],[8.97197,52.31113],[8.97126,52.31109],[8.97085,52.31111],[8.97066,52.31122],[8.97027,52.31118],[8.96892,52.31085],[8.96765,52.31066],[8.96742,52.31039],[8.96733,52.3102],[8.96696,52.30984],[8.9668,52.30975],[8.96635,52.30962],[8.96615,52.30949],[8.9654,52.30956],[8.96523,52.30961],[8.96497,52.30956],[8.96443,52.30964]]}},{"type":"Feature","properties":{"slice":"ura","kind":"weg"},"geometry":{"type":"LineString","coordinates":[[8.9693,52.19928],[8.96959,52.19903],[8.96998,52.19891],[8.97027,52.19887],[8.97096,52.19888],[8.97109,52.19885],[8.97119,52.19876],[8.97102,52.19856],[8.97106,52.19832],[8.97188,52.19789],[8.97197,52.19776],[8.97315,52.19747],[8.97341,52.19747],[8.97452,52.19722],[8.97534,52.1971],[8.97635,52.19681],[8.97684,52.19673],[8.97727,52.19656],[8.9775,52.19655],[8.97785,52.19641]]}},{"type":"Feature","properties":{"slice":"ura","kind":"weg"},"geometry":{"type":"LineString","coordinates":[[8.9658,52.40201],[8.9656,52.40327],[8.96605,52.40358],[8.96592,52.40375],[8.96598,52.40394],[8.96662,52.40491],[8.96665,52.40508],[8.9669,52.40524],[8.96702,52.40573],[8.96726,52.40614],[8.96739,52.40624],[8.96783,52.40713]]}},{"type":"Feature","properties":{"slice":"ura","kind":"weg"},"geometry":{"type":"LineString","coordinates":[[8.97282,52.41014],[8.9729,52.41059],[8.9731,52.41107],[8.97325,52.41116],[8.97356,52.41197],[8.97401,52.41266],[8.97426,52.41319],[8.97448,52.41417],[8.97444,52.41432],[8.9747,52.41454],[8.9749,52.415],[8.97498,52.41591],[8.97488,52.41622],[8.97484,52.41678],[8.97474,52.41697],[8.97408,52.41704],[8.97409,52.41718],[8.97388,52.4173],[8.97385,52.41743],[8.97353,52.41762],[8.97329,52.41765],[8.97326,52.41779],[8.97303,52.41796],[8.9731,52.41837],[8.97321,52.41847],[8.97326,52.41874],[8.97325,52.41934],[8.9731,52.41954],[8.97287,52.42005],[8.97271,52.42022],[8.97245,52.42033]]}},{"type":"Feature","properties":{"slice":"ura","kind":"weg"},"geometry":{"type":"LineString","coordinates":[[8.99159,52.37831],[8.99141,52.37843],[8.99125,52.3787],[8.991,52.37887],[8.99085,52.37895],[8.99057,52.37899],[8.99038,52.3791],[8.98967,52.37908],[8.98892,52.37893],[8.98834,52.37875],[8.9872,52.37856],[8.98679,52.37845],[8.98598,52.37839],[8.98579,52.37849],[8.98555,52.37851],[8.9854,52.37865],[8.98514,52.37872],[8.9848,52.37891],[8.98424,52.37903],[8.98388,52.37924],[8.98348,52.37916]]}},{"type":"Feature","properties":{"slice":"ura","kind":"weg"},"geometry":{"type":"LineString","coordinates":[[8.9746,52.42164],[8.97577,52.42193],[8.97632,52.42184],[8.97671,52.42187],[8.97727,52.42177],[8.97783,52.42185],[8.97915,52.42187],[8.97948,52.42205],[8.97954,52.42225],[8.97947,52.42256],[8.97928,52.42289],[8.97939,52.42292],[8.97999,52.42287],[8.98019,52.42282],[8.98057,52.42283],[8.98073,52.42293],[8.98066,52.42309],[8.98072,52.42321],[8.98104,52.4232],[8.98244,52.42297],[8.983,52.423],[8.98345,52.42343],[8.9837,52.42354],[8.98428,52.42397],[8.98574,52.4248],[8.98617,52.42496],[8.98705,52.42548],[8.98823,52.42606],[8.98842,52.42606],[8.98855,52.42614],[8.98924,52.4263],[8.98955,52.42661],[8.99023,52.42686],[8.99096,52.42741],[8.99128,52.42752],[8.99179,52.42761],[8.992,52.42771],[8.99204,52.42816],[8.99224,52.42864],[8.993,52.4287],[8.99324,52.42879],[8.99322,52.42963],[8.99355,52.4297],[8.99423,52.42974]]}},{"type":"Feature","properties":{"slice":"ura","kind":"weg"},"geometry":{"type":"LineString","coordinates":[[8.97392,52.26231],[8.97413,52.26172],[8.97412,52.26155],[8.9742,52.26147],[8.97442,52.26029],[8.97506,52.26019],[8.97519,52.25998],[8.9754,52.25991],[8.9763,52.25937],[8.97657,52.25935]]}},{"type":"Feature","properties":{"slice":"ura","kind":"weg"},"geometry":{"type":"LineString","coordinates":[[8.97919,52.2892],[8.9791,52.28906],[8.9791,52.28877],[8.97883,52.2885],[8.97847,52.28835],[8.97761,52.28819],[8.97742,52.28823],[8.97609,52.2882],[8.97566,52.28823],[8.97504,52.28818],[8.97293,52.28817],[8.97267,52.28831],[8.97255,52.28878],[8.97256,52.28902]]}},{"type":"Feature","properties":{"slice":"ura","kind":"weg"},"geometry":{"type":"LineString","coordinates":[[8.97588,52.29128],[8.97617,52.29147],[8.9762,52.29168],[8.97617,52.29193],[8.97603,52.29205],[8.97588,52.29303],[8.97604,52.2931],[8.9766,52.29317],[8.97869,52.29335]]}},{"type":"Feature","properties":{"slice":"ura","kind":"weg"},"geometry":{"type":"LineString","coordinates":[[8.97999,52.2993],[8.98038,52.29994],[8.98058,52.30051],[8.98058,52.30078],[8.98075,52.30091],[8.98077,52.30108],[8.98099,52.30116],[8.98104,52.30133],[8.98119,52.30139],[8.98122,52.30152],[8.98144,52.30175],[8.98158,52.30181],[8.98185,52.30214],[8.98274,52.30276],[8.98337,52.3033],[8.98404,52.30407],[8.98433,52.30453],[8.98446,52.30488],[8.9845,52.30528],[8.98444,52.30597],[8.98436,52.30624],[8.98465,52.30747],[8.9845,52.30763],[8.98465,52.30786]]}},{"type":"Feature","properties":{"slice":"ura","kind":"weg"},"geometry":{"type":"LineString","coordinates":[[8.98187,52.3187],[8.98184,52.31889],[8.98197,52.31945],[8.98194,52.31963],[8.98157,52.31974],[8.98152,52.31983],[8.98124,52.32],[8.98034,52.32004],[8.98016,52.32014],[8.98011,52.32029],[8.97991,52.32044],[8.97965,52.32046],[8.97917,52.32061],[8.97915,52.32072],[8.97892,52.32079],[8.97879,52.32095],[8.97877,52.32118],[8.97848,52.32137]]}},{"type":"Feature","properties":{"slice":"ura","kind":"weg"},"geometry":{"type":"LineString","coordinates":[[9.00946,52.19888],[9.00989,52.19861],[9.00978,52.1985],[9.0086,52.19814],[9.00681,52.19782],[9.00628,52.19795],[9.00525,52.19797],[9.00522,52.19898],[9.00507,52.19913],[9.00465,52.1992],[9.00433,52.19921],[9.00379,52.19898],[9.00287,52.19889],[9.00207,52.19887],[9.00121,52.19876],[9.00076,52.1988],[9.00044,52.19893],[8.9966,52.1989],[8.99643,52.19895],[8.99596,52.19891],[8.99551,52.19895],[8.99518,52.1989],[8.99375,52.19893],[8.99339,52.19889],[8.99319,52.19873],[8.99164,52.1981],[8.99016,52.19766],[8.98939,52.19751],[8.98901,52.19738],[8.9884,52.19729],[8.98767,52.19712],[8.98654,52.19702],[8.98607,52.19692],[8.98478,52.19686],[8.98401,52.19658],[8.98304,52.19638],[8.98205,52.19623],[8.98104,52.19616],[8.98034,52.19606],[8.98012,52.19598],[8.97978,52.19565],[8.97948,52.19549],[8.97933,52.1955],[8.97914,52.19561],[8.97883,52.19602],[8.97813,52.19632],[8.9779,52.19637]]}},{"type":"Feature","properties":{"slice":"ura","kind":"weg"},"geometry":{"type":"LineString","coordinates":[[8.98612,52.30943],[8.98636,52.30959],[8.9864,52.30972],[8.98657,52.30986],[8.98657,52.30997],[8.98681,52.31028],[8.98682,52.31053],[8.987,52.31097],[8.98708,52.3114],[8.9872,52.31152],[8.98725,52.31189],[8.98745,52.31222],[8.98737,52.31295],[8.98731,52.31308],[8.98709,52.31321],[8.98695,52.31358],[8.98704,52.31391],[8.98697,52.31416],[8.98719,52.31434],[8.98722,52.31453],[8.98744,52.31461],[8.98753,52.31474],[8.98751,52.31492],[8.98764,52.31525],[8.9876,52.31534],[8.9879,52.31615],[8.9879,52.31642],[8.98819,52.3167],[8.98838,52.31681],[8.98839,52.31704],[8.98886,52.31761],[8.98887,52.31779],[8.98896,52.31792],[8.98884,52.31809],[8.98884,52.31853],[8.98926,52.31895],[8.98959,52.31906]]}},{"type":"Feature","properties":{"slice":"ura","kind":"weg"},"geometry":{"type":"LineString","coordinates":[[9.00382,52.20698],[9.00379,52.20711],[9.00175,52.20816],[9.00115,52.20917],[9.00068,52.20958],[9.00074,52.21016],[9.00067,52.2103],[9.00071,52.21041],[9.00067,52.21048],[8.9996,52.2106],[8.99907,52.21058],[8.99888,52.21063],[8.99845,52.21064],[8.99808,52.21088],[8.99806,52.21126],[8.99787,52.21151],[8.99753,52.21177],[8.9969,52.21195],[8.99619,52.21205],[8.99564,52.21202],[8.99542,52.21207],[8.99523,52.21201],[8.99499,52.21201],[8.99471,52.21213],[8.99452,52.21213],[8.99422,52.21228],[8.99302,52.21241],[8.99263,52.2125],[8.99229,52.2125],[8.99201,52.21263],[8.99171,52.21264],[8.9913,52.2128],[8.99075,52.21291]]}},{"type":"Feature","properties":{"slice":"ura","kind":"weg"},"geometry":{"type":"LineString","coordinates":[[8.99493,52.34052],[8.99508,52.34113],[8.99528,52.3413],[8.99546,52.34135],[8.99567,52.34147],[8.99573,52.34174],[8.99607,52.34197],[8.99617,52.34222],[8.99643,52.34242],[8.9966,52.34247],[8.9978,52.34247],[8.9979,52.34252],[8.99799,52.34319],[8.99807,52.34331],[8.99806,52.34374],[8.99821,52.34394],[8.9982,52.34416],[8.99811,52.34427],[8.99812,52.34452],[8.99832,52.34474],[8.99827,52.34555],[8.99838,52.34568],[8.99835,52.34591],[8.99827,52.34602],[8.99829,52.34694],[8.99842,52.34719],[8.99845,52.34745],[8.99859,52.34755],[8.99866,52.34769],[8.99856,52.34783],[8.9986,52.34794],[8.99874,52.348],[8.99878,52.34833],[8.9989,52.3485],[8.99904,52.34854],[8.99905,52.34871],[8.99919,52.34889],[8.99945,52.349],[8.99947,52.3492],[8.99964,52.34937]]}},{"type":"Feature","properties":{"slice":"ura","kind":"weg"},"geometry":{"type":"LineString","coordinates":[[8.99451,52.32232],[8.99421,52.32247],[8.99415,52.32282],[8.99424,52.32355],[8.9942,52.32371],[8.99428,52.32387],[8.99423,52.32401],[8.99431,52.32446],[8.99425,52.32472],[8.99439,52.3257],[8.99435,52.32623],[8.9945,52.32649],[8.99433,52.32675],[8.99433,52.32709],[8.99417,52.32772],[8.994,52.32809],[8.99399,52.32831],[8.99368,52.32852],[8.99313,52.32915],[8.9929,52.32952],[8.9926,52.33021],[8.9925,52.33032],[8.99235,52.33071],[8.99233,52.33207],[8.99262,52.33383],[8.99257,52.33396],[8.99259,52.33445],[8.99273,52.33467],[8.99273,52.33479],[8.99316,52.33513],[8.99343,52.33571],[8.99353,52.3358],[8.99356,52.33605],[8.99351,52.33623],[8.9933,52.33639]]}},{"type":"Feature","properties":{"slice":"ura","kind":"weg"},"geometry":{"type":"LineString","coordinates":[[8.99395,52.4288],[8.99368,52.42873],[8.99274,52.42869],[8.99233,52.4287],[8.99222,52.42874],[8.9922,52.42903],[8.99208,52.42916],[8.99207,52.42931],[8.99186,52.42959],[8.99155,52.43024],[8.99147,52.43116],[8.99136,52.4315],[8.99111,52.43188],[8.99063,52.43231],[8.99057,52.43243],[8.99066,52.4328],[8.99203,52.43329],[8.99242,52.43373],[8.99226,52.43393],[8.99194,52.43408],[8.99156,52.43436],[8.99152,52.43469],[8.99164,52.43497],[8.99158,52.43507],[8.99158,52.43572],[8.99131,52.43582],[8.99123,52.43694],[8.991,52.43705],[8.99084,52.43728],[8.99035,52.43767],[8.99033,52.43811],[8.99004,52.43841],[8.98965,52.43861],[8.98941,52.43884],[8.98917,52.43893],[8.98908,52.43928],[8.98897,52.43945],[8.98916,52.43966],[8.98888,52.43986],[8.9889,52.44004],[8.98901,52.44016],[8.98856,52.44041],[8.98858,52.44047],[8.98908,52.44084],[8.98918,52.44097],[8.98953,52.44119],[8.9901,52.44168],[8.99005,52.44178],[8.98926,52.44217],[8.98892,52.44227],[8.9884,52.44229],[8.98828,52.44234],[8.98771,52.44315],[8.98785,52.44351],[8.9878,52.44378],[8.98794,52.44421],[8.98832,52.44468],[8.98842,52.44499],[8.98843,52.44529],[8.9887,52.44559]]}},{"type":"Feature","properties":{"slice":"ura","kind":"weg"},"geometry":{"type":"LineString","coordinates":[[8.99103,52.44892],[8.99144,52.44914],[8.99179,52.44947],[8.99209,52.44951],[8.99302,52.44952],[8.99336,52.4497],[8.99379,52.44974],[8.99383,52.44984],[8.99431,52.45018],[8.9944,52.45032],[8.99507,52.45052],[8.99572,52.45102],[8.99596,52.45115],[8.99608,52.45116],[8.9963,52.451],[8.99654,52.45097],[8.99684,52.45102],[8.99707,52.45116],[8.9974,52.45126],[8.99762,52.45126],[8.99774,52.45134],[8.99821,52.45126],[8.99831,52.45133],[8.99832,52.45162],[8.9984,52.45178],[8.99883,52.45183],[8.99905,52.45192],[8.99928,52.45184],[8.99935,52.45196],[8.99982,52.45216],[9.00062,52.45226]]}},{"type":"Feature","properties":{"slice":"ura","kind":"weg"},"geometry":{"type":"LineString","coordinates":[[8.99493,52.32059],[8.99486,52.32036],[8.99489,52.32009],[8.99509,52.31972],[8.99523,52.31959],[8.99534,52.31918],[8.99522,52.31893],[8.99529,52.31867],[8.99525,52.31775],[8.99541,52.31695],[8.99589,52.31651],[8.99613,52.31581],[8.99674,52.31535]]}},{"type":"Feature","properties":{"slice":"ura","kind":"weg"},"geometry":{"type":"LineString","coordinates":[[9.00451,52.36786],[9.00405,52.36793],[9.0039,52.36791],[9.00373,52.36797],[9.00291,52.36804],[9.00237,52.36815],[9.00171,52.36818],[9.00155,52.36812],[9.00127,52.36828],[9.00119,52.36838],[9.0013,52.36855],[9.00122,52.36883],[9.00131,52.36894],[9.00123,52.36914],[9.00129,52.36928],[9.00126,52.36948],[9.00119,52.36951],[9.00088,52.36948]]}},{"type":"Feature","properties":{"slice":"ura","kind":"weg"},"geometry":{"type":"LineString","coordinates":[[8.99511,52.37219],[8.99536,52.37264],[8.99527,52.37274],[8.99495,52.37278],[8.99471,52.37301],[8.99601,52.37506],[8.99583,52.37526],[8.99575,52.37547]]}},{"type":"Feature","properties":{"slice":"ura","kind":"weg"},"geometry":{"type":"LineString","coordinates":[[8.99698,52.25193],[8.99711,52.25169],[8.99698,52.25108],[8.99722,52.25094],[8.99772,52.2509],[8.99868,52.25094],[8.99937,52.25087],[8.99971,52.25075],[8.99997,52.25078],[9.00072,52.25072],[9.00106,52.25076],[9.00128,52.25089],[9.00149,52.25087],[9.00186,52.25094],[9.00218,52.25091],[9.00226,52.25078],[9.00264,52.25049],[9.00273,52.2502],[9.00283,52.2501],[9.003,52.25001],[9.00361,52.24987],[9.00376,52.24974],[9.0038,52.24957],[9.00426,52.24931],[9.00437,52.24909],[9.00538,52.24872],[9.00566,52.2487],[9.00626,52.24832],[9.00664,52.2482],[9.00673,52.24809],[9.00679,52.24785],[9.0069,52.24777],[9.00759,52.24769],[9.008,52.2477],[9.00844,52.24747]]}},{"type":"Feature","properties":{"slice":"ura","kind":"weg"},"geometry":{"type":"LineString","coordinates":[[8.99792,52.37785],[8.99812,52.37787],[8.99868,52.37803],[9.00038,52.38038],[9.00125,52.38104],[9.0012,52.38138],[9.00123,52.38332]]}},{"type":"Feature","properties":{"slice":"ura","kind":"weg"},"geometry":{"type":"LineString","coordinates":[[8.99882,52.34838],[8.9989,52.3485],[8.99904,52.34854],[8.99905,52.34871],[8.99919,52.34889],[8.99945,52.349],[8.99947,52.3492],[9.00024,52.35006],[9.00078,52.35098],[9.00106,52.35106],[9.00151,52.35106],[9.00177,52.35112],[9.00219,52.35115],[9.00239,52.35148],[9.00242,52.35167],[9.00265,52.35213],[9.00289,52.35247],[9.00289,52.3527],[9.00184,52.35291],[9.00163,52.35298],[9.00159,52.35304],[9.00158,52.35634],[9.0017,52.35661],[9.00192,52.35678],[9.00227,52.35684],[9.003,52.3571],[9.00332,52.3573],[9.00404,52.35753],[9.00443,52.35775],[9.00471,52.3578],[9.00483,52.35789],[9.00498,52.35813],[9.00534,52.35838],[9.00534,52.35846],[9.00518,52.35862],[9.00521,52.35868],[9.00601,52.35924],[9.00648,52.35967],[9.00675,52.36011],[9.00685,52.36045],[9.00715,52.36052],[9.00739,52.36064],[9.0074,52.36083],[9.00763,52.36128],[9.00755,52.3614],[9.00758,52.36178]]}},{"type":"Feature","properties":{"slice":"ura","kind":"weg"},"geometry":{"type":"LineString","coordinates":[[9.0017,52.38245],[9.0016,52.38233],[9.00167,52.38216],[9.00224,52.38207],[9.00234,52.3821],[9.00352,52.38358],[9.0046,52.38506],[9.00482,52.38527],[9.00483,52.38537],[9.00516,52.38584],[9.00536,52.38594],[9.00544,52.38604],[9.00537,52.38663],[9.00524,52.38705],[9.0044,52.38876],[9.00435,52.38935],[9.00446,52.38986],[9.00492,52.39067],[9.00572,52.39164],[9.0068,52.39312],[9.00685,52.39328],[9.00712,52.39338],[9.00714,52.39353],[9.00723,52.39361],[9.00735,52.39431],[9.00708,52.39452],[9.00704,52.39473],[9.00693,52.39485],[9.00689,52.39543],[9.0068,52.39561]]}},{"type":"Feature","properties":{"slice":"ura","kind":"weg"},"geometry":{"type":"LineString","coordinates":[[9.00661,52.38109],[9.00615,52.38132],[9.00561,52.38134],[9.00521,52.38149],[9.00497,52.38146],[9.0046,52.38161],[9.0043,52.38167],[9.00368,52.38169],[9.00334,52.38176],[9.00285,52.38193],[9.00244,52.38199],[9.00212,52.38211],[9.00177,52.38213],[9.00128,52.38222],[9.00123,52.38228],[9.00123,52.38332]]}},{"type":"Feature","properties":{"slice":"ura","kind":"weg"},"geometry":{"type":"LineString","coordinates":[[9.00239,52.37538],[9.00237,52.37505],[9.00244,52.37499],[9.00287,52.37495],[9.00315,52.37485],[9.00394,52.37472],[9.00486,52.37449],[9.00694,52.3746],[9.00757,52.37458],[9.00853,52.37442],[9.00874,52.37445],[9.00884,52.37485],[9.00839,52.37561]]}},{"type":"Feature","properties":{"slice":"ura","kind":"weg"},"geometry":{"type":"LineString","coordinates":[[9.00415,52.20677],[9.00433,52.20683],[9.00464,52.20673],[9.00526,52.20636],[9.00541,52.20633],[9.006,52.20604],[9.00619,52.20583],[9.0064,52.2058],[9.0073,52.20534],[9.00748,52.20529],[9.00802,52.20493],[9.00838,52.20483],[9.00898,52.20457],[9.00911,52.20466],[9.00898,52.20504],[9.00892,52.20555]]}},{"type":"Feature","properties":{"slice":"ura","kind":"weg"},"geometry":{"type":"LineString","coordinates":[[9.00725,52.3625],[9.007,52.3624],[9.00663,52.36292],[9.00445,52.36445],[9.00497,52.36497],[9.00482,52.36597],[9.00464,52.36614],[9.00463,52.36632],[9.0041,52.36714],[9.00396,52.36757],[9.00403,52.36771],[9.00399,52.36796],[9.00376,52.3682],[9.00371,52.36851],[9.00381,52.36872],[9.00394,52.36876],[9.00439,52.36877],[9.00449,52.36891]]}},{"type":"Feature","properties":{"slice":"ura","kind":"weg"},"geometry":{"type":"LineString","coordinates":[[9.00808,52.24723],[9.00809,52.2473],[9.00829,52.24744],[9.00845,52.24746],[9.00869,52.24727],[9.00906,52.24686],[9.00926,52.24674],[9.00926,52.24654],[9.00939,52.24642],[9.00934,52.2461],[9.00943,52.24582],[9.00941,52.24542],[9.0098,52.24522],[9.01061,52.24503],[9.01109,52.24502],[9.01141,52.2449],[9.01173,52.24486],[9.01209,52.24468],[9.01276,52.24447],[9.01299,52.24434],[9.01336,52.24424],[9.0139,52.24401],[9.01666,52.24323],[9.01692,52.24325],[9.01711,52.24332],[9.0173,52.24329],[9.02106,52.24169],[9.02163,52.24171],[9.02237,52.24222],[9.02253,52.24243]]}},{"type":"Feature","properties":{"slice":"ura","kind":"weg"},"geometry":{"type":"LineString","coordinates":[[9.0348,52.34918],[9.0348,52.34929],[9.0349,52.34941],[9.03486,52.34973],[9.03537,52.34992],[9.03531,52.35015],[9.03396,52.35083],[9.03357,52.35138],[9.03332,52.35143],[9.03323,52.35161],[9.03233,52.35199],[9.03162,52.35246],[9.03117,52.35264],[9.03093,52.3528],[9.03046,52.35292],[9.03018,52.35293],[9.02999,52.35312],[9.02973,52.35323],[9.0295,52.35322],[9.02921,52.35338],[9.02916,52.35344],[9.02915,52.35439],[9.0291,52.35446],[9.02864,52.3545],[9.02823,52.35449],[9.02795,52.35442],[9.02776,52.35444],[9.02722,52.35438],[9.02701,52.35444],[9.02647,52.35423],[9.02602,52.3544],[9.02566,52.35442],[9.02559,52.3545],[9.02523,52.35461],[9.02459,52.35493],[9.02336,52.35528],[9.02316,52.35545],[9.02297,52.35543],[9.02256,52.35522],[9.02246,52.35522],[9.02212,52.35542],[9.0219,52.35566],[9.02148,52.35569],[9.02138,52.35584],[9.02115,52.35597],[9.02087,52.35602],[9.02052,52.35622],[9.02021,52.35633],[9.01997,52.3566],[9.01937,52.35665],[9.01922,52.35676],[9.01872,52.35676],[9.01855,52.35702],[9.01765,52.35706],[9.0175,52.35697],[9.01729,52.357],[9.01705,52.35714],[9.01492,52.35923],[9.01467,52.35938],[9.01369,52.36025],[9.01338,52.36019],[9.01308,52.36021],[9.01287,52.36014],[9.01246,52.36015],[9.01076,52.36081],[9.01065,52.36092],[9.01028,52.36106],[9.00944,52.36161],[9.00924,52.3617],[9.0091,52.3617]]}},{"type":"Feature","properties":{"slice":"ura","kind":"weg"},"geometry":{"type":"LineString","coordinates":[[9.01571,52.41244],[9.01628,52.41199],[9.01584,52.41135],[9.01534,52.41082],[9.01532,52.41071],[9.01436,52.40985],[9.014,52.40963],[9.01382,52.40938],[9.01125,52.40725],[9.01095,52.40695],[9.01064,52.40669],[9.01052,52.40665],[9.00897,52.40437]]}},{"type":"Feature","properties":{"slice":"ura","kind":"weg"},"geometry":{"type":"LineString","coordinates":[[9.01416,52.20118],[9.01396,52.20124],[9.01354,52.20125],[9.01326,52.2014],[9.01221,52.20233],[9.01107,52.20321],[9.01105,52.20328],[9.0112,52.20336],[9.01117,52.20353],[9.01044,52.204],[9.00975,52.2043],[9.00947,52.20451],[9.00914,52.20463],[9.00899,52.20503],[9.00892,52.20555]]}},{"type":"Feature","properties":{"slice":"ura","kind":"weg"},"geometry":{"type":"LineString","coordinates":[[9.01481,52.19926],[9.01469,52.19923],[9.01434,52.19897],[9.01417,52.19898],[9.01377,52.1989],[9.0136,52.19871],[9.01293,52.19873],[9.01194,52.19867],[9.01166,52.19856],[9.01121,52.19853],[9.01109,52.19849],[9.01062,52.19853],[9.0106,52.19862]]}},{"type":"Feature","properties":{"slice":"ura","kind":"weg"},"geometry":{"type":"LineString","coordinates":[[9.01003,52.36707],[9.0096,52.36717],[9.00958,52.36737],[9.00943,52.36763],[9.01007,52.3683],[9.01023,52.3685],[9.01028,52.36867],[9.0112,52.36965],[9.01144,52.37014],[9.01155,52.37023],[9.01157,52.37037],[9.01187,52.37069],[9.01191,52.37097],[9.01207,52.37121],[9.01203,52.37139],[9.01213,52.37156],[9.01212,52.37177],[9.01222,52.37194],[9.01227,52.37225],[9.01202,52.37304],[9.01186,52.37331],[9.01185,52.37348],[9.01166,52.37377],[9.01193,52.374],[9.01201,52.37445],[9.01173,52.3752]]}},{"type":"Feature","properties":{"slice":"ura","kind":"weg"},"geometry":{"type":"LineString","coordinates":[[9.048,52.37067],[9.04767,52.37064],[9.04751,52.37053],[9.04746,52.37035],[9.04729,52.37023],[9.04724,52.37011],[9.04692,52.36981],[9.04628,52.36998],[9.0455,52.37011],[9.04486,52.3701],[9.04402,52.3698],[9.04344,52.36968],[9.04265,52.36976],[9.04156,52.36997],[9.04137,52.36974],[9.04139,52.3696],[9.04121,52.36925],[9.04048,52.3688],[9.04035,52.36866],[9.04029,52.36846],[9.04012,52.36832],[9.03992,52.36824],[9.03952,52.36831],[9.03921,52.36853],[9.0378,52.36902],[9.0361,52.36936],[9.03577,52.36922],[9.03542,52.36877],[9.03489,52.36871],[9.03437,52.36835],[9.03388,52.36818],[9.03355,52.36797],[9.03327,52.36793],[9.03314,52.36785],[9.03237,52.36784],[9.03222,52.36777],[9.03188,52.36773],[9.03158,52.36781],[9.03059,52.36776],[9.02935,52.36825],[9.02917,52.36828],[9.02912,52.36824],[9.02915,52.36775],[9.02909,52.36769],[9.02883,52.36768],[9.02862,52.36761],[9.02786,52.36761],[9.02669,52.36748],[9.02645,52.36749],[9.02578,52.36743],[9.02548,52.36736],[9.02523,52.36739],[9.02478,52.36734],[9.0245,52.3674],[9.0239,52.36724],[9.02306,52.3668],[9.02223,52.36623],[9.02207,52.36618],[9.01415,52.36614],[9.01358,52.36639],[9.01352,52.36647],[9.01382,52.36669],[9.014,52.36694],[9.01373,52.36703],[9.01367,52.36718],[9.01368,52.36721],[9.01378,52.36727],[9.01381,52.36731],[9.01381,52.36732],[9.01381,52.36733],[9.01381,52.36735],[9.01381,52.36737],[9.01383,52.3675],[9.01383,52.36752],[9.01384,52.36753],[9.01384,52.36754],[9.01384,52.36756],[9.01385,52.36758],[9.01385,52.36759],[9.01386,52.36761],[9.01388,52.36764],[9.014,52.3677],[9.01401,52.36773],[9.01401,52.36775],[9.014,52.36778],[9.014,52.3677],[9.01386,52.36761],[9.01385,52.36759],[9.01385,52.36758],[9.01385,52.36757],[9.01384,52.36756],[9.01384,52.36754],[9.01384,52.36753],[9.01383,52.3675],[9.01381,52.36732],[9.01381,52.36731],[9.0138,52.3673],[9.01378,52.36727],[9.01369,52.36723],[9.01368,52.36721],[9.01367,52.3672],[9.01364,52.36715],[9.01358,52.3671],[9.01342,52.36705],[9.01201,52.36715],[9.01175,52.36727],[9.01153,52.36771],[9.01115,52.36775],[9.01085,52.36789]]}},{"type":"Feature","properties":{"slice":"ura","kind":"weg"},"geometry":{"type":"LineString","coordinates":[[9.01294,52.37577],[9.01323,52.37581],[9.01354,52.37593],[9.01431,52.37667],[9.01431,52.3768],[9.01483,52.37711],[9.01483,52.37734],[9.01499,52.37749],[9.01501,52.3776],[9.01541,52.37796],[9.01563,52.37803],[9.01585,52.3782],[9.01613,52.37828],[9.01643,52.37846],[9.01706,52.37864],[9.01733,52.37883],[9.01746,52.37904],[9.0178,52.3791],[9.01877,52.37966],[9.01883,52.37975],[9.01871,52.38021],[9.0187,52.38049],[9.01879,52.38059],[9.01875,52.38065]]}},{"type":"Feature","properties":{"slice":"ura","kind":"weg"},"geometry":{"type":"LineString","coordinates":[[9.01329,52.37409],[9.01332,52.374],[9.01351,52.37394],[9.01428,52.37388],[9.01452,52.3736],[9.01666,52.37333],[9.01726,52.37319],[9.01799,52.37281],[9.01836,52.37281],[9.01855,52.37285],[9.01909,52.37283],[9.02001,52.37343],[9.02076,52.37336],[9.02098,52.37346],[9.02142,52.37339],[9.02207,52.37285],[9.02231,52.37283],[9.0225,52.37292],[9.02272,52.37292],[9.02299,52.37271],[9.02387,52.37265],[9.02413,52.37271],[9.02484,52.37274],[9.02503,52.37279],[9.02554,52.37278],[9.02606,52.37288],[9.02705,52.37296],[9.02834,52.3732],[9.02864,52.37321],[9.02879,52.37327],[9.02891,52.37352],[9.02908,52.37356],[9.02918,52.37378],[9.0296,52.37364],[9.02995,52.37359],[9.03085,52.3736],[9.03114,52.37369],[9.03141,52.37392],[9.03196,52.37395],[9.03218,52.37403],[9.03237,52.37405],[9.03263,52.37424],[9.03272,52.37421],[9.03297,52.37391],[9.03345,52.3735],[9.03398,52.37312],[9.03632,52.37334],[9.0367,52.37341],[9.03703,52.37356],[9.03724,52.37386],[9.03733,52.37438],[9.03755,52.3746],[9.03788,52.3748],[9.03796,52.37492],[9.03814,52.37497],[9.03847,52.37497],[9.03858,52.37492],[9.03873,52.37438],[9.03984,52.37437],[9.04037,52.37432],[9.04061,52.37435],[9.04078,52.37426],[9.04155,52.37424],[9.04162,52.37413],[9.04165,52.37365],[9.04222,52.37363],[9.04243,52.37369],[9.0425,52.3739],[9.04281,52.37425],[9.04343,52.37458],[9.04368,52.37477],[9.04377,52.37496],[9.04417,52.37499],[9.04473,52.37492],[9.04544,52.37491],[9.04621,52.3752],[9.04662,52.37523],[9.04681,52.37528],[9.04784,52.37501],[9.04904,52.37495],[9.04946,52.37498],[9.04955,52.37519]]}},{"type":"Feature","properties":{"slice":"ura","kind":"weg"},"geometry":{"type":"LineString","coordinates":[[9.02299,52.21433],[9.0228,52.21434],[9.02244,52.21412],[9.02134,52.21424],[9.02113,52.21402],[9.02111,52.21369],[9.02119,52.21313],[9.02115,52.2127],[9.02109,52.21254],[9.02051,52.21181],[9.02054,52.21171],[9.02042,52.21145],[9.02046,52.21117],[9.02041,52.21108],[9.02047,52.21096],[9.02101,52.21063],[9.02108,52.21024],[9.02143,52.21005],[9.02153,52.20993],[9.02142,52.20981],[9.02118,52.2097],[9.02119,52.20961],[9.02134,52.20943],[9.02131,52.20936],[9.02121,52.20932],[9.02076,52.20928],[9.02069,52.20924],[9.02062,52.20888],[9.02036,52.20859],[9.02031,52.20817],[9.02016,52.20786],[9.02008,52.20782],[9.01963,52.20783],[9.0195,52.20779],[9.0192,52.2073],[9.01925,52.20723],[9.01945,52.20717],[9.01967,52.20703],[9.01933,52.20652],[9.01929,52.2063],[9.01943,52.20624],[9.02042,52.20617],[9.0205,52.20613],[9.01996,52.2042],[9.01982,52.20411],[9.01883,52.20423],[9.01823,52.20412],[9.01814,52.20404],[9.01796,52.2036],[9.01778,52.20294],[9.01745,52.20248],[9.01711,52.20243],[9.01684,52.20232],[9.01626,52.20233],[9.01605,52.20228]]}},{"type":"Feature","properties":{"slice":"ura","kind":"weg"},"geometry":{"type":"LineString","coordinates":[[9.04682,52.20004],[9.04606,52.20004],[9.04568,52.19995],[9.04546,52.19982],[9.04503,52.19982],[9.04396,52.19955],[9.04306,52.1994],[9.04267,52.1994],[9.04216,52.19951],[9.04089,52.19992],[9.04079,52.20005],[9.04055,52.20004],[9.04038,52.19998],[9.04028,52.1997],[9.0402,52.19966],[9.03928,52.19962],[9.03814,52.1994],[9.03797,52.19942],[9.03765,52.19963],[9.0372,52.19962],[9.03681,52.19935],[9.03658,52.19936],[9.03634,52.19922],[9.03606,52.19918],[9.03564,52.19921],[9.0354,52.19934],[9.03522,52.19938],[9.03505,52.19948],[9.03488,52.19968],[9.03411,52.19968],[9.03396,52.19974],[9.03373,52.19972],[9.03357,52.1998],[9.03291,52.19992],[9.03274,52.2],[9.0325,52.20002],[9.03239,52.20009],[9.03149,52.20014],[9.03098,52.20005],[9.03074,52.20013],[9.03029,52.20012],[9.03016,52.20007],[9.02865,52.19999],[9.02827,52.19993],[9.02793,52.19998],[9.02765,52.19997],[9.02737,52.19989],[9.02671,52.19988],[9.02651,52.1998],[9.02548,52.19972],[9.02471,52.19958],[9.02417,52.1996],[9.02291,52.19945],[9.02248,52.19943],[9.0223,52.19956],[9.02207,52.19956],[9.02035,52.19934],[9.01949,52.19932]]}},{"type":"Feature","properties":{"slice":"ura","kind":"weg"},"geometry":{"type":"LineString","coordinates":[[9.02063,52.41639],[9.02047,52.41619],[9.02045,52.41583],[9.01982,52.41544],[9.01958,52.4154],[9.01954,52.41529],[9.01931,52.41518],[9.01926,52.41489],[9.01881,52.41462],[9.01856,52.41457],[9.01851,52.41436],[9.01796,52.41405]]}},{"type":"Feature","properties":{"slice":"ura","kind":"weg"},"geometry":{"type":"LineString","coordinates":[[9.01549,52.41688],[9.01591,52.41679],[9.01636,52.41676],[9.01729,52.41655],[9.01864,52.41637],[9.01986,52.41615],[9.02,52.41616],[9.02047,52.41649],[9.02089,52.41649],[9.02105,52.41656]]}},{"type":"Feature","properties":{"slice":"ura","kind":"weg"},"geometry":{"type":"LineString","coordinates":[[9.05234,52.38594],[9.05228,52.38587],[9.05196,52.38577],[9.0514,52.38577],[9.05019,52.38565],[9.05009,52.38556],[9.04964,52.38546],[9.04917,52.38523],[9.04887,52.3852],[9.04844,52.38506],[9.04812,52.38502],[9.04806,52.38487],[9.04784,52.38477],[9.04746,52.38472],[9.04696,52.38458],[9.0467,52.38456],[9.04648,52.38424],[9.04613,52.38417],[9.04582,52.38429],[9.04501,52.38435],[9.04422,52.38435],[9.04392,52.38444],[9.04368,52.38461],[9.04295,52.38462],[9.04276,52.3846],[9.0424,52.38431],[9.04216,52.3843],[9.04192,52.38422],[9.04138,52.3847],[9.04129,52.385],[9.04115,52.38505],[9.0407,52.3851],[9.04052,52.38506],[9.03965,52.38504],[9.039,52.38498],[9.03866,52.38503],[9.03831,52.385],[9.03756,52.38503],[9.03735,52.38499],[9.0372,52.38506],[9.03696,52.385],[9.03643,52.38505],[9.03621,52.38502],[9.036,52.38509],[9.03576,52.38504],[9.03488,52.38511],[9.03467,52.38508],[9.03415,52.38515],[9.03398,52.38523],[9.03381,52.38524],[9.03347,52.38533],[9.03295,52.38558],[9.03271,52.38561],[9.03224,52.38576],[9.03194,52.38575],[9.03031,52.38591],[9.02999,52.38586],[9.0298,52.38592],[9.02941,52.38587],[9.02928,52.38591],[9.02859,52.38587],[9.02838,52.3858],[9.02774,52.38577],[9.02754,52.38568],[9.02735,52.38572],[9.02679,52.38559],[9.02658,52.38563],[9.02615,52.38555],[9.026,52.38557],[9.0255,52.38552],[9.02518,52.38566],[9.02488,52.38563],[9.02411,52.38573],[9.02347,52.38587],[9.02315,52.38585],[9.02294,52.38572],[9.02272,52.38532],[9.02256,52.38519],[9.02253,52.38503],[9.02188,52.38469],[9.02174,52.38455],[9.02052,52.38307],[9.02027,52.3827],[9.02032,52.38251],[9.01976,52.38207],[9.01957,52.38186],[9.01954,52.3817],[9.01924,52.38148],[9.01917,52.38126],[9.01898,52.38105],[9.01875,52.3809],[9.01876,52.38068]]}},{"type":"Feature","properties":{"slice":"ura","kind":"weg"},"geometry":{"type":"LineString","coordinates":[[9.02221,52.40522],[9.02213,52.40527],[9.02208,52.40544],[9.02181,52.40565],[9.02161,52.40595],[9.02133,52.40614],[9.02121,52.40632],[9.02095,52.40651],[9.02092,52.40666],[9.02052,52.40693],[9.02033,52.407],[9.02034,52.40713],[9.02009,52.40729],[9.0201,52.4074],[9.01958,52.40756],[9.01863,52.40797]]}},{"type":"Feature","properties":{"slice":"ura","kind":"weg"},"geometry":{"type":"LineString","coordinates":[[9.02314,52.24109],[9.02314,52.24093],[9.02336,52.24079],[9.02363,52.2408],[9.02382,52.24065],[9.02405,52.24055],[9.02535,52.24049],[9.02572,52.2406],[9.02737,52.24024],[9.02751,52.24015],[9.0276,52.23993],[9.02784,52.23981],[9.02838,52.23975],[9.0287,52.2399],[9.0292,52.2398],[9.03035,52.2397],[9.03076,52.23959],[9.03093,52.23961],[9.03117,52.23944],[9.03162,52.23929],[9.03202,52.23907],[9.03218,52.2388],[9.03274,52.2386],[9.03304,52.23859],[9.03366,52.23865],[9.03383,52.23863],[9.03447,52.2387],[9.03505,52.23865],[9.03509,52.2386]]}},{"type":"Feature","properties":{"slice":"ura","kind":"weg"},"geometry":{"type":"LineString","coordinates":[[9.03303,52.21444],[9.03294,52.21407],[9.03244,52.21403],[9.03203,52.21395],[9.03089,52.21387],[9.0305,52.21387],[9.03041,52.21399],[9.03029,52.21403],[9.02771,52.21421],[9.02761,52.21426],[9.0276,52.21454],[9.0275,52.21469],[9.02706,52.21496],[9.02692,52.21525],[9.02695,52.21532]]}},{"type":"Feature","properties":{"slice":"ura","kind":"weg"},"geometry":{"type":"LineString","coordinates":[[9.05337,52.40118],[9.05308,52.40122],[9.05286,52.40138],[9.05248,52.40143],[9.05235,52.4015],[9.05183,52.40163],[9.0514,52.40188],[9.05059,52.40184],[9.05037,52.40178],[9.0502,52.40181],[9.04992,52.40178],[9.04973,52.40181],[9.04962,52.40199],[9.0487,52.40203],[9.04716,52.40195],[9.04668,52.40179],[9.04619,52.40178],[9.04602,52.40162],[9.04544,52.40166],[9.04492,52.40162],[9.04473,52.40166],[9.04452,52.4016],[9.04433,52.4016],[9.04419,52.40151],[9.04381,52.40149],[9.0429,52.40113],[9.04267,52.40119],[9.04243,52.40118],[9.0422,52.40108],[9.04184,52.40106],[9.04068,52.40068],[9.04007,52.40059],[9.03984,52.4006],[9.03956,52.40073],[9.03922,52.40074],[9.03877,52.40063],[9.03744,52.40065],[9.03477,52.40083],[9.03409,52.40101],[9.03383,52.40113],[9.0331,52.40126],[9.03182,52.40125],[9.03168,52.4014],[9.03138,52.40157],[9.02997,52.40161],[9.02947,52.40175],[9.0293,52.40174],[9.02857,52.40189],[9.02837,52.40197]]}},{"type":"Feature","properties":{"slice":"ura","kind":"weg"},"geometry":{"type":"LineString","coordinates":[[9.02933,52.41761],[9.03031,52.4182],[9.03059,52.41845],[9.03075,52.41865],[9.03083,52.41895],[9.03102,52.41929],[9.03126,52.41959],[9.03218,52.42007],[9.03356,52.42058]]}},{"type":"Feature","properties":{"slice":"ura","kind":"weg"},"geometry":{"type":"LineString","coordinates":[[9.04176,52.44843],[9.04152,52.44846],[9.04136,52.44873],[9.04091,52.44895],[9.04076,52.44961],[9.04056,52.44982],[9.04043,52.45008],[9.03999,52.45015],[9.03981,52.45035],[9.03934,52.45061],[9.03874,52.45086],[9.03827,52.451],[9.03731,52.45106],[9.03653,52.4512],[9.03578,52.45125],[9.03516,52.45154],[9.03487,52.45157],[9.03464,52.45172],[9.03461,52.45186],[9.03431,52.45218],[9.03396,52.45236],[9.03334,52.45251],[9.03316,52.45263],[9.03267,52.45267],[9.03203,52.45295],[9.03148,52.45302],[9.0305,52.45334],[9.03015,52.45384],[9.03019,52.45407],[9.0295,52.45481],[9.02904,52.45546]]}},{"type":"Feature","properties":{"slice":"ura","kind":"weg"},"geometry":{"type":"LineString","coordinates":[[9.03684,52.46072],[9.03711,52.46065],[9.03735,52.46069],[9.03814,52.46132],[9.03836,52.46135],[9.03894,52.46153],[9.03917,52.46167],[9.03977,52.46186],[9.04001,52.46189],[9.0407,52.46214],[9.04098,52.46229],[9.04112,52.4623],[9.04142,52.46243],[9.04178,52.46268],[9.04198,52.46273],[9.0425,52.46306],[9.04483,52.46393]]}},{"type":"Feature","properties":{"slice":"ura","kind":"weg"},"geometry":{"type":"LineString","coordinates":[[9.04387,52.4981],[9.0439,52.49824],[9.04416,52.49842],[9.04419,52.49871],[9.04426,52.49876],[9.04469,52.49879],[9.04503,52.49889],[9.04819,52.49887],[9.04833,52.49896],[9.04834,52.49922]]}},{"type":"Feature","properties":{"slice":"ura","kind":"weg"},"geometry":{"type":"LineString","coordinates":[[9.04257,52.48739],[9.04271,52.48732],[9.04295,52.4873],[9.04357,52.48715],[9.04422,52.48711],[9.04467,52.48698],[9.04531,52.48689],[9.04548,52.48665],[9.04534,52.4864],[9.0453,52.48598],[9.04538,52.48566],[9.0455,52.48559],[9.04638,52.48545],[9.04685,52.48543],[9.04722,52.48531],[9.04767,52.48525],[9.04831,52.48505],[9.04919,52.48492],[9.04945,52.48476],[9.04969,52.48476],[9.04986,52.4847],[9.05052,52.48467],[9.05106,52.4847],[9.05125,52.48463],[9.05155,52.48463],[9.05237,52.48476],[9.05242,52.48494]]}},{"type":"Feature","properties":{"slice":"ura","kind":"weg"},"geometry":{"type":"LineString","coordinates":[[9.04255,52.24592],[9.04149,52.24588],[9.0414,52.24597],[9.04121,52.246],[9.04105,52.24625],[9.04071,52.24648],[9.04063,52.24659],[9.04042,52.24664],[9.04023,52.24664],[9.04003,52.24679],[9.03971,52.24685],[9.03902,52.24735],[9.03873,52.24741],[9.0383,52.24781],[9.03809,52.24809],[9.03786,52.24863],[9.03757,52.24896],[9.03746,52.24926],[9.0375,52.2494],[9.03631,52.24989],[9.03617,52.25007],[9.036,52.25009],[9.03577,52.25023],[9.03569,52.25054],[9.03534,52.25081],[9.03509,52.25087]]}},{"type":"Feature","properties":{"slice":"ura","kind":"weg"},"geometry":{"type":"LineString","coordinates":[[9.04105,52.34173],[9.04093,52.34177],[9.04058,52.34177],[9.04053,52.34196],[9.04016,52.34243],[9.03998,52.34258],[9.03987,52.34284],[9.0385,52.34462],[9.03615,52.34787],[9.03585,52.34813],[9.03578,52.34833],[9.03544,52.34855],[9.03533,52.34874],[9.03504,52.34879],[9.03487,52.34912],[9.03451,52.34913]]}},{"type":"Feature","properties":{"slice":"ura","kind":"weg"},"geometry":{"type":"LineString","coordinates":[[9.03766,52.42204],[9.03818,52.42209],[9.03838,52.42238],[9.03872,52.42259],[9.03922,52.42279],[9.03984,52.42271],[9.0404,52.42274],[9.04155,52.42269],[9.04177,52.42261],[9.04196,52.42242],[9.04387,52.42248],[9.04394,52.42261],[9.04383,52.4228],[9.04394,52.42291],[9.04434,52.42294],[9.04467,52.42302],[9.04525,52.42306],[9.04585,52.42336],[9.04647,52.42345],[9.04726,52.42367],[9.04752,52.42363],[9.04784,52.42376],[9.04813,52.4235],[9.04865,52.42351],[9.04883,52.42368],[9.04919,52.4239],[9.04951,52.42388],[9.04959,52.42397],[9.04976,52.424],[9.04994,52.42412],[9.05019,52.42468]]}},{"type":"Feature","properties":{"slice":"ura","kind":"weg"},"geometry":{"type":"LineString","coordinates":[[9.03523,52.21473],[9.03512,52.21485],[9.03537,52.21504],[9.03545,52.21522],[9.03557,52.21525],[9.03608,52.21522],[9.03637,52.21535],[9.03647,52.21569],[9.03643,52.2158],[9.03671,52.21597],[9.03657,52.21653],[9.03663,52.21663],[9.03661,52.21701],[9.03672,52.21714],[9.03669,52.21727],[9.03657,52.21752],[9.03621,52.21768],[9.03622,52.2181],[9.03598,52.2182],[9.03609,52.21866],[9.03609,52.21894],[9.03615,52.21901],[9.03609,52.21907],[9.03618,52.21931],[9.03612,52.21952],[9.03615,52.21967]]}},{"type":"Feature","properties":{"slice":"ura","kind":"weg"},"geometry":{"type":"LineString","coordinates":[[9.0365,52.21876],[9.03614,52.21887],[9.03609,52.21893],[9.03619,52.21931],[9.03609,52.21988],[9.03621,52.22023],[9.03613,52.22048],[9.03636,52.22063],[9.03647,52.22085],[9.03665,52.22095],[9.03689,52.22131],[9.03692,52.2215],[9.03683,52.2217],[9.03694,52.22209],[9.03694,52.22249],[9.03701,52.22263],[9.03723,52.22283],[9.03703,52.22346],[9.03708,52.22374],[9.03731,52.22409],[9.03791,52.22457],[9.03884,52.22503],[9.03902,52.22507],[9.03915,52.22515],[9.03947,52.22519],[9.03975,52.22535],[9.03979,52.22553],[9.03988,52.22562],[9.04005,52.2266],[9.04067,52.22762],[9.04118,52.22825],[9.04109,52.22834],[9.04109,52.22881],[9.04064,52.22984],[9.04037,52.22993],[9.0399,52.23001],[9.03987,52.23028],[9.03962,52.23048],[9.03969,52.23099],[9.03957,52.23124],[9.03962,52.23136],[9.03954,52.2316],[9.03981,52.23177],[9.03982,52.23186],[9.03912,52.23357],[9.03892,52.23364],[9.03886,52.23371],[9.03887,52.23392],[9.03878,52.23406],[9.03885,52.23421],[9.03819,52.23584],[9.03798,52.2361],[9.03648,52.23708],[9.03642,52.23737],[9.03565,52.23764],[9.03548,52.2378],[9.0352,52.23784],[9.03488,52.23797],[9.03484,52.23805],[9.03505,52.23846]]}},{"type":"Feature","properties":{"slice":"ura","kind":"weg"},"geometry":{"type":"LineString","coordinates":[[9.03572,52.23764],[9.03562,52.23766],[9.03548,52.2378],[9.03518,52.23785],[9.03485,52.23801],[9.03509,52.23858],[9.03525,52.23866],[9.03585,52.23869],[9.03602,52.2388],[9.03696,52.23887],[9.03735,52.23894],[9.03743,52.23901],[9.0374,52.23919],[9.03755,52.23927],[9.03872,52.23941],[9.03911,52.23959],[9.03945,52.23962],[9.0398,52.23985],[9.04016,52.24],[9.04024,52.24019],[9.04063,52.24048],[9.04079,52.24086],[9.04102,52.24096],[9.0411,52.24111],[9.04104,52.24197],[9.04123,52.2423]]}},{"type":"Feature","properties":{"slice":"ura","kind":"weg"},"geometry":{"type":"LineString","coordinates":[[9.03588,52.23755],[9.03656,52.23735],[9.03673,52.23739],[9.03711,52.23738],[9.03721,52.23731],[9.03735,52.23699],[9.03825,52.23666],[9.03853,52.2366],[9.03894,52.2366],[9.03913,52.23655],[9.03949,52.23658],[9.03983,52.2365],[9.03999,52.23639],[9.04039,52.23638],[9.04043,52.23603],[9.04143,52.23588],[9.04155,52.23583],[9.0416,52.23562],[9.04156,52.23542],[9.0419,52.23525],[9.04254,52.23515],[9.04286,52.23518],[9.04314,52.23512],[9.04334,52.23519],[9.04358,52.23506],[9.04377,52.23506],[9.04407,52.23493],[9.04439,52.23495],[9.04497,52.23481],[9.04514,52.23481],[9.04531,52.23471],[9.04602,52.23459],[9.04707,52.23428],[9.04849,52.23402],[9.04943,52.23388],[9.04971,52.2339],[9.051,52.23377],[9.05188,52.23373],[9.0526,52.23357],[9.05266,52.23372],[9.05301,52.23391],[9.05326,52.23412],[9.05338,52.2344],[9.05334,52.23455],[9.05339,52.23471]]}},{"type":"Feature","properties":{"slice":"ura","kind":"weg"},"geometry":{"type":"LineString","coordinates":[[9.04335,52.21454],[9.0431,52.21442],[9.04286,52.21446],[9.04263,52.21435],[9.04235,52.21436],[9.04194,52.21479],[9.04174,52.2152],[9.04154,52.2152],[9.04106,52.21547],[9.0407,52.21559],[9.0398,52.21579],[9.03948,52.21579],[9.0394,52.21589],[9.03894,52.21612],[9.03901,52.21646],[9.03894,52.2166],[9.0387,52.2168],[9.03769,52.21728],[9.03686,52.21751],[9.03664,52.21749],[9.03625,52.21766],[9.03621,52.21811],[9.03598,52.2182],[9.03609,52.21866],[9.03609,52.21894],[9.03615,52.21901],[9.03609,52.21907],[9.03618,52.21931],[9.03612,52.21952],[9.03615,52.21967]]}},{"type":"Feature","properties":{"slice":"ura","kind":"weg"},"geometry":{"type":"LineString","coordinates":[[9.03727,52.42882],[9.03721,52.42904],[9.03686,52.42922],[9.03608,52.42989],[9.03578,52.43027],[9.03543,52.43052],[9.03514,52.43112],[9.03499,52.43128],[9.03477,52.43188],[9.03422,52.43279],[9.03418,52.43312],[9.03427,52.43353],[9.03446,52.43369],[9.03447,52.43379],[9.03414,52.43412],[9.03368,52.43495],[9.03364,52.43521],[9.03381,52.43578],[9.03395,52.43589],[9.03397,52.43604],[9.03415,52.43634],[9.03527,52.43701],[9.03591,52.43749],[9.03593,52.43762],[9.03576,52.43822],[9.03666,52.4385],[9.03706,52.43858],[9.03714,52.43871],[9.03738,52.43888],[9.03742,52.43903],[9.03755,52.43918],[9.03758,52.4394],[9.03778,52.4397],[9.03812,52.43996],[9.03808,52.44025],[9.03818,52.44062],[9.03838,52.44079],[9.03834,52.44104],[9.03824,52.44119],[9.03812,52.44125],[9.03769,52.44166],[9.03751,52.44198],[9.0376,52.44259],[9.03789,52.4429],[9.03814,52.44296],[9.03823,52.44304],[9.03831,52.44331],[9.03829,52.44364],[9.03815,52.44387],[9.03818,52.44399],[9.03885,52.44397],[9.03904,52.44403],[9.03912,52.44444],[9.03878,52.4448],[9.03872,52.44511],[9.0393,52.44554],[9.03939,52.44573],[9.0396,52.44589],[9.0397,52.4461],[9.03962,52.44629],[9.03938,52.44645],[9.03913,52.44653],[9.03893,52.44671],[9.03877,52.44692],[9.03873,52.44714],[9.03893,52.44723],[9.03898,52.44738],[9.03932,52.44752],[9.0396,52.44778],[9.0398,52.44787],[9.03985,52.44801],[9.04047,52.44858],[9.04059,52.44884],[9.04057,52.44902]]}},{"type":"Feature","properties":{"slice":"ura","kind":"weg"},"geometry":{"type":"LineString","coordinates":[[9.04142,52.24126],[9.04222,52.24126],[9.04261,52.24133],[9.04318,52.24123],[9.04338,52.24162],[9.04331,52.24189],[9.04339,52.24218],[9.0434,52.24298],[9.04383,52.24312],[9.04422,52.24317],[9.04535,52.24346],[9.04553,52.24365],[9.04587,52.24368],[9.04608,52.24382],[9.04617,52.244],[9.04654,52.24426],[9.04648,52.24454],[9.04657,52.24463],[9.04659,52.24484],[9.04679,52.245],[9.04685,52.24526],[9.0471,52.24539],[9.04689,52.24571],[9.0469,52.2458],[9.04719,52.24591]]}},{"type":"Feature","properties":{"slice":"ura","kind":"weg"},"geometry":{"type":"LineString","coordinates":[[9.04182,52.44844],[9.04239,52.44829],[9.04278,52.44824],[9.04334,52.44836],[9.04365,52.44854],[9.04381,52.44874],[9.04405,52.44886],[9.04409,52.44916],[9.04419,52.4493],[9.04445,52.44938],[9.04454,52.4495],[9.04463,52.44999],[9.04487,52.45026],[9.0449,52.45048],[9.04517,52.45067],[9.04522,52.45113],[9.04531,52.45125],[9.04514,52.45155],[9.04512,52.45232],[9.0453,52.4525],[9.04533,52.45264],[9.04533,52.45283],[9.04522,52.45303],[9.04533,52.4533],[9.0452,52.45347],[9.04521,52.45396],[9.04528,52.45432],[9.04555,52.45456],[9.0455,52.45483],[9.04565,52.45507],[9.04563,52.45533],[9.04577,52.45573],[9.04593,52.45598],[9.04603,52.45601]]}},{"type":"Feature","properties":{"slice":"ura","kind":"weg"},"geometry":{"type":"LineString","coordinates":[[9.04522,52.45606],[9.04527,52.45616],[9.04578,52.45638],[9.04615,52.45635],[9.04653,52.45641],[9.04668,52.45672],[9.04662,52.457],[9.04668,52.45772],[9.04664,52.45845],[9.04656,52.4587],[9.04634,52.45876],[9.04598,52.45911],[9.04598,52.45944],[9.04613,52.45985],[9.04577,52.46035],[9.04591,52.46068],[9.04581,52.46082],[9.04575,52.46119],[9.04595,52.4615],[9.04618,52.4617],[9.04626,52.46194],[9.04653,52.46205],[9.04712,52.46219]]}},{"type":"Feature","properties":{"slice":"ura","kind":"weg"},"geometry":{"type":"LineString","coordinates":[[9.04804,52.37064],[9.04783,52.37045],[9.04781,52.37028],[9.04758,52.37016],[9.04767,52.37002],[9.04767,52.3697],[9.04808,52.36953],[9.04866,52.36949],[9.04877,52.36944],[9.04877,52.36934],[9.04864,52.36918],[9.04861,52.36859],[9.04899,52.36833],[9.049,52.36807],[9.0491,52.36783],[9.04904,52.3677],[9.04864,52.36765],[9.04844,52.36758],[9.04825,52.36735],[9.04833,52.36689],[9.04823,52.3668],[9.04823,52.36644],[9.04856,52.36606],[9.04846,52.3658],[9.04825,52.36559],[9.04819,52.36541],[9.04831,52.36508],[9.04822,52.36448],[9.04853,52.36423],[9.04877,52.36412],[9.04866,52.36393],[9.04878,52.36369],[9.04917,52.36359],[9.04919,52.36323],[9.0493,52.36309],[9.0493,52.36262],[9.04917,52.36246],[9.04922,52.36216],[9.04917,52.36203],[9.04927,52.36191],[9.04907,52.3609],[9.0491,52.36024],[9.049,52.36008],[9.04866,52.35998],[9.04769,52.35991],[9.04754,52.35981],[9.04757,52.35836],[9.04769,52.35828],[9.04823,52.35823],[9.04835,52.35816],[9.0484,52.35789],[9.04854,52.35765],[9.0484,52.35751],[9.0484,52.35735],[9.04854,52.35702],[9.04837,52.35687],[9.04812,52.35683],[9.04764,52.35663],[9.04778,52.3561],[9.04761,52.35588],[9.04771,52.35559],[9.04762,52.35526],[9.04747,52.35516],[9.04747,52.35494],[9.04731,52.35482],[9.0472,52.35457],[9.04674,52.35425],[9.04685,52.35406],[9.04682,52.35381],[9.04697,52.35364],[9.04701,52.35349],[9.04677,52.35317],[9.04689,52.35284],[9.04662,52.35254],[9.04678,52.35238],[9.04668,52.35222],[9.04666,52.35181]]}},{"type":"Feature","properties":{"slice":"ura","kind":"weg"},"geometry":{"type":"LineString","coordinates":[[9.05209,52.33211],[9.05209,52.3324],[9.052,52.33245],[9.04724,52.33245],[9.04708,52.33249],[9.04699,52.33261]]}},{"type":"Feature","properties":{"slice":"ura","kind":"weg"},"geometry":{"type":"LineString","coordinates":[[9.0415,52.33961],[9.04161,52.33996],[9.04117,52.34006],[9.04111,52.34012],[9.04114,52.34028],[9.04093,52.34034],[9.04088,52.34049],[9.04068,52.34069],[9.04095,52.34102],[9.04104,52.34127],[9.04084,52.34145],[9.04083,52.34155],[9.04069,52.34172],[9.04059,52.34177],[9.04054,52.34195],[9.04016,52.34243],[9.03998,52.34258],[9.03998,52.34267],[9.04012,52.34286],[9.04138,52.34316],[9.04191,52.34334],[9.04194,52.34355],[9.04219,52.344],[9.04227,52.34441],[9.04236,52.34449],[9.04236,52.34461],[9.0427,52.34532],[9.04322,52.34572],[9.04342,52.34604],[9.0438,52.34644],[9.04387,52.34662],[9.04408,52.34676],[9.04413,52.34703],[9.04455,52.3473]]}},{"type":"Feature","properties":{"slice":"ura","kind":"weg"},"geometry":{"type":"LineString","coordinates":[[9.05015,52.42962],[9.04977,52.42975],[9.04926,52.42969],[9.04861,52.42971],[9.04851,52.42989],[9.04849,52.43031],[9.04827,52.43046],[9.04791,52.43048],[9.04737,52.43041],[9.04703,52.43042],[9.04692,52.43033]]}},{"type":"Feature","properties":{"slice":"ura","kind":"weg"},"geometry":{"type":"LineString","coordinates":[[9.05254,52.37047],[9.05254,52.37073],[9.05248,52.37078],[9.05082,52.37078],[9.05066,52.37081],[9.05063,52.37107],[9.05052,52.37114],[9.0503,52.37113],[9.05023,52.37098],[9.05007,52.37094],[9.04838,52.37112],[9.04803,52.37142],[9.04753,52.37162]]}},{"type":"Feature","properties":{"slice":"ura","kind":"weg"},"geometry":{"type":"LineString","coordinates":[[9.05227,52.38481],[9.05237,52.38469],[9.05235,52.38441],[9.05173,52.38406],[9.0517,52.38288],[9.05163,52.38259],[9.05147,52.38245],[9.05142,52.38219],[9.05121,52.38203],[9.04984,52.38175],[9.04975,52.38161],[9.04979,52.38138],[9.0495,52.38117],[9.04965,52.38081],[9.05014,52.38075],[9.05025,52.38069],[9.05024,52.38011],[9.0506,52.37991],[9.05025,52.37933],[9.05011,52.3792],[9.05023,52.37832],[9.05012,52.37807],[9.05016,52.3778],[9.05003,52.37709],[9.04988,52.37671],[9.04991,52.37618]]}},{"type":"Feature","properties":{"slice":"ura","kind":"weg"},"geometry":{"type":"LineString","coordinates":[[9.05755,52.39996],[9.0574,52.40004],[9.05728,52.40021],[9.05673,52.40034],[9.05667,52.40042],[9.05673,52.4006],[9.05634,52.40074],[9.05527,52.40085],[9.0549,52.40083],[9.05462,52.40099],[9.05432,52.401],[9.0531,52.40122],[9.05286,52.40138],[9.05248,52.40143],[9.05235,52.4015],[9.05181,52.40164],[9.05166,52.40175],[9.05164,52.40184],[9.052,52.40205],[9.05188,52.4022],[9.05189,52.40239],[9.05174,52.40243]]}},{"type":"Feature","properties":{"slice":"ura","kind":"weg"},"geometry":{"type":"LineString","coordinates":[[9.05918,52.42274],[9.05912,52.42294],[9.05892,52.423],[9.05863,52.4232],[9.05833,52.42324],[9.05818,52.42333],[9.05799,52.4233],[9.05752,52.42343],[9.05722,52.42345],[9.05688,52.42335],[9.05591,52.42355],[9.05574,52.42354],[9.05533,52.4237],[9.05484,52.42369],[9.05468,52.42375],[9.05443,52.42375],[9.05424,52.42381],[9.05383,52.42419],[9.05355,52.42433],[9.05334,52.42436],[9.0532,52.42443],[9.05247,52.42524],[9.05185,52.42547],[9.05173,52.42564],[9.05171,52.42599],[9.05178,52.42615],[9.05197,52.42622]]}},{"type":"Feature","properties":{"slice":"ura","kind":"weg"},"geometry":{"type":"LineString","coordinates":[[9.06062,52.46714],[9.06088,52.46725],[9.06093,52.46751],[9.0613,52.46776],[9.06449,52.46763],[9.06546,52.46765],[9.06608,52.46772],[9.06636,52.46784],[9.0681,52.46795],[9.06896,52.46807],[9.06969,52.4682],[9.07018,52.46835],[9.07076,52.4684],[9.07134,52.46853],[9.07153,52.46862],[9.07174,52.46863]]}},{"type":"Feature","properties":{"slice":"ura","kind":"weg"},"geometry":{"type":"LineString","coordinates":[[9.07742,52.46784],[9.07844,52.46784],[9.07876,52.46779],[9.07943,52.46763],[9.0799,52.46744],[9.08026,52.46722],[9.08082,52.46724],[9.08192,52.46787],[9.08241,52.46804],[9.08286,52.46795],[9.0835,52.46797],[9.0837,52.46804],[9.08415,52.46811],[9.08522,52.46836],[9.08532,52.46854],[9.08567,52.46862],[9.08585,52.46877],[9.08617,52.46869],[9.08634,52.46869],[9.08692,52.4688],[9.08715,52.46889],[9.08741,52.46891],[9.08749,52.46898],[9.0875,52.46912],[9.08731,52.46933],[9.08733,52.4694],[9.08803,52.46961],[9.08833,52.4698],[9.0883,52.46995],[9.08819,52.47006],[9.08818,52.47025],[9.08804,52.4704],[9.08807,52.47063],[9.08838,52.47086],[9.08868,52.47094],[9.089,52.47116],[9.08975,52.47144],[9.09035,52.47176],[9.09097,52.47195],[9.09089,52.47219]]}},{"type":"Feature","properties":{"slice":"ura","kind":"weg"},"geometry":{"type":"LineString","coordinates":[[9.05262,52.37416],[9.05303,52.37398],[9.05346,52.37414],[9.05413,52.37396],[9.05471,52.3739],[9.05537,52.37376],[9.0557,52.37379],[9.05604,52.3737],[9.05625,52.37375],[9.05653,52.37357],[9.05692,52.37352],[9.05718,52.37339],[9.05737,52.37336],[9.05763,52.37336],[9.05791,52.3735],[9.05889,52.37363],[9.05921,52.37374],[9.05939,52.37376],[9.05956,52.37397],[9.05973,52.37399],[9.05984,52.3739],[9.0599,52.37295],[9.05999,52.37287],[9.06202,52.37303],[9.0622,52.37333],[9.06278,52.3733],[9.06359,52.37318],[9.06389,52.37331],[9.06409,52.37333],[9.06484,52.37312],[9.06516,52.3729],[9.06582,52.3727],[9.06606,52.37257],[9.06638,52.37255],[9.0666,52.37247],[9.06698,52.37247],[9.06739,52.37239],[9.06753,52.3724],[9.06771,52.37249],[9.06793,52.37245],[9.06866,52.37278],[9.069,52.37284],[9.07185,52.3725],[9.07205,52.37246],[9.07237,52.37229],[9.07286,52.37225],[9.07374,52.37208],[9.07526,52.37192],[9.07582,52.37196],[9.07668,52.37193],[9.07683,52.37205],[9.07681,52.37232],[9.07695,52.37244],[9.07698,52.37264],[9.07717,52.37272],[9.07771,52.3728]]}},{"type":"Feature","properties":{"slice":"ura","kind":"weg"},"geometry":{"type":"LineString","coordinates":[[9.05762,52.39994],[9.0579,52.39983],[9.05795,52.3997],[9.05783,52.39959],[9.05763,52.3992],[9.05746,52.39907],[9.05745,52.39893],[9.05713,52.39887],[9.05671,52.39793],[9.05659,52.39747],[9.05633,52.39708],[9.0564,52.39683],[9.0563,52.39671],[9.05631,52.39657],[9.05602,52.39599],[9.05605,52.39582],[9.05572,52.39465],[9.05575,52.39454],[9.05567,52.39409],[9.05562,52.39391],[9.05546,52.39376],[9.0555,52.39348],[9.05538,52.39336],[9.05531,52.39285],[9.05501,52.39234],[9.05495,52.39193],[9.05478,52.39166],[9.05478,52.39151],[9.05446,52.39143],[9.05435,52.39118],[9.0532,52.38756]]}},{"type":"Feature","properties":{"slice":"ura","kind":"weg"},"geometry":{"type":"LineString","coordinates":[[9.05311,52.23364],[9.05299,52.23354],[9.05308,52.23348],[9.05421,52.23322],[9.05452,52.23309],[9.05479,52.23312],[9.05527,52.23309],[9.05559,52.23297],[9.05694,52.23286],[9.05816,52.23249],[9.05861,52.23241],[9.05916,52.23214],[9.05923,52.23181],[9.05991,52.23131],[9.06008,52.23125],[9.06009,52.2311],[9.06018,52.23105],[9.06039,52.23103],[9.06052,52.23095],[9.0611,52.23083],[9.06185,52.23057],[9.06203,52.23055],[9.06237,52.23066],[9.06265,52.23061],[9.06286,52.23066],[9.06295,52.23051],[9.06359,52.23032],[9.06415,52.23024],[9.06434,52.23027],[9.0646,52.23018],[9.06483,52.23017],[9.06493,52.23006],[9.06542,52.22981],[9.06567,52.22976],[9.06578,52.22966],[9.06627,52.22956],[9.06638,52.22944],[9.06763,52.22914],[9.06838,52.22891],[9.06857,52.22892],[9.06881,52.22886],[9.0697,52.22848],[9.07083,52.22778],[9.07125,52.22795],[9.07215,52.22803],[9.0726,52.22792],[9.07348,52.22793],[9.07372,52.22775],[9.07426,52.22781],[9.07443,52.2279],[9.07475,52.22786],[9.07492,52.22789],[9.0752,52.22787],[9.07533,52.2279],[9.07572,52.22789],[9.07585,52.22793],[9.07597,52.2279],[9.07638,52.22796],[9.0765,52.22789]]}},{"type":"Feature","properties":{"slice":"ura","kind":"weg"},"geometry":{"type":"LineString","coordinates":[[9.0534,52.37018],[9.0533,52.37029],[9.05353,52.37033],[9.05376,52.37046],[9.05434,52.37097],[9.05494,52.37088],[9.05533,52.37088],[9.05574,52.371],[9.0561,52.37103],[9.05644,52.37111],[9.0566,52.3712],[9.05726,52.37125],[9.05771,52.37137],[9.05829,52.3716],[9.05852,52.3716],[9.05896,52.37104],[9.05926,52.37101],[9.06014,52.37107],[9.06089,52.37121],[9.06123,52.37122],[9.06138,52.37127],[9.06164,52.37124],[9.06211,52.37142],[9.06281,52.37159],[9.06316,52.37173],[9.06342,52.37175],[9.06436,52.37198],[9.06507,52.37198],[9.06561,52.37182],[9.06612,52.37176],[9.06672,52.37183],[9.06753,52.37217],[9.06763,52.37228],[9.06756,52.37239],[9.06763,52.37247],[9.06778,52.37249],[9.06799,52.37246],[9.06871,52.37281],[9.0687,52.37289],[9.06857,52.37293],[9.06852,52.37303],[9.06823,52.37325],[9.06834,52.37345],[9.06813,52.37363],[9.06834,52.3738]]}},{"type":"Feature","properties":{"slice":"ura","kind":"weg"},"geometry":{"type":"LineString","coordinates":[[9.05378,52.43161],[9.0539,52.43244],[9.05383,52.43265],[9.05397,52.43296],[9.05385,52.43332],[9.05383,52.43383],[9.05411,52.4343],[9.05402,52.43442],[9.05391,52.43486],[9.05389,52.43553],[9.05343,52.43596],[9.05302,52.43616],[9.05292,52.43628],[9.05277,52.43633],[9.05273,52.43651],[9.05345,52.43719],[9.05352,52.43732],[9.0537,52.43746],[9.05375,52.4376],[9.05401,52.43777],[9.05448,52.43843],[9.05445,52.43868],[9.05462,52.43913],[9.05469,52.43987],[9.05395,52.44004],[9.05387,52.44051],[9.05398,52.44061],[9.05425,52.44068],[9.05439,52.44076],[9.05463,52.44106],[9.05475,52.4414],[9.05524,52.44135],[9.05576,52.44122],[9.05604,52.44109],[9.05623,52.44109],[9.05667,52.44145],[9.05675,52.44179],[9.05769,52.44241],[9.05814,52.44262],[9.05832,52.44277],[9.05883,52.44294],[9.05907,52.44308],[9.05979,52.4432],[9.06042,52.44366],[9.06089,52.44387],[9.06164,52.44434],[9.0624,52.44465],[9.06287,52.44503],[9.06316,52.44513],[9.06359,52.44503],[9.06383,52.44514],[9.06409,52.44516],[9.06434,52.4453],[9.06452,52.4455]]}},{"type":"Feature","properties":{"slice":"ura","kind":"weg"},"geometry":{"type":"LineString","coordinates":[[9.06935,52.44767],[9.06953,52.44777],[9.06961,52.44789],[9.06986,52.44801],[9.07027,52.44802],[9.07043,52.44806],[9.07063,52.44837],[9.07084,52.44846],[9.07106,52.44873],[9.07134,52.44886],[9.0728,52.44909],[9.07389,52.44907],[9.07503,52.44911],[9.07578,52.44909],[9.07589,52.44912],[9.07657,52.44944],[9.07681,52.4496],[9.07709,52.44967],[9.07724,52.44981],[9.07752,52.44985],[9.07945,52.45078],[9.08014,52.45106],[9.08061,52.45132],[9.08153,52.45169],[9.08171,52.4519],[9.08207,52.45211],[9.08267,52.45224],[9.08301,52.45243],[9.08385,52.45309],[9.08476,52.4537],[9.08487,52.45387],[9.08571,52.45447],[9.08726,52.4557]]}},{"type":"Feature","properties":{"slice":"ura","kind":"weg"},"geometry":{"type":"LineString","coordinates":[[9.09375,52.44253],[9.09329,52.44241],[9.09217,52.44224],[9.09132,52.44194],[9.0902,52.44168],[9.08889,52.4412],[9.08752,52.44087],[9.08714,52.44073],[9.08697,52.44053],[9.08677,52.44043],[9.08651,52.4404],[9.08638,52.44032],[9.08569,52.44018],[9.08536,52.44017]]}},{"type":"Feature","properties":{"slice":"ura","kind":"weg"},"geometry":{"type":"LineString","coordinates":[[9.07972,52.43898],[9.07882,52.4384],[9.07768,52.43799],[9.07756,52.43791],[9.07728,52.43787],[9.07687,52.43768],[9.07668,52.43769],[9.07636,52.43757],[9.07587,52.43758],[9.07569,52.43748],[9.07526,52.43741],[9.07496,52.4373],[9.07462,52.43729],[9.07439,52.43722],[9.07411,52.43721],[9.07392,52.43716],[9.07376,52.43705],[9.07355,52.43707],[9.07333,52.43694],[9.07312,52.43692],[9.07265,52.43676],[9.07217,52.43653],[9.07197,52.43634],[9.07174,52.43629]]}},{"type":"Feature","properties":{"slice":"ura","kind":"weg"},"geometry":{"type":"LineString","coordinates":[[9.06362,52.43409],[9.06333,52.43407],[9.06305,52.43397],[9.06274,52.43375],[9.06225,52.43325],[9.06171,52.43299],[9.06062,52.43199],[9.05993,52.43162],[9.05971,52.43159],[9.05943,52.4314],[9.05912,52.43136]]}},{"type":"Feature","properties":{"slice":"ura","kind":"weg"},"geometry":{"type":"LineString","coordinates":[[9.0925,52.39529],[9.09185,52.39488],[9.09142,52.39501],[9.08838,52.39508],[9.08754,52.39552],[9.08709,52.39549],[9.08668,52.39554],[9.08647,52.3957],[9.08627,52.39575],[9.08505,52.39577],[9.08471,52.39595],[9.08434,52.39601],[9.08318,52.39584],[9.0826,52.39586],[9.08224,52.39595],[9.08198,52.39597],[9.08155,52.39612],[9.08093,52.39626],[9.08074,52.39627],[9.08062,52.39636],[9.08029,52.39646],[9.07949,52.39657],[9.07913,52.39677],[9.07889,52.39683],[9.07857,52.39682],[9.07827,52.39675],[9.07805,52.39679],[9.07647,52.39679],[9.07578,52.39684],[9.07531,52.39696],[9.07477,52.397],[9.07421,52.39717],[9.07396,52.39712],[9.0737,52.39714],[9.07342,52.39741],[9.07327,52.39742],[9.07305,52.39733],[9.07258,52.39745],[9.07237,52.39743],[9.07162,52.39758],[9.07138,52.39757],[9.07065,52.39778],[9.07018,52.39783],[9.06969,52.39798],[9.06949,52.39799],[9.06917,52.3982],[9.06848,52.39829],[9.06724,52.39852],[9.06705,52.39844],[9.06681,52.39844],[9.06632,52.3986],[9.06604,52.39859],[9.06589,52.39869],[9.06537,52.39869],[9.06518,52.39886],[9.05793,52.39893],[9.05783,52.39898],[9.05781,52.39915],[9.05768,52.3993],[9.05795,52.3997],[9.05796,52.39993],[9.05754,52.4002],[9.05707,52.40024],[9.05675,52.40033],[9.05667,52.4004],[9.05678,52.40065],[9.05703,52.40093]]}},{"type":"Feature","properties":{"slice":"ura","kind":"weg"},"geometry":{"type":"LineString","coordinates":[[9.06386,52.41707],[9.06378,52.41717],[9.06359,52.41722],[9.06342,52.41718],[9.06288,52.41719],[9.06269,52.41715],[9.0624,52.41718],[9.06223,52.41688],[9.06224,52.41667],[9.06215,52.41652],[9.06216,52.41601],[9.06209,52.41573],[9.06215,52.41546],[9.06194,52.41523],[9.06197,52.41476],[9.06177,52.41458],[9.06134,52.41434],[9.06107,52.41425],[9.06071,52.41392],[9.06062,52.41305],[9.06072,52.41259],[9.06067,52.41224],[9.06098,52.41201],[9.06106,52.41188],[9.06107,52.41145],[9.06117,52.4114],[9.06166,52.41138],[9.06207,52.41112],[9.0627,52.41087],[9.06292,52.41025],[9.06282,52.4101],[9.06287,52.40997],[9.06263,52.4098],[9.06236,52.40938],[9.06208,52.4092],[9.06195,52.4089],[9.06169,52.40868],[9.06168,52.40824],[9.06155,52.40797],[9.06159,52.40768],[9.06127,52.40742],[9.06138,52.40687],[9.06134,52.40648],[9.06123,52.40633],[9.06128,52.40623],[9.06111,52.40607],[9.0609,52.40552],[9.06058,52.40528],[9.06037,52.40499],[9.05985,52.40491],[9.05971,52.40483],[9.05977,52.40461],[9.05963,52.40426],[9.05949,52.40417],[9.05956,52.40406],[9.05941,52.40373],[9.05954,52.40333]]}},{"type":"Feature","properties":{"slice":"ura","kind":"weg"},"geometry":{"type":"LineString","coordinates":[[9.06513,52.23743],[9.06558,52.23746],[9.06572,52.23759],[9.06685,52.23782],[9.067,52.23791],[9.0679,52.23792],[9.06797,52.23809],[9.06806,52.23813],[9.06833,52.2381],[9.06853,52.23788],[9.06878,52.2378],[9.06906,52.23782],[9.06928,52.23789],[9.06973,52.23792],[9.06984,52.238],[9.07017,52.23807]]}},{"type":"Feature","properties":{"slice":"ura","kind":"weg"},"geometry":{"type":"LineString","coordinates":[[9.06389,52.41707],[9.0638,52.41718],[9.06387,52.41725],[9.06445,52.41728],[9.06456,52.41734],[9.06442,52.41797],[9.06429,52.4181],[9.0641,52.41851],[9.06402,52.41889],[9.06429,52.41959],[9.06475,52.41988],[9.06464,52.42005],[9.06506,52.42038],[9.06482,52.42087],[9.06468,52.42155],[9.0644,52.42164]]}},{"type":"Feature","properties":{"slice":"ura","kind":"weg"},"geometry":{"type":"LineString","coordinates":[[9.09261,52.40278],[9.09254,52.40302],[9.09233,52.40319],[9.09231,52.40337],[9.09221,52.40349],[9.09181,52.40355],[9.09155,52.4037],[9.09134,52.40374],[9.09106,52.4039],[9.0909,52.40408],[9.09048,52.4043],[9.09022,52.40432],[9.08953,52.4045],[9.08922,52.40465],[9.08889,52.40471],[9.08868,52.40486],[9.08746,52.4051],[9.08741,52.40548],[9.08636,52.40573],[9.08582,52.40606],[9.08508,52.40609],[9.08504,52.40627],[9.08457,52.40682],[9.08331,52.40704],[9.08327,52.40717],[9.08333,52.40832],[9.08327,52.40838],[9.0831,52.40843],[9.08273,52.40843],[9.08252,52.40835],[9.08235,52.40836],[9.08219,52.40841],[9.082,52.40863],[9.08108,52.40874],[9.08078,52.40889],[9.08054,52.40892],[9.08033,52.40901],[9.08007,52.40902],[9.0799,52.4091],[9.07962,52.40911],[9.07947,52.4092],[9.07884,52.40932],[9.0786,52.40941],[9.07851,52.40952],[9.07818,52.40953],[9.07793,52.4096],[9.07775,52.40955],[9.07765,52.40956],[9.07754,52.40981],[9.07655,52.40997],[9.0764,52.4101],[9.07578,52.41024],[9.07524,52.41027],[9.07508,52.41032],[9.07498,52.41043],[9.07466,52.41056],[9.07443,52.4105],[9.07426,52.41052],[9.07331,52.41087],[9.07297,52.41092],[9.07243,52.4111],[9.07233,52.41123],[9.07204,52.41139],[9.07181,52.41141],[9.07164,52.4115],[9.07145,52.41152],[9.07127,52.41162],[9.07099,52.41166],[9.07064,52.41185],[9.07056,52.41195],[9.07016,52.4121],[9.06973,52.41216],[9.06954,52.41226],[9.06911,52.41228],[9.06897,52.41238],[9.06881,52.41267],[9.06856,52.41277],[9.06849,52.41289],[9.06861,52.4131],[9.06853,52.41322],[9.06861,52.41331],[9.06859,52.41341],[9.06872,52.41358],[9.0689,52.41433],[9.06884,52.41442],[9.06883,52.41483],[9.06889,52.41561],[9.06877,52.41582],[9.06839,52.4161],[9.0681,52.41625],[9.06782,52.41631],[9.06755,52.41657],[9.06757,52.41667],[9.06751,52.41676],[9.06707,52.41702],[9.06645,52.4171],[9.06623,52.41719],[9.06582,52.41726],[9.0646,52.41731],[9.06443,52.41728],[9.06392,52.41729],[9.06389,52.41742],[9.06417,52.41754],[9.06414,52.41773],[9.06387,52.41811]]}},{"type":"Feature","properties":{"slice":"ura","kind":"weg"},"geometry":{"type":"LineString","coordinates":[[9.06434,52.48505],[9.06443,52.48614],[9.06459,52.48688],[9.06512,52.48776],[9.06538,52.48806],[9.06546,52.48832],[9.06499,52.4886],[9.06426,52.4888],[9.06392,52.48897],[9.06413,52.48933],[9.06435,52.48951],[9.06456,52.48978],[9.06491,52.49005],[9.06468,52.4902],[9.06447,52.49023],[9.06357,52.49062],[9.06329,52.49052],[9.06314,52.49053],[9.06262,52.49105],[9.06269,52.49127],[9.06266,52.49142],[9.06216,52.49198],[9.06179,52.49224],[9.06136,52.49244],[9.06145,52.49288],[9.06157,52.49305],[9.06153,52.49319],[9.06168,52.49369],[9.06148,52.49379],[9.06143,52.49396],[9.06172,52.49432],[9.0623,52.49477],[9.06216,52.49493],[9.06212,52.49509],[9.06184,52.49532],[9.0621,52.49549],[9.06218,52.49573],[9.06181,52.49608],[9.06177,52.49625],[9.06184,52.49637],[9.06197,52.49644],[9.06201,52.49655],[9.0622,52.49659],[9.0625,52.49677],[9.06257,52.49677],[9.0628,52.49655],[9.06299,52.49653],[9.06338,52.49659],[9.06424,52.49696],[9.06457,52.49706],[9.06463,52.49724],[9.06489,52.49754],[9.06489,52.49765],[9.06507,52.49799],[9.06544,52.49816],[9.06576,52.49821],[9.06595,52.49831],[9.06608,52.49846],[9.06612,52.49873],[9.06626,52.49883],[9.0667,52.49889],[9.0676,52.49886],[9.06784,52.4989],[9.068,52.49887]]}},{"type":"Feature","properties":{"slice":"ura","kind":"weg"},"geometry":{"type":"LineString","coordinates":[[9.07047,52.42285],[9.07084,52.42299],[9.0711,52.42316],[9.07206,52.42358],[9.07226,52.42375],[9.07245,52.42379],[9.07293,52.42407],[9.07305,52.4242],[9.07329,52.42415],[9.07342,52.42419],[9.07376,52.42415],[9.07447,52.42438],[9.07505,52.42434],[9.07537,52.42437],[9.07589,52.42452],[9.07634,52.42475],[9.07743,52.42501],[9.07773,52.42501],[9.0784,52.42483],[9.07926,52.42474],[9.07971,52.42452],[9.08039,52.4243],[9.08074,52.42431],[9.08112,52.4242],[9.08148,52.42393],[9.08179,52.42382],[9.08254,52.42375],[9.08266,52.42369],[9.0828,52.42372],[9.08359,52.42364],[9.08406,52.42364],[9.08421,52.42376],[9.08522,52.42382],[9.08556,52.4239],[9.08576,52.42389],[9.08595,52.42382],[9.08629,52.42381],[9.08647,52.42387],[9.08689,52.4239],[9.08709,52.42396],[9.0873,52.42391],[9.08769,52.42392],[9.08868,52.42407],[9.089,52.42399],[9.08972,52.42417],[9.08984,52.42438],[9.09022,52.4244],[9.0905,52.42455],[9.09069,52.42456],[9.09101,52.42444],[9.0911,52.42435],[9.09132,52.4243],[9.09147,52.42418],[9.09168,52.42412],[9.09214,52.42381],[9.09239,52.42374],[9.09248,52.42362],[9.09279,52.42356],[9.09295,52.42338],[9.09363,52.42329],[9.09456,52.42301],[9.09522,52.42296],[9.09535,52.42287],[9.09564,52.4229]]}},{"type":"Feature","properties":{"slice":"ura","kind":"weg"},"geometry":{"type":"LineString","coordinates":[[9.07738,52.37208],[9.0776,52.37222],[9.07771,52.3724],[9.0779,52.37253],[9.07872,52.37269],[9.08078,52.37282],[9.0811,52.37278],[9.08183,52.37279],[9.08282,52.37286],[9.0831,52.3728],[9.08384,52.37289],[9.08395,52.37371],[9.08385,52.37409]]}},{"type":"Feature","properties":{"slice":"ura","kind":"weg"},"geometry":{"type":"LineString","coordinates":[[9.08852,52.37163],[9.08941,52.37159],[9.09034,52.37164],[9.09043,52.37181],[9.09046,52.3721],[9.09039,52.37238],[9.09045,52.3725],[9.09059,52.37252],[9.0911,52.3724],[9.09172,52.37265],[9.09284,52.37268],[9.09311,52.37287],[9.09309,52.37317]]}},{"type":"Feature","properties":{"slice":"ura","kind":"weg"},"geometry":{"type":"LineString","coordinates":[[9.08422,52.37771],[9.08382,52.37836],[9.08381,52.37845],[9.08395,52.37859],[9.08383,52.37906],[9.08374,52.37918],[9.08354,52.37921],[9.08343,52.37935],[9.08346,52.37944],[9.08322,52.3805],[9.08261,52.38084],[9.08259,52.38101],[9.08186,52.38149],[9.0815,52.38185],[9.08121,52.38232],[9.08122,52.38245],[9.08114,52.38255],[9.08109,52.38295],[9.081,52.3831],[9.08108,52.38322],[9.08107,52.38339],[9.08052,52.38371],[9.08044,52.38381],[9.08042,52.3843],[9.08063,52.38508],[9.08029,52.38549],[9.08018,52.38595],[9.08025,52.38634],[9.08019,52.38646],[9.08027,52.38658],[9.08035,52.38707],[9.0803,52.38719],[9.08005,52.38739],[9.08018,52.38782],[9.08015,52.38813],[9.08028,52.38829],[9.08025,52.38843],[9.08007,52.38848],[9.08007,52.38863],[9.08016,52.38868],[9.08054,52.38866],[9.0808,52.38871],[9.08104,52.38867],[9.08164,52.38881],[9.08199,52.38883],[9.08205,52.38913],[9.08196,52.38929],[9.08205,52.38949],[9.08243,52.38968],[9.08301,52.38972],[9.08323,52.38979],[9.08387,52.39027],[9.08478,52.39048],[9.08515,52.39091],[9.0852,52.39139],[9.08542,52.39154],[9.08547,52.39172],[9.08578,52.39194],[9.08595,52.39236],[9.08625,52.39252],[9.08647,52.39249],[9.08664,52.3924],[9.08722,52.3924],[9.08752,52.39256],[9.08789,52.39355],[9.08804,52.39369],[9.08845,52.39435],[9.08851,52.39458],[9.09045,52.39457]]}},{"type":"Feature","properties":{"slice":"ura","kind":"weg"},"geometry":{"type":"LineString","coordinates":[[9.08393,52.37444],[9.08395,52.37435],[9.08408,52.37426],[9.08436,52.37424],[9.08662,52.37446],[9.08834,52.37491],[9.08889,52.37544],[9.0888,52.37563]]}},{"type":"Feature","properties":{"slice":"ura","kind":"weg"},"geometry":{"type":"LineString","coordinates":[[9.08989,52.4767],[9.09008,52.47649],[9.09033,52.47637],[9.09125,52.47613],[9.09159,52.47598],[9.09235,52.47583],[9.09281,52.47565],[9.09294,52.47541],[9.09307,52.47536],[9.09668,52.47512],[9.09676,52.47523],[9.09679,52.47557],[9.09666,52.47571],[9.09666,52.47603]]}},{"type":"Feature","properties":{"slice":"ura","kind":"weg"},"geometry":{"type":"LineString","coordinates":[[9.0924,52.46196],[9.09286,52.46266],[9.09314,52.46272],[9.09327,52.46282],[9.0934,52.46311],[9.09423,52.4644],[9.09488,52.46528],[9.09503,52.46537],[9.09508,52.46558],[9.0959,52.46648],[9.09639,52.46728],[9.09667,52.46761],[9.09667,52.46775],[9.09689,52.46801],[9.09698,52.46826],[9.09723,52.46851],[9.09734,52.4689],[9.09745,52.46904],[9.09738,52.46914],[9.09679,52.46941],[9.09636,52.46936],[9.09616,52.46941],[9.09577,52.46941]]}},{"type":"Feature","properties":{"slice":"ura","kind":"weg"},"geometry":{"type":"LineString","coordinates":[[9.08883,52.37519],[9.08876,52.37493],[9.08884,52.37485],[9.0893,52.37483],[9.08943,52.37476],[9.08964,52.37472],[9.08992,52.37454],[9.0901,52.37413],[9.09032,52.37394],[9.09026,52.37377],[9.09031,52.37362],[9.09082,52.37361],[9.0911,52.37356],[9.09217,52.37313],[9.09232,52.37314],[9.09265,52.37331],[9.09302,52.3732]]}},{"type":"Feature","properties":{"slice":"ura","kind":"weg"},"geometry":{"type":"LineString","coordinates":[[9.09298,52.3722],[9.09309,52.37226],[9.09311,52.37246],[9.09325,52.37253],[9.0943,52.37256],[9.09539,52.37214],[9.09565,52.37214],[9.09585,52.37236],[9.09609,52.37297],[9.09639,52.37332],[9.09651,52.37368]]}},{"type":"Feature","properties":{"slice":"ura","kind":"weg"},"geometry":{"type":"LineString","coordinates":[[9.09596,52.37254],[9.09592,52.37239],[9.09608,52.37232],[9.09662,52.37248],[9.09737,52.37262],[9.09812,52.37289],[9.09848,52.37312],[9.09861,52.37344],[9.09862,52.37369],[9.09876,52.37383],[9.09921,52.37386],[9.1002,52.37379],[9.10042,52.37371]]}},{"type":"Feature","properties":{"slice":"ura","kind":"weg"},"geometry":{"type":"LineString","coordinates":[[9.09657,52.42236],[9.09664,52.42251],[9.09685,52.42262],[9.09698,52.42263],[9.0973,52.42253],[9.09765,52.42254],[9.09784,52.42246],[9.09801,52.42249],[9.0982,52.42244],[9.09842,52.42248],[9.09872,52.42241],[9.09889,52.42244],[9.09904,52.42239],[9.09953,52.42242],[9.09975,52.42234],[9.09998,52.42233],[9.10026,52.42226],[9.10054,52.42229],[9.10108,52.42243],[9.1019,52.4225],[9.10219,52.42248],[9.10264,52.42259],[9.10331,52.42265],[9.10348,52.42263],[9.10374,52.42278],[9.10436,52.42273],[9.1047,52.42284],[9.10573,52.42294],[9.10655,52.42291],[9.10696,52.42295],[9.10743,52.42295],[9.10786,52.42304],[9.10936,52.4231],[9.1097,52.42319],[9.10994,52.42311],[9.11031,52.42315],[9.11088,52.42315],[9.11099,52.42319],[9.11181,52.42317],[9.11212,52.42301],[9.11222,52.42279],[9.1126,52.42257],[9.11288,52.42248],[9.11481,52.42251],[9.11498,52.42246],[9.11541,52.42244],[9.11623,52.42246],[9.11642,52.4225],[9.11661,52.42245],[9.11822,52.42254],[9.11897,52.42252],[9.11917,52.42259],[9.1202,52.42265],[9.12079,52.42275],[9.12114,52.42274],[9.12149,52.42282],[9.12224,52.42288],[9.12297,52.42302],[9.12337,52.42305],[9.12374,52.42324],[9.1243,52.4232],[9.12465,52.42328]]}},{"type":"Feature","properties":{"slice":"ura","kind":"weg"},"geometry":{"type":"LineString","coordinates":[[9.09668,52.47523],[9.09667,52.47512],[9.09692,52.47508],[9.09769,52.47507],[9.09795,52.47499],[9.09818,52.47505],[9.09859,52.47505],[9.09928,52.47488],[9.09962,52.47491],[9.0999,52.47486],[9.10024,52.47487],[9.10074,52.47477],[9.10101,52.47463],[9.10185,52.47454],[9.102,52.47444],[9.10252,52.47443],[9.10299,52.47449],[9.10314,52.47461],[9.10307,52.47506],[9.10314,52.47543]]}},{"type":"Feature","properties":{"slice":"ura","kind":"weg"},"geometry":{"type":"LineString","coordinates":[[9.09674,52.46908],[9.0966,52.46925],[9.0966,52.46939],[9.09686,52.46943],[9.09733,52.46976],[9.09757,52.46979],[9.09774,52.46999],[9.0981,52.47001],[9.09895,52.46992],[9.09904,52.46995],[9.09912,52.47036],[9.09945,52.4707],[9.09945,52.47085],[9.09957,52.47103],[9.09982,52.47119],[9.10013,52.47172],[9.10067,52.47176],[9.10085,52.47188],[9.10108,52.47189],[9.10129,52.472],[9.10155,52.47195],[9.10192,52.47198],[9.10194,52.47247],[9.10174,52.4731],[9.10155,52.47434],[9.10183,52.47446],[9.10252,52.47443],[9.10305,52.47452],[9.10315,52.47463],[9.10307,52.47506],[9.10314,52.47543]]}},{"type":"Feature","properties":{"slice":"ura","kind":"weg"},"geometry":{"type":"LineString","coordinates":[[9.10002,52.39622],[9.09966,52.39638],[9.09944,52.39693],[9.09947,52.39706],[9.09934,52.39714],[9.09927,52.39734],[9.09923,52.39774],[9.0991,52.39794],[9.09777,52.39874],[9.09774,52.39891],[9.09743,52.39922],[9.09686,52.39941],[9.09661,52.39974],[9.0966,52.40001],[9.09638,52.40025],[9.09603,52.40046],[9.09594,52.40068],[9.0957,52.40084],[9.09571,52.40097],[9.09582,52.40107],[9.09626,52.40121],[9.09636,52.40132],[9.09665,52.40146]]}},{"type":"Feature","properties":{"slice":"ura","kind":"weg"},"geometry":{"type":"LineString","coordinates":[[9.11129,52.39326],[9.11122,52.3935],[9.11076,52.39363],[9.11003,52.3937],[9.10945,52.39369],[9.10917,52.39374],[9.10907,52.39387],[9.10897,52.3939],[9.10818,52.39388],[9.10687,52.39396],[9.10606,52.3942],[9.10565,52.39441],[9.10453,52.39457],[9.10415,52.39449],[9.10399,52.39434],[9.10346,52.39414],[9.10314,52.39416],[9.10189,52.39516],[9.10149,52.39532],[9.10155,52.39578],[9.10135,52.39598],[9.10086,52.39612],[9.09994,52.39624],[9.09967,52.39637],[9.09959,52.39661]]}},{"type":"Feature","properties":{"slice":"ura","kind":"weg"},"geometry":{"type":"LineString","coordinates":[[9.10253,52.47444],[9.10299,52.47449],[9.10314,52.47461],[9.10307,52.4753],[9.10318,52.47551],[9.10333,52.47563],[9.10352,52.47568],[9.10421,52.47571],[9.10432,52.4758],[9.10451,52.47581],[9.10485,52.47591],[9.10486,52.47611],[9.10528,52.47617],[9.10527,52.47645],[9.10545,52.47651],[9.1055,52.47657],[9.10544,52.47715],[9.10535,52.47732],[9.10535,52.47787],[9.10526,52.47798],[9.1053,52.47815],[9.10545,52.47831],[9.1062,52.47974],[9.10644,52.48058],[9.10667,52.4809],[9.10671,52.48108],[9.10703,52.48149],[9.10749,52.48192]]}},{"type":"Feature","properties":{"slice":"ura","kind":"weg"},"geometry":{"type":"LineString","coordinates":[[9.10438,52.47326],[9.10457,52.47231],[9.10468,52.47217],[9.10468,52.47193],[9.10493,52.4716],[9.1049,52.47148],[9.10517,52.47107],[9.10519,52.47061],[9.10532,52.47048],[9.1053,52.46996],[9.1052,52.46981]]}},{"type":"Feature","properties":{"slice":"ura","kind":"weg"},"geometry":{"type":"LineString","coordinates":[[9.10873,52.46673],[9.10881,52.46663],[9.10927,52.46639],[9.10964,52.46612],[9.10996,52.46601],[9.11009,52.46588],[9.1105,52.46584],[9.11194,52.46586],[9.11203,52.46579],[9.11204,52.46551],[9.11215,52.46543],[9.11252,52.46536],[9.11325,52.46532],[9.1136,52.46519]]}}]}
